{
	"CapturedObjects" : 
	[
		{
			"Absolute Acceleration X" : -0.24772524833679199,
			"Absolute Acceleration Y" : 0.31909859180450439,
			"Absolute Acceleration Z" : -0.004678353201597929,
			"Absolute Velocity X" : 14.26158618927002,
			"Absolute Velocity Y" : -0.61104112863540649,
			"Absolute Velocity Z" : -0.11244390904903412,
			"ActorName" : "CAR 00",
			"BoundingBox3D Extent X" : 4.235842227935791,
			"BoundingBox3D Extent Y" : 2.0896267890930176,
			"BoundingBox3D Extent Z" : 1.5755466222763062,
			"BoundingBox3D Orientation Quat W" : -0.99975162744522095,
			"BoundingBox3D Orientation Quat X" : 0.001195422955788672,
			"BoundingBox3D Orientation Quat Y" : -0.0036916222888976336,
			"BoundingBox3D Orientation Quat Z" : 0.021017180755734444,
			"BoundingBox3D Origin X" : -25.007165908813477,
			"BoundingBox3D Origin Y" : 0.33086106181144714,
			"BoundingBox3D Origin Z" : 0.94869279861450195,
			"ObjectId" : 0,
			"ObjectType" : "CAR",
			"Occluded" : 0.0,
			"Relative Acceleration X" : -0.43095415830612183,
			"Relative Acceleration Y" : 0.15787017345428467,
			"Relative Acceleration Z" : -0.36716964840888977,
			"Relative Velocity X" : 1.1438695192337036,
			"Relative Velocity Y" : -0.32906410098075867,
			"Relative Velocity Z" : 0.21065287292003632,
			"Truncated" : 0
		},
		{
			"Absolute Acceleration X" : 1.1722729206085205,
			"Absolute Acceleration Y" : -0.10256700217723846,
			"Absolute Acceleration Z" : -0.13863489031791687,
			"Absolute Velocity X" : 32.810562133789062,
			"Absolute Velocity Y" : -0.67326837778091431,
			"Absolute Velocity Z" : -0.26626327633857727,
			"ActorName" : "CAR 01",
			"BoundingBox3D Extent X" : 4.264348030090332,
			"BoundingBox3D Extent Y" : 1.8931920528411865,
			"BoundingBox3D Extent Z" : 1.3021485805511475,
			"BoundingBox3D Orientation Quat W" : -0.99982893466949463,
			"BoundingBox3D Orientation Quat X" : -0.01095844991505146,
			"BoundingBox3D Orientation Quat Y" : -0.0020782649517059326,
			"BoundingBox3D Orientation Quat Z" : 0.0099196881055831909,
			"BoundingBox3D Origin X" : 7.9296226501464844,
			"BoundingBox3D Origin Y" : 22.015920639038086,
			"BoundingBox3D Origin Z" : 0.41782230138778687,
			"ObjectId" : 1,
			"ObjectType" : "CAR",
			"Occluded" : 0.0,
			"Relative Acceleration X" : 0.9161306619644165,
			"Relative Acceleration Y" : -0.27194032073020935,
			"Relative Acceleration Z" : 0.032333295792341232,
			"Relative Velocity X" : 19.816362380981445,
			"Relative Velocity Y" : -0.61480867862701416,
			"Relative Velocity Z" : -0.26985812187194824,
			"Truncated" : 0
		},
		{
			"Absolute Acceleration X" : 0.62039995193481445,
			"Absolute Acceleration Y" : -0.14881011843681335,
			"Absolute Acceleration Z" : -0.12481005489826202,
			"Absolute Velocity X" : 31.800037384033203,
			"Absolute Velocity Y" : -0.49110913276672363,
			"Absolute Velocity Z" : -0.064239434897899628,
			"ActorName" : "CAR 02",
			"BoundingBox3D Extent X" : 4.6198415756225586,
			"BoundingBox3D Extent Y" : 1.8999999761581421,
			"BoundingBox3D Extent Z" : 1.3687719106674194,
			"BoundingBox3D Orientation Quat W" : -0.99997317790985107,
			"BoundingBox3D Orientation Quat X" : -0.0018455962417647243,
			"BoundingBox3D Orientation Quat Y" : -0.0010540337534621358,
			"BoundingBox3D Orientation Quat Z" : 0.006630750373005867,
			"BoundingBox3D Origin X" : -37.677722930908203,
			"BoundingBox3D Origin Y" : 23.040260314941406,
			"BoundingBox3D Origin Z" : 0.63134431838989258,
			"ObjectId" : 2,
			"ObjectType" : "CAR",
			"Occluded" : 0.0,
			"Relative Acceleration X" : 0.35552671551704407,
			"Relative Acceleration Y" : -0.47651562094688416,
			"Relative Acceleration Z" : -0.55178123712539673,
			"Relative Velocity X" : 18.816085815429688,
			"Relative Velocity Y" : -0.15546314418315887,
			"Relative Velocity Z" : 0.29202401638031006,
			"Truncated" : 0
		},
		{
			"Absolute Acceleration X" : 0.13070110976696014,
			"Absolute Acceleration Y" : -0.3528519868850708,
			"Absolute Acceleration Z" : 0.0025455404538661242,
			"Absolute Velocity X" : 13.079217910766602,
			"Absolute Velocity Y" : -0.53839850425720215,
			"Absolute Velocity Z" : -0.095010243356227875,
			"ActorName" : "CAR 03",
			"BoundingBox3D Extent X" : 4.3967618942260742,
			"BoundingBox3D Extent Y" : 1.8588123321533203,
			"BoundingBox3D Extent Z" : 1.4206863641738892,
			"BoundingBox3D Orientation Quat W" : -0.99975419044494629,
			"BoundingBox3D Orientation Quat X" : -0.0040577063336968422,
			"BoundingBox3D Orientation Quat Y" : -0.0033452736679464579,
			"BoundingBox3D Orientation Quat Z" : 0.021032014861702919,
			"BoundingBox3D Origin X" : -37.546520233154297,
			"BoundingBox3D Origin Y" : 4.2240571975708008,
			"BoundingBox3D Origin Z" : 0.92764687538146973,
			"ObjectId" : 3,
			"ObjectType" : "CAR",
			"Occluded" : 0.0,
			"Relative Acceleration X" : -0.070771634578704834,
			"Relative Acceleration Y" : -0.55506473779678345,
			"Relative Acceleration Z" : -0.52104365825653076,
			"Relative Velocity X" : -0.015191111713647842,
			"Relative Velocity Y" : -0.17933525145053864,
			"Relative Velocity Z" : 0.32584953308105469,
			"Truncated" : 0
		},
		{
			"Absolute Acceleration X" : -0.035897612571716309,
			"Absolute Acceleration Y" : -0.12528307735919952,
			"Absolute Acceleration Z" : -1.7164835929870605,
			"Absolute Velocity X" : 31.23687744140625,
			"Absolute Velocity Y" : -0.72582870721817017,
			"Absolute Velocity Z" : -0.62062758207321167,
			"ActorName" : "CAR 04",
			"BoundingBox3D Extent X" : 4.0999999046325684,
			"BoundingBox3D Extent Y" : 1.6731479167938232,
			"BoundingBox3D Extent Z" : 0.97772371768951416,
			"BoundingBox3D Orientation Quat W" : -0.99979555606842041,
			"BoundingBox3D Orientation Quat X" : -0.001941914320923388,
			"BoundingBox3D Orientation Quat Y" : -0.0092242974787950516,
			"BoundingBox3D Orientation Quat Z" : 0.011105304583907127,
			"BoundingBox3D Origin X" : 31.000198364257812,
			"BoundingBox3D Origin Y" : 22.109167098999023,
			"BoundingBox3D Origin Z" : 0.23198544979095459,
			"ObjectId" : 4,
			"ObjectType" : "CAR",
			"Occluded" : 0.0,
			"Relative Acceleration X" : -0.29818883538246155,
			"Relative Acceleration Y" : -0.028424743562936783,
			"Relative Acceleration Z" : 1.9435838460922241,
			"Relative Velocity X" : 18.239669799804688,
			"Relative Velocity Y" : -0.80491870641708374,
			"Relative Velocity Z" : -0.80029666423797607,
			"Truncated" : 0
		},
		{
			"Absolute Acceleration X" : -1.3378971815109253,
			"Absolute Acceleration Y" : -0.32597267627716064,
			"Absolute Acceleration Z" : 0.015726296231150627,
			"Absolute Velocity X" : 15.307933807373047,
			"Absolute Velocity Y" : -0.71832114458084106,
			"Absolute Velocity Z" : -0.091108947992324829,
			"ActorName" : "CAR 05",
			"BoundingBox3D Extent X" : 4.2034134864807129,
			"BoundingBox3D Extent Y" : 1.8194049596786499,
			"BoundingBox3D Extent Z" : 1.486355185508728,
			"BoundingBox3D Orientation Quat W" : -0.99974024295806885,
			"BoundingBox3D Orientation Quat X" : -0.0010749349603429437,
			"BoundingBox3D Orientation Quat Y" : -0.00061552826082333922,
			"BoundingBox3D Orientation Quat Z" : 0.022476458922028542,
			"BoundingBox3D Origin X" : -54.155830383300781,
			"BoundingBox3D Origin Y" : 3.660193920135498,
			"BoundingBox3D Origin Z" : 1.0722016096115112,
			"ObjectId" : 5,
			"ObjectType" : "CAR",
			"Occluded" : 0.0,
			"Relative Acceleration X" : -1.5407617092132568,
			"Relative Acceleration Y" : -0.59460318088531494,
			"Relative Acceleration Z" : -0.71625357866287231,
			"Relative Velocity X" : 2.2115671634674072,
			"Relative Velocity Y" : -0.26143765449523926,
			"Relative Velocity Z" : 0.45651355385780334,
			"Truncated" : 0
		},
		{
			"Absolute Acceleration X" : -0.31703990697860718,
			"Absolute Acceleration Y" : 0.4286627471446991,
			"Absolute Acceleration Z" : 0.011034585535526276,
			"Absolute Velocity X" : 17.343225479125977,
			"Absolute Velocity Y" : -1.3540507555007935,