{
	"CapturedObjects" : 
	[
		{
			"Absolute Acceleration X" : 0.16086196899414062,
			"Absolute Acceleration Y" : 0.41476550698280334,
			"Absolute Acceleration Z" : 0.049517884850502014,
			"Absolute Velocity X" : 23.534229278564453,
			"Absolute Velocity Y" : 0.17784474790096283,
			"Absolute Velocity Z" : -0.23156037926673889,
			"ActorName" : "CAR 00",
			"BoundingBox3D Extent X" : 5.0962448120117188,
			"BoundingBox3D Extent Y" : 1.9460623264312744,
			"BoundingBox3D Extent Z" : 1.7667186260223389,
			"BoundingBox3D Orientation Quat W" : 0.99901849031448364,
			"BoundingBox3D Orientation Quat X" : -0.043275278061628342,
			"BoundingBox3D Orientation Quat Y" : 0.0040264595299959183,
			"BoundingBox3D Orientation Quat Z" : 0.0057624010369181633,
			"BoundingBox3D Origin X" : 3.112511157989502,
			"BoundingBox3D Origin Y" : 9.8637409210205078,
			"BoundingBox3D Origin Z" : 0.82432687282562256,
			"ObjectId" : 0,
			"ObjectType" : "CAR",
			"Occluded" : 0.0,
			"Relative Acceleration X" : 0.19357895851135254,
			"Relative Acceleration Y" : 0.23238466680049896,
			"Relative Acceleration Z" : 0.050194744020700455,
			"Relative Velocity X" : 2.0940341949462891,
			"Relative Velocity Y" : 0.34552192687988281,
			"Relative Velocity Z" : -0.052606642246246338,
			"Truncated" : 0
		},
		{
			"Absolute Acceleration X" : -0.028591156005859375,
			"Absolute Acceleration Y" : 0.3215649425983429,
			"Absolute Acceleration Z" : -0.043827548623085022,
			"Absolute Velocity X" : 22.72706413269043,
			"Absolute Velocity Y" : 0.67720425128936768,
			"Absolute Velocity Z" : -0.19777193665504456,
			"ActorName" : "TRUCK 02",
			"BoundingBox3D Extent X" : 11.0,
			"BoundingBox3D Extent Y" : 2.8361189365386963,
			"BoundingBox3D Extent Z" : 3.5865716934204102,
			"BoundingBox3D Orientation Quat W" : 0.9995381236076355,
			"BoundingBox3D Orientation Quat X" : -0.0266615841537714,
			"BoundingBox3D Orientation Quat Y" : 0.0045698825269937515,
			"BoundingBox3D Orientation Quat Z" : 0.013480988331139088,
			"BoundingBox3D Origin X" : 37.036445617675781,
			"BoundingBox3D Origin Y" : 10.700311660766602,
			"BoundingBox3D Origin Z" : 1.436995267868042,
			"ObjectId" : 2,
			"ObjectType" : "TRUCK",
			"Occluded" : 0.0,
			"Relative Acceleration X" : 0.01116645336151123,
			"Relative Acceleration Y" : -0.00023406744003295898,
			"Relative Acceleration Z" : 0.034388624131679535,
			"Relative Velocity X" : 1.2921198606491089,
			"Relative Velocity Y" : 0.63054525852203369,
			"Relative Velocity Z" : -0.0064557860605418682,
			"Truncated" : 0
		},
		{
			"Absolute Acceleration X" : 0.33257675170898438,
			"Absolute Acceleration Y" : 0.19600470364093781,
			"Absolute Acceleration Z" : -0.02950836718082428,
			"Absolute Velocity X" : 22.041000366210938,
			"Absolute Velocity Y" : 0.11976586282253265,
			"Absolute Velocity Z" : -0.19499833881855011,
			"ActorName" : "CAR 04",
			"BoundingBox3D Extent X" : 4.1754417419433594,
			"BoundingBox3D Extent Y" : 1.7123286724090576,
			"BoundingBox3D Extent Z" : 1.4943684339523315,
			"BoundingBox3D Orientation Quat W" : 0.99998068809509277,
			"BoundingBox3D Orientation Quat X" : -0.0013721894938498735,
			"BoundingBox3D Orientation Quat Y" : 0.0045393761247396469,
			"BoundingBox3D Orientation Quat Z" : -0.0026503461413085461,
			"BoundingBox3D Origin X" : 27.48396110534668,
			"BoundingBox3D Origin Y" : 0.10506029427051544,
			"BoundingBox3D Origin Z" : 0.45926690101623535,
			"ObjectId" : 4,
			"ObjectType" : "CAR",
			"Occluded" : 0.0,
			"Relative Acceleration X" : 0.31938233971595764,
			"Relative Acceleration Y" : -0.072444364428520203,
			"Relative Acceleration Z" : 0.028452973812818527,
			"Relative Velocity X" : 0.53875213861465454,
			"Relative Velocity Y" : 0.13394530117511749,
			"Relative Velocity Z" : -0.0065465215593576431,
			"Truncated" : 0
		},
		{
			"Absolute Acceleration X" : -0.1165008544921875,
			"Absolute Acceleration Y" : 0.19521236419677734,
			"Absolute Acceleration Z" : 0.0074237985536456108,
			"Absolute Velocity X" : 24.987384796142578,
			"Absolute Velocity Y" : -1.0432828664779663,
			"Absolute Velocity Z" : 0.0078689632937312126,
			"ActorName" : "TRUCK 05",
			"BoundingBox3D Extent X" : 11.0,
			"BoundingBox3D Extent Y" : 2.847881555557251,
			"BoundingBox3D Extent Z" : 1.9118857383728027,
			"BoundingBox3D Orientation Quat W" : -0.99978083372116089,
			"BoundingBox3D Orientation Quat X" : 0.0044774245470762253,
			"BoundingBox3D Orientation Quat Y" : 0.002928845351561904,
			"BoundingBox3D Orientation Quat Z" : 0.018849823623895645,
			"BoundingBox3D Origin X" : -167.36053466796875,
			"BoundingBox3D Origin Y" : 13.326292991638184,
			"BoundingBox3D Origin Z" : 2.0917813777923584,
			"ObjectId" : 5,
			"ObjectType" : "TRUCK",
			"Occluded" : 0.0,
			"Relative Acceleration X" : -0.079230070114135742,
			"Relative Acceleration Y" : 0.75153505802154541,
			"Relative Acceleration Z" : -0.38477516174316406,
			"Relative Velocity X" : 3.5687048435211182,
			"Relative Velocity Y" : 0.20488126575946808,
			"Relative Velocity Z" : 0.12677043676376343,
			"Truncated" : 0
		},
		{
			"Absolute Acceleration X" : -0.017042160034179688,
			"Absolute Acceleration Y" : 0.25211536884307861,
			"Absolute Acceleration Z" : -0.0056106448173522949,
			"Absolute Velocity X" : 22.718547821044922,
			"Absolute Velocity Y" : 0.75357925891876221,
			"Absolute Velocity Z" : -0.21446286141872406,
			"ActorName" : "TRUCK 12",
			"BoundingBox3D Extent X" : 11.0,
			"BoundingBox3D Extent Y" : 2.2660648822784424,
			"BoundingBox3D Extent Z" : 3.9199919700622559,
			"BoundingBox3D Orientation Quat W" : 0.99951696395874023,
			"BoundingBox3D Orientation Quat X" : -0.025202849879860878,
			"BoundingBox3D Orientation Quat Y" : 0.0042425598949193954,
			"BoundingBox3D Orientation Quat Z" : 0.016412597149610519,
			"BoundingBox3D Origin X" : 47.102653503417969,
			"BoundingBox3D Origin Y" : 10.629525184631348,
			"BoundingBox3D Origin Z" : 1.5370488166809082,
			"ObjectId" : 12,
			"ObjectType" : "TRUCK",
			"Occluded" : 0.0,
			"Relative Acceleration X" : 0.023004412651062012,
			"Relative Acceleration Y" : -0.11469912528991699,
			"Relative Acceleration Z" : 0.095667466521263123,
			"Relative Velocity X" : 1.283097505569458,
			"Relative Velocity Y" : 0.64312523603439331,
			"Relative Velocity Z" : -0.01964942179620266,
			"Truncated" : 0
		},
		{
			"Absolute Acceleration X" : 0.08235931396484375,
			"Absolute Acceleration Y" : 0.86555945873260498,
			"Absolute Acceleration Z" : -0.082309484481811523,
			"Absolute Velocity X" : 32.3795166015625,
			"Absolute Velocity Y" : 1.0893770456314087,
			"Absolute Velocity Z" : -0.19860033690929413,
			"ActorName" : "CAR 14",
			"BoundingBox3D Extent X" : 4.6743383407592773,
			"BoundingBox3D Extent Y" : 1.8816406726837158,
			"BoundingBox3D Extent Z" : 1.4628437757492065,
			"BoundingBox3D Orientation Quat W" : 0.99641454219818115,
			"BoundingBox3D Orientation Quat X" : -0.081676989793777466,
			"BoundingBox3D Orientation Quat Y" : 0.0030276088509708643,
			"BoundingBox3D Orientation Quat Z" : 0.018182162195444107,
			"BoundingBox3D Origin X" : 37.235004425048828,
			"BoundingBox3D Origin Y" : 14.934316635131836,
			"BoundingBox3D Origin Z" : 0.47093984484672546,
			"ObjectId" : 14,
			"ObjectType" : "CAR",
			"Occluded" : 0.0,
			"Relative Acceleration X" : 0.15135669708251953,
			"Relative Acceleration Y" : 0.39558559656143188,
			"Relative Acceleration Z" : -0.0081245489418506622,
			"Relative Velocity X" : 10.972441673278809,
			"Relative Velocity Y" : 1.0341808795928955,
			"Relative Velocity Z" : -0.012553422711789608,
			"Truncated" : 0
		},
		{
			"Absolute Acceleration X" : -0.26321792602539062,
			"Absolute Acceleration Y" : -0.19185128808021545,
			"Absolute Acceleration Z" : -0.023435711860656738,
			"Absolute Velocity X" : 24.522415161132812,
			"Absolute Velocity Y" : -0.49196925759315491,
			"Absolute Velocity Z" : -0.11737063527107239,
			"ActorName" : "CAR 15",