{
	"CapturedObjects" : 
	[
		{
			"Absolute Acceleration X" : 0.39110946655273438,
			"Absolute Acceleration Y" : -0.20256103575229645,
			"Absolute Acceleration Z" : 0.080914765596389771,
			"Absolute Velocity X" : 33.158977508544922,
			"Absolute Velocity Y" : -0.28008216619491577,
			"Absolute Velocity Z" : -0.3340049684047699,
			"ActorName" : "CAR 00",
			"BoundingBox3D Extent X" : 4.8987493515014648,
			"BoundingBox3D Extent Y" : 2.3346810340881348,
			"BoundingBox3D Extent Z" : 1.7911391258239746,
			"BoundingBox3D Orientation Quat W" : 0.99992161989212036,
			"BoundingBox3D Orientation Quat X" : -0.0033676116727292538,
			"BoundingBox3D Orientation Quat Y" : 0.0042369733564555645,
			"BoundingBox3D Orientation Quat Z" : -0.011058987118303776,
			"BoundingBox3D Origin X" : 43.332546234130859,
			"BoundingBox3D Origin Y" : 3.6390435695648193,
			"BoundingBox3D Origin Z" : 0.43111291527748108,
			"ObjectId" : 0,
			"ObjectType" : "CAR",
			"Occluded" : 0.0,
			"Relative Acceleration X" : 0.28096342086791992,
			"Relative Acceleration Y" : 0.2356477677822113,
			"Relative Acceleration Z" : 0.21073515713214874,
			"Relative Velocity X" : 6.8727288246154785,
			"Relative Velocity Y" : -0.023911520838737488,
			"Relative Velocity Z" : -0.11831189692020416,
			"Truncated" : 0
		},
		{
			"Absolute Acceleration X" : 0.15587425231933594,
			"Absolute Acceleration Y" : 0.11182114481925964,
			"Absolute Acceleration Z" : -0.065925657749176025,
			"Absolute Velocity X" : 29.798887252807617,
			"Absolute Velocity Y" : -0.46380165219306946,
			"Absolute Velocity Z" : -0.26549980044364929,
			"ActorName" : "CAR 01",
			"BoundingBox3D Extent X" : 4.692725658416748,
			"BoundingBox3D Extent Y" : 2.1507890224456787,
			"BoundingBox3D Extent Z" : 1.6784391403198242,
			"BoundingBox3D Orientation Quat W" : -0.99994915723800659,
			"BoundingBox3D Orientation Quat X" : 0.0030524779576808214,
			"BoundingBox3D Orientation Quat Y" : -0.0046364041045308113,
			"BoundingBox3D Orientation Quat Z" : 0.0076448861509561539,
			"BoundingBox3D Origin X" : 7.4304685592651367,
			"BoundingBox3D Origin Y" : 4.0275177955627441,
			"BoundingBox3D Origin Z" : 0.74999314546585083,
			"ObjectId" : 1,
			"ObjectType" : "CAR",
			"Occluded" : 0.0,
			"Relative Acceleration X" : 0.039436578750610352,
			"Relative Acceleration Y" : 0.13119873404502869,
			"Relative Acceleration Z" : -0.017078772187232971,
			"Relative Velocity X" : 3.5131759643554688,
			"Relative Velocity Y" : -0.21063555777072906,
			"Relative Velocity Z" : -0.018800033256411552,
			"Truncated" : 0
		},
		{
			"Absolute Acceleration X" : -0.22266006469726562,
			"Absolute Acceleration Y" : 0.083978861570358276,
			"Absolute Acceleration Z" : 0.0043317526578903198,
			"Absolute Velocity X" : 27.329856872558594,
			"Absolute Velocity Y" : -0.43379035592079163,
			"Absolute Velocity Z" : -0.2273162305355072,
			"ActorName" : "CAR 03",
			"BoundingBox3D Extent X" : 4.3168878555297852,
			"BoundingBox3D Extent Y" : 2.1278455257415771,
			"BoundingBox3D Extent Z" : 1.6856460571289062,
			"BoundingBox3D Orientation Quat W" : -0.99993640184402466,
			"BoundingBox3D Orientation Quat X" : -0.0026936514768749475,
			"BoundingBox3D Orientation Quat Y" : -0.0038677293341606855,
			"BoundingBox3D Orientation Quat Z" : 0.0098823001608252525,
			"BoundingBox3D Origin X" : -24.262414932250977,
			"BoundingBox3D Origin Y" : 1.250657320022583,
			"BoundingBox3D Origin Z" : 0.96591705083847046,
			"ObjectId" : 3,
			"ObjectType" : "CAR",
			"Occluded" : 0.0,
			"Relative Acceleration X" : -0.30450993776321411,
			"Relative Acceleration Y" : -0.26926261186599731,
			"Relative Acceleration Z" : -0.01393476128578186,
			"Relative Velocity X" : 1.0438642501831055,
			"Relative Velocity Y" : -0.18219636380672455,
			"Relative Velocity Z" : 0.034956160932779312,
			"Truncated" : 0
		},
		{
			"Absolute Acceleration X" : 0.179443359375,
			"Absolute Acceleration Y" : 0.20388555526733398,
			"Absolute Acceleration Z" : -0.19290697574615479,
			"Absolute Velocity X" : 35.284740447998047,
			"Absolute Velocity Y" : -0.52403932809829712,
			"Absolute Velocity Z" : -0.31680232286453247,
			"ActorName" : "CAR 04",
			"BoundingBox3D Extent X" : 4.0999999046325684,
			"BoundingBox3D Extent Y" : 1.8915352821350098,
			"BoundingBox3D Extent Z" : 1.5626697540283203,
			"BoundingBox3D Orientation Quat W" : -0.9999617338180542,
			"BoundingBox3D Orientation Quat X" : -0.00049566000234335661,
			"BoundingBox3D Orientation Quat Y" : -0.0034561357460916042,
			"BoundingBox3D Orientation Quat Z" : 0.0075789289548993111,
			"BoundingBox3D Origin X" : 155.54093933105469,
			"BoundingBox3D Origin Y" : 1.9883166551589966,
			"BoundingBox3D Origin Z" : -0.40248239040374756,
			"ObjectId" : 4,
			"ObjectType" : "CAR",
			"Occluded" : 0.0,
			"Relative Acceleration X" : 0.083452224731445312,
			"Relative Acceleration Y" : 1.9814987182617188,
			"Relative Acceleration Z" : 0.18303471803665161,
			"Relative Velocity X" : 8.9980564117431641,
			"Relative Velocity Y" : -0.27461060881614685,
			"Relative Velocity Z" : -0.2115195244550705,
			"Truncated" : 0
		},
		{
			"Absolute Acceleration X" : 0.031280517578125,
			"Absolute Acceleration Y" : 0.11539016664028168,
			"Absolute Acceleration Z" : 0.034700915217399597,
			"Absolute Velocity X" : 26.557464599609375,
			"Absolute Velocity Y" : -0.30432555079460144,
			"Absolute Velocity Z" : -0.17543914914131165,
			"ActorName" : "CAR 13",
			"BoundingBox3D Extent X" : 4.2157607078552246,
			"BoundingBox3D Extent Y" : 1.7754096984863281,
			"BoundingBox3D Extent Z" : 2.0899450778961182,
			"BoundingBox3D Orientation Quat W" : 0.99997079372406006,
			"BoundingBox3D Orientation Quat X" : 0.0043178456835448742,
			"BoundingBox3D Orientation Quat Y" : 0.0030861878767609596,
			"BoundingBox3D Orientation Quat Z" : -0.0049202023074030876,
			"BoundingBox3D Origin X" : 73.1668701171875,
			"BoundingBox3D Origin Y" : -0.86559522151947021,
			"BoundingBox3D Origin Z" : 0.34011423587799072,
			"ObjectId" : 13,
			"ObjectType" : "CAR",
			"Occluded" : 0.0,
			"Relative Acceleration X" : -0.027698755264282227,
			"Relative Acceleration Y" : 0.93947911262512207,
			"Relative Acceleration Z" : 0.23029744625091553,
			"Relative Velocity X" : 0.27044972777366638,
			"Relative Velocity Y" : -0.064232476055622101,
			"Relative Velocity Z" : -0.016002638265490532,
			"Truncated" : 0
		},
		{
			"Absolute Acceleration X" : 3.5292034149169922,
			"Absolute Acceleration Y" : 0.064983248710632324,
			"Absolute Acceleration Z" : -0.034752033650875092,
			"Absolute Velocity X" : 22.480829238891602,
			"Absolute Velocity Y" : -0.2956329882144928,
			"Absolute Velocity Z" : 0.059240274131298065,
			"ActorName" : "CAR 17",
			"BoundingBox3D Extent X" : 4.0999999046325684,
			"BoundingBox3D Extent Y" : 1.6638205051422119,
			"BoundingBox3D Extent Z" : 1.9409711360931396,
			"BoundingBox3D Orientation Quat W" : 0.99997144937515259,
			"BoundingBox3D Orientation Quat X" : 0.0018399704713374376,
			"BoundingBox3D Orientation Quat Y" : -0.0017708980012685061,
			"BoundingBox3D Orientation Quat Z" : -0.0067260311916470528,
			"BoundingBox3D Origin X" : -126.64536285400391,
			"BoundingBox3D Origin Y" : 2.2103993892669678,
			"BoundingBox3D Origin Z" : 1.5019423961639404,
			"ObjectId" : 17,
			"ObjectType" : "CAR",
			"Occluded" : 0.0,
			"Relative Acceleration X" : 3.4393095970153809,
			"Relative Acceleration Y" : -1.4795665740966797,
			"Relative Acceleration Z" : -0.27468425035476685,
			"Relative Velocity X" : -3.8054003715515137,
			"Relative Velocity Y" : -0.042358063161373138,
			"Relative Velocity Z" : 0.41493207216262817,
			"Truncated" : 0
		},
		{
			"Absolute Acceleration X" : -0.043605539947748184,
			"Absolute Acceleration Y" : -0.063766948878765106,
			"Absolute Acceleration Z" : 0.028830315917730331,
			"Absolute Velocity X" : 27.010690689086914,
			"Absolute Velocity Y" : -0.42600095272064209,