{
	"CapturedObjects" : 
	[
		{
			"Absolute Acceleration X" : 0.071947097778320312,
			"Absolute Acceleration Y" : 0.2278798520565033,
			"Absolute Acceleration Z" : -0.12653753161430359,
			"Absolute Velocity X" : 22.508790969848633,
			"Absolute Velocity Y" : 0.65317636728286743,
			"Absolute Velocity Z" : -0.11266728490591049,
			"ActorName" : "TRUCK 00",
			"BoundingBox3D Extent X" : 15.675508499145508,
			"BoundingBox3D Extent Y" : 2.846585750579834,
			"BoundingBox3D Extent Z" : 2.7976827621459961,
			"BoundingBox3D Orientation Quat W" : 0.99914377927780151,
			"BoundingBox3D Orientation Quat X" : -0.039554648101329803,
			"BoundingBox3D Orientation Quat Y" : 0.00099634821526706219,
			"BoundingBox3D Orientation Quat Z" : 0.010176929645240307,
			"BoundingBox3D Origin X" : 23.337692260742188,
			"BoundingBox3D Origin Y" : 8.0857200622558594,
			"BoundingBox3D Origin Z" : 1.4220683574676514,
			"ObjectId" : 0,
			"ObjectType" : "TRUCK",
			"Occluded" : 0.0,
			"Relative Acceleration X" : -0.089793562889099121,
			"Relative Acceleration Y" : -0.00432586669921875,
			"Relative Acceleration Z" : -0.43275737762451172,
			"Relative Velocity X" : 1.4390015602111816,
			"Relative Velocity Y" : 0.35189893841743469,
			"Relative Velocity Z" : 0.049366984516382217,
			"Truncated" : 0
		},
		{
			"Absolute Acceleration X" : -0.22570037841796875,
			"Absolute Acceleration Y" : 0.15638165175914764,
			"Absolute Acceleration Z" : -0.07060927152633667,
			"Absolute Velocity X" : 22.48054313659668,
			"Absolute Velocity Y" : 0.31529134511947632,
			"Absolute Velocity Z" : 0.012349243275821209,
			"ActorName" : "CAR 02",
			"BoundingBox3D Extent X" : 4.6524553298950195,
			"BoundingBox3D Extent Y" : 2.1059317588806152,
			"BoundingBox3D Extent Z" : 1.7193666696548462,
			"BoundingBox3D Orientation Quat W" : 0.99982714653015137,
			"BoundingBox3D Orientation Quat X" : -0.016654521226882935,
			"BoundingBox3D Orientation Quat Y" : -0.00067738996585831046,
			"BoundingBox3D Orientation Quat Z" : 0.0064635742455720901,
			"BoundingBox3D Origin X" : -5.327052116394043,
			"BoundingBox3D Origin Y" : 7.5072841644287109,
			"BoundingBox3D Origin Z" : 0.89143556356430054,
			"ObjectId" : 2,
			"ObjectType" : "CAR",
			"Occluded" : 0.0,
			"Relative Acceleration X" : -0.38277971744537354,
			"Relative Acceleration Y" : -0.45960608124732971,
			"Relative Acceleration Z" : 0.048930305987596512,
			"Relative Velocity X" : 1.3961324691772461,
			"Relative Velocity Y" : 0.68560296297073364,
			"Relative Velocity Z" : 0.24841061234474182,
			"Truncated" : 0
		},
		{
			"Absolute Acceleration X" : 0.01029205322265625,
			"Absolute Acceleration Y" : 0.10785236954689026,
			"Absolute Acceleration Z" : 0.0095870047807693481,
			"Absolute Velocity X" : 21.351701736450195,
			"Absolute Velocity Y" : -0.094414755702018738,
			"Absolute Velocity Z" : -0.11903043836355209,
			"ActorName" : "CAR 08",
			"BoundingBox3D Extent X" : 4.203056812286377,
			"BoundingBox3D Extent Y" : 1.7073705196380615,
			"BoundingBox3D Extent Z" : 1.5064666271209717,
			"BoundingBox3D Orientation Quat W" : 0.99995410442352295,
			"BoundingBox3D Orientation Quat X" : -0.0028119923081248999,
			"BoundingBox3D Orientation Quat Y" : 0.002812566002830863,
			"BoundingBox3D Orientation Quat Z" : -0.0074578239582479,
			"BoundingBox3D Origin X" : 27.389848709106445,
			"BoundingBox3D Origin Y" : 0.61983776092529297,
			"BoundingBox3D Origin Z" : 0.56267023086547852,
			"ObjectId" : 8,
			"ObjectType" : "CAR",
			"Occluded" : 0.0,
			"Relative Acceleration X" : -0.089670203626155853,
			"Relative Acceleration Y" : -0.018796414136886597,
			"Relative Acceleration Z" : -0.37683397531509399,
			"Relative Velocity X" : 0.10785552114248276,
			"Relative Velocity Y" : -0.48557817935943604,
			"Relative Velocity Z" : -0.033963985741138458,
			"Truncated" : 0
		},
		{
			"Absolute Acceleration X" : 0.12916946411132812,
			"Absolute Acceleration Y" : 0.015259027481079102,
			"Absolute Acceleration Z" : -0.035700023174285889,
			"Absolute Velocity X" : 22.716739654541016,
			"Absolute Velocity Y" : 0.66501849889755249,
			"Absolute Velocity Z" : -0.1669171154499054,
			"ActorName" : "TRUCK 17",
			"BoundingBox3D Extent X" : 11.0,
			"BoundingBox3D Extent Y" : 1.65028977394104,
			"BoundingBox3D Extent Z" : 3.1818549633026123,
			"BoundingBox3D Orientation Quat W" : 0.99954068660736084,
			"BoundingBox3D Orientation Quat X" : -0.025288725271821022,
			"BoundingBox3D Orientation Quat Y" : 0.0016680922126397491,
			"BoundingBox3D Orientation Quat Z" : 0.013902136124670506,
			"BoundingBox3D Origin X" : 37.699264526367188,
			"BoundingBox3D Origin Y" : 7.9803371429443359,
			"BoundingBox3D Origin Z" : 1.5216161012649536,
			"ObjectId" : 17,
			"ObjectType" : "TRUCK",
			"Occluded" : 0.0,
			"Relative Acceleration X" : -0.030852079391479492,
			"Relative Acceleration Y" : -0.028039917349815369,
			"Relative Acceleration Z" : -0.55470997095108032,
			"Relative Velocity X" : 1.6443482637405396,
			"Relative Velocity Y" : 0.029000962153077126,
			"Relative Velocity Z" : -0.047455057501792908,
			"Truncated" : 0
		},
		{
			"Absolute Acceleration X" : 0.041845321655273438,
			"Absolute Acceleration Y" : 0.0093427598476409912,
			"Absolute Acceleration Z" : -0.031624563038349152,
			"Absolute Velocity X" : 30.75981330871582,
			"Absolute Velocity Y" : 0.26023730635643005,
			"Absolute Velocity Z" : -0.073671728372573853,
			"ActorName" : "CAR 23",
			"BoundingBox3D Extent X" : 4.3857078552246094,
			"BoundingBox3D Extent Y" : 1.8676795959472656,
			"BoundingBox3D Extent Z" : 1.4760210514068604,
			"BoundingBox3D Orientation Quat W" : 0.99966847896575928,
			"BoundingBox3D Orientation Quat X" : -0.024519713595509529,
			"BoundingBox3D Orientation Quat Y" : 0.0021180638577789068,
			"BoundingBox3D Orientation Quat Z" : 0.0035417899489402771,
			"BoundingBox3D Origin X" : -25.857196807861328,
			"BoundingBox3D Origin Y" : 11.949463844299316,
			"BoundingBox3D Origin Z" : 0.50955837965011597,
			"ObjectId" : 23,
			"ObjectType" : "CAR",
			"Occluded" : 0.0,
			"Relative Acceleration X" : -0.16748905181884766,
			"Relative Acceleration Y" : -1.2128868103027344,
			"Relative Acceleration Z" : 0.46160459518432617,
			"Relative Velocity X" : 9.774937629699707,
			"Relative Velocity Y" : 1.1337172985076904,
			"Relative Velocity Z" : 0.21395969390869141,
			"Truncated" : 0
		},
		{
			"Absolute Acceleration X" : 0.20553970336914062,
			"Absolute Acceleration Y" : -0.13373124599456787,
			"Absolute Acceleration Z" : -0.0036971420049667358,
			"Absolute Velocity X" : 25.432443618774414,
			"Absolute Velocity Y" : 0.16728107631206512,
			"Absolute Velocity Z" : -0.12297133356332779,
			"ActorName" : "CAR 25",
			"BoundingBox3D Extent X" : 4.1049051284790039,
			"BoundingBox3D Extent Y" : 2.0415301322937012,
			"BoundingBox3D Extent Z" : 1.9679287672042847,
			"BoundingBox3D Orientation Quat W" : 0.99999010562896729,
			"BoundingBox3D Orientation Quat X" : 0.00073831534245982766,
			"BoundingBox3D Orientation Quat Y" : 0.0017566012684255838,
			"BoundingBox3D Orientation Quat Z" : 0.002113470109179616,
			"BoundingBox3D Origin X" : -132.25491333007812,
			"BoundingBox3D Origin Y" : 7.7433757781982422,
			"BoundingBox3D Origin Z" : 1.0736627578735352,
			"ObjectId" : 25,
			"ObjectType" : "CAR",
			"Occluded" : 0.0,
			"Relative Acceleration X" : 0.11056423187255859,
			"Relative Acceleration Y" : -2.5777180194854736,
			"Relative Acceleration Z" : 2.019538402557373,
			"Relative Velocity X" : 4.3461627960205078,
			"Relative Velocity Y" : 3.4927949905395508,
			"Relative Velocity Z" : 0.45125147700309753,
			"Truncated" : 0
		},
		{
			"Absolute Acceleration X" : -0.26343917846679688,
			"Absolute Acceleration Y" : 0.77297234535217285,
			"Absolute Acceleration Z" : -0.086343288421630859,
			"Absolute Velocity X" : 32.485042572021484,
			"Absolute Velocity Y" : 0.89876478910446167,
			"Absolute Velocity Z" : -0.31814819574356079,