{
	"CapturedObjects" : 
	[
		{
			"Absolute Acceleration X" : -0.056276321411132812,
			"Absolute Acceleration Y" : -0.84690511226654053,
			"Absolute Acceleration Z" : -0.10025638341903687,
			"Absolute Velocity X" : 24.886655807495117,
			"Absolute Velocity Y" : -1.5539326667785645,
			"Absolute Velocity Z" : -0.35132649540901184,
			"ActorName" : "CAR 04",
			"BoundingBox3D Extent X" : 4.1167516708374023,
			"BoundingBox3D Extent Y" : 1.7308224439620972,
			"BoundingBox3D Extent Z" : 1.4999700784683228,
			"BoundingBox3D Orientation Quat W" : -0.99954903125762939,
			"BoundingBox3D Orientation Quat X" : 2.5870935132843442e-05,
			"BoundingBox3D Orientation Quat Y" : -0.0068074916489422321,
			"BoundingBox3D Orientation Quat Z" : 0.02911466546356678,
			"BoundingBox3D Origin X" : 39.737140655517578,
			"BoundingBox3D Origin Y" : -0.85799556970596313,
			"BoundingBox3D Origin Z" : 0.25831350684165955,
			"ObjectId" : 4,
			"ObjectType" : "CAR",
			"Occluded" : 0.0,
			"Relative Acceleration X" : 0.15751564502716064,
			"Relative Acceleration Y" : -0.53820121288299561,
			"Relative Acceleration Z" : 0.17179371416568756,
			"Relative Velocity X" : -0.55571156740188599,
			"Relative Velocity Y" : -0.4344651997089386,
			"Relative Velocity Z" : -0.094549067318439484,
			"Truncated" : 0
		},
		{
			"Absolute Acceleration X" : 0.019618988037109375,
			"Absolute Acceleration Y" : -0.34116047620773315,
			"Absolute Acceleration Z" : 0.053816139698028564,
			"Absolute Velocity X" : 18.939254760742188,
			"Absolute Velocity Y" : 1.0429434776306152,
			"Absolute Velocity Z" : -0.19881922006607056,
			"ActorName" : "CAR 14",
			"BoundingBox3D Extent X" : 5.2294902801513672,
			"BoundingBox3D Extent Y" : 2.2024991512298584,
			"BoundingBox3D Extent Z" : 1.7669569253921509,
			"BoundingBox3D Orientation Quat W" : 0.99989265203475952,
			"BoundingBox3D Orientation Quat X" : -0.0048061669804155827,
			"BoundingBox3D Orientation Quat Y" : 0.005122222937643528,
			"BoundingBox3D Orientation Quat Z" : 0.012316052801907063,
			"BoundingBox3D Origin X" : -19.679086685180664,
			"BoundingBox3D Origin Y" : -2.4080226421356201,
			"BoundingBox3D Origin Z" : 1.0153547525405884,
			"ObjectId" : 14,
			"ObjectType" : "CAR",
			"Occluded" : 0.0,
			"Relative Acceleration X" : 0.13053083419799805,
			"Relative Acceleration Y" : 0.1078188419342041,
			"Relative Acceleration Z" : 0.026041820645332336,
			"Relative Velocity X" : -6.4670004844665527,
			"Relative Velocity Y" : 0.75841391086578369,
			"Relative Velocity Z" : -0.014127656817436218,
			"Truncated" : 0
		},
		{
			"Absolute Acceleration X" : 1.9904986619949341,
			"Absolute Acceleration Y" : 0.40470108389854431,
			"Absolute Acceleration Z" : 0.014090711250901222,
			"Absolute Velocity X" : 18.900604248046875,
			"Absolute Velocity Y" : 1.8510493040084839,
			"Absolute Velocity Z" : -0.1261446475982666,
			"ActorName" : "CAR 15",
			"BoundingBox3D Extent X" : 4.7818255424499512,
			"BoundingBox3D Extent Y" : 2.1203718185424805,
			"BoundingBox3D Extent Z" : 1.4809430837631226,
			"BoundingBox3D Orientation Quat W" : 0.99886751174926758,
			"BoundingBox3D Orientation Quat X" : -0.0029929913580417633,
			"BoundingBox3D Orientation Quat Y" : 0.0031832396052777767,
			"BoundingBox3D Orientation Quat Z" : 0.047247197479009628,
			"BoundingBox3D Origin X" : -62.892257690429688,
			"BoundingBox3D Origin Y" : -4.4778909683227539,
			"BoundingBox3D Origin Z" : 1.2528047561645508,
			"ObjectId" : 15,
			"ObjectType" : "CAR",
			"Occluded" : 0.0,
			"Relative Acceleration X" : 2.1202065944671631,
			"Relative Acceleration Y" : 1.2630735635757446,
			"Relative Acceleration Z" : -0.48458582162857056,
			"Relative Velocity X" : -6.4664020538330078,
			"Relative Velocity Y" : 0.45340043306350708,
			"Relative Velocity Z" : 0.086525745689868927,
			"Truncated" : 0
		},
		{
			"Absolute Acceleration X" : 4.5852375030517578,
			"Absolute Acceleration Y" : 0.45755353569984436,
			"Absolute Acceleration Z" : -0.13989681005477905,
			"Absolute Velocity X" : -7.3899016380310059,
			"Absolute Velocity Y" : -1.4411169290542603,
			"Absolute Velocity Z" : 0.18375718593597412,
			"ActorName" : "CAR 24",
			"BoundingBox3D Extent X" : 3.968726634979248,
			"BoundingBox3D Extent Y" : 1.8999999761581421,
			"BoundingBox3D Extent Z" : 1.5380229949951172,
			"BoundingBox3D Orientation Quat W" : -0.094600588083267212,
			"BoundingBox3D Orientation Quat X" : 0.010950557887554169,
			"BoundingBox3D Orientation Quat Y" : 0.0023646026384085417,
			"BoundingBox3D Orientation Quat Z" : 0.99544376134872437,
			"BoundingBox3D Origin X" : -174.50112915039062,
			"BoundingBox3D Origin Y" : 0.373984694480896,
			"BoundingBox3D Origin Z" : 3.0315675735473633,
			"ObjectId" : 24,
			"ObjectType" : "CAR",
			"Occluded" : 0.0,
			"Relative Acceleration X" : 4.9798521995544434,
			"Relative Acceleration Y" : 0.63415616750717163,
			"Relative Acceleration Z" : -4.0897479057312012,
			"Relative Velocity X" : -32.927978515625,
			"Relative Velocity Y" : -5.4201259613037109,
			"Relative Velocity Z" : -0.20327828824520111,
			"Truncated" : 0
		},
		{
			"Absolute Acceleration X" : 5.6556248664855957,
			"Absolute Acceleration Y" : 0.91325175762176514,
			"Absolute Acceleration Z" : -0.16369818150997162,
			"Absolute Velocity X" : -16.703891754150391,
			"Absolute Velocity Y" : -3.4903919696807861,
			"Absolute Velocity Z" : 0.39378905296325684,
			"ActorName" : "CAR 25",
			"BoundingBox3D Extent X" : 4.0999999046325684,
			"BoundingBox3D Extent Y" : 1.6048614978790283,
			"BoundingBox3D Extent Z" : 1.3107339143753052,
			"BoundingBox3D Orientation Quat W" : -0.10301429778337479,
			"BoundingBox3D Orientation Quat X" : 0.011373794637620449,
			"BoundingBox3D Orientation Quat Y" : -0.0047668935731053352,
			"BoundingBox3D Orientation Quat Z" : 0.99458706378936768,
			"BoundingBox3D Origin X" : -177.082763671875,
			"BoundingBox3D Origin Y" : 2.9568841457366943,
			"BoundingBox3D Origin Z" : 2.9748117923736572,
			"ObjectId" : 25,
			"ObjectType" : "CAR",
			"Occluded" : 0.0,
			"Relative Acceleration X" : 6.2494935989379883,
			"Relative Acceleration Y" : 0.38396990299224854,
			"Relative Acceleration Z" : -0.52007269859313965,
			"Relative Velocity X" : -42.252693176269531,
			"Relative Velocity Y" : -7.4736952781677246,
			"Relative Velocity Z" : 0.58573043346405029,
			"Truncated" : 0
		},
		{
			"Absolute Acceleration X" : 0.15881779789924622,
			"Absolute Acceleration Y" : -0.32737138867378235,
			"Absolute Acceleration Z" : 0.12800982594490051,
			"Absolute Velocity X" : 23.84296989440918,
			"Absolute Velocity Y" : 3.7467446327209473,
			"Absolute Velocity Z" : -0.48951074481010437,
			"ActorName" : "CAR 28",
			"BoundingBox3D Extent X" : 4.0999999046325684,
			"BoundingBox3D Extent Y" : 2.3790092468261719,
			"BoundingBox3D Extent Z" : 1.7195987701416016,
			"BoundingBox3D Orientation Quat W" : 0.99687516689300537,
			"BoundingBox3D Orientation Quat X" : 0.0030866358429193497,
			"BoundingBox3D Orientation Quat Y" : 0.0097588049247860909,
			"BoundingBox3D Orientation Quat Z" : 0.078261815011501312,
			"BoundingBox3D Origin X" : -142.55262756347656,
			"BoundingBox3D Origin Y" : -8.8356971740722656,
			"BoundingBox3D Origin Z" : 2.3405156135559082,
			"ObjectId" : 28,
			"ObjectType" : "CAR",
			"Occluded" : 0.0,
			"Relative Acceleration X" : 0.17821107804775238,
			"Relative Acceleration Y" : 1.5750972032546997,
			"Relative Acceleration Z" : -0.6715882420539856,
			"Relative Velocity X" : -1.4129071235656738,
			"Relative Velocity Y" : 0.54279285669326782,
			"Relative Velocity Z" : -0.44194644689559937,
			"Truncated" : 0
		},
		{
			"Absolute Acceleration X" : 0.42517471313476562,
			"Absolute Acceleration Y" : -0.37126743793487549,
			"Absolute Acceleration Z" : -0.037606328725814819,
			"Absolute Velocity X" : 19.972988128662109,
			"Absolute Velocity Y" : -0.73804980516433716,
			"Absolute Velocity Z" : -0.25909057259559631,
			"ActorName" : "TRUCK 30",