{
	"CapturedObjects" : 
	[
		{
			"Absolute Acceleration X" : 0.12148666381835938,
			"Absolute Acceleration Y" : 0.25488358736038208,
			"Absolute Acceleration Z" : 0.0030948221683502197,
			"Absolute Velocity X" : 22.990896224975586,
			"Absolute Velocity Y" : 0.53536444902420044,
			"Absolute Velocity Z" : -0.16775695979595184,
			"ActorName" : "CAR 00",
			"BoundingBox3D Extent X" : 5.0962448120117188,
			"BoundingBox3D Extent Y" : 1.9460623264312744,
			"BoundingBox3D Extent Z" : 1.7667186260223389,
			"BoundingBox3D Orientation Quat W" : 0.99947053194046021,
			"BoundingBox3D Orientation Quat X" : -0.030015869066119194,
			"BoundingBox3D Orientation Quat Y" : 0.0034308973699808121,
			"BoundingBox3D Orientation Quat Z" : 0.010336589068174362,
			"BoundingBox3D Origin X" : 15.79915714263916,
			"BoundingBox3D Origin Y" : 13.551935195922852,
			"BoundingBox3D Origin Z" : 0.60797160863876343,
			"ObjectId" : 0,
			"ObjectType" : "CAR",
			"Occluded" : 0.0,
			"Relative Acceleration X" : 0.13035428524017334,
			"Relative Acceleration Y" : 0.023878097534179688,
			"Relative Acceleration Z" : 0.042542025446891785,
			"Relative Velocity X" : 1.4969519376754761,
			"Relative Velocity Y" : 0.60593229532241821,
			"Relative Velocity Z" : -0.04231363907456398,
			"Truncated" : 0
		},
		{
			"Absolute Acceleration X" : -0.0124359130859375,
			"Absolute Acceleration Y" : 0.24035137891769409,
			"Absolute Acceleration Z" : 0.033344730734825134,
			"Absolute Velocity X" : 22.717218399047852,
			"Absolute Velocity Y" : 0.94287335872650146,
			"Absolute Velocity Z" : -0.17712306976318359,
			"ActorName" : "TRUCK 02",
			"BoundingBox3D Extent X" : 11.0,
			"BoundingBox3D Extent Y" : 2.8361189365386963,
			"BoundingBox3D Extent Z" : 3.5865716934204102,
			"BoundingBox3D Orientation Quat W" : 0.99943351745605469,
			"BoundingBox3D Orientation Quat X" : -0.027860037982463837,
			"BoundingBox3D Orientation Quat Y" : 0.0036940604913979769,
			"BoundingBox3D Orientation Quat Z" : 0.018244883045554161,
			"BoundingBox3D Origin X" : 47.708930969238281,
			"BoundingBox3D Origin Y" : 14.882406234741211,
			"BoundingBox3D Origin Z" : 1.2621184587478638,
			"ObjectId" : 2,
			"ObjectType" : "TRUCK",
			"Occluded" : 0.0,
			"Relative Acceleration X" : 0.0018650293350219727,
			"Relative Acceleration Y" : 0.00055664777755737305,
			"Relative Acceleration Z" : 0.074729561805725098,
			"Relative Velocity X" : 1.2352087497711182,
			"Relative Velocity Y" : 0.72035467624664307,
			"Relative Velocity Z" : -0.042380470782518387,
			"Truncated" : 0
		},
		{
			"Absolute Acceleration X" : 0.19716072082519531,
			"Absolute Acceleration Y" : 0.21383278071880341,
			"Absolute Acceleration Z" : -0.016887307167053223,
			"Absolute Velocity X" : 21.774587631225586,
			"Absolute Velocity Y" : 0.084514394402503967,
			"Absolute Velocity Z" : -0.16552630066871643,
			"ActorName" : "CAR 04",
			"BoundingBox3D Extent X" : 4.1754417419433594,
			"BoundingBox3D Extent Y" : 1.7123286724090576,
			"BoundingBox3D Extent Z" : 1.4943684339523315,
			"BoundingBox3D Orientation Quat W" : 0.99998533725738525,
			"BoundingBox3D Orientation Quat X" : -0.0012267779093235731,
			"BoundingBox3D Orientation Quat Y" : 0.0042232447303831577,
			"BoundingBox3D Orientation Quat Z" : 3.1808525818632916e-05,
			"BoundingBox3D Origin X" : 27.965003967285156,
			"BoundingBox3D Origin Y" : 0.31911805272102356,
			"BoundingBox3D Origin Z" : 0.51952874660491943,
			"ObjectId" : 4,
			"ObjectType" : "CAR",
			"Occluded" : 0.0,
			"Relative Acceleration X" : 0.19166570901870728,
			"Relative Acceleration Y" : 0.0015126466751098633,
			"Relative Acceleration Z" : -0.013653811067342758,
			"Relative Velocity X" : 0.15755727887153625,
			"Relative Velocity Y" : 0.04191574826836586,
			"Relative Velocity Z" : 0.02805732935667038,
			"Truncated" : 0
		},
		{
			"Absolute Acceleration X" : 0.060901641845703125,
			"Absolute Acceleration Y" : 0.16803240776062012,
			"Absolute Acceleration Z" : -0.024295613169670105,
			"Absolute Velocity X" : 25.342819213867188,
			"Absolute Velocity Y" : -1.6354891061782837,
			"Absolute Velocity Z" : -0.10201369225978851,
			"ActorName" : "TRUCK 05",
			"BoundingBox3D Extent X" : 11.0,
			"BoundingBox3D Extent Y" : 2.847881555557251,
			"BoundingBox3D Extent Z" : 1.9118857383728027,
			"BoundingBox3D Orientation Quat W" : -0.9983065128326416,
			"BoundingBox3D Orientation Quat X" : 0.04951959103345871,
			"BoundingBox3D Orientation Quat Y" : -0.0045185261406004429,
			"BoundingBox3D Orientation Quat Z" : 0.029210455715656281,
			"BoundingBox3D Origin X" : -136.17149353027344,
			"BoundingBox3D Origin Y" : 17.323505401611328,
			"BoundingBox3D Origin Z" : 1.8255265951156616,
			"ObjectId" : 5,
			"ObjectType" : "TRUCK",
			"Occluded" : 0.0,
			"Relative Acceleration X" : 0.044663429260253906,
			"Relative Acceleration Y" : -0.060186587274074554,
			"Relative Acceleration Z" : 0.036319121718406677,
			"Relative Velocity X" : 3.8834104537963867,
			"Relative Velocity Y" : -0.14829233288764954,
			"Relative Velocity Z" : -0.068362697958946228,
			"Truncated" : 0
		},
		{
			"Absolute Acceleration X" : -0.039928436279296875,
			"Absolute Acceleration Y" : 0.1122090220451355,
			"Absolute Acceleration Z" : 0.042718425393104553,
			"Absolute Velocity X" : 22.736881256103516,
			"Absolute Velocity Y" : 1.0161529779434204,
			"Absolute Velocity Z" : -0.13968418538570404,
			"ActorName" : "TRUCK 12",
			"BoundingBox3D Extent X" : 11.0,
			"BoundingBox3D Extent Y" : 2.2660648822784424,
			"BoundingBox3D Extent Z" : 3.9199919700622559,
			"BoundingBox3D Orientation Quat W" : 0.99939829111099243,
			"BoundingBox3D Orientation Quat X" : -0.023620659485459328,
			"BoundingBox3D Orientation Quat Y" : 0.0036074186209589243,
			"BoundingBox3D Orientation Quat Z" : 0.024271577596664429,
			"BoundingBox3D Origin X" : 57.845157623291016,
			"BoundingBox3D Origin Y" : 14.905604362487793,
			"BoundingBox3D Origin Z" : 1.3825092315673828,
			"ObjectId" : 12,
			"ObjectType" : "TRUCK",
			"Occluded" : 0.0,
			"Relative Acceleration X" : -0.025304317474365234,
			"Relative Acceleration Y" : -0.13168716430664062,
			"Relative Acceleration Z" : 0.083880245685577393,
			"Relative Velocity X" : 1.2547487020492554,
			"Relative Velocity Y" : 0.70013809204101562,
			"Relative Velocity Z" : -2.3367771063931286e-05,
			"Truncated" : 0
		},
		{
			"Absolute Acceleration X" : -0.0604248046875,
			"Absolute Acceleration Y" : 0.50072342157363892,
			"Absolute Acceleration Z" : 0.047328442335128784,
			"Absolute Velocity X" : 32.224937438964844,
			"Absolute Velocity Y" : 0.99489080905914307,
			"Absolute Velocity Z" : -0.23653528094291687,
			"ActorName" : "CAR 22",
			"BoundingBox3D Extent X" : 9.0738592147827148,
			"BoundingBox3D Extent Y" : 1.9226126670837402,
			"BoundingBox3D Extent Z" : 1.546721339225769,
			"BoundingBox3D Orientation Quat W" : 0.99987179040908813,
			"BoundingBox3D Orientation Quat X" : -0.0033485330641269684,
			"BoundingBox3D Orientation Quat Y" : 0.003411631565541029,
			"BoundingBox3D Orientation Quat Z" : 0.01422568317502737,
			"BoundingBox3D Origin X" : 34.436145782470703,
			"BoundingBox3D Origin Y" : 18.343284606933594,
			"BoundingBox3D Origin Z" : 0.13980123400688171,
			"ObjectId" : 22,
			"ObjectType" : "CAR",
			"Occluded" : 0.0,
			"Relative Acceleration X" : -0.043923377990722656,
			"Relative Acceleration Y" : 0.08788532018661499,
			"Relative Acceleration Z" : 0.11683884263038635,
			"Relative Velocity X" : 10.775938034057617,
			"Relative Velocity Y" : 0.88812077045440674,
			"Relative Velocity Z" : -0.12626184523105621,
			"Truncated" : 0
		},
		{
			"Absolute Acceleration X" : 0.12810134887695312,
			"Absolute Acceleration Y" : 0.12881758809089661,
			"Absolute Acceleration Z" : -0.048604100942611694,
			"Absolute Velocity X" : 22.500732421875,
			"Absolute Velocity Y" : 0.29284524917602539,
			"Absolute Velocity Z" : -0.20422863960266113,
			"ActorName" : "CAR 24",