{
	"CapturedObjects" : 
	[
		{
			"Absolute Acceleration X" : 0.1454315185546875,
			"Absolute Acceleration Y" : 0.18563820421695709,
			"Absolute Acceleration Z" : -0.01917383074760437,
			"Absolute Velocity X" : 22.651861190795898,
			"Absolute Velocity Y" : 0.15208618342876434,
			"Absolute Velocity Z" : -0.26053640246391296,
			"ActorName" : "CAR 00",
			"BoundingBox3D Extent X" : 5.0962448120117188,
			"BoundingBox3D Extent Y" : 1.9460623264312744,
			"BoundingBox3D Extent Z" : 1.7667186260223389,
			"BoundingBox3D Orientation Quat W" : 0.99941509962081909,
			"BoundingBox3D Orientation Quat X" : -0.031988125294446945,
			"BoundingBox3D Orientation Quat Y" : 0.0057150856591761112,
			"BoundingBox3D Orientation Quat Z" : 0.0086436839774250984,
			"BoundingBox3D Origin X" : 10.818134307861328,
			"BoundingBox3D Origin Y" : 11.944750785827637,
			"BoundingBox3D Origin Z" : 0.63141179084777832,
			"ObjectId" : 0,
			"ObjectType" : "CAR",
			"Occluded" : 0.0,
			"Relative Acceleration X" : 0.080507755279541016,
			"Relative Acceleration Y" : 0.00077831745147705078,
			"Relative Acceleration Z" : 0.15350808203220367,
			"Relative Velocity X" : 1.199650764465332,
			"Relative Velocity Y" : 0.26902192831039429,
			"Relative Velocity Z" : -0.1589064747095108,
			"Truncated" : 0
		},
		{
			"Absolute Acceleration X" : -0.0016021728515625,
			"Absolute Acceleration Y" : 0.23918229341506958,
			"Absolute Acceleration Z" : -0.033310890197753906,
			"Absolute Velocity X" : 22.705690383911133,
			"Absolute Velocity Y" : 0.59549742937088013,
			"Absolute Velocity Z" : -0.2725796103477478,
			"ActorName" : "TRUCK 02",
			"BoundingBox3D Extent X" : 11.0,
			"BoundingBox3D Extent Y" : 2.8361189365386963,
			"BoundingBox3D Extent Z" : 3.5865716934204102,
			"BoundingBox3D Orientation Quat W" : 0.99944102764129639,
			"BoundingBox3D Orientation Quat X" : -0.029343660920858383,
			"BoundingBox3D Orientation Quat Y" : 0.0060464418493211269,
			"BoundingBox3D Orientation Quat Z" : 0.014479645527899265,
			"BoundingBox3D Origin X" : 43.097160339355469,
			"BoundingBox3D Origin Y" : 12.913021087646484,
			"BoundingBox3D Origin Z" : 1.1221756935119629,
			"ObjectId" : 2,
			"ObjectType" : "TRUCK",
			"Occluded" : 0.0,
			"Relative Acceleration X" : -0.069838881492614746,
			"Relative Acceleration Y" : 0.21878519654273987,
			"Relative Acceleration Z" : 0.38569629192352295,
			"Relative Velocity X" : 1.261224627494812,
			"Relative Velocity Y" : 0.40788841247558594,
			"Relative Velocity Z" : -0.094349369406700134,
			"Truncated" : 0
		},
		{
			"Absolute Acceleration X" : -0.09276580810546875,
			"Absolute Acceleration Y" : 0.14521533250808716,
			"Absolute Acceleration Z" : 0.00038540363311767578,
			"Absolute Velocity X" : 21.062091827392578,
			"Absolute Velocity Y" : 0.12983886897563934,
			"Absolute Velocity Z" : -0.26949158310890198,
			"ActorName" : "CAR 04",
			"BoundingBox3D Extent X" : 4.1754417419433594,
			"BoundingBox3D Extent Y" : 1.7123286724090576,
			"BoundingBox3D Extent Z" : 1.4943684339523315,
			"BoundingBox3D Orientation Quat W" : 0.99994295835494995,
			"BoundingBox3D Orientation Quat X" : -0.0034086334053426981,
			"BoundingBox3D Orientation Quat Y" : 0.0060807466506958008,
			"BoundingBox3D Orientation Quat Z" : 0.0075105093419551849,
			"BoundingBox3D Origin X" : 28.971504211425781,
			"BoundingBox3D Origin Y" : 0.25406938791275024,
			"BoundingBox3D Origin Z" : 0.36621212959289551,
			"ObjectId" : 4,
			"ObjectType" : "CAR",
			"Occluded" : 0.0,
			"Relative Acceleration X" : -0.097234815359115601,
			"Relative Acceleration Y" : 0.08947359025478363,
			"Relative Acceleration Z" : 0.22570735216140747,
			"Relative Velocity X" : -0.50210636854171753,
			"Relative Velocity Y" : 0.069538630545139313,
			"Relative Velocity Z" : -0.0017451462335884571,
			"Truncated" : 0
		},
		{
			"Absolute Acceleration X" : 0.02252197265625,
			"Absolute Acceleration Y" : -0.064787507057189941,
			"Absolute Acceleration Z" : -0.014058373868465424,
			"Absolute Velocity X" : 25.178319931030273,
			"Absolute Velocity Y" : -1.6112895011901855,
			"Absolute Velocity Z" : -0.027787946164608002,
			"ActorName" : "TRUCK 05",
			"BoundingBox3D Extent X" : 11.0,
			"BoundingBox3D Extent Y" : 2.847881555557251,
			"BoundingBox3D Extent Z" : 1.9118857383728027,
			"BoundingBox3D Orientation Quat W" : -0.99813187122344971,
			"BoundingBox3D Orientation Quat X" : 0.050623953342437744,
			"BoundingBox3D Orientation Quat Y" : -0.0037798192352056503,
			"BoundingBox3D Orientation Quat Z" : 0.033159602433443069,
			"BoundingBox3D Origin X" : -150.19500732421875,
			"BoundingBox3D Origin Y" : 17.021127700805664,
			"BoundingBox3D Origin Z" : 2.5618147850036621,
			"ObjectId" : 5,
			"ObjectType" : "TRUCK",
			"Occluded" : 0.0,
			"Relative Acceleration X" : -0.097844362258911133,
			"Relative Acceleration Y" : -1.1494967937469482,
			"Relative Acceleration Z" : -1.003288745880127,
			"Relative Velocity X" : 3.7694008350372314,
			"Relative Velocity Y" : 0.07291538268327713,
			"Relative Velocity Z" : -0.40439379215240479,
			"Truncated" : 0
		},
		{
			"Absolute Acceleration X" : 0.0114898681640625,
			"Absolute Acceleration Y" : 0.22819197177886963,
			"Absolute Acceleration Z" : -0.027162075042724609,
			"Absolute Velocity X" : 22.664546966552734,
			"Absolute Velocity Y" : 0.68134969472885132,
			"Absolute Velocity Z" : -0.29257100820541382,
			"ActorName" : "TRUCK 12",
			"BoundingBox3D Extent X" : 11.0,
			"BoundingBox3D Extent Y" : 2.2660648822784424,
			"BoundingBox3D Extent Z" : 3.9199919700622559,
			"BoundingBox3D Orientation Quat W" : 0.99943071603775024,
			"BoundingBox3D Orientation Quat X" : -0.028287786990404129,
			"BoundingBox3D Orientation Quat Y" : 0.0058880969882011414,
			"BoundingBox3D Orientation Quat Z" : 0.016130641102790833,
			"BoundingBox3D Origin X" : 53.180572509765625,
			"BoundingBox3D Origin Y" : 12.756693840026855,
			"BoundingBox3D Origin Z" : 1.1929465532302856,
			"ObjectId" : 12,
			"ObjectType" : "TRUCK",
			"Occluded" : 0.0,
			"Relative Acceleration X" : -0.055253028869628906,
			"Relative Acceleration Y" : 0.25978785753250122,
			"Relative Acceleration Z" : 0.46595841646194458,
			"Relative Velocity X" : 1.2183206081390381,
			"Relative Velocity Y" : 0.39760103821754456,
			"Relative Velocity Z" : -0.085626393556594849,
			"Truncated" : 0
		},
		{
			"Absolute Acceleration X" : -11.293049812316895,
			"Absolute Acceleration Y" : -0.52224397659301758,
			"Absolute Acceleration Z" : 0.046082712709903717,
			"Absolute Velocity X" : 18.484010696411133,
			"Absolute Velocity Y" : 1.7375625371932983,
			"Absolute Velocity Z" : -0.34685432910919189,
			"ActorName" : "CAR 19",
			"BoundingBox3D Extent X" : 4.0999999046325684,
			"BoundingBox3D Extent Y" : 1.5013155937194824,
			"BoundingBox3D Extent Z" : 1.6139180660247803,
			"BoundingBox3D Orientation Quat W" : 0.99851006269454956,
			"BoundingBox3D Orientation Quat X" : -0.028016583994030952,
			"BoundingBox3D Orientation Quat Y" : 0.0047036637552082539,
			"BoundingBox3D Orientation Quat Z" : 0.046442333608865738,
			"BoundingBox3D Origin X" : 144.2877197265625,
			"BoundingBox3D Origin Y" : 18.925662994384766,
			"BoundingBox3D Origin Z" : -1.1918526887893677,
			"ObjectId" : 19,
			"ObjectType" : "CAR",
			"Occluded" : 0.0,
			"Relative Acceleration X" : -11.331276893615723,
			"Relative Acceleration Y" : -0.33339232206344604,
			"Relative Acceleration Z" : 0.17616395652294159,
			"Relative Velocity X" : -2.8911933898925781,
			"Relative Velocity Y" : 0.49488633871078491,
			"Relative Velocity Z" : -0.14220993220806122,
			"Truncated" : 0
		},
		{
			"Absolute Acceleration X" : -8.0051174163818359,
			"Absolute Acceleration Y" : -0.4524381160736084,
			"Absolute Acceleration Z" : 0.14630663394927979,
			"Absolute Velocity X" : 27.02580451965332,
			"Absolute Velocity Y" : 2.2937445640563965,
			"Absolute Velocity Z" : -0.50947165489196777,
			"ActorName" : "CAR 20",