{
	"CapturedObjects" : 
	[
		{
			"Absolute Acceleration X" : -0.036617279052734375,
			"Absolute Acceleration Y" : 0.049089416861534119,
			"Absolute Acceleration Z" : 0.028604939579963684,
			"Absolute Velocity X" : 31.153926849365234,
			"Absolute Velocity Y" : -0.19179338216781616,
			"Absolute Velocity Z" : -0.19564180076122284,
			"ActorName" : "TRUCK 00",
			"BoundingBox3D Extent X" : 11.0,
			"BoundingBox3D Extent Y" : 2.6347408294677734,
			"BoundingBox3D Extent Z" : 3.0569512844085693,
			"BoundingBox3D Orientation Quat W" : 0.99998599290847778,
			"BoundingBox3D Orientation Quat X" : -0.0032880879007279873,
			"BoundingBox3D Orientation Quat Y" : 0.0033520411234349012,
			"BoundingBox3D Orientation Quat Z" : -0.0019360835431143641,
			"BoundingBox3D Origin X" : 22.191736221313477,
			"BoundingBox3D Origin Y" : 6.8669161796569824,
			"BoundingBox3D Origin Z" : 1.3152784109115601,
			"ObjectId" : 0,
			"ObjectType" : "TRUCK",
			"Occluded" : 0.0,
			"Relative Acceleration X" : 0.10009002685546875,
			"Relative Acceleration Y" : -0.34909927845001221,
			"Relative Acceleration Z" : -0.041386045515537262,
			"Relative Velocity X" : 9.7407035827636719,
			"Relative Velocity Y" : -0.23684971034526825,
			"Relative Velocity Z" : -0.060908369719982147,
			"Truncated" : 0
		},
		{
			"Absolute Acceleration X" : 0.01969146728515625,
			"Absolute Acceleration Y" : -0.12235209345817566,
			"Absolute Acceleration Z" : -0.018628910183906555,
			"Absolute Velocity X" : 30.333808898925781,
			"Absolute Velocity Y" : -0.30114454030990601,
			"Absolute Velocity Z" : -0.21249105036258698,
			"ActorName" : "CAR 01",
			"BoundingBox3D Extent X" : 4.0999999046325684,
			"BoundingBox3D Extent Y" : 2.0434176921844482,
			"BoundingBox3D Extent Z" : 1.7555222511291504,
			"BoundingBox3D Orientation Quat W" : 0.9999726414680481,
			"BoundingBox3D Orientation Quat X" : -0.00097657856531441212,
			"BoundingBox3D Orientation Quat Y" : 0.0035542906261980534,
			"BoundingBox3D Orientation Quat Z" : -0.0049886228516697884,
			"BoundingBox3D Origin X" : -15.600531578063965,
			"BoundingBox3D Origin Y" : 7.35797119140625,
			"BoundingBox3D Origin Z" : 0.92126727104187012,
			"ObjectId" : 1,
			"ObjectType" : "CAR",
			"Occluded" : 0.0,
			"Relative Acceleration X" : 0.15625476837158203,
			"Relative Acceleration Y" : -0.57592016458511353,
			"Relative Acceleration Z" : 0.073220238089561462,
			"Relative Velocity X" : 8.92535400390625,
			"Relative Velocity Y" : 0.07151021808385849,
			"Relative Velocity Z" : -0.040192291140556335,
			"Truncated" : 0
		},
		{
			"Absolute Acceleration X" : -0.21464258432388306,
			"Absolute Acceleration Y" : -0.52461791038513184,
			"Absolute Acceleration Z" : 0.1418168842792511,
			"Absolute Velocity X" : 24.140119552612305,
			"Absolute Velocity Y" : -0.43781620264053345,
			"Absolute Velocity Z" : -0.22106178104877472,
			"ActorName" : "CAR 03",
			"BoundingBox3D Extent X" : 4.0999999046325684,
			"BoundingBox3D Extent Y" : 2.3583855628967285,
			"BoundingBox3D Extent Z" : 1.9576709270477295,
			"BoundingBox3D Orientation Quat W" : 0.99993431568145752,
			"BoundingBox3D Orientation Quat X" : -0.0012885518372058868,
			"BoundingBox3D Orientation Quat Y" : 0.0041907969862222672,
			"BoundingBox3D Orientation Quat Z" : -0.0079319598153233528,
			"BoundingBox3D Origin X" : -143.3358154296875,
			"BoundingBox3D Origin Y" : 4.7093372344970703,
			"BoundingBox3D Origin Z" : 1.6814615726470947,
			"ObjectId" : 3,
			"ObjectType" : "CAR",
			"Occluded" : 0.0,
			"Relative Acceleration X" : -0.12925985455513,
			"Relative Acceleration Y" : 0.8063504695892334,
			"Relative Acceleration Z" : 0.43378236889839172,
			"Relative Velocity X" : 2.7027530670166016,
			"Relative Velocity Y" : 1.3403372764587402,
			"Relative Velocity Z" : 0.071535177528858185,
			"Truncated" : 0
		},
		{
			"Absolute Acceleration X" : -0.16065406799316406,
			"Absolute Acceleration Y" : -0.097290240228176117,
			"Absolute Acceleration Z" : 0.0073163509368896484,
			"Absolute Velocity X" : 31.993087768554688,
			"Absolute Velocity Y" : -0.052311979234218597,
			"Absolute Velocity Z" : -0.19824877381324768,
			"ActorName" : "CAR 04",
			"BoundingBox3D Extent X" : 4.0999999046325684,
			"BoundingBox3D Extent Y" : 1.6868230104446411,
			"BoundingBox3D Extent Z" : 1.6394811868667603,
			"BoundingBox3D Orientation Quat W" : 0.99998265504837036,
			"BoundingBox3D Orientation Quat X" : -0.0045197131112217903,
			"BoundingBox3D Orientation Quat Y" : 0.0031134255696088076,
			"BoundingBox3D Orientation Quat Z" : -0.0012917831772938371,
			"BoundingBox3D Origin X" : 97.552703857421875,
			"BoundingBox3D Origin Y" : 6.5022039413452148,
			"BoundingBox3D Origin Z" : 0.14118683338165283,
			"ObjectId" : 4,
			"ObjectType" : "CAR",
			"Occluded" : 0.0,
			"Relative Acceleration X" : -0.033687591552734375,
			"Relative Acceleration Y" : -0.36676502227783203,
			"Relative Acceleration Z" : -0.3864905834197998,
			"Relative Velocity X" : 10.574305534362793,
			"Relative Velocity Y" : -0.92417430877685547,
			"Relative Velocity Z" : -0.13480904698371887,
			"Truncated" : 0
		},
		{
			"Absolute Acceleration X" : 0.12012672424316406,
			"Absolute Acceleration Y" : -0.19747099280357361,
			"Absolute Acceleration Z" : 0.0025254487991333008,
			"Absolute Velocity X" : 31.966489791870117,
			"Absolute Velocity Y" : -0.069766081869602203,
			"Absolute Velocity Z" : -0.20290331542491913,
			"ActorName" : "CAR 05",
			"BoundingBox3D Extent X" : 4.0999999046325684,
			"BoundingBox3D Extent Y" : 1.8871970176696777,
			"BoundingBox3D Extent Z" : 1.9245541095733643,
			"BoundingBox3D Orientation Quat W" : 0.99997460842132568,
			"BoundingBox3D Orientation Quat X" : -0.0039589419029653072,
			"BoundingBox3D Orientation Quat Y" : 0.0029010933358222246,
			"BoundingBox3D Orientation Quat Z" : -0.0030574246775358915,
			"BoundingBox3D Origin X" : 151.55851745605469,
			"BoundingBox3D Origin Y" : 6.375882625579834,
			"BoundingBox3D Origin Z" : -0.056857667863368988,
			"ObjectId" : 5,
			"ObjectType" : "CAR",
			"Occluded" : 0.0,
			"Relative Acceleration X" : 0.23961162567138672,
			"Relative Acceleration Y" : -0.36059391498565674,
			"Relative Acceleration Z" : -0.62570112943649292,
			"Relative Velocity X" : 10.545743942260742,
			"Relative Velocity Y" : -1.5369924306869507,
			"Relative Velocity Z" : -0.18850231170654297,
			"Truncated" : 0
		},
		{
			"Absolute Acceleration X" : -0.00643157958984375,
			"Absolute Acceleration Y" : -0.041472092270851135,
			"Absolute Acceleration Z" : 0.01608613133430481,
			"Absolute Velocity X" : 25.05976676940918,
			"Absolute Velocity Y" : -0.072195619344711304,
			"Absolute Velocity Z" : -0.14819324016571045,
			"ActorName" : "CAR 06",
			"BoundingBox3D Extent X" : 4.0999999046325684,
			"BoundingBox3D Extent Y" : 1.9416749477386475,
			"BoundingBox3D Extent Z" : 1.5827196836471558,
			"BoundingBox3D Orientation Quat W" : 0.99998509883880615,
			"BoundingBox3D Orientation Quat X" : 0.0033338696230202913,
			"BoundingBox3D Orientation Quat Y" : 0.0027010110206902027,
			"BoundingBox3D Orientation Quat Z" : -0.0026109223254024982,
			"BoundingBox3D Origin X" : 103.76083374023438,
			"BoundingBox3D Origin Y" : 2.6981346607208252,
			"BoundingBox3D Origin Z" : 0.076338529586791992,
			"ObjectId" : 6,
			"ObjectType" : "CAR",
			"Occluded" : 0.0,
			"Relative Acceleration X" : 0.12590169906616211,
			"Relative Acceleration Y" : -0.15727007389068604,
			"Relative Acceleration Z" : -0.42628654837608337,
			"Relative Velocity X" : 3.5987229347229004,
			"Relative Velocity Y" : -1.0128253698348999,
			"Relative Velocity Z" : -0.087381437420845032,
			"Truncated" : 0
		},
		{
			"Absolute Acceleration X" : -0.05716705322265625,
			"Absolute Acceleration Y" : -0.024441886693239212,
			"Absolute Acceleration Z" : 0.0071761757135391235,
			"Absolute Velocity X" : 20.954818725585938,
			"Absolute Velocity Y" : -0.065400600433349609,
			"Absolute Velocity Z" : -0.1416446715593338,