{
	"CapturedObjects" : 
	[
		{
			"Absolute Acceleration X" : 0.402923583984375,
			"Absolute Acceleration Y" : -0.35201108455657959,
			"Absolute Acceleration Z" : 0.018735706806182861,
			"Absolute Velocity X" : 33.021335601806641,
			"Absolute Velocity Y" : -0.56739097833633423,
			"Absolute Velocity Z" : -0.50211811065673828,
			"ActorName" : "CAR 00",
			"BoundingBox3D Extent X" : 4.1676054000854492,
			"BoundingBox3D Extent Y" : 2.0217900276184082,
			"BoundingBox3D Extent Z" : 1.4507161378860474,
			"BoundingBox3D Orientation Quat W" : -0.99996393918991089,
			"BoundingBox3D Orientation Quat X" : -0.0021159613970667124,
			"BoundingBox3D Orientation Quat Y" : -0.0077678309753537178,
			"BoundingBox3D Orientation Quat Z" : 0.0027435647789388895,
			"BoundingBox3D Origin X" : 39.209270477294922,
			"BoundingBox3D Origin Y" : 2.8906745910644531,
			"BoundingBox3D Origin Z" : 0.10913593322038651,
			"ObjectId" : 0,
			"ObjectType" : "CAR",
			"Occluded" : 0.0,
			"Relative Acceleration X" : 0.47331809997558594,
			"Relative Acceleration Y" : -0.54141628742218018,
			"Relative Acceleration Z" : 0.52152770757675171,
			"Relative Velocity X" : 5.9603390693664551,
			"Relative Velocity Y" : -0.012717976234853268,
			"Relative Velocity Z" : 0.03941832110285759,
			"Truncated" : 0
		},
		{
			"Absolute Acceleration X" : -0.066741943359375,
			"Absolute Acceleration Y" : -0.64771533012390137,
			"Absolute Acceleration Z" : 0.052806973457336426,
			"Absolute Velocity X" : 26.484458923339844,
			"Absolute Velocity Y" : 0.027841966599225998,
			"Absolute Velocity Z" : -0.39937129616737366,
			"ActorName" : "CAR 01",
			"BoundingBox3D Extent X" : 4.7093315124511719,
			"BoundingBox3D Extent Y" : 2.1400377750396729,
			"BoundingBox3D Extent Z" : 1.7339202165603638,
			"BoundingBox3D Orientation Quat W" : 0.99995553493499756,
			"BoundingBox3D Orientation Quat X" : 0.0047591403126716614,
			"BoundingBox3D Orientation Quat Y" : 0.0078100184909999371,
			"BoundingBox3D Orientation Quat Z" : -5.7660636230139062e-05,
			"BoundingBox3D Origin X" : -9.2254104614257812,
			"BoundingBox3D Origin Y" : 2.8960442543029785,
			"BoundingBox3D Origin Z" : 0.98909944295883179,
			"ObjectId" : 1,
			"ObjectType" : "CAR",
			"Occluded" : 0.0,
			"Relative Acceleration X" : -0.011919260025024414,
			"Relative Acceleration Y" : -0.22725260257720947,
			"Relative Acceleration Z" : -0.072694592177867889,
			"Relative Velocity X" : -0.57740640640258789,
			"Relative Velocity Y" : 0.12703254818916321,
			"Relative Velocity Z" : -0.0055675436742603779,
			"Truncated" : 0
		},
		{
			"Absolute Acceleration X" : -0.11200332641601562,
			"Absolute Acceleration Y" : 0.18523886799812317,
			"Absolute Acceleration Z" : 0.051045238971710205,
			"Absolute Velocity X" : 26.33857536315918,
			"Absolute Velocity Y" : -0.39002275466918945,
			"Absolute Velocity Z" : -0.38493236899375916,
			"ActorName" : "CAR 02",
			"BoundingBox3D Extent X" : 4.1892967224121094,
			"BoundingBox3D Extent Y" : 1.8758935928344727,
			"BoundingBox3D Extent Z" : 2.1399004459381104,
			"BoundingBox3D Orientation Quat W" : -0.99994087219238281,
			"BoundingBox3D Orientation Quat X" : 0.00046643632231280208,
			"BoundingBox3D Orientation Quat Y" : -0.0065838075242936611,
			"BoundingBox3D Orientation Quat Z" : 0.0081751709803938866,
			"BoundingBox3D Origin X" : 82.302726745605469,
			"BoundingBox3D Origin Y" : -1.6855424642562866,
			"BoundingBox3D Origin Z" : -0.22741128504276276,
			"ObjectId" : 2,
			"ObjectType" : "CAR",
			"Occluded" : 0.0,
			"Relative Acceleration X" : -0.11276412010192871,
			"Relative Acceleration Y" : -0.76211118698120117,
			"Relative Acceleration Z" : 1.1079486608505249,
			"Relative Velocity X" : -0.67823898792266846,
			"Relative Velocity Y" : 0.59864526987075806,
			"Relative Velocity Z" : 0.16206936538219452,
			"Truncated" : 0
		},
		{
			"Absolute Acceleration X" : -1.0701923370361328,
			"Absolute Acceleration Y" : -0.34576502442359924,
			"Absolute Acceleration Z" : 0.033264726400375366,
			"Absolute Velocity X" : 26.733694076538086,
			"Absolute Velocity Y" : 0.51686632633209229,
			"Absolute Velocity Z" : -0.4572986364364624,
			"ActorName" : "CAR 03",
			"BoundingBox3D Extent X" : 4.2396087646484375,
			"BoundingBox3D Extent Y" : 2.1024894714355469,
			"BoundingBox3D Extent Z" : 1.6439502239227295,
			"BoundingBox3D Orientation Quat W" : 0.99987775087356567,
			"BoundingBox3D Orientation Quat X" : 0.0074100219644606113,
			"BoundingBox3D Orientation Quat Y" : 0.0095111560076475143,
			"BoundingBox3D Orientation Quat Z" : 0.0097433635964989662,
			"BoundingBox3D Origin X" : -22.803901672363281,
			"BoundingBox3D Origin Y" : 1.6467630863189697,
			"BoundingBox3D Origin Z" : 1.1212418079376221,
			"ObjectId" : 3,
			"ObjectType" : "CAR",
			"Occluded" : 0.0,
			"Relative Acceleration X" : -1.03887939453125,
			"Relative Acceleration Y" : 0.28930240869522095,
			"Relative Acceleration Z" : -0.27100080251693726,
			"Relative Velocity X" : -0.31518983840942383,
			"Relative Velocity Y" : 0.48268246650695801,
			"Relative Velocity Z" : -0.09200875461101532,
			"Truncated" : 0
		},
		{
			"Absolute Acceleration X" : 0.006366729736328125,
			"Absolute Acceleration Y" : -0.017202496528625488,
			"Absolute Acceleration Z" : 0.015365898609161377,
			"Absolute Velocity X" : 28.938417434692383,
			"Absolute Velocity Y" : -0.57605701684951782,
			"Absolute Velocity Z" : -0.44885021448135376,
			"ActorName" : "CAR 04",
			"BoundingBox3D Extent X" : 4.246734619140625,
			"BoundingBox3D Extent Y" : 1.9392895698547363,
			"BoundingBox3D Extent Z" : 1.4446032047271729,
			"BoundingBox3D Orientation Quat W" : -0.99995177984237671,
			"BoundingBox3D Orientation Quat X" : 0.00090957467909902334,
			"BoundingBox3D Orientation Quat Y" : -0.0078630438074469566,
			"BoundingBox3D Orientation Quat Z" : 0.0063951988704502583,
			"BoundingBox3D Origin X" : 37.150726318359375,
			"BoundingBox3D Origin Y" : -0.82713788747787476,
			"BoundingBox3D Origin Z" : 0.12589958310127258,
			"ObjectId" : 4,
			"ObjectType" : "CAR",
			"Occluded" : 0.0,
			"Relative Acceleration X" : 0.023481607437133789,
			"Relative Acceleration Y" : -0.24599340558052063,
			"Relative Acceleration Z" : 0.49164780974388123,
			"Relative Velocity X" : 1.9123286008834839,
			"Relative Velocity Y" : -0.031369142234325409,
			"Relative Velocity Z" : 0.038147103041410446,
			"Truncated" : 0
		},
		{
			"Absolute Acceleration X" : 0.14215087890625,
			"Absolute Acceleration Y" : -0.63513290882110596,
			"Absolute Acceleration Z" : 0.021402567625045776,
			"Absolute Velocity X" : 26.109281539916992,
			"Absolute Velocity Y" : 2.2796163558959961,
			"Absolute Velocity Z" : -0.44538518786430359,
			"ActorName" : "CAR 09",
			"BoundingBox3D Extent X" : 4.0999999046325684,
			"BoundingBox3D Extent Y" : 2.0588500499725342,
			"BoundingBox3D Extent Z" : 1.1443734169006348,
			"BoundingBox3D Orientation Quat W" : 0.99906140565872192,
			"BoundingBox3D Orientation Quat X" : -3.8954905903665349e-05,
			"BoundingBox3D Orientation Quat Y" : 0.0083001106977462769,
			"BoundingBox3D Orientation Quat Z" : 0.042279381304979324,
			"BoundingBox3D Origin X" : -186.96403503417969,
			"BoundingBox3D Origin Y" : -7.3906769752502441,
			"BoundingBox3D Origin Z" : 3.0648748874664307,
			"ObjectId" : 9,
			"ObjectType" : "CAR",
			"Occluded" : 0.0,
			"Relative Acceleration X" : 0.008883059024810791,
			"Relative Acceleration Y" : 2.4253628253936768,
			"Relative Acceleration Z" : -2.3734815120697021,
			"Relative Velocity X" : -0.85219436883926392,
			"Relative Velocity Y" : 0.65472304821014404,
			"Relative Velocity Z" : -0.43407741189002991,
			"Truncated" : 0
		},
		{
			"Absolute Acceleration X" : -2.9721221923828125,
			"Absolute Acceleration Y" : -0.48138773441314697,
			"Absolute Acceleration Z" : 0.055962055921554565,
			"Absolute Velocity X" : 25.815216064453125,
			"Absolute Velocity Y" : 0.93644797801971436,