{
	"CapturedObjects" : 
	[
		{
			"Absolute Acceleration X" : -0.18293380737304688,
			"Absolute Acceleration Y" : -0.11442798376083374,
			"Absolute Acceleration Z" : 0.051241088658571243,
			"Absolute Velocity X" : 18.202661514282227,
			"Absolute Velocity Y" : 1.0057141780853271,
			"Absolute Velocity Z" : -0.0039231954142451286,
			"ActorName" : "CAR 03",
			"BoundingBox3D Extent X" : 4.2844457626342773,
			"BoundingBox3D Extent Y" : 2.0036630630493164,
			"BoundingBox3D Extent Z" : 1.5117292404174805,
			"BoundingBox3D Orientation Quat W" : 0.99936586618423462,
			"BoundingBox3D Orientation Quat X" : 0.0086519429460167885,
			"BoundingBox3D Orientation Quat Y" : -0.0008817664347589016,
			"BoundingBox3D Orientation Quat Z" : 0.034371223300695419,
			"BoundingBox3D Origin X" : -16.121221542358398,
			"BoundingBox3D Origin Y" : 0.36787509918212891,
			"BoundingBox3D Origin Z" : 0.68619430065155029,
			"ObjectId" : 3,
			"ObjectType" : "CAR",
			"Occluded" : 0.0,
			"Relative Acceleration X" : 0.26803171634674072,
			"Relative Acceleration Y" : 0.97599250078201294,
			"Relative Acceleration Z" : 0.22577354311943054,
			"Relative Velocity X" : 0.84297007322311401,
			"Relative Velocity Y" : 0.77025067806243896,
			"Relative Velocity Z" : -0.11225736141204834,
			"Truncated" : 0
		},
		{
			"Absolute Acceleration X" : 0.25641059875488281,
			"Absolute Acceleration Y" : 0.424366295337677,
			"Absolute Acceleration Z" : -0.040262088179588318,
			"Absolute Velocity X" : 19.541109085083008,
			"Absolute Velocity Y" : 0.61250299215316772,
			"Absolute Velocity Z" : -0.10833904892206192,
			"ActorName" : "CAR 07",
			"BoundingBox3D Extent X" : 4.1126194000244141,
			"BoundingBox3D Extent Y" : 1.693389892578125,
			"BoundingBox3D Extent Z" : 1.4968762397766113,
			"BoundingBox3D Orientation Quat W" : 0.99982315301895142,
			"BoundingBox3D Orientation Quat X" : 0.012260442599654198,
			"BoundingBox3D Orientation Quat Y" : 0.0032366940286010504,
			"BoundingBox3D Orientation Quat Z" : 0.013330400921404362,
			"BoundingBox3D Origin X" : 36.423309326171875,
			"BoundingBox3D Origin Y" : 0.52093464136123657,
			"BoundingBox3D Origin Z" : 0.54042732715606689,
			"ObjectId" : 7,
			"ObjectType" : "CAR",
			"Occluded" : 0.0,
			"Relative Acceleration X" : 0.70147514343261719,
			"Relative Acceleration Y" : -0.5999610424041748,
			"Relative Acceleration Z" : -0.21200524270534515,
			"Relative Velocity X" : 2.1820945739746094,
			"Relative Velocity Y" : 1.5510071516036987,
			"Relative Velocity Z" : 0.20366226136684418,
			"Truncated" : 0
		},
		{
			"Absolute Acceleration X" : 0.19425773620605469,
			"Absolute Acceleration Y" : -0.46955335140228271,
			"Absolute Acceleration Z" : 0.02220471203327179,
			"Absolute Velocity X" : 20.353824615478516,
			"Absolute Velocity Y" : 1.7424842119216919,
			"Absolute Velocity Z" : -0.098659418523311615,
			"ActorName" : "CAR 21",
			"BoundingBox3D Extent X" : 4.1060667037963867,
			"BoundingBox3D Extent Y" : 1.8591775894165039,
			"BoundingBox3D Extent Z" : 1.6200253963470459,
			"BoundingBox3D Orientation Quat W" : 0.9991033673286438,
			"BoundingBox3D Orientation Quat X" : -0.0004766145721077919,
			"BoundingBox3D Orientation Quat Y" : 0.0023881853558123112,
			"BoundingBox3D Orientation Quat Z" : 0.041877195239067078,
			"BoundingBox3D Origin X" : 60.366081237792969,
			"BoundingBox3D Origin Y" : 4.7520461082458496,
			"BoundingBox3D Origin Z" : 0.45642924308776855,
			"ObjectId" : 21,
			"ObjectType" : "CAR",
			"Occluded" : 0.0,
			"Relative Acceleration X" : 0.73873114585876465,
			"Relative Acceleration Y" : -2.4473824501037598,
			"Relative Acceleration Z" : -0.35540610551834106,
			"Relative Velocity X" : 2.9114398956298828,
			"Relative Velocity Y" : 3.2141685485839844,
			"Relative Velocity Z" : 0.36777421832084656,
			"Truncated" : 0
		},
		{
			"Absolute Acceleration X" : -0.0084476470947265625,
			"Absolute Acceleration Y" : 0.13800442218780518,
			"Absolute Acceleration Z" : 0.37119764089584351,
			"Absolute Velocity X" : 22.920427322387695,
			"Absolute Velocity Y" : 1.1333744525909424,
			"Absolute Velocity Z" : -0.35429343581199646,
			"ActorName" : "CAR 22",
			"BoundingBox3D Extent X" : 5.1646766662597656,
			"BoundingBox3D Extent Y" : 3.4275400638580322,
			"BoundingBox3D Extent Z" : 3.260582447052002,
			"BoundingBox3D Orientation Quat W" : 0.99944150447845459,
			"BoundingBox3D Orientation Quat X" : 0.0030888039618730545,
			"BoundingBox3D Orientation Quat Y" : 0.0085389502346515656,
			"BoundingBox3D Orientation Quat Z" : 0.028173821046948433,
			"BoundingBox3D Origin X" : 121.22896575927734,
			"BoundingBox3D Origin Y" : 21.727325439453125,
			"BoundingBox3D Origin Z" : 1.1851820945739746,
			"ObjectId" : 22,
			"ObjectType" : "CAR",
			"Occluded" : 0.0,
			"Relative Acceleration X" : 1.2262325286865234,
			"Relative Acceleration Y" : -4.241368293762207,
			"Relative Acceleration Z" : -0.53745317459106445,
			"Relative Velocity X" : 5.0916061401367188,
			"Relative Velocity Y" : 3.9697849750518799,
			"Relative Velocity Z" : 0.43501639366149902,
			"Truncated" : 0
		},
		{
			"Absolute Acceleration X" : 0.14301300048828125,
			"Absolute Acceleration Y" : 0.16087234020233154,
			"Absolute Acceleration Z" : -0.032302558422088623,
			"Absolute Velocity X" : 25.861743927001953,
			"Absolute Velocity Y" : 1.4137083292007446,
			"Absolute Velocity Z" : -0.2528587281703949,
			"ActorName" : "TRUCK 26",
			"BoundingBox3D Extent X" : 11.0,
			"BoundingBox3D Extent Y" : 3.2488958835601807,
			"BoundingBox3D Extent Z" : 4.1303305625915527,
			"BoundingBox3D Orientation Quat W" : 0.99941515922546387,
			"BoundingBox3D Orientation Quat X" : 0.0015697100898250937,
			"BoundingBox3D Orientation Quat Y" : 0.00107348314486444,
			"BoundingBox3D Orientation Quat Z" : 0.033929597586393356,
			"BoundingBox3D Origin X" : 113.76403045654297,
			"BoundingBox3D Origin Y" : 24.689847946166992,
			"BoundingBox3D Origin Z" : 1.6676622629165649,
			"ObjectId" : 26,
			"ObjectType" : "TRUCK",
			"Occluded" : 0.0,
			"Relative Acceleration X" : 1.496917724609375,
			"Relative Acceleration Y" : -3.8198904991149902,
			"Relative Acceleration Z" : -0.90704786777496338,
			"Relative Velocity X" : 7.9642610549926758,
			"Relative Velocity Y" : 4.074493408203125,
			"Relative Velocity Z" : 0.43623194098472595,
			"Truncated" : 0
		},
		{
			"Absolute Acceleration X" : -0.37869939208030701,
			"Absolute Acceleration Y" : -0.036582574248313904,
			"Absolute Acceleration Z" : 0.13356922566890717,
			"Absolute Velocity X" : 31.567209243774414,
			"Absolute Velocity Y" : 1.9500247240066528,
			"Absolute Velocity Z" : 0.081861585378646851,
			"ActorName" : "CAR 38",
			"BoundingBox3D Extent X" : 4.3429093360900879,
			"BoundingBox3D Extent Y" : 1.8351072072982788,
			"BoundingBox3D Extent Z" : 1.276715874671936,
			"BoundingBox3D Orientation Quat W" : 0.99952667951583862,
			"BoundingBox3D Orientation Quat X" : 9.5900277301552705e-06,
			"BoundingBox3D Orientation Quat Y" : -0.00085603102343156934,
			"BoundingBox3D Orientation Quat Z" : 0.030499165877699852,
			"BoundingBox3D Origin X" : -13.39582633972168,
			"BoundingBox3D Origin Y" : 16.29002571105957,
			"BoundingBox3D Origin Z" : 0.024514771997928619,
			"ObjectId" : 38,
			"ObjectType" : "CAR",
			"Occluded" : 0.0,
			"Relative Acceleration X" : 0.34485110640525818,
			"Relative Acceleration Y" : 1.939551830291748,
			"Relative Acceleration Z" : -0.36276668310165405,
			"Relative Velocity X" : 13.808967590332031,
			"Relative Velocity Y" : 1.651827335357666,
			"Relative Velocity Z" : -0.23306448757648468,
			"Truncated" : 0
		},
		{
			"Absolute Acceleration X" : -0.42266464233398438,
			"Absolute Acceleration Y" : -0.40675222873687744,
			"Absolute Acceleration Z" : -0.017666317522525787,
			"Absolute Velocity X" : 19.787546157836914,
			"Absolute Velocity Y" : 1.3939745426177979,
			"Absolute Velocity Z" : 0.13512745499610901,
			"ActorName" : "CAR 39",