{
	"CapturedObjects" : 
	[
		{
			"Absolute Acceleration X" : -0.2275238037109375,
			"Absolute Acceleration Y" : 0.15131434798240662,
			"Absolute Acceleration Z" : -0.00026735663414001465,
			"Absolute Velocity X" : 22.732221603393555,
			"Absolute Velocity Y" : 0.21924909949302673,
			"Absolute Velocity Z" : -0.20724554359912872,
			"ActorName" : "CAR 00",
			"BoundingBox3D Extent X" : 5.0962448120117188,
			"BoundingBox3D Extent Y" : 1.9460623264312744,
			"BoundingBox3D Extent Z" : 1.7667186260223389,
			"BoundingBox3D Orientation Quat W" : 0.99962234497070312,
			"BoundingBox3D Orientation Quat X" : -0.025615943595767021,
			"BoundingBox3D Orientation Quat Y" : 0.0040563629008829594,
			"BoundingBox3D Orientation Quat Z" : 0.0066125770099461079,
			"BoundingBox3D Origin X" : 9.6757078170776367,
			"BoundingBox3D Origin Y" : 11.70887565612793,
			"BoundingBox3D Origin Z" : 0.74846512079238892,
			"ObjectId" : 0,
			"ObjectType" : "CAR",
			"Occluded" : 0.0,
			"Relative Acceleration X" : -0.22104895114898682,
			"Relative Acceleration Y" : -0.15771618485450745,
			"Relative Acceleration Z" : -0.11398673057556152,
			"Relative Velocity X" : 1.3282554149627686,
			"Relative Velocity Y" : 0.30255275964736938,
			"Relative Velocity Z" : -0.099890194833278656,
			"Truncated" : 0
		},
		{
			"Absolute Acceleration X" : -0.014997482299804688,
			"Absolute Acceleration Y" : 0.21819889545440674,
			"Absolute Acceleration Z" : 0.01044774055480957,
			"Absolute Velocity X" : 22.702291488647461,
			"Absolute Velocity Y" : 0.65455478429794312,
			"Absolute Velocity Z" : -0.21558277308940887,
			"ActorName" : "TRUCK 02",
			"BoundingBox3D Extent X" : 11.0,
			"BoundingBox3D Extent Y" : 2.8361189365386963,
			"BoundingBox3D Extent Z" : 3.5865716934204102,
			"BoundingBox3D Orientation Quat W" : 0.99937301874160767,
			"BoundingBox3D Orientation Quat X" : -0.031054871156811714,
			"BoundingBox3D Orientation Quat Y" : 0.0046643377281725407,
			"BoundingBox3D Orientation Quat Z" : 0.01605202816426754,
			"BoundingBox3D Origin X" : 41.885856628417969,
			"BoundingBox3D Origin Y" : 12.629127502441406,
			"BoundingBox3D Origin Z" : 1.3289730548858643,
			"ObjectId" : 2,
			"ObjectType" : "TRUCK",
			"Occluded" : 0.0,
			"Relative Acceleration X" : -0.0011732578277587891,
			"Relative Acceleration Y" : -0.082560747861862183,
			"Relative Acceleration Z" : -0.24465033411979675,
			"Relative Velocity X" : 1.3119701147079468,
			"Relative Velocity Y" : 0.29213494062423706,
			"Relative Velocity Z" : -0.15091076493263245,
			"Truncated" : 0
		},
		{
			"Absolute Acceleration X" : -0.46901702880859375,
			"Absolute Acceleration Y" : 0.29776990413665771,
			"Absolute Acceleration Z" : -0.072258651256561279,
			"Absolute Velocity X" : 21.320547103881836,
			"Absolute Velocity Y" : 0.151621013879776,
			"Absolute Velocity Z" : -0.18005804717540741,
			"ActorName" : "CAR 04",
			"BoundingBox3D Extent X" : 4.1754417419433594,
			"BoundingBox3D Extent Y" : 1.7123286724090576,
			"BoundingBox3D Extent Z" : 1.4943684339523315,
			"BoundingBox3D Orientation Quat W" : 0.9999733567237854,
			"BoundingBox3D Orientation Quat X" : 0.0019752178341150284,
			"BoundingBox3D Orientation Quat Y" : 0.0040075094439089298,
			"BoundingBox3D Orientation Quat Z" : 0.0049154334701597691,
			"BoundingBox3D Origin X" : 29.376056671142578,
			"BoundingBox3D Origin Y" : 0.24439616501331329,
			"BoundingBox3D Origin Z" : 0.48875802755355835,
			"ObjectId" : 4,
			"ObjectType" : "CAR",
			"Occluded" : 0.0,
			"Relative Acceleration X" : -0.46722802519798279,
			"Relative Acceleration Y" : 0.026082023978233337,
			"Relative Acceleration Z" : -0.20705944299697876,
			"Relative Velocity X" : -0.24273717403411865,
			"Relative Velocity Y" : -0.039625823497772217,
			"Relative Velocity Z" : -0.043714836239814758,
			"Truncated" : 0
		},
		{
			"Absolute Acceleration X" : 0.10865592956542969,
			"Absolute Acceleration Y" : 0.062993049621582031,
			"Absolute Acceleration Z" : 0.28520911931991577,
			"Absolute Velocity X" : 25.152555465698242,
			"Absolute Velocity Y" : -1.2772903442382812,
			"Absolute Velocity Z" : -0.14358103275299072,
			"ActorName" : "TRUCK 05",
			"BoundingBox3D Extent X" : 11.0,
			"BoundingBox3D Extent Y" : 2.847881555557251,
			"BoundingBox3D Extent Z" : 1.9118857383728027,
			"BoundingBox3D Orientation Quat W" : -0.99881398677825928,
			"BoundingBox3D Orientation Quat X" : 0.038980107754468918,
			"BoundingBox3D Orientation Quat Y" : -0.0033944195602089167,
			"BoundingBox3D Orientation Quat Z" : 0.027982687577605247,
			"BoundingBox3D Origin X" : -153.76583862304688,
			"BoundingBox3D Origin Y" : 16.422365188598633,
			"BoundingBox3D Origin Z" : 2.1189017295837402,
			"ObjectId" : 5,
			"ObjectType" : "TRUCK",
			"Occluded" : 0.0,
			"Relative Acceleration X" : 0.10762262344360352,
			"Relative Acceleration Y" : -0.31957328319549561,
			"Relative Acceleration Z" : 0.83060520887374878,
			"Relative Velocity X" : 3.814821720123291,
			"Relative Velocity Y" : 1.0838263034820557,
			"Relative Velocity Z" : 0.13629646599292755,
			"Truncated" : 0
		},
		{
			"Absolute Acceleration X" : -0.032934188842773438,
			"Absolute Acceleration Y" : 0.20164841413497925,
			"Absolute Acceleration Z" : 0.0068563520908355713,
			"Absolute Velocity X" : 22.713645935058594,
			"Absolute Velocity Y" : 0.79937475919723511,
			"Absolute Velocity Z" : -0.21660657227039337,
			"ActorName" : "TRUCK 12",
			"BoundingBox3D Extent X" : 11.0,
			"BoundingBox3D Extent Y" : 2.2660648822784424,
			"BoundingBox3D Extent Z" : 3.9199919700622559,
			"BoundingBox3D Orientation Quat W" : 0.99944555759429932,
			"BoundingBox3D Orientation Quat X" : -0.027131298556923866,
			"BoundingBox3D Orientation Quat Y" : 0.0043447776697576046,
			"BoundingBox3D Orientation Quat Z" : 0.017607256770133972,
			"BoundingBox3D Origin X" : 51.979209899902344,
			"BoundingBox3D Origin Y" : 12.478277206420898,
			"BoundingBox3D Origin Z" : 1.4320156574249268,
			"ObjectId" : 12,
			"ObjectType" : "TRUCK",
			"Occluded" : 0.0,
			"Relative Acceleration X" : -0.017203450202941895,
			"Relative Acceleration Y" : -0.096999287605285645,
			"Relative Acceleration Z" : -0.29007992148399353,
			"Relative Velocity X" : 1.3212404251098633,
			"Relative Velocity Y" : 0.29707995057106018,
			"Relative Velocity Z" : -0.16328349709510803,
			"Truncated" : 0
		},
		{
			"Absolute Acceleration X" : 0.08295343816280365,
			"Absolute Acceleration Y" : 0.20543794333934784,
			"Absolute Acceleration Z" : -0.023610569536685944,
			"Absolute Velocity X" : 24.368000030517578,
			"Absolute Velocity Y" : -1.2953680753707886,
			"Absolute Velocity Z" : -0.014536719769239426,
			"ActorName" : "CAR 15",
			"BoundingBox3D Extent X" : 5.2638630867004395,
			"BoundingBox3D Extent Y" : 2.1990036964416504,
			"BoundingBox3D Extent Z" : 1.6135897636413574,
			"BoundingBox3D Orientation Quat W" : -0.99828863143920898,
			"BoundingBox3D Orientation Quat X" : 0.05184623971581459,
			"BoundingBox3D Orientation Quat Y" : -0.0032638399861752987,
			"BoundingBox3D Orientation Quat Z" : 0.024844145402312279,
			"BoundingBox3D Origin X" : -96.947242736816406,
			"BoundingBox3D Origin Y" : 13.632907867431641,
			"BoundingBox3D Origin Z" : 1.8692038059234619,
			"ObjectId" : 15,
			"ObjectType" : "CAR",
			"Occluded" : 0.0,
			"Relative Acceleration X" : 0.1131860539317131,
			"Relative Acceleration Y" : 0.26844456791877747,
			"Relative Acceleration Z" : -0.036884237080812454,
			"Relative Velocity X" : 2.9941596984863281,
			"Relative Velocity Y" : 0.30361646413803101,
			"Relative Velocity Z" : 0.23345628380775452,
			"Truncated" : 0
		},
		{
			"Absolute Acceleration X" : -7.1544113159179688,
			"Absolute Acceleration Y" : -0.065032482147216797,
			"Absolute Acceleration Z" : -0.036170035600662231,
			"Absolute Velocity X" : 28.68983268737793,
			"Absolute Velocity Y" : 2.5542175769805908,
			"Absolute Velocity Z" : -0.30908054113388062,
			"ActorName" : "CAR 19",