{
	"CapturedObjects" : 
	[
		{
			"Absolute Acceleration X" : -0.43713986873626709,
			"Absolute Acceleration Y" : 0.15069009363651276,
			"Absolute Acceleration Z" : 0.066857039928436279,
			"Absolute Velocity X" : 11.182576179504395,
			"Absolute Velocity Y" : -13.34320068359375,
			"Absolute Velocity Z" : -0.078287243843078613,
			"ActorName" : "CAR 02",
			"BoundingBox3D Extent X" : 3.864055871963501,
			"BoundingBox3D Extent Y" : 1.9809699058532715,
			"BoundingBox3D Extent Z" : 1.523533821105957,
			"BoundingBox3D Orientation Quat W" : -0.90531253814697266,
			"BoundingBox3D Orientation Quat X" : -0.031029233708977699,
			"BoundingBox3D Orientation Quat Y" : -0.0049950741231441498,
			"BoundingBox3D Orientation Quat Z" : 0.42349055409431458,
			"BoundingBox3D Origin X" : -60.383853912353516,
			"BoundingBox3D Origin Y" : -107.03268432617188,
			"BoundingBox3D Origin Z" : -0.2632584273815155,
			"ObjectId" : 2,
			"ObjectType" : "CAR",
			"Occluded" : 0.0,
			"Relative Acceleration X" : -0.003394183237105608,
			"Relative Acceleration Y" : 0.17365081608295441,
			"Relative Acceleration Z" : 0.025454225018620491,
			"Relative Velocity X" : -7.8440251350402832,
			"Relative Velocity Y" : -13.015166282653809,
			"Relative Velocity Z" : -0.088193550705909729,
			"Truncated" : 0
		},
		{
			"Absolute Acceleration X" : -0.47863388061523438,
			"Absolute Acceleration Y" : 0.082530319690704346,
			"Absolute Acceleration Z" : -0.022058062255382538,
			"Absolute Velocity X" : 19.289043426513672,
			"Absolute Velocity Y" : -0.33145248889923096,
			"Absolute Velocity Z" : -0.07895631343126297,
			"ActorName" : "CAR 03",
			"BoundingBox3D Extent X" : 4.2844457626342773,
			"BoundingBox3D Extent Y" : 2.0036630630493164,
			"BoundingBox3D Extent Z" : 1.5117292404174805,
			"BoundingBox3D Orientation Quat W" : -0.99992138147354126,
			"BoundingBox3D Orientation Quat X" : -0.0042843916453421116,
			"BoundingBox3D Orientation Quat Y" : -0.0025617047213017941,
			"BoundingBox3D Orientation Quat Z" : 0.011153845116496086,
			"BoundingBox3D Origin X" : -17.803211212158203,
			"BoundingBox3D Origin Y" : 0.6527634859085083,
			"BoundingBox3D Origin Z" : 0.79724395275115967,
			"ObjectId" : 3,
			"ObjectType" : "CAR",
			"Occluded" : 0.0,
			"Relative Acceleration X" : 0.03551483154296875,
			"Relative Acceleration Y" : -0.12161719799041748,
			"Relative Acceleration Z" : -0.031685806810855865,
			"Relative Velocity X" : 0.61028838157653809,
			"Relative Velocity Y" : -0.12727668881416321,
			"Relative Velocity Z" : -0.038087114691734314,
			"Truncated" : 0
		},
		{
			"Absolute Acceleration X" : 0.19587516784667969,
			"Absolute Acceleration Y" : -0.58275312185287476,
			"Absolute Acceleration Z" : 0.045169204473495483,
			"Absolute Velocity X" : 18.495868682861328,
			"Absolute Velocity Y" : -0.84609740972518921,
			"Absolute Velocity Z" : -0.19140452146530151,
			"ActorName" : "CAR 07",
			"BoundingBox3D Extent X" : 4.1126194000244141,
			"BoundingBox3D Extent Y" : 1.693389892578125,
			"BoundingBox3D Extent Z" : 1.4968762397766113,
			"BoundingBox3D Orientation Quat W" : -0.99975335597991943,
			"BoundingBox3D Orientation Quat X" : -0.0031435969285666943,
			"BoundingBox3D Orientation Quat Y" : -0.0050301821902394295,
			"BoundingBox3D Orientation Quat Z" : 0.021081890910863876,
			"BoundingBox3D Origin X" : 33.700698852539062,
			"BoundingBox3D Origin Y" : -0.83677899837493896,
			"BoundingBox3D Origin Z" : 0.28460955619812012,
			"ObjectId" : 7,
			"ObjectType" : "CAR",
			"Occluded" : 0.0,
			"Relative Acceleration X" : 0.73472654819488525,
			"Relative Acceleration Y" : -0.18250644207000732,
			"Relative Acceleration Z" : 0.37898918986320496,
			"Relative Velocity X" : -0.18126784265041351,
			"Relative Velocity Y" : -0.68084365129470825,
			"Relative Velocity Z" : 0.16099326312541962,
			"Truncated" : 0
		},
		{
			"Absolute Acceleration X" : 0.11864892393350601,
			"Absolute Acceleration Y" : 0.12539879977703094,
			"Absolute Acceleration Z" : -0.038884483277797699,
			"Absolute Velocity X" : 20.608932495117188,
			"Absolute Velocity Y" : -0.86111909151077271,
			"Absolute Velocity Z" : -0.29247736930847168,
			"ActorName" : "CAR 15",
			"BoundingBox3D Extent X" : 4.141077995300293,
			"BoundingBox3D Extent Y" : 1.6108317375183105,
			"BoundingBox3D Extent Z" : 1.7072697877883911,
			"BoundingBox3D Orientation Quat W" : -0.99977529048919678,
			"BoundingBox3D Orientation Quat X" : -0.01054677926003933,
			"BoundingBox3D Orientation Quat Y" : -0.0068346718326210976,
			"BoundingBox3D Orientation Quat Z" : 0.016640050336718559,
			"BoundingBox3D Origin X" : 72.602386474609375,
			"BoundingBox3D Origin Y" : -2.5445775985717773,
			"BoundingBox3D Origin Z" : -0.089522957801818848,
			"ObjectId" : 15,
			"ObjectType" : "CAR",
			"Occluded" : 0.0,
			"Relative Acceleration X" : 0.67398113012313843,
			"Relative Acceleration Y" : 0.072739265859127045,
			"Relative Acceleration Z" : 0.45544922351837158,
			"Relative Velocity X" : 1.8723908662796021,
			"Relative Velocity Y" : -0.81166517734527588,
			"Relative Velocity Z" : 0.19974610209465027,
			"Truncated" : 0
		},
		{
			"Absolute Acceleration X" : 0.79474830627441406,
			"Absolute Acceleration Y" : 0.388080894947052,
			"Absolute Acceleration Z" : -0.003166884183883667,
			"Absolute Velocity X" : 18.338071823120117,
			"Absolute Velocity Y" : 0.25314262509346008,
			"Absolute Velocity Z" : -0.2435450553894043,
			"ActorName" : "CAR 21",
			"BoundingBox3D Extent X" : 4.1060667037963867,
			"BoundingBox3D Extent Y" : 1.8591775894165039,
			"BoundingBox3D Extent Z" : 1.6200253963470459,
			"BoundingBox3D Orientation Quat W" : 0.99983114004135132,
			"BoundingBox3D Orientation Quat X" : 0.0073364544659852982,
			"BoundingBox3D Orientation Quat Y" : 0.006760135293006897,
			"BoundingBox3D Orientation Quat Z" : 0.014318216592073441,
			"BoundingBox3D Origin X" : 56.340267181396484,
			"BoundingBox3D Origin Y" : -3.1265289783477783,
			"BoundingBox3D Origin Z" : 0.062048658728599548,
			"ObjectId" : 21,
			"ObjectType" : "CAR",
			"Occluded" : 0.0,
			"Relative Acceleration X" : 1.3434479236602783,
			"Relative Acceleration Y" : 1.0567880868911743,
			"Relative Acceleration Z" : 0.50384306907653809,
			"Relative Velocity X" : -0.34030470252037048,
			"Relative Velocity Y" : 0.40144991874694824,
			"Relative Velocity Z" : 0.24348427355289459,
			"Truncated" : 0
		},
		{
			"Absolute Acceleration X" : 0.13263130187988281,
			"Absolute Acceleration Y" : 0.20902848243713379,
			"Absolute Acceleration Z" : -0.26930403709411621,
			"Absolute Velocity X" : 22.841543197631836,
			"Absolute Velocity Y" : -0.33535853028297424,
			"Absolute Velocity Z" : -0.37455061078071594,
			"ActorName" : "CAR 22",
			"BoundingBox3D Extent X" : 5.1646766662597656,
			"BoundingBox3D Extent Y" : 3.4275400638580322,
			"BoundingBox3D Extent Z" : 3.260582447052002,
			"BoundingBox3D Orientation Quat W" : 0.99978572130203247,
			"BoundingBox3D Orientation Quat X" : 0.0025805709883570671,
			"BoundingBox3D Orientation Quat Y" : 0.011090201325714588,
			"BoundingBox3D Orientation Quat Z" : -0.0077058873139321804,
			"BoundingBox3D Origin X" : 109.04830169677734,
			"BoundingBox3D Origin Y" : 11.597928047180176,
			"BoundingBox3D Origin Z" : 0.72765302658081055,
			"ObjectId" : 22,
			"ObjectType" : "CAR",
			"Occluded" : 0.0,
			"Relative Acceleration X" : 0.50374102592468262,
			"Relative Acceleration Y" : 1.5293879508972168,
			"Relative Acceleration Z" : 0.68684720993041992,
			"Relative Velocity X" : 4.1705203056335449,
			"Relative Velocity Y" : -0.22591909766197205,
			"Relative Velocity Z" : 0.49051707983016968,
			"Truncated" : 0
		},
		{
			"Absolute Acceleration X" : 0.29766464233398438,
			"Absolute Acceleration Y" : -0.17050811648368835,
			"Absolute Acceleration Z" : -0.13318003714084625,
			"Absolute Velocity X" : 24.970796585083008,
			"Absolute Velocity Y" : 0.15957263112068176,
			"Absolute Velocity Z" : -0.29961556196212769,