{
	"CapturedObjects" : 
	[
		{
			"Absolute Acceleration X" : 1.4084033966064453,
			"Absolute Acceleration Y" : 0.40996605157852173,
			"Absolute Acceleration Z" : -0.031265720725059509,
			"Absolute Velocity X" : 22.03935432434082,
			"Absolute Velocity Y" : -0.8814702033996582,
			"Absolute Velocity Z" : -0.22404395043849945,
			"ActorName" : "CAR 00",
			"BoundingBox3D Extent X" : 4.6047258377075195,
			"BoundingBox3D Extent Y" : 2.0758121013641357,
			"BoundingBox3D Extent Z" : 1.6651383638381958,
			"BoundingBox3D Orientation Quat W" : -0.99979567527770996,
			"BoundingBox3D Orientation Quat X" : -0.006135160569101572,
			"BoundingBox3D Orientation Quat Y" : -0.0050197374075651169,
			"BoundingBox3D Orientation Quat Z" : 0.018229279667139053,
			"BoundingBox3D Origin X" : -25.176666259765625,
			"BoundingBox3D Origin Y" : -6.7859406471252441,
			"BoundingBox3D Origin Z" : 1.1290186643600464,
			"ObjectId" : 0,
			"ObjectType" : "CAR",
			"Occluded" : 0.0,
			"Relative Acceleration X" : 1.2771368026733398,
			"Relative Acceleration Y" : -0.38305312395095825,
			"Relative Acceleration Z" : -0.088162884116172791,
			"Relative Velocity X" : -4.9113879203796387,
			"Relative Velocity Y" : 0.72835397720336914,
			"Relative Velocity Z" : 0.11674784123897552,
			"Truncated" : 0
		},
		{
			"Absolute Acceleration X" : 0.083723068237304688,
			"Absolute Acceleration Y" : 1.4160478115081787,
			"Absolute Acceleration Z" : 0.0087856054306030273,
			"Absolute Velocity X" : 27.264516830444336,
			"Absolute Velocity Y" : -1.6547883749008179,
			"Absolute Velocity Z" : -0.29279002547264099,
			"ActorName" : "CAR 02",
			"BoundingBox3D Extent X" : 4.2716598510742188,
			"BoundingBox3D Extent Y" : 2.048614501953125,
			"BoundingBox3D Extent Z" : 1.4430321455001831,
			"BoundingBox3D Orientation Quat W" : -0.99941974878311157,
			"BoundingBox3D Orientation Quat X" : 0.0080186957493424416,
			"BoundingBox3D Orientation Quat Y" : -0.0053467829711735249,
			"BoundingBox3D Orientation Quat Z" : 0.032621640712022781,
			"BoundingBox3D Origin X" : -22.557075500488281,
			"BoundingBox3D Origin Y" : 0.57871723175048828,
			"BoundingBox3D Origin Z" : 0.91386419534683228,
			"ObjectId" : 2,
			"ObjectType" : "CAR",
			"Occluded" : 0.0,
			"Relative Acceleration X" : -0.12143063545227051,
			"Relative Acceleration Y" : 0.049219317734241486,
			"Relative Acceleration Z" : -0.11358505487442017,
			"Relative Velocity X" : 0.69009941816329956,
			"Relative Velocity Y" : -0.16978588700294495,
			"Relative Velocity Z" : 0.017948053777217865,
			"Truncated" : 0
		},
		{
			"Absolute Acceleration X" : 0.9180908203125,
			"Absolute Acceleration Y" : 1.1081521511077881,
			"Absolute Acceleration Z" : 0.025220230221748352,
			"Absolute Velocity X" : 22.915790557861328,
			"Absolute Velocity Y" : -0.31600582599639893,
			"Absolute Velocity Z" : -0.23427420854568481,
			"ActorName" : "CAR 04",
			"BoundingBox3D Extent X" : 4.4662790298461914,
			"BoundingBox3D Extent Y" : 1.9310622215270996,
			"BoundingBox3D Extent Z" : 1.4250738620758057,
			"BoundingBox3D Orientation Quat W" : 0.99996834993362427,
			"BoundingBox3D Orientation Quat X" : -0.00089797598775476217,
			"BoundingBox3D Orientation Quat Y" : 0.00466527184471488,
			"BoundingBox3D Orientation Quat Z" : -0.0048719891346991062,
			"BoundingBox3D Origin X" : -6.8444266319274902,
			"BoundingBox3D Origin Y" : -7.1883139610290527,
			"BoundingBox3D Origin Z" : 0.81602334976196289,
			"ObjectId" : 4,
			"ObjectType" : "CAR",
			"Occluded" : 0.0,
			"Relative Acceleration X" : 0.79739856719970703,
			"Relative Acceleration Y" : 0.18320885300636292,
			"Relative Acceleration Z" : -0.017447173595428467,
			"Relative Velocity X" : -4.0512619018554688,
			"Relative Velocity Y" : 0.36894369125366211,
			"Relative Velocity Z" : 0.057696312665939331,
			"Truncated" : 0
		},
		{
			"Absolute Acceleration X" : 1.0406322479248047,
			"Absolute Acceleration Y" : 1.3457835912704468,
			"Absolute Acceleration Z" : 0.033492401242256165,
			"Absolute Velocity X" : 25.555850982666016,
			"Absolute Velocity Y" : 0.76647311449050903,
			"Absolute Velocity Z" : -0.2176307886838913,
			"ActorName" : "CAR 05",
			"BoundingBox3D Extent X" : 4.4287924766540527,
			"BoundingBox3D Extent Y" : 1.9533897638320923,
			"BoundingBox3D Extent Z" : 1.4887608289718628,
			"BoundingBox3D Orientation Quat W" : 0.99984276294708252,
			"BoundingBox3D Orientation Quat X" : -0.003465746296569705,
			"BoundingBox3D Orientation Quat Y" : 0.0041182185523211956,
			"BoundingBox3D Orientation Quat Z" : 0.016587847843766212,
			"BoundingBox3D Origin X" : 21.555574417114258,
			"BoundingBox3D Origin Y" : -7.1736326217651367,
			"BoundingBox3D Origin Z" : 0.59744483232498169,
			"ObjectId" : 5,
			"ObjectType" : "CAR",
			"Occluded" : 0.0,
			"Relative Acceleration X" : 0.94596982002258301,
			"Relative Acceleration Y" : 0.062946148216724396,
			"Relative Acceleration Z" : 0.0018359338864684105,
			"Relative Velocity X" : -1.4107259511947632,
			"Relative Velocity Y" : 0.013612392358481884,
			"Relative Velocity Z" : -0.0023202796000987291,
			"Truncated" : 0
		},
		{
			"Absolute Acceleration X" : 0.33188247680664062,
			"Absolute Acceleration Y" : 0.3978533148765564,
			"Absolute Acceleration Z" : 0.083665728569030762,
			"Absolute Velocity X" : 25.459630966186523,
			"Absolute Velocity Y" : 3.1038823127746582,
			"Absolute Velocity Z" : -0.11712594330310822,
			"ActorName" : "TRUCK 06",
			"BoundingBox3D Extent X" : 11.0,
			"BoundingBox3D Extent Y" : 2.8420684337615967,
			"BoundingBox3D Extent Z" : 4.0724420547485352,
			"BoundingBox3D Orientation Quat W" : 0.99832934141159058,
			"BoundingBox3D Orientation Quat X" : 0.0051345932297408581,
			"BoundingBox3D Orientation Quat Y" : 0.002616336103528738,
			"BoundingBox3D Orientation Quat Z" : 0.057395488023757935,
			"BoundingBox3D Origin X" : 82.0802001953125,
			"BoundingBox3D Origin Y" : -1.8213022947311401,
			"BoundingBox3D Origin Z" : 1.4716451168060303,
			"ObjectId" : 6,
			"ObjectType" : "TRUCK",
			"Occluded" : 0.0,
			"Relative Acceleration X" : 0.44845053553581238,
			"Relative Acceleration Y" : -0.65686416625976562,
			"Relative Acceleration Z" : -0.11708837747573853,
			"Relative Velocity X" : -1.2382016181945801,
			"Relative Velocity Y" : -0.63449561595916748,
			"Relative Velocity Z" : -0.14694450795650482,
			"Truncated" : 0
		},
		{
			"Absolute Acceleration X" : 0.13154596090316772,
			"Absolute Acceleration Y" : -0.5886390209197998,
			"Absolute Acceleration Z" : -0.27100035548210144,
			"Absolute Velocity X" : 19.993747711181641,
			"Absolute Velocity Y" : -0.73349732160568237,
			"Absolute Velocity Z" : -0.12731175124645233,
			"ActorName" : "CAR 07",
			"BoundingBox3D Extent X" : 4.1614208221435547,
			"BoundingBox3D Extent Y" : 1.8100411891937256,
			"BoundingBox3D Extent Z" : 1.4132111072540283,
			"BoundingBox3D Orientation Quat W" : -0.9996986985206604,
			"BoundingBox3D Orientation Quat X" : -0.011327746324241161,
			"BoundingBox3D Orientation Quat Y" : -0.0041480567306280136,
			"BoundingBox3D Orientation Quat Z" : 0.020354822278022766,
			"BoundingBox3D Origin X" : -50.521778106689453,
			"BoundingBox3D Origin Y" : -5.9980840682983398,
			"BoundingBox3D Origin Z" : 1.2736297845840454,
			"ObjectId" : 7,
			"ObjectType" : "CAR",
			"Occluded" : 0.0,
			"Relative Acceleration X" : 0.27759751677513123,
			"Relative Acceleration Y" : -1.3249647617340088,
			"Relative Acceleration Z" : 0.2091129869222641,
			"Relative Velocity X" : -6.9046993255615234,
			"Relative Velocity Y" : 2.2634873390197754,
			"Relative Velocity Z" : 0.39416056871414185,
			"Truncated" : 0
		},
		{
			"Absolute Acceleration X" : 0.022951126098632812,
			"Absolute Acceleration Y" : 1.8013119697570801,
			"Absolute Acceleration Z" : 0.058452218770980835,
			"Absolute Velocity X" : 29.434717178344727,
			"Absolute Velocity Y" : -5.0258278846740723,
			"Absolute Velocity Z" : -0.33787894248962402,
			"ActorName" : "CAR 09",