{
	"CapturedObjects" : 
	[
		{
			"Absolute Acceleration X" : -0.18380425870418549,
			"Absolute Acceleration Y" : 0.024503117427229881,
			"Absolute Acceleration Z" : 0.069019392132759094,
			"Absolute Velocity X" : 23.71522331237793,
			"Absolute Velocity Y" : -0.81799674034118652,
			"Absolute Velocity Z" : -0.30586633086204529,
			"ActorName" : "TRUCK 00",
			"BoundingBox3D Extent X" : 6.6553831100463867,
			"BoundingBox3D Extent Y" : 3.0,
			"BoundingBox3D Extent Z" : 2.1005990505218506,
			"BoundingBox3D Orientation Quat W" : -0.99951821565628052,
			"BoundingBox3D Orientation Quat X" : -0.023135894909501076,
			"BoundingBox3D Orientation Quat Y" : -0.0064642308279871941,
			"BoundingBox3D Orientation Quat Z" : 0.019588140770792961,
			"BoundingBox3D Origin X" : 25.657827377319336,
			"BoundingBox3D Origin Y" : -3.5762729644775391,
			"BoundingBox3D Origin Z" : 0.70203667879104614,
			"ObjectId" : 0,
			"ObjectType" : "TRUCK",
			"Occluded" : 0.0,
			"Relative Acceleration X" : -0.18004827201366425,
			"Relative Acceleration Y" : 0.14144992828369141,
			"Relative Acceleration Z" : 0.083488412201404572,
			"Relative Velocity X" : -4.404320240020752,
			"Relative Velocity Y" : -0.39701497554779053,
			"Relative Velocity Z" : -0.11521732807159424,
			"Truncated" : 0
		},
		{
			"Absolute Acceleration X" : -0.075089201331138611,
			"Absolute Acceleration Y" : -0.42230582237243652,
			"Absolute Acceleration Z" : 0.035106897354125977,
			"Absolute Velocity X" : 29.624435424804688,
			"Absolute Velocity Y" : -0.57907634973526001,
			"Absolute Velocity Z" : -0.23856331408023834,
			"ActorName" : "CAR 01",
			"BoundingBox3D Extent X" : 4.5207657814025879,
			"BoundingBox3D Extent Y" : 1.8739941120147705,
			"BoundingBox3D Extent Z" : 2.0257072448730469,
			"BoundingBox3D Orientation Quat W" : -0.9998939037322998,
			"BoundingBox3D Orientation Quat X" : 0.0017865733243525028,
			"BoundingBox3D Orientation Quat Y" : -0.0048701153136789799,
			"BoundingBox3D Orientation Quat Z" : 0.0086208004504442215,
			"BoundingBox3D Origin X" : 26.768102645874023,
			"BoundingBox3D Origin Y" : 0.089771322906017303,
			"BoundingBox3D Origin Z" : 0.74242085218429565,
			"ObjectId" : 1,
			"ObjectType" : "CAR",
			"Occluded" : 0.0,
			"Relative Acceleration X" : -0.071065321564674377,
			"Relative Acceleration Y" : -0.23761555552482605,
			"Relative Acceleration Z" : -0.10316797345876694,
			"Relative Velocity X" : 1.4809098243713379,
			"Relative Velocity Y" : -0.1223040297627449,
			"Relative Velocity Z" : 0.026310721412301064,
			"Truncated" : 0
		},
		{
			"Absolute Acceleration X" : 0.17212723195552826,
			"Absolute Acceleration Y" : -0.019901089370250702,
			"Absolute Acceleration Z" : 0.077883370220661163,
			"Absolute Velocity X" : 27.827205657958984,
			"Absolute Velocity Y" : -0.33458688855171204,
			"Absolute Velocity Z" : -0.33326885104179382,
			"ActorName" : "CAR 02",
			"BoundingBox3D Extent X" : 4.3166317939758301,
			"BoundingBox3D Extent Y" : 2.0303733348846436,
			"BoundingBox3D Extent Z" : 1.4497169256210327,
			"BoundingBox3D Orientation Quat W" : 0.99984449148178101,
			"BoundingBox3D Orientation Quat X" : 0.0011143832234665751,
			"BoundingBox3D Orientation Quat Y" : 0.0055280085653066635,
			"BoundingBox3D Orientation Quat Z" : -0.016648236662149429,
			"BoundingBox3D Origin X" : -21.978818893432617,
			"BoundingBox3D Origin Y" : 0.56428378820419312,
			"BoundingBox3D Origin Z" : 0.88626635074615479,
			"ObjectId" : 2,
			"ObjectType" : "CAR",
			"Occluded" : 0.0,
			"Relative Acceleration X" : 0.17047639191150665,
			"Relative Acceleration Y" : 0.12752954661846161,
			"Relative Acceleration Z" : 0.047560084611177444,
			"Relative Velocity X" : -0.31707626581192017,
			"Relative Velocity Y" : -0.18941506743431091,
			"Relative Velocity Z" : -0.011988267302513123,
			"Truncated" : 0
		},
		{
			"Absolute Acceleration X" : -0.13676586747169495,
			"Absolute Acceleration Y" : -0.25538262724876404,
			"Absolute Acceleration Z" : 0.022244717925786972,
			"Absolute Velocity X" : 23.903116226196289,
			"Absolute Velocity Y" : -0.3451671302318573,
			"Absolute Velocity Z" : -0.27182817459106445,
			"ActorName" : "CAR 03",
			"BoundingBox3D Extent X" : 5.0730719566345215,
			"BoundingBox3D Extent Y" : 2.2716178894042969,
			"BoundingBox3D Extent Z" : 1.5020607709884644,
			"BoundingBox3D Orientation Quat W" : -0.99966937303543091,
			"BoundingBox3D Orientation Quat X" : -0.021316744387149811,
			"BoundingBox3D Orientation Quat Y" : -0.0052157300524413586,
			"BoundingBox3D Orientation Quat Z" : 0.013128467835485935,
			"BoundingBox3D Origin X" : 13.092509269714355,
			"BoundingBox3D Origin Y" : -3.662541389465332,
			"BoundingBox3D Origin Z" : 0.53567057847976685,
			"ObjectId" : 3,
			"ObjectType" : "CAR",
			"Occluded" : 0.0,
			"Relative Acceleration X" : -0.13508380949497223,
			"Relative Acceleration Y" : -0.1425195038318634,
			"Relative Acceleration Z" : 0.042825542390346527,
			"Relative Velocity X" : -4.2171006202697754,
			"Relative Velocity Y" : 0.0015882912557572126,
			"Relative Velocity Z" : -0.054410271346569061,
			"Truncated" : 0
		},
		{
			"Absolute Acceleration X" : -0.31220948696136475,
			"Absolute Acceleration Y" : -0.16850042343139648,
			"Absolute Acceleration Z" : 0.01162054855376482,
			"Absolute Velocity X" : 27.372154235839844,
			"Absolute Velocity Y" : -0.092430710792541504,
			"Absolute Velocity Z" : -0.31455302238464355,
			"ActorName" : "CAR 04",
			"BoundingBox3D Extent X" : 4.1970505714416504,
			"BoundingBox3D Extent Y" : 2.0403742790222168,
			"BoundingBox3D Extent Z" : 1.4073230028152466,
			"BoundingBox3D Orientation Quat W" : 0.99997860193252563,
			"BoundingBox3D Orientation Quat X" : 0.00012551926192827523,
			"BoundingBox3D Orientation Quat Y" : 0.0044141258113086224,
			"BoundingBox3D Orientation Quat Z" : -0.0023513345513492823,
			"BoundingBox3D Origin X" : -22.788173675537109,
			"BoundingBox3D Origin Y" : -3.4435462951660156,
			"BoundingBox3D Origin Z" : 0.85454994440078735,
			"ObjectId" : 4,
			"ObjectType" : "CAR",
			"Occluded" : 0.0,
			"Relative Acceleration X" : -0.31284406781196594,
			"Relative Acceleration Y" : -0.028882164508104324,
			"Relative Acceleration Z" : 0.03662259504199028,
			"Relative Velocity X" : -0.74924486875534058,
			"Relative Velocity Y" : 0.044122196733951569,
			"Relative Velocity Z" : -0.015218238346278667,
			"Truncated" : 0
		},
		{
			"Absolute Acceleration X" : 0.34931400418281555,
			"Absolute Acceleration Y" : 0.339956134557724,
			"Absolute Acceleration Z" : 0.04192613810300827,
			"Absolute Velocity X" : 27.085817337036133,
			"Absolute Velocity Y" : -0.7905922532081604,
			"Absolute Velocity Z" : -0.31747633218765259,
			"ActorName" : "CAR 05",
			"BoundingBox3D Extent X" : 4.0999999046325684,
			"BoundingBox3D Extent Y" : 1.6558876037597656,
			"BoundingBox3D Extent Z" : 0.99801152944564819,
			"BoundingBox3D Orientation Quat W" : -0.99990558624267578,
			"BoundingBox3D Orientation Quat X" : -0.0027840114198625088,
			"BoundingBox3D Orientation Quat Y" : -0.0048258323222398758,
			"BoundingBox3D Orientation Quat Z" : 0.011769728735089302,
			"BoundingBox3D Origin X" : -63.201881408691406,
			"BoundingBox3D Origin Y" : -2.2213025093078613,
			"BoundingBox3D Origin Z" : 1.0252320766448975,
			"ObjectId" : 5,
			"ObjectType" : "CAR",
			"Occluded" : 0.0,
			"Relative Acceleration X" : 0.35296252369880676,
			"Relative Acceleration Y" : 0.45466572046279907,
			"Relative Acceleration Z" : 0.071823671460151672,
			"Relative Velocity X" : -1.0414391756057739,
			"Relative Velocity Y" : -0.88217484951019287,
			"Relative Velocity Z" : 0.083256430923938751,
			"Truncated" : 0
		},
		{
			"Absolute Acceleration X" : 0.2570185661315918,
			"Absolute Acceleration Y" : 0.22144399583339691,
			"Absolute Acceleration Z" : -0.023792469874024391,
			"Absolute Velocity X" : -23.748729705810547,
			"Absolute Velocity Y" : 0.47278514504432678,