{
	"CapturedObjects" : 
	[
		{
			"Absolute Acceleration X" : 0.46146011352539062,
			"Absolute Acceleration Y" : -0.14589697122573853,
			"Absolute Acceleration Z" : 0.092809110879898071,
			"Absolute Velocity X" : 33.516159057617188,
			"Absolute Velocity Y" : -0.38155722618103027,
			"Absolute Velocity Z" : -0.10334770381450653,
			"ActorName" : "CAR 00",
			"BoundingBox3D Extent X" : 4.8987493515014648,
			"BoundingBox3D Extent Y" : 2.3346810340881348,
			"BoundingBox3D Extent Z" : 1.7911391258239746,
			"BoundingBox3D Orientation Quat W" : 0.99997615814208984,
			"BoundingBox3D Orientation Quat X" : -0.0040118368342518806,
			"BoundingBox3D Orientation Quat Y" : 0.0015181902563199401,
			"BoundingBox3D Orientation Quat Z" : -0.0048115178942680359,
			"BoundingBox3D Origin X" : 48.922046661376953,
			"BoundingBox3D Origin Y" : 3.6681456565856934,
			"BoundingBox3D Origin Z" : 0.56610566377639771,
			"ObjectId" : 0,
			"ObjectType" : "CAR",
			"Occluded" : 0.0,
			"Relative Acceleration X" : 0.36614561080932617,
			"Relative Acceleration Y" : 0.089733682572841644,
			"Relative Acceleration Z" : 0.0033937841653823853,
			"Relative Velocity X" : 7.149531364440918,
			"Relative Velocity Y" : 0.049235578626394272,
			"Relative Velocity Z" : 0.25028863549232483,
			"Truncated" : 0
		},
		{
			"Absolute Acceleration X" : 0.28429603576660156,
			"Absolute Acceleration Y" : 0.04633978009223938,
			"Absolute Acceleration Z" : 0.0061216950416564941,
			"Absolute Velocity X" : 29.985708236694336,
			"Absolute Velocity Y" : -0.30416131019592285,
			"Absolute Velocity Z" : -0.21487976610660553,
			"ActorName" : "CAR 01",
			"BoundingBox3D Extent X" : 4.692725658416748,
			"BoundingBox3D Extent Y" : 2.1507890224456787,
			"BoundingBox3D Extent Z" : 1.6784391403198242,
			"BoundingBox3D Orientation Quat W" : 0.99997466802597046,
			"BoundingBox3D Orientation Quat X" : -0.0037486846558749676,
			"BoundingBox3D Orientation Quat Y" : 0.0039852159097790718,
			"BoundingBox3D Orientation Quat Z" : -0.0027699468191713095,
			"BoundingBox3D Origin X" : 10.260396957397461,
			"BoundingBox3D Origin Y" : 3.9240317344665527,
			"BoundingBox3D Origin Z" : 0.71938568353652954,
			"ObjectId" : 1,
			"ObjectType" : "CAR",
			"Occluded" : 0.0,
			"Relative Acceleration X" : 0.18973278999328613,
			"Relative Acceleration Y" : 0.1908336877822876,
			"Relative Acceleration Z" : 0.058303281664848328,
			"Relative Velocity X" : 3.6173312664031982,
			"Relative Velocity Y" : -0.041351649910211563,
			"Relative Velocity Z" : 0.0085358154028654099,
			"Truncated" : 0
		},
		{
			"Absolute Acceleration X" : -0.21868705749511719,
			"Absolute Acceleration Y" : 0.076414510607719421,
			"Absolute Acceleration Z" : -0.0048267096281051636,
			"Absolute Velocity X" : 27.148588180541992,
			"Absolute Velocity Y" : -0.24936769902706146,
			"Absolute Velocity Z" : -0.13700929284095764,
			"ActorName" : "CAR 03",
			"BoundingBox3D Extent X" : 4.3168878555297852,
			"BoundingBox3D Extent Y" : 2.1278455257415771,
			"BoundingBox3D Extent Z" : 1.6856460571289062,
			"BoundingBox3D Orientation Quat W" : 0.99994492530822754,
			"BoundingBox3D Orientation Quat X" : 0.0030760578811168671,
			"BoundingBox3D Orientation Quat Y" : 0.0032141318079084158,
			"BoundingBox3D Orientation Quat Z" : -0.0090998131781816483,
			"BoundingBox3D Origin X" : -23.527744293212891,
			"BoundingBox3D Origin Y" : 1.0941450595855713,
			"BoundingBox3D Origin Z" : 0.87419116497039795,
			"ObjectId" : 3,
			"ObjectType" : "CAR",
			"Occluded" : 0.0,
			"Relative Acceleration X" : -0.30777400732040405,
			"Relative Acceleration Y" : 0.14190448820590973,
			"Relative Acceleration Z" : 0.1569388210773468,
			"Relative Velocity X" : 0.79194736480712891,
			"Relative Velocity Y" : -0.13411508500576019,
			"Relative Velocity Z" : -0.039225358515977859,
			"Truncated" : 0
		},
		{
			"Absolute Acceleration X" : -0.042186737060546875,
			"Absolute Acceleration Y" : -0.084201186895370483,
			"Absolute Acceleration Z" : 0.034014642238616943,
			"Absolute Velocity X" : 35.345634460449219,
			"Absolute Velocity Y" : -0.25983807444572449,
			"Absolute Velocity Z" : -0.24642546474933624,
			"ActorName" : "CAR 04",
			"BoundingBox3D Extent X" : 4.0999999046325684,
			"BoundingBox3D Extent Y" : 1.8915352821350098,
			"BoundingBox3D Extent Z" : 1.5626697540283203,
			"BoundingBox3D Orientation Quat W" : 0.99998390674591064,
			"BoundingBox3D Orientation Quat X" : 0.0022073118016123772,
			"BoundingBox3D Orientation Quat Y" : 0.001516148098744452,
			"BoundingBox3D Orientation Quat Z" : -0.0041875084862112999,
			"BoundingBox3D Origin X" : 162.76176452636719,
			"BoundingBox3D Origin Y" : 2.3595561981201172,
			"BoundingBox3D Origin Z" : 0.032256703823804855,
			"ObjectId" : 4,
			"ObjectType" : "CAR",
			"Occluded" : 0.0,
			"Relative Acceleration X" : -0.13943386077880859,
			"Relative Acceleration Y" : 0.36213171482086182,
			"Relative Acceleration Z" : -0.5091966986656189,
			"Relative Velocity X" : 8.9866504669189453,
			"Relative Velocity Y" : 0.66642683744430542,
			"Relative Velocity Z" : 0.49299576878547668,
			"Truncated" : 0
		},
		{
			"Absolute Acceleration X" : -0.057443618774414062,
			"Absolute Acceleration Y" : -0.057218551635742188,
			"Absolute Acceleration Z" : 0.032063435763120651,
			"Absolute Velocity X" : 26.53179931640625,
			"Absolute Velocity Y" : -0.19426259398460388,
			"Absolute Velocity Z" : -0.06550966203212738,
			"ActorName" : "CAR 13",
			"BoundingBox3D Extent X" : 4.2157607078552246,
			"BoundingBox3D Extent Y" : 1.7754096984863281,
			"BoundingBox3D Extent Z" : 2.0899450778961182,
			"BoundingBox3D Orientation Quat W" : 0.99999111890792847,
			"BoundingBox3D Orientation Quat X" : 0.0013605662388727069,
			"BoundingBox3D Orientation Quat Y" : 0.0011838376522064209,
			"BoundingBox3D Orientation Quat Z" : -0.0028000636957585812,
			"BoundingBox3D Origin X" : 73.356727600097656,
			"BoundingBox3D Origin Y" : -0.63828295469284058,
			"BoundingBox3D Origin Z" : 0.65566486120223999,
			"ObjectId" : 13,
			"ObjectType" : "CAR",
			"Occluded" : 0.0,
			"Relative Acceleration X" : -0.1471027135848999,
			"Relative Acceleration Y" : 0.17085117101669312,
			"Relative Acceleration Z" : -0.20642121136188507,
			"Relative Velocity X" : 0.18368622660636902,
			"Relative Velocity Y" : 0.34141671657562256,
			"Relative Velocity Z" : 0.35922467708587646,
			"Truncated" : 0
		},
		{
			"Absolute Acceleration X" : 1.0009498596191406,
			"Absolute Acceleration Y" : 0.12985813617706299,
			"Absolute Acceleration Z" : -0.076979123055934906,
			"Absolute Velocity X" : 25.249893188476562,
			"Absolute Velocity Y" : -0.1252799928188324,
			"Absolute Velocity Z" : 0.10814382880926132,
			"ActorName" : "CAR 17",
			"BoundingBox3D Extent X" : 4.0999999046325684,
			"BoundingBox3D Extent Y" : 1.6638205051422119,
			"BoundingBox3D Extent Z" : 1.9409711360931396,
			"BoundingBox3D Orientation Quat W" : 0.99998950958251953,
			"BoundingBox3D Orientation Quat X" : 0.0014900725800544024,
			"BoundingBox3D Orientation Quat Y" : -0.0023248651996254921,
			"BoundingBox3D Orientation Quat Z" : -0.0027345994021743536,
			"BoundingBox3D Origin X" : -127.89085388183594,
			"BoundingBox3D Origin Y" : 1.8489005565643311,
			"BoundingBox3D Origin Z" : 1.2546418905258179,
			"ObjectId" : 17,
			"ObjectType" : "CAR",
			"Occluded" : 0.0,
			"Relative Acceleration X" : 0.91212499141693115,
			"Relative Acceleration Y" : -0.0050612092018127441,
			"Relative Acceleration Z" : 0.49273726344108582,
			"Relative Velocity X" : -1.1112209558486938,
			"Relative Velocity Y" : -0.46467497944831848,
			"Relative Velocity Z" : -0.14932550489902496,
			"Truncated" : 0
		},
		{
			"Absolute Acceleration X" : 0.11329536139965057,
			"Absolute Acceleration Y" : 0.0065875211730599403,
			"Absolute Acceleration Z" : 0.026657236739993095,
			"Absolute Velocity X" : 26.929376602172852,
			"Absolute Velocity Y" : -0.11439099162817001,