{
	"CapturedObjects" : 
	[
		{
			"Absolute Acceleration X" : -0.17006523907184601,
			"Absolute Acceleration Y" : 0.0130009725689888,
			"Absolute Acceleration Z" : 0.055848851799964905,
			"Absolute Velocity X" : 23.673313140869141,
			"Absolute Velocity Y" : -0.75941145420074463,
			"Absolute Velocity Z" : -0.23797695338726044,
			"ActorName" : "TRUCK 00",
			"BoundingBox3D Extent X" : 6.6553831100463867,
			"BoundingBox3D Extent Y" : 3.0,
			"BoundingBox3D Extent Z" : 2.1005990505218506,
			"BoundingBox3D Orientation Quat W" : -0.99950230121612549,
			"BoundingBox3D Orientation Quat X" : -0.024568522348999977,
			"BoundingBox3D Orientation Quat Y" : -0.004364511463791132,
			"BoundingBox3D Orientation Quat Z" : 0.019175956025719643,
			"BoundingBox3D Origin X" : 24.193532943725586,
			"BoundingBox3D Origin Y" : -3.7098493576049805,
			"BoundingBox3D Origin Z" : 0.71946656703948975,
			"ObjectId" : 0,
			"ObjectType" : "TRUCK",
			"Occluded" : 0.0,
			"Relative Acceleration X" : -0.13994239270687103,
			"Relative Acceleration Y" : 0.23854599893093109,
			"Relative Acceleration Z" : 0.13109526038169861,
			"Relative Velocity X" : -4.4486970901489258,
			"Relative Velocity Y" : -0.36165305972099304,
			"Relative Velocity Z" : -0.071618989109992981,
			"Truncated" : 0
		},
		{
			"Absolute Acceleration X" : -0.10576333850622177,
			"Absolute Acceleration Y" : -0.57630497217178345,
			"Absolute Acceleration Z" : -0.0036507844924926758,
			"Absolute Velocity X" : 29.616176605224609,
			"Absolute Velocity Y" : -0.56359946727752686,
			"Absolute Velocity Z" : -0.17159470915794373,
			"ActorName" : "CAR 01",
			"BoundingBox3D Extent X" : 4.5207657814025879,
			"BoundingBox3D Extent Y" : 1.8739941120147705,
			"BoundingBox3D Extent Z" : 2.0257072448730469,
			"BoundingBox3D Orientation Quat W" : -0.99989938735961914,
			"BoundingBox3D Orientation Quat X" : -0.00030515078105963767,
			"BoundingBox3D Orientation Quat Y" : -0.0036117434501647949,
			"BoundingBox3D Orientation Quat Z" : 0.008762383833527565,
			"BoundingBox3D Origin X" : 27.261735916137695,
			"BoundingBox3D Origin Y" : 0.062334176152944565,
			"BoundingBox3D Origin Z" : 0.79796379804611206,
			"ObjectId" : 1,
			"ObjectType" : "CAR",
			"Occluded" : 0.0,
			"Relative Acceleration X" : -0.090387485921382904,
			"Relative Acceleration Y" : -0.21558746695518494,
			"Relative Acceleration Z" : 0.0025056020822376013,
			"Relative Velocity X" : 1.4704071283340454,
			"Relative Velocity Y" : -0.14496175944805145,
			"Relative Velocity Z" : 0.0049909260123968124,
			"Truncated" : 0
		},
		{
			"Absolute Acceleration X" : 0.18475314974784851,
			"Absolute Acceleration Y" : -0.12826055288314819,
			"Absolute Acceleration Z" : 0.049190983176231384,
			"Absolute Velocity X" : 27.867443084716797,
			"Absolute Velocity Y" : -0.24782751500606537,
			"Absolute Velocity Z" : -0.24482612311840057,
			"ActorName" : "CAR 02",
			"BoundingBox3D Extent X" : 4.3166317939758301,
			"BoundingBox3D Extent Y" : 2.0303733348846436,
			"BoundingBox3D Extent Z" : 1.4497169256210327,
			"BoundingBox3D Orientation Quat W" : 0.99990564584732056,
			"BoundingBox3D Orientation Quat X" : 0.0028417380526661873,
			"BoundingBox3D Orientation Quat Y" : 0.0036848073359578848,
			"BoundingBox3D Orientation Quat Z" : -0.012745273299515247,
			"BoundingBox3D Origin X" : -22.084980010986328,
			"BoundingBox3D Origin Y" : 0.50045228004455566,
			"BoundingBox3D Origin Z" : 0.81985646486282349,
			"ObjectId" : 2,
			"ObjectType" : "CAR",
			"Occluded" : 0.0,
			"Relative Acceleration X" : 0.18991713225841522,
			"Relative Acceleration Y" : -0.035076335072517395,
			"Relative Acceleration Z" : -0.037874761968851089,
			"Relative Velocity X" : -0.28131017088890076,
			"Relative Velocity Y" : -0.14592435956001282,
			"Relative Velocity Z" : -0.011782876215875149,
			"Truncated" : 0
		},
		{
			"Absolute Acceleration X" : -0.2920038104057312,
			"Absolute Acceleration Y" : -0.27141311764717102,
			"Absolute Acceleration Z" : 0.029332391917705536,
			"Absolute Velocity X" : 23.900335311889648,
			"Absolute Velocity Y" : -0.35450640320777893,
			"Absolute Velocity Z" : -0.22539316117763519,
			"ActorName" : "CAR 03",
			"BoundingBox3D Extent X" : 5.0730719566345215,
			"BoundingBox3D Extent Y" : 2.2716178894042969,
			"BoundingBox3D Extent Z" : 1.5020607709884644,
			"BoundingBox3D Orientation Quat W" : -0.99958276748657227,
			"BoundingBox3D Orientation Quat X" : -0.024932825937867165,
			"BoundingBox3D Orientation Quat Y" : -0.0046110386028885841,
			"BoundingBox3D Orientation Quat Z" : 0.013598080724477768,
			"BoundingBox3D Origin X" : 11.686105728149414,
			"BoundingBox3D Origin Y" : -3.6611454486846924,
			"BoundingBox3D Origin Z" : 0.53294593095779419,
			"ObjectId" : 3,
			"ObjectType" : "CAR",
			"Occluded" : 0.0,
			"Relative Acceleration X" : -0.26444700360298157,
			"Relative Acceleration Y" : -0.10711563378572464,
			"Relative Acceleration Z" : 0.081465870141983032,
			"Relative Velocity X" : -4.2219476699829102,
			"Relative Velocity Y" : -0.03540777787566185,
			"Relative Velocity Z" : -0.045440826565027237,
			"Truncated" : 0
		},
		{
			"Absolute Acceleration X" : -0.35223516821861267,
			"Absolute Acceleration Y" : -0.20261596143245697,
			"Absolute Acceleration Z" : -0.0044836234301328659,
			"Absolute Velocity X" : 27.307212829589844,
			"Absolute Velocity Y" : -0.065097436308860779,
			"Absolute Velocity Z" : -0.25454431772232056,
			"ActorName" : "CAR 04",
			"BoundingBox3D Extent X" : 4.1970505714416504,
			"BoundingBox3D Extent Y" : 2.0403742790222168,
			"BoundingBox3D Extent Z" : 1.4073230028152466,
			"BoundingBox3D Orientation Quat W" : 0.99993008375167847,
			"BoundingBox3D Orientation Quat X" : 0.0095937857404351234,
			"BoundingBox3D Orientation Quat Y" : 0.0040477938018739223,
			"BoundingBox3D Orientation Quat Z" : -0.003700177650898695,
			"BoundingBox3D Origin X" : -23.034633636474609,
			"BoundingBox3D Origin Y" : -3.4446854591369629,
			"BoundingBox3D Origin Z" : 0.76476740837097168,
			"ObjectId" : 4,
			"ObjectType" : "CAR",
			"Occluded" : 0.0,
			"Relative Acceleration X" : -0.330198734998703,
			"Relative Acceleration Y" : -0.13495230674743652,
			"Relative Acceleration Z" : -0.016373492777347565,
			"Relative Velocity X" : -0.816314697265625,
			"Relative Velocity Y" : 0.030357068404555321,
			"Relative Velocity Z" : -0.038614101707935333,
			"Truncated" : 0
		},
		{
			"Absolute Acceleration X" : 0.25139197707176208,
			"Absolute Acceleration Y" : 0.32000967860221863,
			"Absolute Acceleration Z" : -0.01313288975507021,
			"Absolute Velocity X" : 27.20903205871582,
			"Absolute Velocity Y" : -0.6305091381072998,
			"Absolute Velocity Z" : -0.23795366287231445,
			"ActorName" : "CAR 05",
			"BoundingBox3D Extent X" : 4.0999999046325684,
			"BoundingBox3D Extent Y" : 1.6558876037597656,
			"BoundingBox3D Extent Z" : 0.99801152944564819,
			"BoundingBox3D Orientation Quat W" : -0.9999316930770874,
			"BoundingBox3D Orientation Quat X" : -0.0044264304451644421,
			"BoundingBox3D Orientation Quat Y" : -0.0039443778805434704,
			"BoundingBox3D Orientation Quat Z" : 0.0090648792684078217,
			"BoundingBox3D Origin X" : -63.556011199951172,
			"BoundingBox3D Origin Y" : -2.5706493854522705,
			"BoundingBox3D Origin Z" : 0.86770421266555786,
			"ObjectId" : 5,
			"ObjectType" : "CAR",
			"Occluded" : 0.0,
			"Relative Acceleration X" : 0.27619317173957825,
			"Relative Acceleration Y" : 0.20277374982833862,
			"Relative Acceleration Z" : -0.10181488841772079,
			"Relative Velocity X" : -0.92033761739730835,
			"Relative Velocity Y" : -0.79379671812057495,
			"Relative Velocity Z" : 0.029573068022727966,
			"Truncated" : 0
		},
		{
			"Absolute Acceleration X" : 0.27900177240371704,
			"Absolute Acceleration Y" : 0.2227826863527298,
			"Absolute Acceleration Z" : -0.030221777036786079,
			"Absolute Velocity X" : -23.700504302978516,
			"Absolute Velocity Y" : 0.46939656138420105,