{
	"CapturedObjects" : 
	[
		{
			"Absolute Acceleration X" : -0.366119384765625,
			"Absolute Acceleration Y" : -0.81721919775009155,
			"Absolute Acceleration Z" : -0.068353109061717987,
			"Absolute Velocity X" : 25.168037414550781,
			"Absolute Velocity Y" : -1.3414214849472046,
			"Absolute Velocity Z" : -0.11613958328962326,
			"ActorName" : "CAR 04",
			"BoundingBox3D Extent X" : 4.1167516708374023,
			"BoundingBox3D Extent Y" : 1.7308224439620972,
			"BoundingBox3D Extent Z" : 1.4999700784683228,
			"BoundingBox3D Orientation Quat W" : -0.99966025352478027,
			"BoundingBox3D Orientation Quat X" : 0.0024330960586667061,
			"BoundingBox3D Orientation Quat Y" : -0.0033979150466620922,
			"BoundingBox3D Orientation Quat Z" : 0.025502219796180725,
			"BoundingBox3D Origin X" : 40.695220947265625,
			"BoundingBox3D Origin Y" : -0.81989932060241699,
			"BoundingBox3D Origin Z" : 0.4859372079372406,
			"ObjectId" : 4,
			"ObjectType" : "CAR",
			"Occluded" : 0.0,
			"Relative Acceleration X" : -0.084722399711608887,
			"Relative Acceleration Y" : 0.22618913650512695,
			"Relative Acceleration Z" : -0.33233141899108887,
			"Relative Velocity X" : -0.59407120943069458,
			"Relative Velocity Y" : -0.026927908882498741,
			"Relative Velocity Z" : 0.16102303564548492,
			"Truncated" : 0
		},
		{
			"Absolute Acceleration X" : 0.50808596611022949,
			"Absolute Acceleration Y" : -0.34350341558456421,
			"Absolute Acceleration Z" : -0.029154039919376373,
			"Absolute Velocity X" : 14.970871925354004,
			"Absolute Velocity Y" : -1.6558253765106201,
			"Absolute Velocity Z" : -0.22226981818675995,
			"ActorName" : "CAR 05",
			"BoundingBox3D Extent X" : 4.0999999046325684,
			"BoundingBox3D Extent Y" : 1.8278701305389404,
			"BoundingBox3D Extent Z" : 1.5071696043014526,
			"BoundingBox3D Orientation Quat W" : -0.99838560819625854,
			"BoundingBox3D Orientation Quat X" : 0.00029346288647502661,
			"BoundingBox3D Orientation Quat Y" : -0.0080952392891049385,
			"BoundingBox3D Orientation Quat Z" : 0.056142505258321762,
			"BoundingBox3D Origin X" : 107.39772033691406,
			"BoundingBox3D Origin Y" : -6.8559837341308594,
			"BoundingBox3D Origin Z" : -0.18757554888725281,
			"ObjectId" : 5,
			"ObjectType" : "CAR",
			"Occluded" : 0.0,
			"Relative Acceleration X" : 0.87648075819015503,
			"Relative Acceleration Y" : 0.43930155038833618,
			"Relative Acceleration Z" : 2.4004218578338623,
			"Relative Velocity X" : -10.699220657348633,
			"Relative Velocity Y" : 1.0804785490036011,
			"Relative Velocity Z" : 0.81773924827575684,
			"Truncated" : 0
		},
		{
			"Absolute Acceleration X" : -0.27034759521484375,
			"Absolute Acceleration Y" : -0.12782001495361328,
			"Absolute Acceleration Z" : -0.036656904965639114,
			"Absolute Velocity X" : 19.152023315429688,
			"Absolute Velocity Y" : 0.37968993186950684,
			"Absolute Velocity Z" : -0.064568184316158295,
			"ActorName" : "CAR 14",
			"BoundingBox3D Extent X" : 5.2294902801513672,
			"BoundingBox3D Extent Y" : 2.2024991512298584,
			"BoundingBox3D Extent Z" : 1.7669569253921509,
			"BoundingBox3D Orientation Quat W" : 0.99994534254074097,
			"BoundingBox3D Orientation Quat X" : -0.0072840303182601929,
			"BoundingBox3D Orientation Quat Y" : 0.0015959467273205519,
			"BoundingBox3D Orientation Quat Z" : 0.0063835587352514267,
			"BoundingBox3D Origin X" : -9.6805620193481445,
			"BoundingBox3D Origin Y" : -3.1817808151245117,
			"BoundingBox3D Origin Z" : 0.89065313339233398,
			"ObjectId" : 14,
			"ObjectType" : "CAR",
			"Occluded" : 0.0,
			"Relative Acceleration X" : -0.021170139312744141,
			"Relative Acceleration Y" : 0.10908082127571106,
			"Relative Acceleration Z" : 0.14261327683925629,
			"Relative Velocity X" : -6.5487775802612305,
			"Relative Velocity Y" : 0.2863718569278717,
			"Relative Velocity Z" : 0.045880895107984543,
			"Truncated" : 0
		},
		{
			"Absolute Acceleration X" : 1.3694972991943359,
			"Absolute Acceleration Y" : -0.26779282093048096,
			"Absolute Acceleration Z" : 0.062166973948478699,
			"Absolute Velocity X" : 16.228744506835938,
			"Absolute Velocity Y" : 0.87043339014053345,
			"Absolute Velocity Z" : -0.11248082667589188,
			"ActorName" : "CAR 15",
			"BoundingBox3D Extent X" : 4.7818255424499512,
			"BoundingBox3D Extent Y" : 2.1203718185424805,
			"BoundingBox3D Extent Z" : 1.4809430837631226,
			"BoundingBox3D Orientation Quat W" : 0.99978739023208618,
			"BoundingBox3D Orientation Quat X" : -0.00023431601584888995,
			"BoundingBox3D Orientation Quat Y" : 0.0039692651480436325,
			"BoundingBox3D Orientation Quat Z" : 0.019914589822292328,
			"BoundingBox3D Origin X" : -50.83331298828125,
			"BoundingBox3D Origin Y" : -3.9648499488830566,
			"BoundingBox3D Origin Z" : 0.89899152517318726,
			"ObjectId" : 15,
			"ObjectType" : "CAR",
			"Occluded" : 0.0,
			"Relative Acceleration X" : 1.6372604370117188,
			"Relative Acceleration Y" : -0.57170414924621582,
			"Relative Acceleration Z" : 0.59375596046447754,
			"Relative Velocity X" : -9.4486427307128906,
			"Relative Velocity Y" : -0.36152258515357971,
			"Relative Velocity Z" : -0.1366133838891983,
			"Truncated" : 0
		},
		{
			"Absolute Acceleration X" : -0.16445010900497437,
			"Absolute Acceleration Y" : -0.71876829862594604,
			"Absolute Acceleration Z" : -0.058297757059335709,
			"Absolute Velocity X" : 24.518930435180664,
			"Absolute Velocity Y" : -2.1340334415435791,
			"Absolute Velocity Z" : -0.21159128844738007,
			"ActorName" : "CAR 19",
			"BoundingBox3D Extent X" : 4.0999999046325684,
			"BoundingBox3D Extent Y" : 1.751035213470459,
			"BoundingBox3D Extent Z" : 1.5214760303497314,
			"BoundingBox3D Orientation Quat W" : -0.99909710884094238,
			"BoundingBox3D Orientation Quat X" : -0.00014367770927492529,
			"BoundingBox3D Orientation Quat Y" : -0.0041820239275693893,
			"BoundingBox3D Orientation Quat Z" : 0.042195569723844528,
			"BoundingBox3D Origin X" : 70.512008666992188,
			"BoundingBox3D Origin Y" : -3.4061908721923828,
			"BoundingBox3D Origin Z" : 0.26681005954742432,
			"ObjectId" : 19,
			"ObjectType" : "CAR",
			"Occluded" : 0.0,
			"Relative Acceleration X" : 0.16837219893932343,
			"Relative Acceleration Y" : 0.076685719192028046,
			"Relative Acceleration Z" : 0.25707241892814636,
			"Relative Velocity X" : -1.1716310977935791,
			"Relative Velocity Y" : 0.0061145988292992115,
			"Relative Velocity Z" : 0.14969216287136078,
			"Truncated" : 0
		},
		{
			"Absolute Acceleration X" : -3.9863872528076172,
			"Absolute Acceleration Y" : -0.88239693641662598,
			"Absolute Acceleration Z" : -0.035139188170433044,
			"Absolute Velocity X" : -33.270160675048828,
			"Absolute Velocity Y" : -3.2969698905944824,
			"Absolute Velocity Z" : 0.20380328595638275,
			"ActorName" : "CAR 23",
			"BoundingBox3D Extent X" : 4.3249917030334473,
			"BoundingBox3D Extent Y" : 1.9576303958892822,
			"BoundingBox3D Extent Z" : 1.1140896081924438,
			"BoundingBox3D Orientation Quat W" : -0.051414225250482559,
			"BoundingBox3D Orientation Quat X" : 0.00302317482419312,
			"BoundingBox3D Orientation Quat Y" : -0.00045416262582875788,
			"BoundingBox3D Orientation Quat Z" : 0.99858641624450684,
			"BoundingBox3D Origin X" : -117.54936218261719,
			"BoundingBox3D Origin Y" : 5.3764424324035645,
			"BoundingBox3D Origin Z" : 1.521975040435791,
			"ObjectId" : 23,
			"ObjectType" : "CAR",
			"Occluded" : 0.0,
			"Relative Acceleration X" : -3.5631296634674072,
			"Relative Acceleration Y" : -3.3817300796508789,
			"Relative Acceleration Z" : 0.034018680453300476,
			"Relative Velocity X" : -59.212120056152344,
			"Relative Velocity Y" : -6.1628460884094238,
			"Relative Velocity Z" : 0.40348440408706665,
			"Truncated" : 0
		},
		{
			"Absolute Acceleration X" : 11.391025543212891,
			"Absolute Acceleration Y" : 0.87542963027954102,
			"Absolute Acceleration Z" : -0.14880168437957764,
			"Absolute Velocity X" : -20.992109298706055,
			"Absolute Velocity Y" : -2.3680794239044189,