{
	"CapturedObjects" : 
	[
		{
			"Absolute Acceleration X" : 0.40612411499023438,
			"Absolute Acceleration Y" : 0.90656530857086182,
			"Absolute Acceleration Z" : -0.054339155554771423,
			"Absolute Velocity X" : 29.100805282592773,
			"Absolute Velocity Y" : -0.46590599417686462,
			"Absolute Velocity Z" : -0.2282756119966507,
			"ActorName" : "CAR 00",
			"BoundingBox3D Extent X" : 4.6205844879150391,
			"BoundingBox3D Extent Y" : 2.1428279876708984,
			"BoundingBox3D Extent Z" : 1.6920909881591797,
			"BoundingBox3D Orientation Quat W" : -0.99994933605194092,
			"BoundingBox3D Orientation Quat X" : -0.0020946336444467306,
			"BoundingBox3D Orientation Quat Y" : -0.0038962333928793669,
			"BoundingBox3D Orientation Quat Z" : 0.0084866937249898911,
			"BoundingBox3D Origin X" : -16.677412033081055,
			"BoundingBox3D Origin Y" : -0.17144827544689178,
			"BoundingBox3D Origin Z" : 0.96161234378814697,
			"ObjectId" : 0,
			"ObjectType" : "CAR",
			"Occluded" : 0.0,
			"Relative Acceleration X" : 0.68092232942581177,
			"Relative Acceleration Y" : 0.4431731104850769,
			"Relative Acceleration Z" : 0.012431273236870766,
			"Relative Velocity X" : 0.99780386686325073,
			"Relative Velocity Y" : -0.20294971764087677,
			"Relative Velocity Z" : -0.044817186892032623,
			"Truncated" : 0
		},
		{
			"Absolute Acceleration X" : -0.24574661254882812,
			"Absolute Acceleration Y" : 0.79142391681671143,
			"Absolute Acceleration Z" : -0.075528249144554138,
			"Absolute Velocity X" : 25.077432632446289,
			"Absolute Velocity Y" : 0.17602066695690155,
			"Absolute Velocity Z" : -0.23132747411727905,
			"ActorName" : "CAR 01",
			"BoundingBox3D Extent X" : 5.0297880172729492,
			"BoundingBox3D Extent Y" : 2.3046054840087891,
			"BoundingBox3D Extent Z" : 1.9340174198150635,
			"BoundingBox3D Orientation Quat W" : 0.99994498491287231,
			"BoundingBox3D Orientation Quat X" : 6.2628867453895509e-05,
			"BoundingBox3D Orientation Quat Y" : 0.0048571708612143993,
			"BoundingBox3D Orientation Quat Z" : 0.0086859604343771935,
			"BoundingBox3D Origin X" : 7.7824625968933105,
			"BoundingBox3D Origin Y" : -6.9443836212158203,
			"BoundingBox3D Origin Z" : 0.85636520385742188,
			"ObjectId" : 1,
			"ObjectType" : "CAR",
			"Occluded" : 0.0,
			"Relative Acceleration X" : 0.11709475517272949,
			"Relative Acceleration Y" : 0.70362734794616699,
			"Relative Acceleration Z" : 0.013680208474397659,
			"Relative Velocity X" : -3.056342601776123,
			"Relative Velocity Y" : 0.32741051912307739,
			"Relative Velocity Z" : -0.028756957501173019,
			"Truncated" : 0
		},
		{
			"Absolute Acceleration X" : -0.51140594482421875,
			"Absolute Acceleration Y" : 0.82820218801498413,
			"Absolute Acceleration Z" : -0.041472628712654114,
			"Absolute Velocity X" : 25.468137741088867,
			"Absolute Velocity Y" : -1.2773152589797974,
			"Absolute Velocity Z" : -0.1974681168794632,
			"ActorName" : "CAR 02",
			"BoundingBox3D Extent X" : 4.5351982116699219,
			"BoundingBox3D Extent Y" : 2.0965876579284668,
			"BoundingBox3D Extent Z" : 1.4524728059768677,
			"BoundingBox3D Orientation Quat W" : -0.99960416555404663,
			"BoundingBox3D Orientation Quat X" : 1.168926519312663e-05,
			"BoundingBox3D Orientation Quat Y" : -0.0035424332600086927,
			"BoundingBox3D Orientation Quat Z" : 0.027742514386773109,
			"BoundingBox3D Origin X" : -27.468690872192383,
			"BoundingBox3D Origin Y" : -6.0348663330078125,
			"BoundingBox3D Origin Z" : 0.86016452312469482,
			"ObjectId" : 2,
			"ObjectType" : "CAR",
			"Occluded" : 0.0,
			"Relative Acceleration X" : -0.18605351448059082,
			"Relative Acceleration Y" : 0.3208279013633728,
			"Relative Acceleration Z" : 0.065325736999511719,
			"Relative Velocity X" : -2.6609349250793457,
			"Relative Velocity Y" : -0.96501427888870239,
			"Relative Velocity Z" : -0.1121734231710434,
			"Truncated" : 0
		},
		{
			"Absolute Acceleration X" : -0.47759246826171875,
			"Absolute Acceleration Y" : 0.71034204959869385,
			"Absolute Acceleration Z" : -0.065379828214645386,
			"Absolute Velocity X" : 25.854656219482422,
			"Absolute Velocity Y" : -1.9754650592803955,
			"Absolute Velocity Z" : -0.075341053307056427,
			"ActorName" : "TRUCK 03",
			"BoundingBox3D Extent X" : 11.0,
			"BoundingBox3D Extent Y" : 2.7357983589172363,
			"BoundingBox3D Extent Z" : 2.5310914516448975,
			"BoundingBox3D Orientation Quat W" : -0.99933117628097534,
			"BoundingBox3D Orientation Quat X" : -0.0011702239280566573,
			"BoundingBox3D Orientation Quat Y" : -0.0016045485390350223,
			"BoundingBox3D Orientation Quat Z" : 0.036390472203493118,
			"BoundingBox3D Origin X" : -75.266075134277344,
			"BoundingBox3D Origin Y" : -1.79991614818573,
			"BoundingBox3D Origin Z" : 1.7020784616470337,
			"ObjectId" : 3,
			"ObjectType" : "TRUCK",
			"Occluded" : 0.0,
			"Relative Acceleration X" : -0.20774078369140625,
			"Relative Acceleration Y" : -0.35220468044281006,
			"Relative Acceleration Z" : 0.044136598706245422,
			"Relative Velocity X" : -2.2579402923583984,
			"Relative Velocity Y" : -1.4528317451477051,
			"Relative Velocity Z" : -0.12350337952375412,
			"Truncated" : 0
		},
		{
			"Absolute Acceleration X" : -0.022695541381835938,
			"Absolute Acceleration Y" : 0.40767955780029297,
			"Absolute Acceleration Z" : -0.015785932540893555,
			"Absolute Velocity X" : 26.576372146606445,
			"Absolute Velocity Y" : 1.2070438861846924,
			"Absolute Velocity Z" : -0.29896801710128784,
			"ActorName" : "CAR 04",
			"BoundingBox3D Extent X" : 4.1293668746948242,
			"BoundingBox3D Extent Y" : 1.8283975124359131,
			"BoundingBox3D Extent Z" : 1.4846968650817871,
			"BoundingBox3D Orientation Quat W" : 0.99966275691986084,
			"BoundingBox3D Orientation Quat X" : 0.00078899069922044873,
			"BoundingBox3D Orientation Quat Y" : 0.0059174885973334312,
			"BoundingBox3D Orientation Quat Z" : 0.025077039375901222,
			"BoundingBox3D Origin X" : 41.931201934814453,
			"BoundingBox3D Origin Y" : -2.5186827182769775,
			"BoundingBox3D Origin Z" : 0.26000204682350159,
			"ObjectId" : 4,
			"ObjectType" : "CAR",
			"Occluded" : 0.0,
			"Relative Acceleration X" : 0.31063604354858398,
			"Relative Acceleration Y" : 0.67954719066619873,
			"Relative Acceleration Z" : 0.014741264283657074,
			"Relative Velocity X" : -1.5357518196105957,
			"Relative Velocity Y" : 1.2089078426361084,
			"Relative Velocity Z" : 0.070929847657680511,
			"Truncated" : 0
		},
		{
			"Absolute Acceleration X" : -0.14927864074707031,
			"Absolute Acceleration Y" : 0.39658355712890625,
			"Absolute Acceleration Z" : 0.020441710948944092,
			"Absolute Velocity X" : 22.194309234619141,
			"Absolute Velocity Y" : 3.9888927936553955,
			"Absolute Velocity Z" : -0.36199438571929932,
			"ActorName" : "CAR 05",
			"BoundingBox3D Extent X" : 4.9718923568725586,
			"BoundingBox3D Extent Y" : 3.5455467700958252,
			"BoundingBox3D Extent Z" : 2.978952169418335,
			"BoundingBox3D Orientation Quat W" : 0.99606043100357056,
			"BoundingBox3D Orientation Quat X" : 0.0083564752712845802,
			"BoundingBox3D Orientation Quat Y" : 0.007719279732555151,
			"BoundingBox3D Orientation Quat Z" : 0.087852545082569122,
			"BoundingBox3D Origin X" : 173.42387390136719,
			"BoundingBox3D Origin Y" : 7.6380782127380371,
			"BoundingBox3D Origin Z" : -1.0318726301193237,
			"ObjectId" : 5,
			"ObjectType" : "CAR",
			"Occluded" : 0.0,
			"Relative Acceleration X" : 0.10321617126464844,
			"Relative Acceleration Y" : 2.2855966091156006,
			"Relative Acceleration Z" : -0.18668556213378906,
			"Relative Velocity X" : -5.8673200607299805,
			"Relative Velocity Y" : 3.4030838012695312,
			"Relative Velocity Z" : 0.58379656076431274,
			"Truncated" : 0
		},
		{
			"Absolute Acceleration X" : 0.39047378301620483,
			"Absolute Acceleration Y" : 0.0083277057856321335,
			"Absolute Acceleration Z" : 0.016437219455838203,
			"Absolute Velocity X" : 21.79444694519043,
			"Absolute Velocity Y" : 3.1656405925750732,
			"Absolute Velocity Z" : -0.35697966814041138,