{
	"CapturedObjects" : 
	[
		{
			"Absolute Acceleration X" : 0.016452789306640625,
			"Absolute Acceleration Y" : 0.015185385942459106,
			"Absolute Acceleration Z" : -0.010320201516151428,
			"Absolute Velocity X" : 23.500812530517578,
			"Absolute Velocity Y" : -0.30117771029472351,
			"Absolute Velocity Z" : -0.22652728855609894,
			"ActorName" : "CAR 01",
			"BoundingBox3D Extent X" : 4.9576702117919922,
			"BoundingBox3D Extent Y" : 1.8935643434524536,
			"BoundingBox3D Extent Z" : 1.7944116592407227,
			"BoundingBox3D Orientation Quat W" : 0.99969220161437988,
			"BoundingBox3D Orientation Quat X" : -0.02400629036128521,
			"BoundingBox3D Orientation Quat Y" : 0.0054064835421741009,
			"BoundingBox3D Orientation Quat Z" : -0.0015196881722658873,
			"BoundingBox3D Origin X" : 27.456413269042969,
			"BoundingBox3D Origin Y" : 16.73455810546875,
			"BoundingBox3D Origin Z" : 0.37825971841812134,
			"ObjectId" : 1,
			"ObjectType" : "CAR",
			"Occluded" : 0.0,
			"Relative Acceleration X" : -0.12054085731506348,
			"Relative Acceleration Y" : -0.081043869256973267,
			"Relative Acceleration Z" : 0.14475835859775543,
			"Relative Velocity X" : 1.5422549247741699,
			"Relative Velocity Y" : -0.32217898964881897,
			"Relative Velocity Z" : -0.051341094076633453,
			"Truncated" : 0
		},
		{
			"Absolute Acceleration X" : 0.0400543212890625,
			"Absolute Acceleration Y" : 0.053937360644340515,
			"Absolute Acceleration Z" : 0.019896999001502991,
			"Absolute Velocity X" : 21.598615646362305,
			"Absolute Velocity Y" : -0.22806638479232788,
			"Absolute Velocity Z" : -0.24001325666904449,
			"ActorName" : "CAR 04",
			"BoundingBox3D Extent X" : 4.2017726898193359,
			"BoundingBox3D Extent Y" : 1.6525812149047852,
			"BoundingBox3D Extent Z" : 1.5048118829727173,
			"BoundingBox3D Orientation Quat W" : 0.99997305870056152,
			"BoundingBox3D Orientation Quat X" : -0.0027453736402094364,
			"BoundingBox3D Orientation Quat Y" : 0.0053564449772238731,
			"BoundingBox3D Orientation Quat Z" : -0.0019940098281949759,
			"BoundingBox3D Origin X" : 29.755775451660156,
			"BoundingBox3D Origin Y" : 0.7300344705581665,
			"BoundingBox3D Origin Z" : 0.3646356463432312,
			"ObjectId" : 4,
			"ObjectType" : "CAR",
			"Occluded" : 0.0,
			"Relative Acceleration X" : -0.0094543695449829102,
			"Relative Acceleration Y" : 0.0056970119476318359,
			"Relative Acceleration Z" : 0.10925790667533875,
			"Relative Velocity X" : -0.51842027902603149,
			"Relative Velocity Y" : -0.27506047487258911,
			"Relative Velocity Z" : 0.042840637266635895,
			"Truncated" : 0
		},
		{
			"Absolute Acceleration X" : -0.2511138916015625,
			"Absolute Acceleration Y" : 0.27941089868545532,
			"Absolute Acceleration Z" : -0.038841664791107178,
			"Absolute Velocity X" : 23.69072151184082,
			"Absolute Velocity Y" : -0.71152740716934204,
			"Absolute Velocity Z" : -0.21117481589317322,
			"ActorName" : "TRUCK 06",
			"BoundingBox3D Extent X" : 11.0,
			"BoundingBox3D Extent Y" : 2.2770223617553711,
			"BoundingBox3D Extent Z" : 2.3187522888183594,
			"BoundingBox3D Orientation Quat W" : -0.99954158067703247,
			"BoundingBox3D Orientation Quat X" : 0.027291210368275642,
			"BoundingBox3D Orientation Quat Y" : -0.0051878620870411396,
			"BoundingBox3D Orientation Quat Z" : 0.011786096729338169,
			"BoundingBox3D Origin X" : -57.842571258544922,
			"BoundingBox3D Origin Y" : 19.289005279541016,
			"BoundingBox3D Origin Z" : 1.3890774250030518,
			"ObjectId" : 6,
			"ObjectType" : "TRUCK",
			"Occluded" : 0.0,
			"Relative Acceleration X" : -0.40385019779205322,
			"Relative Acceleration Y" : -0.28756564855575562,
			"Relative Acceleration Z" : 0.015498422086238861,
			"Relative Velocity X" : 1.7559173107147217,
			"Relative Velocity Y" : 0.12066233158111572,
			"Relative Velocity Z" : -0.22511593997478485,
			"Truncated" : 0
		},
		{
			"Absolute Acceleration X" : 9.8062820434570312,
			"Absolute Acceleration Y" : -0.031484227627515793,
			"Absolute Acceleration Z" : -0.10488037765026093,
			"Absolute Velocity X" : 16.626623153686523,
			"Absolute Velocity Y" : -0.069732204079627991,
			"Absolute Velocity Z" : -0.11432170867919922,
			"ActorName" : "TRUCK 09",
			"BoundingBox3D Extent X" : 11.0,
			"BoundingBox3D Extent Y" : 0.74468886852264404,
			"BoundingBox3D Extent Z" : 3.1286568641662598,
			"BoundingBox3D Orientation Quat W" : 0.99962764978408813,
			"BoundingBox3D Orientation Quat X" : -0.024373264983296394,
			"BoundingBox3D Orientation Quat Y" : 0.0046626143157482147,
			"BoundingBox3D Orientation Quat Z" : -0.00079122517490759492,
			"BoundingBox3D Origin X" : 61.116203308105469,
			"BoundingBox3D Origin Y" : 15.545854568481445,
			"BoundingBox3D Origin Z" : 0.75013864040374756,
			"ObjectId" : 9,
			"ObjectType" : "TRUCK",
			"Occluded" : 0.0,
			"Relative Acceleration X" : 9.6757946014404297,
			"Relative Acceleration Y" : 0.17700362205505371,
			"Relative Acceleration Z" : 0.0840739905834198,
			"Relative Velocity X" : -5.3443107604980469,
			"Relative Velocity Y" : -0.44879829883575439,
			"Relative Velocity Z" : 0.12964126467704773,
			"Truncated" : 0
		},
		{
			"Absolute Acceleration X" : -0.037580490112304688,
			"Absolute Acceleration Y" : 0.25430750846862793,
			"Absolute Acceleration Z" : 0.00088992714881896973,
			"Absolute Velocity X" : 26.124973297119141,
			"Absolute Velocity Y" : -2.8481330871582031,
			"Absolute Velocity Z" : -0.18183915317058563,
			"ActorName" : "CAR 12",
			"BoundingBox3D Extent X" : 4.0999999046325684,
			"BoundingBox3D Extent Y" : 1.973698616027832,
			"BoundingBox3D Extent Z" : 0.78355199098587036,
			"BoundingBox3D Orientation Quat W" : -0.99850064516067505,
			"BoundingBox3D Orientation Quat X" : 0.0023852046579122543,
			"BoundingBox3D Orientation Quat Y" : -0.0038095528725534678,
			"BoundingBox3D Orientation Quat Z" : 0.054508239030838013,
			"BoundingBox3D Origin X" : -170.3336181640625,
			"BoundingBox3D Origin Y" : 10.937050819396973,
			"BoundingBox3D Origin Z" : 1.6943008899688721,
			"ObjectId" : 12,
			"ObjectType" : "CAR",
			"Occluded" : 0.0,
			"Relative Acceleration X" : -0.17502641677856445,
			"Relative Acceleration Y" : -0.96354484558105469,
			"Relative Acceleration Z" : -0.13249388337135315,
			"Relative Velocity X" : 4.108027458190918,
			"Relative Velocity Y" : -0.89555478096008301,
			"Relative Velocity Z" : -0.36688855290412903,
			"Truncated" : 0
		},
		{
			"Absolute Acceleration X" : -0.28997045755386353,
			"Absolute Acceleration Y" : 0.25092324614524841,
			"Absolute Acceleration Z" : 0.32356661558151245,
			"Absolute Velocity X" : 23.864870071411133,
			"Absolute Velocity Y" : -1.7004985809326172,
			"Absolute Velocity Z" : 0.13573771715164185,
			"ActorName" : "TRUCK 20",
			"BoundingBox3D Extent X" : 11.0,
			"BoundingBox3D Extent Y" : 2.6006436347961426,
			"BoundingBox3D Extent Z" : 3.1136569976806641,
			"BoundingBox3D Orientation Quat W" : -0.9994468092918396,
			"BoundingBox3D Orientation Quat X" : -0.0043857614509761333,
			"BoundingBox3D Orientation Quat Y" : -0.0011298689059913158,
			"BoundingBox3D Orientation Quat Z" : 0.032844439148902893,
			"BoundingBox3D Origin X" : -106.51899719238281,
			"BoundingBox3D Origin Y" : 20.704227447509766,
			"BoundingBox3D Origin Z" : 2.4438855648040771,
			"ObjectId" : 20,
			"ObjectType" : "TRUCK",
			"Occluded" : 0.0,
			"Relative Acceleration X" : -0.40193995833396912,
			"Relative Acceleration Y" : -0.35102248191833496,
			"Relative Acceleration Z" : -0.23085391521453857,
			"Relative Velocity X" : 1.941461443901062,
			"Relative Velocity Y" : -0.37924143671989441,
			"Relative Velocity Z" : 0.013448896817862988,
			"Truncated" : 0
		},
		{
			"Absolute Acceleration X" : 0.20476599037647247,
			"Absolute Acceleration Y" : 0.651481032371521,
			"Absolute Acceleration Z" : 0.12526614964008331,
			"Absolute Velocity X" : -28.039495468139648,
			"Absolute Velocity Y" : 0.5029827356338501,
			"Absolute Velocity Z" : 0.094064027070999146,
			"ActorName" : "CAR 21",