{
	"CapturedObjects" : 
	[
		{
			"Absolute Acceleration X" : 0.072076797485351562,
			"Absolute Acceleration Y" : 0.093731164932250977,
			"Absolute Acceleration Z" : 0.077440366148948669,
			"Absolute Velocity X" : 31.594205856323242,
			"Absolute Velocity Y" : -0.19732034206390381,
			"Absolute Velocity Z" : -0.11285596340894699,
			"ActorName" : "CAR 00",
			"BoundingBox3D Extent X" : 4.9437565803527832,
			"BoundingBox3D Extent Y" : 2.1481852531433105,
			"BoundingBox3D Extent Z" : 1.7450592517852783,
			"BoundingBox3D Orientation Quat W" : 0.99997013807296753,
			"BoundingBox3D Orientation Quat X" : 0.0021729317959398031,
			"BoundingBox3D Orientation Quat Y" : 0.0033380642998963594,
			"BoundingBox3D Orientation Quat Z" : -0.0012350317556411028,
			"BoundingBox3D Origin X" : 23.853780746459961,
			"BoundingBox3D Origin Y" : 7.066370964050293,
			"BoundingBox3D Origin Z" : 0.71485680341720581,
			"ObjectId" : 0,
			"ObjectType" : "CAR",
			"Occluded" : 0.0,
			"Relative Acceleration X" : 0.35087728500366211,
			"Relative Acceleration Y" : 0.19181765615940094,
			"Relative Acceleration Z" : -0.05654829740524292,
			"Relative Velocity X" : 6.7379884719848633,
			"Relative Velocity Y" : 0.089921809732913971,
			"Relative Velocity Z" : -0.057601340115070343,
			"Truncated" : 0
		},
		{
			"Absolute Acceleration X" : -0.1173248291015625,
			"Absolute Acceleration Y" : 0.13552653789520264,
			"Absolute Acceleration Z" : 0.064993470907211304,
			"Absolute Velocity X" : 31.281093597412109,
			"Absolute Velocity Y" : -0.34050309658050537,
			"Absolute Velocity Z" : -0.23073302209377289,
			"ActorName" : "CAR 03",
			"BoundingBox3D Extent X" : 4.6108875274658203,
			"BoundingBox3D Extent Y" : 1.9591915607452393,
			"BoundingBox3D Extent Z" : 1.5170060396194458,
			"BoundingBox3D Orientation Quat W" : 0.99996978044509888,
			"BoundingBox3D Orientation Quat X" : 0.0016587873687967658,
			"BoundingBox3D Orientation Quat Y" : 0.0037901375908404589,
			"BoundingBox3D Orientation Quat Z" : -0.0048884646967053413,
			"BoundingBox3D Origin X" : -25.492883682250977,
			"BoundingBox3D Origin Y" : 7.4909963607788086,
			"BoundingBox3D Origin Z" : 0.87493634223937988,
			"ObjectId" : 3,
			"ObjectType" : "CAR",
			"Occluded" : 0.0,
			"Relative Acceleration X" : 0.1620631217956543,
			"Relative Acceleration Y" : 0.23187412321567535,
			"Relative Acceleration Z" : -0.024271901696920395,
			"Relative Velocity X" : 6.4240751266479492,
			"Relative Velocity Y" : -0.2185550183057785,
			"Relative Velocity Z" : -0.035288315266370773,
			"Truncated" : 0
		},
		{
			"Absolute Acceleration X" : 0.058526992797851562,
			"Absolute Acceleration Y" : -0.023361533880233765,
			"Absolute Acceleration Z" : 0.2107568234205246,
			"Absolute Velocity X" : 23.796352386474609,
			"Absolute Velocity Y" : 0.33519545197486877,
			"Absolute Velocity Z" : -0.041669946163892746,
			"ActorName" : "CAR 04",
			"BoundingBox3D Extent X" : 4.0999999046325684,
			"BoundingBox3D Extent Y" : 3.1590290069580078,
			"BoundingBox3D Extent Z" : 2.4310636520385742,
			"BoundingBox3D Orientation Quat W" : 0.99996525049209595,
			"BoundingBox3D Orientation Quat X" : -0.00037257777876220644,
			"BoundingBox3D Orientation Quat Y" : 0.0039850836619734764,
			"BoundingBox3D Orientation Quat Z" : 0.0064477878622710705,
			"BoundingBox3D Origin X" : -178.45013427734375,
			"BoundingBox3D Origin Y" : 4.5552916526794434,
			"BoundingBox3D Origin Z" : 2.7401173114776611,
			"ObjectId" : 4,
			"ObjectType" : "CAR",
			"Occluded" : 0.0,
			"Relative Acceleration X" : 0.33893674612045288,
			"Relative Acceleration Y" : 0.046972170472145081,
			"Relative Acceleration Z" : 0.30174684524536133,
			"Relative Velocity X" : -1.0450567007064819,
			"Relative Velocity Y" : -0.054534267634153366,
			"Relative Velocity Z" : 0.59901654720306396,
			"Truncated" : 0
		},
		{
			"Absolute Acceleration X" : 1.2546482086181641,
			"Absolute Acceleration Y" : -0.2315935492515564,
			"Absolute Acceleration Z" : 0.11004884541034698,
			"Absolute Velocity X" : -21.058036804199219,
			"Absolute Velocity Y" : 0.29177221655845642,
			"Absolute Velocity Z" : 0.20613905787467957,
			"ActorName" : "CAR 05",
			"BoundingBox3D Extent X" : 4.3150539398193359,
			"BoundingBox3D Extent Y" : 1.9216043949127197,
			"BoundingBox3D Extent Z" : 1.5225863456726074,
			"BoundingBox3D Orientation Quat W" : 0.008481048047542572,
			"BoundingBox3D Orientation Quat X" : 0.0058652060106396675,
			"BoundingBox3D Orientation Quat Y" : -0.00060238351579755545,
			"BoundingBox3D Orientation Quat Z" : 0.99993759393692017,
			"BoundingBox3D Origin X" : -125.99208831787109,
			"BoundingBox3D Origin Y" : 23.236698150634766,
			"BoundingBox3D Origin Z" : 1.8688970804214478,
			"ObjectId" : 5,
			"ObjectType" : "CAR",
			"Occluded" : 0.0,
			"Relative Acceleration X" : 1.5349044799804688,
			"Relative Acceleration Y" : -0.34665265679359436,
			"Relative Acceleration Z" : 0.24714505672454834,
			"Relative Velocity X" : -45.964183807373047,
			"Relative Velocity Y" : 0.063540898263454437,
			"Relative Velocity Z" : 0.70351207256317139,
			"Truncated" : 0
		},
		{
			"Absolute Acceleration X" : -0.47991752624511719,
			"Absolute Acceleration Y" : 0.0094005614519119263,
			"Absolute Acceleration Z" : 0.054449141025543213,
			"Absolute Velocity X" : 23.071254730224609,
			"Absolute Velocity Y" : -0.11523408442735672,
			"Absolute Velocity Z" : -0.080866016447544098,
			"ActorName" : "CAR 07",
			"BoundingBox3D Extent X" : 4.1699776649475098,
			"BoundingBox3D Extent Y" : 1.6994683742523193,
			"BoundingBox3D Extent Z" : 1.4860941171646118,
			"BoundingBox3D Orientation Quat W" : 0.99998819828033447,
			"BoundingBox3D Orientation Quat X" : -0.00014396019105333835,
			"BoundingBox3D Orientation Quat Y" : 0.00074534956365823746,
			"BoundingBox3D Orientation Quat Z" : -0.0022492359858006239,
			"BoundingBox3D Origin X" : 23.347757339477539,
			"BoundingBox3D Origin Y" : -0.18066754937171936,
			"BoundingBox3D Origin Z" : 0.57290226221084595,
			"ObjectId" : 7,
			"ObjectType" : "CAR",
			"Occluded" : 0.0,
			"Relative Acceleration X" : -0.20123660564422607,
			"Relative Acceleration Y" : 0.071968197822570801,
			"Relative Acceleration Z" : -0.017627568915486336,
			"Relative Velocity X" : -1.7609632015228271,
			"Relative Velocity Y" : 0.16734713315963745,
			"Relative Velocity Z" : -0.0065007801167666912,
			"Truncated" : 0
		},
		{
			"Absolute Acceleration X" : 0.1753082275390625,
			"Absolute Acceleration Y" : 0.063096627593040466,
			"Absolute Acceleration Z" : 0.073347978293895721,
			"Absolute Velocity X" : 25.551008224487305,
			"Absolute Velocity Y" : -0.11541980504989624,
			"Absolute Velocity Z" : 0.00032196135725826025,
			"ActorName" : "CAR 08",
			"BoundingBox3D Extent X" : 4.0999999046325684,
			"BoundingBox3D Extent Y" : 1.709958553314209,
			"BoundingBox3D Extent Z" : 1.5789105892181396,
			"BoundingBox3D Orientation Quat W" : 0.99997961521148682,
			"BoundingBox3D Orientation Quat X" : -0.00040829504723660648,
			"BoundingBox3D Orientation Quat Y" : -0.00092510908143594861,
			"BoundingBox3D Orientation Quat Z" : -0.0037240292876958847,
			"BoundingBox3D Origin X" : 50.268638610839844,
			"BoundingBox3D Origin Y" : 3.3900747299194336,
			"BoundingBox3D Origin Z" : 0.5706217885017395,
			"ObjectId" : 8,
			"ObjectType" : "CAR",
			"Occluded" : 0.0,
			"Relative Acceleration X" : 0.45403772592544556,
			"Relative Acceleration Y" : 0.13642305135726929,
			"Relative Acceleration Z" : -0.047387905418872833,
			"Relative Velocity X" : 0.70674806833267212,
			"Relative Velocity Y" : 0.25837442278862,
			"Relative Velocity Z" : -0.0094650257378816605,
			"Truncated" : 0
		},
		{
			"Absolute Acceleration X" : -0.15675926208496094,
			"Absolute Acceleration Y" : -0.158333420753479,
			"Absolute Acceleration Z" : 0.088797494769096375,
			"Absolute Velocity X" : 27.595851898193359,
			"Absolute Velocity Y" : -0.39154401421546936,