{
	"CapturedObjects" : 
	[
		{
			"Absolute Acceleration X" : 0.43851470947265625,
			"Absolute Acceleration Y" : 0.67883831262588501,
			"Absolute Acceleration Z" : -0.1148078441619873,
			"Absolute Velocity X" : 34.815387725830078,
			"Absolute Velocity Y" : 0.48296970129013062,
			"Absolute Velocity Z" : -0.44218412041664124,
			"ActorName" : "CAR 00",
			"BoundingBox3D Extent X" : 4.6205844879150391,
			"BoundingBox3D Extent Y" : 2.1428279876708984,
			"BoundingBox3D Extent Z" : 1.6920909881591797,
			"BoundingBox3D Orientation Quat W" : 0.99993026256561279,
			"BoundingBox3D Orientation Quat X" : 0.0024366378784179688,
			"BoundingBox3D Orientation Quat Y" : 0.0059064766392111778,
			"BoundingBox3D Orientation Quat Z" : 0.0092960521578788757,
			"BoundingBox3D Origin X" : 36.308895111083984,
			"BoundingBox3D Origin Y" : 3.8786013126373291,
			"BoundingBox3D Origin Z" : 0.45993861556053162,
			"ObjectId" : 0,
			"ObjectType" : "CAR",
			"Occluded" : 0.0,
			"Relative Acceleration X" : 0.39347171783447266,
			"Relative Acceleration Y" : -0.035774804651737213,
			"Relative Acceleration Z" : 0.15276066958904266,
			"Relative Velocity X" : 8.783167839050293,
			"Relative Velocity Y" : 0.13598889112472534,
			"Relative Velocity Z" : -0.12627597153186798,
			"Truncated" : 0
		},
		{
			"Absolute Acceleration X" : 0.35106277465820312,
			"Absolute Acceleration Y" : -0.0025562494993209839,
			"Absolute Acceleration Z" : -0.064242750406265259,
			"Absolute Velocity X" : 26.100025177001953,
			"Absolute Velocity Y" : -0.20952199399471283,
			"Absolute Velocity Z" : -0.18990103900432587,
			"ActorName" : "CAR 01",
			"BoundingBox3D Extent X" : 5.0297880172729492,
			"BoundingBox3D Extent Y" : 2.3046054840087891,
			"BoundingBox3D Extent Z" : 1.9340174198150635,
			"BoundingBox3D Orientation Quat W" : 0.99996644258499146,
			"BoundingBox3D Orientation Quat X" : -0.0025664654094725847,
			"BoundingBox3D Orientation Quat Y" : 0.0038421780336648226,
			"BoundingBox3D Orientation Quat Z" : -0.0061999917961657047,
			"BoundingBox3D Origin X" : -10.067360877990723,
			"BoundingBox3D Origin Y" : -0.29599732160568237,
			"BoundingBox3D Origin Z" : 1.0397447347640991,
			"ObjectId" : 1,
			"ObjectType" : "CAR",
			"Occluded" : 0.0,
			"Relative Acceleration X" : 0.29346346855163574,
			"Relative Acceleration Y" : -0.39938190579414368,
			"Relative Acceleration Z" : -0.0044528692960739136,
			"Relative Velocity X" : -0.0019191437168046832,
			"Relative Velocity Y" : 0.18837228417396545,
			"Relative Velocity Z" : -0.0098040355369448662,
			"Truncated" : 0
		},
		{
			"Absolute Acceleration X" : 0.24087715148925781,
			"Absolute Acceleration Y" : 0.27112480998039246,
			"Absolute Acceleration Z" : -0.039183318614959717,
			"Absolute Velocity X" : 27.511159896850586,
			"Absolute Velocity Y" : 0.33663535118103027,
			"Absolute Velocity Z" : -0.38239806890487671,
			"ActorName" : "CAR 04",
			"BoundingBox3D Extent X" : 4.1293668746948242,
			"BoundingBox3D Extent Y" : 1.8283975124359131,
			"BoundingBox3D Extent Z" : 1.4846968650817871,
			"BoundingBox3D Orientation Quat W" : 0.99994176626205444,
			"BoundingBox3D Orientation Quat X" : 0.00066735915606841445,
			"BoundingBox3D Orientation Quat Y" : 0.0073627391830086708,
			"BoundingBox3D Orientation Quat Z" : 0.0070673320442438126,
			"BoundingBox3D Origin X" : 42.436744689941406,
			"BoundingBox3D Origin Y" : 0.35107278823852539,
			"BoundingBox3D Origin Z" : 0.24186632037162781,
			"ObjectId" : 4,
			"ObjectType" : "CAR",
			"Occluded" : 0.0,
			"Relative Acceleration X" : 0.18964970111846924,
			"Relative Acceleration Y" : -0.22239501774311066,
			"Relative Acceleration Z" : 0.18289107084274292,
			"Relative Velocity X" : 1.4221091270446777,
			"Relative Velocity Y" : -0.10451214760541916,
			"Relative Velocity Z" : -0.042656254023313522,
			"Truncated" : 0
		},
		{
			"Absolute Acceleration X" : -0.096160888671875,
			"Absolute Acceleration Y" : 0.023700714111328125,
			"Absolute Acceleration Z" : -0.06914791464805603,
			"Absolute Velocity X" : 21.304409027099609,
			"Absolute Velocity Y" : 0.68061286211013794,
			"Absolute Velocity Z" : -0.40171602368354797,
			"ActorName" : "CAR 05",
			"BoundingBox3D Extent X" : 4.9718923568725586,
			"BoundingBox3D Extent Y" : 3.5455467700958252,
			"BoundingBox3D Extent Z" : 2.978952169418335,
			"BoundingBox3D Orientation Quat W" : 0.99976456165313721,
			"BoundingBox3D Orientation Quat X" : 0.0020237925928086042,
			"BoundingBox3D Orientation Quat Y" : 0.0031316815875470638,
			"BoundingBox3D Orientation Quat Z" : 0.020924467593431473,
			"BoundingBox3D Origin X" : 117.75045776367188,
			"BoundingBox3D Origin Y" : -0.69634169340133667,
			"BoundingBox3D Origin Z" : -0.15680406987667084,
			"ObjectId" : 5,
			"ObjectType" : "CAR",
			"Occluded" : 0.0,
			"Relative Acceleration X" : -0.15454626083374023,
			"Relative Acceleration Y" : -0.35732525587081909,
			"Relative Acceleration Z" : 0.32496431469917297,
			"Relative Velocity X" : -4.8003334999084473,
			"Relative Velocity Y" : -0.95908975601196289,
			"Relative Velocity Z" : 0.16862908005714417,
			"Truncated" : 0
		},
		{
			"Absolute Acceleration X" : 0.56140327453613281,
			"Absolute Acceleration Y" : 0.20776908099651337,
			"Absolute Acceleration Z" : -0.036582246422767639,
			"Absolute Velocity X" : 22.459316253662109,
			"Absolute Velocity Y" : -0.27596962451934814,
			"Absolute Velocity Z" : -0.16632646322250366,
			"ActorName" : "CAR 10",
			"BoundingBox3D Extent X" : 4.1183576583862305,
			"BoundingBox3D Extent Y" : 1.92044997215271,
			"BoundingBox3D Extent Z" : 1.7761009931564331,
			"BoundingBox3D Orientation Quat W" : 0.99995136260986328,
			"BoundingBox3D Orientation Quat X" : 0.0082296719774603844,
			"BoundingBox3D Orientation Quat Y" : 0.0034679968375712633,
			"BoundingBox3D Orientation Quat Z" : -0.0024341370444744825,
			"BoundingBox3D Origin X" : -7.4931001663208008,
			"BoundingBox3D Origin Y" : -3.5591888427734375,
			"BoundingBox3D Origin Z" : 0.90356767177581787,
			"ObjectId" : 10,
			"ObjectType" : "CAR",
			"Occluded" : 0.0,
			"Relative Acceleration X" : 0.49573183059692383,
			"Relative Acceleration Y" : -0.079981192946434021,
			"Relative Acceleration Z" : -0.0050692074000835419,
			"Relative Velocity X" : -3.6937780380249023,
			"Relative Velocity Y" : 0.082050688564777374,
			"Relative Velocity Z" : 0.027016794309020042,
			"Truncated" : 0
		},
		{
			"Absolute Acceleration X" : 0.061658859252929688,
			"Absolute Acceleration Y" : -0.22334468364715576,
			"Absolute Acceleration Z" : -0.076816737651824951,
			"Absolute Velocity X" : 27.864320755004883,
			"Absolute Velocity Y" : 1.0320831537246704,
			"Absolute Velocity Z" : -0.70180898904800415,
			"ActorName" : "CAR 15",
			"BoundingBox3D Extent X" : 4.0999999046325684,
			"BoundingBox3D Extent Y" : 2.3327584266662598,
			"BoundingBox3D Extent Z" : 2.7966482639312744,
			"BoundingBox3D Orientation Quat W" : 0.99979078769683838,
			"BoundingBox3D Orientation Quat X" : 0.0028787674382328987,
			"BoundingBox3D Orientation Quat Y" : 0.0034793068189173937,
			"BoundingBox3D Orientation Quat Z" : 0.019522944465279579,
			"BoundingBox3D Origin X" : 189.69700622558594,
			"BoundingBox3D Origin Y" : 5.0183219909667969,
			"BoundingBox3D Origin Z" : -1.4576209783554077,
			"ObjectId" : 15,
			"ObjectType" : "CAR",
			"Occluded" : 0.0,
			"Relative Acceleration X" : 0.0090862512588500977,
			"Relative Acceleration Y" : -0.87950479984283447,
			"Relative Acceleration Z" : 0.59116053581237793,
			"Relative Velocity X" : 1.853197455406189,
			"Relative Velocity Y" : -1.7607593536376953,
			"Relative Velocity Z" : 0.078680664300918579,
			"Truncated" : 0
		},
		{
			"Absolute Acceleration X" : -0.075105667114257812,
			"Absolute Acceleration Y" : 0.68319779634475708,
			"Absolute Acceleration Z" : -0.091177135705947876,
			"Absolute Velocity X" : 31.379669189453125,
			"Absolute Velocity Y" : -0.7655411958694458,