{
	"CapturedObjects" : 
	[
		{
			"Absolute Acceleration X" : -0.11240768432617188,
			"Absolute Acceleration Y" : -0.092403605580329895,
			"Absolute Acceleration Z" : -0.0091143380850553513,
			"Absolute Velocity X" : 26.524818420410156,
			"Absolute Velocity Y" : -0.25094270706176758,
			"Absolute Velocity Z" : -0.013149740174412727,
			"ActorName" : "CAR 00",
			"BoundingBox3D Extent X" : 4.3256669044494629,
			"BoundingBox3D Extent Y" : 2.2182471752166748,
			"BoundingBox3D Extent Z" : 1.6845625638961792,
			"BoundingBox3D Orientation Quat W" : 0.99997806549072266,
			"BoundingBox3D Orientation Quat X" : 0.00010809513332787901,
			"BoundingBox3D Orientation Quat Y" : 0.00021677117911167443,
			"BoundingBox3D Orientation Quat Z" : -0.0062661468982696533,
			"BoundingBox3D Origin X" : -23.30900764465332,
			"BoundingBox3D Origin Y" : 0.97426414489746094,
			"BoundingBox3D Origin Z" : 0.77800470590591431,
			"ObjectId" : 0,
			"ObjectType" : "CAR",
			"Occluded" : 0.0,
			"Relative Acceleration X" : -0.10675689578056335,
			"Relative Acceleration Y" : -0.056974899023771286,
			"Relative Acceleration Z" : 0.21928074955940247,
			"Relative Velocity X" : -0.31029891967773438,
			"Relative Velocity Y" : -0.054339047521352768,
			"Relative Velocity Z" : -0.15580867230892181,
			"Truncated" : 0
		},
		{
			"Absolute Acceleration X" : -0.080780029296875,
			"Absolute Acceleration Y" : 0.027884095907211304,
			"Absolute Acceleration Z" : -0.0759287029504776,
			"Absolute Velocity X" : 25.643970489501953,
			"Absolute Velocity Y" : -0.2416924387216568,
			"Absolute Velocity Z" : -0.22322118282318115,
			"ActorName" : "CAR 01",
			"BoundingBox3D Extent X" : 4.0999999046325684,
			"BoundingBox3D Extent Y" : 1.6430835723876953,
			"BoundingBox3D Extent Z" : 1.4837304353713989,
			"BoundingBox3D Orientation Quat W" : 0.99994426965713501,
			"BoundingBox3D Orientation Quat X" : -0.0020678171422332525,
			"BoundingBox3D Orientation Quat Y" : 0.0043265894055366516,
			"BoundingBox3D Orientation Quat Z" : -0.0091794608160853386,
			"BoundingBox3D Origin X" : 48.1461181640625,
			"BoundingBox3D Origin Y" : 0.19445501267910004,
			"BoundingBox3D Origin Z" : 0.43823221325874329,
			"ObjectId" : 1,
			"ObjectType" : "CAR",
			"Occluded" : 0.0,
			"Relative Acceleration X" : -0.07796776294708252,
			"Relative Acceleration Y" : 0.01391991600394249,
			"Relative Acceleration Z" : -0.24540725350379944,
			"Relative Velocity X" : -1.1845798492431641,
			"Relative Velocity Y" : 0.05947813019156456,
			"Relative Velocity Z" : 0.2809949517250061,
			"Truncated" : 0
		},
		{
			"Absolute Acceleration X" : 1.1861951351165771,
			"Absolute Acceleration Y" : -0.010009254328906536,
			"Absolute Acceleration Z" : -0.10026594251394272,
			"Absolute Velocity X" : 33.184356689453125,
			"Absolute Velocity Y" : -0.27954164147377014,
			"Absolute Velocity Z" : -0.24041669070720673,
			"ActorName" : "CAR 02",
			"BoundingBox3D Extent X" : 4.2486448287963867,
			"BoundingBox3D Extent Y" : 2.080385684967041,
			"BoundingBox3D Extent Z" : 1.7102546691894531,
			"BoundingBox3D Orientation Quat W" : 0.99996227025985718,
			"BoundingBox3D Orientation Quat X" : -0.0041653309017419815,
			"BoundingBox3D Orientation Quat Y" : 0.0041870619170367718,
			"BoundingBox3D Orientation Quat Z" : -0.0059825447387993336,
			"BoundingBox3D Origin X" : 40.775714874267578,
			"BoundingBox3D Origin Y" : 3.6985173225402832,
			"BoundingBox3D Origin Z" : 0.58941423892974854,
			"ObjectId" : 2,
			"ObjectType" : "CAR",
			"Occluded" : 0.0,
			"Relative Acceleration X" : 1.2021117210388184,
			"Relative Acceleration Y" : 0.0033314097672700882,
			"Relative Acceleration Z" : 0.44491139054298401,
			"Relative Velocity X" : 6.3489561080932617,
			"Relative Velocity Y" : 0.011781836859881878,
			"Relative Velocity Z" : 0.1766531765460968,
			"Truncated" : 0
		},
		{
			"Absolute Acceleration X" : -0.10910606384277344,
			"Absolute Acceleration Y" : 0.11088369786739349,
			"Absolute Acceleration Z" : -0.072772383689880371,
			"Absolute Velocity X" : 25.563669204711914,
			"Absolute Velocity Y" : -0.068894058465957642,
			"Absolute Velocity Z" : -0.26884379982948303,
			"ActorName" : "CAR 03",
			"BoundingBox3D Extent X" : 4.277015209197998,
			"BoundingBox3D Extent Y" : 1.7916508913040161,
			"BoundingBox3D Extent Z" : 2.0896675586700439,
			"BoundingBox3D Orientation Quat W" : 0.99998027086257935,
			"BoundingBox3D Orientation Quat X" : -0.00093440926866605878,
			"BoundingBox3D Orientation Quat Y" : 0.0053820894099771976,
			"BoundingBox3D Orientation Quat Z" : -0.0022458061575889587,
			"BoundingBox3D Origin X" : 69.326133728027344,
			"BoundingBox3D Origin Y" : -0.47441598773002625,
			"BoundingBox3D Origin Z" : 0.54833239316940308,
			"ObjectId" : 3,
			"ObjectType" : "CAR",
			"Occluded" : 0.0,
			"Relative Acceleration X" : -0.10625708103179932,
			"Relative Acceleration Y" : 0.079947002232074738,
			"Relative Acceleration Z" : -0.36417257785797119,
			"Relative Velocity X" : -1.264227032661438,
			"Relative Velocity Y" : 0.2622932493686676,
			"Relative Velocity Z" : 0.42511966824531555,
			"Truncated" : 0
		},
		{
			"Absolute Acceleration X" : -0.30071812868118286,
			"Absolute Acceleration Y" : 0.065977662801742554,
			"Absolute Acceleration Z" : -0.052885528653860092,
			"Absolute Velocity X" : -26.51099967956543,
			"Absolute Velocity Y" : 0.060458052903413773,
			"Absolute Velocity Z" : -0.19550436735153198,
			"ActorName" : "TRUCK 04",
			"BoundingBox3D Extent X" : 11.0,
			"BoundingBox3D Extent Y" : 0.28911834955215454,
			"BoundingBox3D Extent Z" : 1.7637734413146973,
			"BoundingBox3D Orientation Quat W" : 0.0021145136561244726,
			"BoundingBox3D Orientation Quat X" : -0.0030870144255459309,
			"BoundingBox3D Orientation Quat Y" : 0.0033060333225876093,
			"BoundingBox3D Orientation Quat Z" : 0.9999881386756897,
			"BoundingBox3D Origin X" : 50.473506927490234,
			"BoundingBox3D Origin Y" : 9.9995355606079102,
			"BoundingBox3D Origin Z" : 2.3285312652587891,
			"ObjectId" : 4,
			"ObjectType" : "TRUCK",
			"Occluded" : 0.0,
			"Relative Acceleration X" : -0.16363215446472168,
			"Relative Acceleration Y" : -0.07195599377155304,
			"Relative Acceleration Z" : -0.84224784374237061,
			"Relative Velocity X" : -53.369716644287109,
			"Relative Velocity Y" : 0.34033310413360596,
			"Relative Velocity Z" : 0.66950500011444092,
			"Truncated" : 0
		},
		{
			"Absolute Acceleration X" : 0.094725921750068665,
			"Absolute Acceleration Y" : 0.51051408052444458,
			"Absolute Acceleration Z" : -0.15031778812408447,
			"Absolute Velocity X" : 32.288326263427734,
			"Absolute Velocity Y" : -0.84936022758483887,
			"Absolute Velocity Z" : -0.43968725204467773,
			"ActorName" : "CAR 06",
			"BoundingBox3D Extent X" : 4.118290901184082,
			"BoundingBox3D Extent Y" : 1.799177885055542,
			"BoundingBox3D Extent Z" : 1.8373260498046875,
			"BoundingBox3D Orientation Quat W" : -0.99986588954925537,
			"BoundingBox3D Orientation Quat X" : 0.0046630012802779675,
			"BoundingBox3D Orientation Quat Y" : -0.0052304789423942566,
			"BoundingBox3D Orientation Quat Z" : 0.014489464461803436,
			"BoundingBox3D Origin X" : 92.995819091796875,
			"BoundingBox3D Origin Y" : 3.6488914489746094,
			"BoundingBox3D Origin Z" : 0.10560888051986694,
			"ObjectId" : 6,
			"ObjectType" : "CAR",
			"Occluded" : 0.0,
			"Relative Acceleration X" : 0.10059068351984024,
			"Relative Acceleration Y" : 0.35199800133705139,
			"Relative Acceleration Z" : 0.25745326280593872,
			"Relative Velocity X" : 5.4539823532104492,
			"Relative Velocity Y" : -0.48332545161247253,
			"Relative Velocity Z" : 0.091925367712974548,
			"Truncated" : 0
		}
	],
	"FrameId" : 15186,
	"Timestamp" : 1676039844048744480,
	"TimestampMiddle" : 1676039844031744480
}