{
	"CapturedObjects" : 
	[
		{
			"Absolute Acceleration X" : 0.47936630249023438,
			"Absolute Acceleration Y" : 0.0044968128204345703,
			"Absolute Acceleration Z" : -0.12085878849029541,
			"Absolute Velocity X" : 31.740917205810547,
			"Absolute Velocity Y" : -0.30998274683952332,
			"Absolute Velocity Z" : -0.34825560450553894,
			"ActorName" : "CAR 00",
			"BoundingBox3D Extent X" : 4.8987493515014648,
			"BoundingBox3D Extent Y" : 2.3346810340881348,
			"BoundingBox3D Extent Z" : 1.7911391258239746,
			"BoundingBox3D Orientation Quat W" : 0.99997639656066895,
			"BoundingBox3D Orientation Quat X" : -0.00326344626955688,
			"BoundingBox3D Orientation Quat Y" : 0.0052504446357488632,
			"BoundingBox3D Orientation Quat Z" : -0.0010122486855834723,
			"BoundingBox3D Origin X" : 14.015202522277832,
			"BoundingBox3D Origin Y" : 3.6293892860412598,
			"BoundingBox3D Origin Z" : 0.70491325855255127,
			"ObjectId" : 0,
			"ObjectType" : "CAR",
			"Occluded" : 0.0,
			"Relative Acceleration X" : 0.62160348892211914,
			"Relative Acceleration Y" : -0.15473014116287231,
			"Relative Acceleration Z" : -0.020792938768863678,
			"Relative Velocity X" : 5.2865104675292969,
			"Relative Velocity Y" : -0.1732630580663681,
			"Relative Velocity Z" : -0.080378204584121704,
			"Truncated" : 0
		},
		{
			"Absolute Acceleration X" : 0.20045852661132812,
			"Absolute Acceleration Y" : -0.10361107438802719,
			"Absolute Acceleration Z" : -0.075648769736289978,
			"Absolute Velocity X" : 29.185420989990234,
			"Absolute Velocity Y" : -0.13436529040336609,
			"Absolute Velocity Z" : -0.25299122929573059,
			"ActorName" : "CAR 01",
			"BoundingBox3D Extent X" : 4.692725658416748,
			"BoundingBox3D Extent Y" : 2.1507890224456787,
			"BoundingBox3D Extent Z" : 1.6784391403198242,
			"BoundingBox3D Orientation Quat W" : 0.99997210502624512,
			"BoundingBox3D Orientation Quat X" : -0.0023369607515633106,
			"BoundingBox3D Orientation Quat Y" : 0.0043530245311558247,
			"BoundingBox3D Orientation Quat Z" : -0.0044457288458943367,
			"BoundingBox3D Origin X" : -8.2210054397583008,
			"BoundingBox3D Origin Y" : 4.0987215042114258,
			"BoundingBox3D Origin Z" : 0.87007057666778564,
			"ObjectId" : 1,
			"ObjectType" : "CAR",
			"Occluded" : 0.0,
			"Relative Acceleration X" : 0.34276080131530762,
			"Relative Acceleration Y" : -0.34530705213546753,
			"Relative Acceleration Z" : -0.0096081364899873734,
			"Relative Velocity X" : 2.7344863414764404,
			"Relative Velocity Y" : 0.16666862368583679,
			"Relative Velocity Z" : 0.0087467636913061142,
			"Truncated" : 0
		},
		{
			"Absolute Acceleration X" : 0.089987143874168396,
			"Absolute Acceleration Y" : 0.12417127192020416,
			"Absolute Acceleration Z" : -0.088684819638729095,
			"Absolute Velocity X" : 26.85089111328125,
			"Absolute Velocity Y" : -0.14675599336624146,
			"Absolute Velocity Z" : -0.38095000386238098,
			"ActorName" : "CAR 02",
			"BoundingBox3D Extent X" : 4.0999999046325684,
			"BoundingBox3D Extent Y" : 1.5961635112762451,
			"BoundingBox3D Extent Z" : 1.4873834848403931,
			"BoundingBox3D Orientation Quat W" : 0.99994397163391113,
			"BoundingBox3D Orientation Quat X" : 0.0019663025159388781,
			"BoundingBox3D Orientation Quat Y" : 0.0068603367544710636,
			"BoundingBox3D Orientation Quat Z" : -0.0070315864868462086,
			"BoundingBox3D Origin X" : 45.381031036376953,
			"BoundingBox3D Origin Y" : -0.057549767196178436,
			"BoundingBox3D Origin Z" : 0.17532499134540558,
			"ObjectId" : 2,
			"ObjectType" : "CAR",
			"Occluded" : 0.0,
			"Relative Acceleration X" : 0.25365808606147766,
			"Relative Acceleration Y" : -0.25041216611862183,
			"Relative Acceleration Z" : -0.066788837313652039,
			"Relative Velocity X" : 0.36996662616729736,
			"Relative Velocity Y" : -0.23691071569919586,
			"Relative Velocity Z" : -0.11267638206481934,
			"Truncated" : 0
		},
		{
			"Absolute Acceleration X" : -0.51756858825683594,
			"Absolute Acceleration Y" : 0.27074083685874939,
			"Absolute Acceleration Z" : -0.026805713772773743,
			"Absolute Velocity X" : 28.897670745849609,
			"Absolute Velocity Y" : -0.42420300841331482,
			"Absolute Velocity Z" : -0.22657598555088043,
			"ActorName" : "CAR 03",
			"BoundingBox3D Extent X" : 4.3168878555297852,
			"BoundingBox3D Extent Y" : 2.1278455257415771,
			"BoundingBox3D Extent Z" : 1.6856460571289062,
			"BoundingBox3D Orientation Quat W" : -0.99997276067733765,
			"BoundingBox3D Orientation Quat X" : 0.00021877117978874594,
			"BoundingBox3D Orientation Quat Y" : -0.0045290617272257805,
			"BoundingBox3D Orientation Quat Z" : 0.0056126909330487251,
			"BoundingBox3D Origin X" : -32.4144287109375,
			"BoundingBox3D Origin Y" : 0.95373839139938354,
			"BoundingBox3D Origin Z" : 1.0322130918502808,
			"ObjectId" : 3,
			"ObjectType" : "CAR",
			"Occluded" : 0.0,
			"Relative Acceleration X" : -0.3636317253112793,
			"Relative Acceleration Y" : -0.08513583242893219,
			"Relative Acceleration Z" : -0.0072907758876681328,
			"Relative Velocity X" : 2.4239780902862549,
			"Relative Velocity Y" : 0.054732810705900192,
			"Relative Velocity Z" : 0.033292047679424286,
			"Truncated" : 0
		},
		{
			"Absolute Acceleration X" : -0.02044677734375,
			"Absolute Acceleration Y" : 0.040446043014526367,
			"Absolute Acceleration Z" : -0.017738640308380127,
			"Absolute Velocity X" : 35.136642456054688,
			"Absolute Velocity Y" : -0.34010142087936401,
			"Absolute Velocity Z" : -0.68671983480453491,
			"ActorName" : "CAR 04",
			"BoundingBox3D Extent X" : 4.0999999046325684,
			"BoundingBox3D Extent Y" : 1.8915352821350098,
			"BoundingBox3D Extent Z" : 1.5626697540283203,
			"BoundingBox3D Orientation Quat W" : 0.999930739402771,
			"BoundingBox3D Orientation Quat X" : -0.0051160436123609543,
			"BoundingBox3D Orientation Quat Y" : 0.0095424577593803406,
			"BoundingBox3D Orientation Quat Z" : -0.0036492305807769299,
			"BoundingBox3D Origin X" : 114.08974456787109,
			"BoundingBox3D Origin Y" : 2.7798943519592285,
			"BoundingBox3D Origin Z" : -1.0650347471237183,
			"ObjectId" : 4,
			"ObjectType" : "CAR",
			"Occluded" : 0.0,
			"Relative Acceleration X" : 0.12601852416992188,
			"Relative Acceleration Y" : 0.32919102907180786,
			"Relative Acceleration Z" : 0.22695928812026978,
			"Relative Velocity X" : 8.676274299621582,
			"Relative Velocity Y" : -0.93769282102584839,
			"Relative Velocity Z" : -0.40129929780960083,
			"Truncated" : 0
		},
		{
			"Absolute Acceleration X" : -0.064966320991516113,
			"Absolute Acceleration Y" : 0.21722514927387238,
			"Absolute Acceleration Z" : 0.076813340187072754,
			"Absolute Velocity X" : 27.165367126464844,
			"Absolute Velocity Y" : -0.22626222670078278,
			"Absolute Velocity Z" : -0.16341263055801392,
			"ActorName" : "CAR 06",
			"BoundingBox3D Extent X" : 4.1132216453552246,
			"BoundingBox3D Extent Y" : 1.745159387588501,
			"BoundingBox3D Extent Z" : 1.3215664625167847,
			"BoundingBox3D Orientation Quat W" : 0.99999374151229858,
			"BoundingBox3D Orientation Quat X" : 0.0005067552556283772,
			"BoundingBox3D Orientation Quat Y" : 0.0018601169576868415,
			"BoundingBox3D Orientation Quat Z" : 0.00048563053132966161,
			"BoundingBox3D Origin X" : -57.637054443359375,
			"BoundingBox3D Origin Y" : 0.48532474040985107,
			"BoundingBox3D Origin Z" : 0.97928506135940552,
			"ObjectId" : 6,
			"ObjectType" : "CAR",
			"Occluded" : 0.0,
			"Relative Acceleration X" : 0.10022416710853577,
			"Relative Acceleration Y" : 0.20030544698238373,
			"Relative Acceleration Z" : -0.10492535680532455,
			"Relative Velocity X" : 0.67347759008407593,
			"Relative Velocity Y" : 0.42734035849571228,
			"Relative Velocity Z" : -0.084678128361701965,
			"Truncated" : 0
		},
		{
			"Absolute Acceleration X" : 0.97922396659851074,
			"Absolute Acceleration Y" : 0.17349694669246674,
			"Absolute Acceleration Z" : 0.34701979160308838,
			"Absolute Velocity X" : -23.871122360229492,
			"Absolute Velocity Y" : 0.39675840735435486,