{
	"CapturedObjects" : 
	[
		{
			"Absolute Acceleration X" : -0.09249114990234375,
			"Absolute Acceleration Y" : 0.1737271249294281,
			"Absolute Acceleration Z" : -0.083270639181137085,
			"Absolute Velocity X" : 32.498203277587891,
			"Absolute Velocity Y" : -0.20405566692352295,
			"Absolute Velocity Z" : -0.54013800621032715,
			"ActorName" : "CAR 00",
			"BoundingBox3D Extent X" : 4.8987493515014648,
			"BoundingBox3D Extent Y" : 2.3346810340881348,
			"BoundingBox3D Extent Z" : 1.7911391258239746,
			"BoundingBox3D Orientation Quat W" : 0.999950110912323,
			"BoundingBox3D Orientation Quat X" : -0.0032708495855331421,
			"BoundingBox3D Orientation Quat Y" : 0.0085787810385227203,
			"BoundingBox3D Orientation Quat Z" : -0.0027424183208495378,
			"BoundingBox3D Origin X" : 26.599071502685547,
			"BoundingBox3D Origin Y" : 3.3757352828979492,
			"BoundingBox3D Origin Z" : 0.47281545400619507,
			"ObjectId" : 0,
			"ObjectType" : "CAR",
			"Occluded" : 0.0,
			"Relative Acceleration X" : -0.046311855316162109,
			"Relative Acceleration Y" : 0.4120887815952301,
			"Relative Acceleration Z" : 0.24346518516540527,
			"Relative Velocity X" : 6.2315821647644043,
			"Relative Velocity Y" : 0.17064155638217926,
			"Relative Velocity Z" : -0.11043724417686462,
			"Truncated" : 0
		},
		{
			"Absolute Acceleration X" : 0.11924552917480469,
			"Absolute Acceleration Y" : 0.084110081195831299,
			"Absolute Acceleration Z" : -0.12880465388298035,
			"Absolute Velocity X" : 29.5889892578125,
			"Absolute Velocity Y" : -0.069266952574253082,
			"Absolute Velocity Z" : -0.35693332552909851,
			"ActorName" : "CAR 01",
			"BoundingBox3D Extent X" : 4.692725658416748,
			"BoundingBox3D Extent Y" : 2.1507890224456787,
			"BoundingBox3D Extent Z" : 1.6784391403198242,
			"BoundingBox3D Orientation Quat W" : 0.99996519088745117,
			"BoundingBox3D Orientation Quat X" : -0.0029961033724248409,
			"BoundingBox3D Orientation Quat Y" : 0.0061377077363431454,
			"BoundingBox3D Orientation Quat Z" : 0.0031942320056259632,
			"BoundingBox3D Origin X" : -1.5991519689559937,
			"BoundingBox3D Origin Y" : 4.0112371444702148,
			"BoundingBox3D Origin Z" : 0.84378856420516968,
			"ObjectId" : 1,
			"ObjectType" : "CAR",
			"Occluded" : 0.0,
			"Relative Acceleration X" : 0.16227531433105469,
			"Relative Acceleration Y" : 0.26603490114212036,
			"Relative Acceleration Z" : -0.057815179228782654,
			"Relative Velocity X" : 3.3173642158508301,
			"Relative Velocity Y" : 0.13667041063308716,
			"Relative Velocity Z" : -0.0068972907029092312,
			"Truncated" : 0
		},
		{
			"Absolute Acceleration X" : -0.30248260498046875,
			"Absolute Acceleration Y" : -0.094712525606155396,
			"Absolute Acceleration Z" : -0.10309816896915436,
			"Absolute Velocity X" : 28.040771484375,
			"Absolute Velocity Y" : -0.036053691059350967,
			"Absolute Velocity Z" : -0.27301555871963501,
			"ActorName" : "CAR 03",
			"BoundingBox3D Extent X" : 4.3168878555297852,
			"BoundingBox3D Extent Y" : 2.1278455257415771,
			"BoundingBox3D Extent Z" : 1.6856460571289062,
			"BoundingBox3D Orientation Quat W" : 0.99997544288635254,
			"BoundingBox3D Orientation Quat X" : 0.0022867152001708746,
			"BoundingBox3D Orientation Quat Y" : 0.0048129083588719368,
			"BoundingBox3D Orientation Quat Z" : -0.0035570885520428419,
			"BoundingBox3D Origin X" : -27.966106414794922,
			"BoundingBox3D Origin Y" : 0.86219322681427002,
			"BoundingBox3D Origin Z" : 1.0980864763259888,
			"ObjectId" : 3,
			"ObjectType" : "CAR",
			"Occluded" : 0.0,
			"Relative Acceleration X" : -0.25862860679626465,
			"Relative Acceleration Y" : 0.046300686895847321,
			"Relative Acceleration Z" : -0.27317434549331665,
			"Relative Velocity X" : 1.7875316143035889,
			"Relative Velocity Y" : 0.012028227560222149,
			"Relative Velocity Z" : -0.0041764294728636742,
			"Truncated" : 0
		},
		{
			"Absolute Acceleration X" : -0.037372589111328125,
			"Absolute Acceleration Y" : -0.00042709708213806152,
			"Absolute Acceleration Z" : 0.12401992082595825,
			"Absolute Velocity X" : 34.867591857910156,
			"Absolute Velocity Y" : -0.15959049761295319,
			"Absolute Velocity Z" : -0.56046158075332642,
			"ActorName" : "CAR 04",
			"BoundingBox3D Extent X" : 4.0999999046325684,
			"BoundingBox3D Extent Y" : 1.8915352821350098,
			"BoundingBox3D Extent Z" : 1.5626697540283203,
			"BoundingBox3D Orientation Quat W" : 0.99995774030685425,
			"BoundingBox3D Orientation Quat X" : -0.0037142611108720303,
			"BoundingBox3D Orientation Quat Y" : 0.0074787689372897148,
			"BoundingBox3D Orientation Quat Z" : -0.0025921652559190989,
			"BoundingBox3D Origin X" : 132.62184143066406,
			"BoundingBox3D Origin Y" : 3.031083345413208,
			"BoundingBox3D Origin Z" : -1.5150249004364014,
			"ObjectId" : 4,
			"ObjectType" : "CAR",
			"Occluded" : 0.0,
			"Relative Acceleration X" : 0.019817352294921875,
			"Relative Acceleration Y" : 0.35972517728805542,
			"Relative Acceleration Z" : 1.3884851932525635,
			"Relative Velocity X" : 8.607365608215332,
			"Relative Velocity Y" : 0.85026764869689941,
			"Relative Velocity Z" : 0.14907293021678925,
			"Truncated" : 0
		},
		{
			"Absolute Acceleration X" : 0.0790557861328125,
			"Absolute Acceleration Y" : -0.052760683000087738,
			"Absolute Acceleration Z" : -0.038031578063964844,
			"Absolute Velocity X" : 26.312128067016602,
			"Absolute Velocity Y" : -0.16103948652744293,
			"Absolute Velocity Z" : -0.45259267091751099,
			"ActorName" : "CAR 13",
			"BoundingBox3D Extent X" : 4.2157607078552246,
			"BoundingBox3D Extent Y" : 1.7754096984863281,
			"BoundingBox3D Extent Z" : 2.0899450778961182,
			"BoundingBox3D Orientation Quat W" : 0.99994570016860962,
			"BoundingBox3D Orientation Quat X" : 0.0054246173240244389,
			"BoundingBox3D Orientation Quat Y" : 0.0082565778866410255,
			"BoundingBox3D Orientation Quat Z" : -0.002132209250703454,
			"BoundingBox3D Origin X" : 72.641021728515625,
			"BoundingBox3D Origin Y" : -0.57098919153213501,
			"BoundingBox3D Origin Z" : -0.16200676560401917,
			"ObjectId" : 13,
			"ObjectType" : "CAR",
			"Occluded" : 0.0,
			"Relative Acceleration X" : 0.13129664957523346,
			"Relative Acceleration Y" : 0.15800344944000244,
			"Relative Acceleration Z" : 0.66749638319015503,
			"Relative Velocity X" : 0.070129342377185822,
			"Relative Velocity Y" : 0.48791214823722839,
			"Relative Velocity Z" : 0.066765494644641876,
			"Truncated" : 0
		}
	],
	"FrameId" : 15030,
	"Timestamp" : 1676039833648710128,
	"TimestampMiddle" : 1676039833631710128
}