{
	"CapturedObjects" : 
	[
		{
			"Absolute Acceleration X" : 0.38047218322753906,
			"Absolute Acceleration Y" : -0.081303909420967102,
			"Absolute Acceleration Z" : -0.072048090398311615,
			"Absolute Velocity X" : 26.507453918457031,
			"Absolute Velocity Y" : -0.26713252067565918,
			"Absolute Velocity Z" : -0.10926748067140579,
			"ActorName" : "CAR 00",
			"BoundingBox3D Extent X" : 4.3256669044494629,
			"BoundingBox3D Extent Y" : 2.2182471752166748,
			"BoundingBox3D Extent Z" : 1.6845625638961792,
			"BoundingBox3D Orientation Quat W" : 0.99995839595794678,
			"BoundingBox3D Orientation Quat X" : 0.0021246264223009348,
			"BoundingBox3D Orientation Quat Y" : 0.0020629947539418936,
			"BoundingBox3D Orientation Quat Z" : -0.0083612166345119476,
			"BoundingBox3D Origin X" : -24.94085693359375,
			"BoundingBox3D Origin Y" : 0.9099164605140686,
			"BoundingBox3D Origin Z" : 0.90450596809387207,
			"ObjectId" : 0,
			"ObjectType" : "CAR",
			"Occluded" : 0.0,
			"Relative Acceleration X" : 0.33301931619644165,
			"Relative Acceleration Y" : -0.12432846426963806,
			"Relative Acceleration Z" : 0.10727789252996445,
			"Relative Velocity X" : -0.4174773097038269,
			"Relative Velocity Y" : -0.063258856534957886,
			"Relative Velocity Z" : 0.025545431300997734,
			"Truncated" : 0
		},
		{
			"Absolute Acceleration X" : 0.45724678039550781,
			"Absolute Acceleration Y" : 0.28291484713554382,
			"Absolute Acceleration Z" : -0.061028599739074707,
			"Absolute Velocity X" : 26.461887359619141,
			"Absolute Velocity Y" : 0.0063526295125484467,
			"Absolute Velocity Z" : -0.31107965111732483,
			"ActorName" : "CAR 01",
			"BoundingBox3D Extent X" : 4.0999999046325684,
			"BoundingBox3D Extent Y" : 1.6430835723876953,
			"BoundingBox3D Extent Z" : 1.4837304353713989,
			"BoundingBox3D Orientation Quat W" : 0.99998140335083008,
			"BoundingBox3D Orientation Quat X" : 0.00018257282499689609,
			"BoundingBox3D Orientation Quat Y" : 0.0055107781663537025,
			"BoundingBox3D Orientation Quat Z" : 0.00073493813397362828,
			"BoundingBox3D Origin X" : 44.853572845458984,
			"BoundingBox3D Origin Y" : 0.35480311512947083,
			"BoundingBox3D Origin Z" : 0.25390860438346863,
			"ObjectId" : 1,
			"ObjectType" : "CAR",
			"Occluded" : 0.0,
			"Relative Acceleration X" : 0.40933755040168762,
			"Relative Acceleration Y" : 0.37355342507362366,
			"Relative Acceleration Z" : -0.068551629781723022,
			"Relative Velocity X" : -0.46120104193687439,
			"Relative Velocity Y" : 0.25559473037719727,
			"Relative Velocity Z" : -0.011113695800304413,
			"Truncated" : 0
		},
		{
			"Absolute Acceleration X" : 0.25646209716796875,
			"Absolute Acceleration Y" : -1.1386029720306396,
			"Absolute Acceleration Z" : 0.1872541755437851,
			"Absolute Velocity X" : -24.585411071777344,
			"Absolute Velocity Y" : 0.5939520001411438,
			"Absolute Velocity Z" : 0.050727915018796921,
			"ActorName" : "CAR 05",
			"BoundingBox3D Extent X" : 7.6262812614440918,
			"BoundingBox3D Extent Y" : 2.7959113121032715,
			"BoundingBox3D Extent Z" : 1.086590051651001,
			"BoundingBox3D Orientation Quat W" : 0.0083515718579292297,
			"BoundingBox3D Orientation Quat X" : 0.00087225600145757198,
			"BoundingBox3D Orientation Quat Y" : -0.00069861725205555558,
			"BoundingBox3D Orientation Quat Z" : 0.99994337558746338,
			"BoundingBox3D Origin X" : -128.21678161621094,
			"BoundingBox3D Origin Y" : 13.843923568725586,
			"BoundingBox3D Origin Z" : 2.1612040996551514,
			"ObjectId" : 5,
			"ObjectType" : "CAR",
			"Occluded" : 0.0,
			"Relative Acceleration X" : 0.1883544921875,
			"Relative Acceleration Y" : -1.3474029302597046,
			"Relative Acceleration Z" : 0.30134901404380798,
			"Relative Velocity X" : -51.521629333496094,
			"Relative Velocity Y" : 0.72794026136398315,
			"Relative Velocity Z" : -0.029436971992254257,
			"Truncated" : 0
		},
		{
			"Absolute Acceleration X" : 0.16762520372867584,
			"Absolute Acceleration Y" : -0.36012285947799683,
			"Absolute Acceleration Z" : -0.081029139459133148,
			"Absolute Velocity X" : 32.9683837890625,
			"Absolute Velocity Y" : -0.84915381669998169,
			"Absolute Velocity Z" : -0.65082055330276489,
			"ActorName" : "CAR 06",
			"BoundingBox3D Extent X" : 4.118290901184082,
			"BoundingBox3D Extent Y" : 1.799177885055542,
			"BoundingBox3D Extent Z" : 1.8373260498046875,
			"BoundingBox3D Orientation Quat W" : -0.99991923570632935,
			"BoundingBox3D Orientation Quat X" : -0.0006312204641290009,
			"BoundingBox3D Orientation Quat Y" : -0.0074465242214500904,
			"BoundingBox3D Orientation Quat Z" : 0.0098923677578568459,
			"BoundingBox3D Origin X" : 112.14358520507812,
			"BoundingBox3D Origin Y" : 2.3994734287261963,
			"BoundingBox3D Origin Z" : -0.64564323425292969,
			"ObjectId" : 6,
			"ObjectType" : "CAR",
			"Occluded" : 0.0,
			"Relative Acceleration X" : 0.12549600005149841,
			"Relative Acceleration Y" : 0.20112632215023041,
			"Relative Acceleration Z" : 1.0502729415893555,
			"Relative Velocity X" : 6.056427001953125,
			"Relative Velocity Y" : -0.56549644470214844,
			"Relative Velocity Z" : -0.094670705497264862,
			"Truncated" : 0
		},
		{
			"Absolute Acceleration X" : 1.2975692749023438,
			"Absolute Acceleration Y" : -0.22824108600616455,
			"Absolute Acceleration Z" : -0.23286899924278259,
			"Absolute Velocity X" : 37.646762847900391,
			"Absolute Velocity Y" : -0.63611078262329102,
			"Absolute Velocity Z" : -0.55810236930847168,
			"ActorName" : "CAR 07",
			"BoundingBox3D Extent X" : 4.2486448287963867,
			"BoundingBox3D Extent Y" : 1.8063856363296509,
			"BoundingBox3D Extent Z" : 2.1072132587432861,
			"BoundingBox3D Orientation Quat W" : 0.99996179342269897,
			"BoundingBox3D Orientation Quat X" : 0.0017856927588582039,
			"BoundingBox3D Orientation Quat Y" : 0.0070769409649074078,
			"BoundingBox3D Orientation Quat Z" : -0.0047164368443191051,
			"BoundingBox3D Origin X" : 69.335029602050781,
			"BoundingBox3D Origin Y" : 3.6717319488525391,
			"BoundingBox3D Origin Z" : 0.26072660088539124,
			"ObjectId" : 7,
			"ObjectType" : "CAR",
			"Occluded" : 0.0,
			"Relative Acceleration X" : 1.24432373046875,
			"Relative Acceleration Y" : -0.095617532730102539,
			"Relative Acceleration Z" : -0.26663738489151001,
			"Relative Velocity X" : 10.721550941467285,
			"Relative Velocity Y" : -0.37090912461280823,
			"Relative Velocity Z" : -0.20012599229812622,
			"Truncated" : 0
		},
		{
			"Absolute Acceleration X" : 0.086332820355892181,
			"Absolute Acceleration Y" : 0.19706331193447113,
			"Absolute Acceleration Z" : -0.064593993127346039,
			"Absolute Velocity X" : 29.621910095214844,
			"Absolute Velocity Y" : -0.57321077585220337,
			"Absolute Velocity Z" : 0.024426640942692757,
			"ActorName" : "CAR 08",
			"BoundingBox3D Extent X" : 4.1717782020568848,
			"BoundingBox3D Extent Y" : 1.7863059043884277,
			"BoundingBox3D Extent Z" : 1.2831528186798096,
			"BoundingBox3D Orientation Quat W" : 0.99997508525848389,
			"BoundingBox3D Orientation Quat X" : -0.00050570594612509012,
			"BoundingBox3D Orientation Quat Y" : 0.0021049755159765482,
			"BoundingBox3D Orientation Quat Z" : -0.0060632936656475067,
			"BoundingBox3D Origin X" : -78.077384948730469,
			"BoundingBox3D Origin Y" : 5.340641975402832,
			"BoundingBox3D Origin Z" : 0.71723806858062744,
			"ObjectId" : 8,
			"ObjectType" : "CAR",
			"Occluded" : 0.0,
			"Relative Acceleration X" : 0.033948037773370743,
			"Relative Acceleration Y" : 0.32740163803100586,
			"Relative Acceleration Z" : 0.13943880796432495,
			"Relative Velocity X" : 2.6845307350158691,
			"Relative Velocity Y" : -0.46987292170524597,
			"Relative Velocity Z" : -0.12683068215847015,
			"Truncated" : 0
		},
		{
			"Absolute Acceleration X" : -0.13289770483970642,
			"Absolute Acceleration Y" : -0.24602407217025757,
			"Absolute Acceleration Z" : -0.2610984742641449,
			"Absolute Velocity X" : -9.6499319076538086,
			"Absolute Velocity Y" : 0.26849347352981567,
			"Absolute Velocity Z" : -0.25458970665931702,