{
	"CapturedObjects" : 
	[
		{
			"Absolute Acceleration X" : -0.050205230712890625,
			"Absolute Acceleration Y" : -0.0518045574426651,
			"Absolute Acceleration Z" : -0.021779611706733704,
			"Absolute Velocity X" : 22.192962646484375,
			"Absolute Velocity Y" : -0.16105256974697113,
			"Absolute Velocity Z" : -0.15919147431850433,
			"ActorName" : "CAR 01",
			"BoundingBox3D Extent X" : 4.9576702117919922,
			"BoundingBox3D Extent Y" : 1.8935643434524536,
			"BoundingBox3D Extent Z" : 1.7944116592407227,
			"BoundingBox3D Orientation Quat W" : 0.99968636035919189,
			"BoundingBox3D Orientation Quat X" : -0.022983934730291367,
			"BoundingBox3D Orientation Quat Y" : 0.0034709305036813021,
			"BoundingBox3D Orientation Quat Z" : -0.009573773480951786,
			"BoundingBox3D Origin X" : 31.172893524169922,
			"BoundingBox3D Origin Y" : 16.265018463134766,
			"BoundingBox3D Origin Z" : 0.5542755126953125,
			"ObjectId" : 1,
			"ObjectType" : "CAR",
			"Occluded" : 0.0,
			"Relative Acceleration X" : 0.37335091829299927,
			"Relative Acceleration Y" : -0.11274068802595139,
			"Relative Acceleration Z" : -0.046742059290409088,
			"Relative Velocity X" : 0.93848240375518799,
			"Relative Velocity Y" : -0.041358251124620438,
			"Relative Velocity Z" : 0.10170058161020279,
			"Truncated" : 0
		},
		{
			"Absolute Acceleration X" : -0.0529327392578125,
			"Absolute Acceleration Y" : 0.036787793040275574,
			"Absolute Acceleration Z" : 0.0080232247710227966,
			"Absolute Velocity X" : 21.110937118530273,
			"Absolute Velocity Y" : -0.18925611674785614,
			"Absolute Velocity Z" : -0.10826778411865234,
			"ActorName" : "CAR 04",
			"BoundingBox3D Extent X" : 4.2017726898193359,
			"BoundingBox3D Extent Y" : 1.6525812149047852,
			"BoundingBox3D Extent Z" : 1.5048118829727173,
			"BoundingBox3D Orientation Quat W" : 0.99996781349182129,
			"BoundingBox3D Orientation Quat X" : -0.00040388188790529966,
			"BoundingBox3D Orientation Quat Y" : 0.0020062860567122698,
			"BoundingBox3D Orientation Quat Z" : -0.0065488610416650772,
			"BoundingBox3D Origin X" : 27.697999954223633,
			"BoundingBox3D Origin Y" : 0.31479951739311218,
			"BoundingBox3D Origin Z" : 0.51190680265426636,
			"ObjectId" : 4,
			"ObjectType" : "CAR",
			"Occluded" : 0.0,
			"Relative Acceleration X" : 0.37854146957397461,
			"Relative Acceleration Y" : -0.020247768610715866,
			"Relative Acceleration Z" : 0.053430311381816864,
			"Relative Velocity X" : -0.19275619089603424,
			"Relative Velocity Y" : -0.059002794325351715,
			"Relative Velocity Z" : 0.024851789698004723,
			"Truncated" : 0
		},
		{
			"Absolute Acceleration X" : 0.33152580261230469,
			"Absolute Acceleration Y" : 0.090137004852294922,
			"Absolute Acceleration Z" : -0.031656190752983093,
			"Absolute Velocity X" : 23.952550888061523,
			"Absolute Velocity Y" : -0.64823240041732788,
			"Absolute Velocity Z" : -0.20041452348232269,
			"ActorName" : "TRUCK 06",
			"BoundingBox3D Extent X" : 11.0,
			"BoundingBox3D Extent Y" : 2.2770223617553711,
			"BoundingBox3D Extent Z" : 2.3187522888183594,
			"BoundingBox3D Orientation Quat W" : -0.99964439868927002,
			"BoundingBox3D Orientation Quat X" : 0.02367575466632843,
			"BoundingBox3D Orientation Quat Y" : -0.0045579182915389538,
			"BoundingBox3D Orientation Quat Z" : 0.010961262509226799,
			"BoundingBox3D Origin X" : -51.192836761474609,
			"BoundingBox3D Origin Y" : 18.218734741210938,
			"BoundingBox3D Origin Z" : 1.4082767963409424,
			"ObjectId" : 6,
			"ObjectType" : "TRUCK",
			"Occluded" : 0.0,
			"Relative Acceleration X" : 0.74980258941650391,
			"Relative Acceleration Y" : -0.015867322683334351,
			"Relative Acceleration Z" : -0.3403700590133667,
			"Relative Velocity X" : 2.7051808834075928,
			"Relative Velocity Y" : -0.27892881631851196,
			"Relative Velocity Z" : 0.20022687315940857,
			"Truncated" : 0
		},
		{
			"Absolute Acceleration X" : -0.58135032653808594,
			"Absolute Acceleration Y" : -0.0007101893424987793,
			"Absolute Acceleration Z" : -0.049437984824180603,
			"Absolute Velocity X" : 23.474355697631836,
			"Absolute Velocity Y" : -0.34363320469856262,
			"Absolute Velocity Z" : -0.20582152903079987,
			"ActorName" : "TRUCK 09",
			"BoundingBox3D Extent X" : 11.0,
			"BoundingBox3D Extent Y" : 0.74468886852264404,
			"BoundingBox3D Extent Z" : 3.1286568641662598,
			"BoundingBox3D Orientation Quat W" : 0.99985784292221069,
			"BoundingBox3D Orientation Quat X" : -0.0095472000539302826,
			"BoundingBox3D Orientation Quat Y" : 0.0054537286050617695,
			"BoundingBox3D Orientation Quat Z" : -0.0058651342988014221,
			"BoundingBox3D Origin X" : 67.782028198242188,
			"BoundingBox3D Origin Y" : 14.879178047180176,
			"BoundingBox3D Origin Z" : 0.97647684812545776,
			"ObjectId" : 9,
			"ObjectType" : "TRUCK",
			"Occluded" : 0.0,
			"Relative Acceleration X" : -0.15950286388397217,
			"Relative Acceleration Y" : -0.045992463827133179,
			"Relative Acceleration Z" : 0.052067242562770844,
			"Relative Velocity X" : 2.2166914939880371,
			"Relative Velocity Y" : -0.34032180905342102,
			"Relative Velocity Z" : -0.0038600917905569077,
			"Truncated" : 0
		},
		{
			"Absolute Acceleration X" : -0.13968467712402344,
			"Absolute Acceleration Y" : 0.17721951007843018,
			"Absolute Acceleration Z" : -0.026181817054748535,
			"Absolute Velocity X" : 26.045289993286133,
			"Absolute Velocity Y" : -1.5277689695358276,
			"Absolute Velocity Z" : -0.17767789959907532,
			"ActorName" : "CAR 12",
			"BoundingBox3D Extent X" : 4.0999999046325684,
			"BoundingBox3D Extent Y" : 1.973698616027832,
			"BoundingBox3D Extent Z" : 0.78355199098587036,
			"BoundingBox3D Orientation Quat W" : -0.99956691265106201,
			"BoundingBox3D Orientation Quat X" : -0.0014725535875186324,
			"BoundingBox3D Orientation Quat Y" : -0.0028457394801080227,
			"BoundingBox3D Orientation Quat Z" : 0.029144950211048126,
			"BoundingBox3D Origin X" : -154.4085693359375,
			"BoundingBox3D Origin Y" : 5.4012055397033691,
			"BoundingBox3D Origin Z" : 1.5084598064422607,
			"ObjectId" : 12,
			"ObjectType" : "CAR",
			"Occluded" : 0.0,
			"Relative Acceleration X" : 0.28127479553222656,
			"Relative Acceleration Y" : 0.0088635087013244629,
			"Relative Acceleration Z" : -0.61440736055374146,
			"Relative Velocity X" : 4.7583765983581543,
			"Relative Velocity Y" : -0.83759903907775879,
			"Relative Velocity Z" : 0.27430957555770874,
			"Truncated" : 0
		},
		{
			"Absolute Acceleration X" : 0.019887924194335938,
			"Absolute Acceleration Y" : 0.053686141967773438,
			"Absolute Acceleration Z" : 0.039379008114337921,
			"Absolute Velocity X" : 21.181735992431641,
			"Absolute Velocity Y" : -0.30620589852333069,
			"Absolute Velocity Z" : -0.11461281031370163,
			"ActorName" : "CAR 24",
			"BoundingBox3D Extent X" : 4.0999999046325684,
			"BoundingBox3D Extent Y" : 1.2091541290283203,
			"BoundingBox3D Extent Z" : 1.6158829927444458,
			"BoundingBox3D Orientation Quat W" : -0.99995046854019165,
			"BoundingBox3D Orientation Quat X" : 0.0052519156597554684,
			"BoundingBox3D Orientation Quat Y" : -0.002954831114038825,
			"BoundingBox3D Orientation Quat Z" : 0.0076730563305318356,
			"BoundingBox3D Origin X" : 67.151069641113281,
			"BoundingBox3D Origin Y" : -0.8777891993522644,
			"BoundingBox3D Origin Z" : 0.33944335579872131,
			"ObjectId" : 24,
			"ObjectType" : "CAR",
			"Occluded" : 0.0,
			"Relative Acceleration X" : 0.45185250043869019,
			"Relative Acceleration Y" : 0.015579357743263245,
			"Relative Acceleration Z" : 0.22114837169647217,
			"Relative Velocity X" : -0.12563627958297729,
			"Relative Velocity Y" : -0.29705098271369934,
			"Relative Velocity Z" : -0.047339517623186111,
			"Truncated" : 0
		},
		{
			"Absolute Acceleration X" : 4.0209674835205078,
			"Absolute Acceleration Y" : -0.12093386799097061,
			"Absolute Acceleration Z" : 0.055057521909475327,
			"Absolute Velocity X" : -19.288965225219727,
			"Absolute Velocity Y" : 0.22123910486698151,