{
	"CapturedObjects" : 
	[
		{
			"Absolute Acceleration X" : -0.18825855851173401,
			"Absolute Acceleration Y" : 0.039999891072511673,
			"Absolute Acceleration Z" : 0.021833557635545731,
			"Absolute Velocity X" : 31.335554122924805,
			"Absolute Velocity Y" : 0.11360335350036621,
			"Absolute Velocity Z" : -0.29744946956634521,
			"ActorName" : "TRUCK 00",
			"BoundingBox3D Extent X" : 11.0,
			"BoundingBox3D Extent Y" : 2.6347408294677734,
			"BoundingBox3D Extent Z" : 3.0569512844085693,
			"BoundingBox3D Orientation Quat W" : 0.99998456239700317,
			"BoundingBox3D Orientation Quat X" : -0.0011821363586932421,
			"BoundingBox3D Orientation Quat Y" : 0.0049528186209499836,
			"BoundingBox3D Orientation Quat Z" : 0.0016785714542493224,
			"BoundingBox3D Origin X" : 11.84394359588623,
			"BoundingBox3D Origin Y" : 6.886176586151123,
			"BoundingBox3D Origin Z" : 1.3612362146377563,
			"ObjectId" : 0,
			"ObjectType" : "TRUCK",
			"Occluded" : 0.0,
			"Relative Acceleration X" : -0.084589667618274689,
			"Relative Acceleration Y" : -0.44688394665718079,
			"Relative Acceleration Z" : 0.096218287944793701,
			"Relative Velocity X" : 9.8099851608276367,
			"Relative Velocity Y" : 0.23228086531162262,
			"Relative Velocity Z" : -0.14063988626003265,
			"Truncated" : 0
		},
		{
			"Absolute Acceleration X" : 0.0071520800702273846,
			"Absolute Acceleration Y" : -0.1102999746799469,
			"Absolute Acceleration Z" : -0.043728820979595184,
			"Absolute Velocity X" : 30.327009201049805,
			"Absolute Velocity Y" : 0.16008284687995911,
			"Absolute Velocity Z" : -0.24423062801361084,
			"ActorName" : "CAR 01",
			"BoundingBox3D Extent X" : 4.0999999046325684,
			"BoundingBox3D Extent Y" : 2.0434176921844482,
			"BoundingBox3D Extent Z" : 1.7555222511291504,
			"BoundingBox3D Orientation Quat W" : 0.9999811053276062,
			"BoundingBox3D Orientation Quat X" : -0.00072533183265477419,
			"BoundingBox3D Orientation Quat Y" : 0.0034385866019874811,
			"BoundingBox3D Orientation Quat Z" : 0.0026345234364271164,
			"BoundingBox3D Origin X" : -25.041454315185547,
			"BoundingBox3D Origin Y" : 6.9583902359008789,
			"BoundingBox3D Origin Z" : 1.0351402759552002,
			"ObjectId" : 1,
			"ObjectType" : "CAR",
			"Occluded" : 0.0,
			"Relative Acceleration X" : 0.11510438472032547,
			"Relative Acceleration Y" : -0.083551153540611267,
			"Relative Acceleration Z" : 0.038370192050933838,
			"Relative Velocity X" : 8.8010377883911133,
			"Relative Velocity Y" : 0.20057624578475952,
			"Relative Velocity Z" : -0.089693889021873474,
			"Truncated" : 0
		},
		{
			"Absolute Acceleration X" : 0.99958330392837524,
			"Absolute Acceleration Y" : -0.27774018049240112,
			"Absolute Acceleration Z" : 0.08318878710269928,
			"Absolute Velocity X" : -33.563972473144531,
			"Absolute Velocity Y" : -0.011267652735114098,
			"Absolute Velocity Z" : 0.23198084533214569,
			"ActorName" : "CAR 02",
			"BoundingBox3D Extent X" : 4.0999999046325684,
			"BoundingBox3D Extent Y" : 0.92359977960586548,
			"BoundingBox3D Extent Z" : 1.8867495059967041,
			"BoundingBox3D Orientation Quat W" : 0.008264307864010334,
			"BoundingBox3D Orientation Quat X" : 0.002197295892983675,
			"BoundingBox3D Orientation Quat Y" : 0.027258455753326416,
			"BoundingBox3D Orientation Quat Z" : 0.99956506490707397,
			"BoundingBox3D Origin X" : -26.9576416015625,
			"BoundingBox3D Origin Y" : 13.311443328857422,
			"BoundingBox3D Origin Z" : 0.93191152811050415,
			"ObjectId" : 2,
			"ObjectType" : "CAR",
			"Occluded" : 0.0,
			"Relative Acceleration X" : 1.1968802213668823,
			"Relative Acceleration Y" : 0.75513660907745361,
			"Relative Acceleration Z" : -0.1183188259601593,
			"Relative Velocity X" : -55.102939605712891,
			"Relative Velocity Y" : 0.39369449019432068,
			"Relative Velocity Z" : 0.28557774424552917,
			"Truncated" : 0
		},
		{
			"Absolute Acceleration X" : -0.20546287298202515,
			"Absolute Acceleration Y" : -0.55920076370239258,
			"Absolute Acceleration Z" : 0.15621139109134674,
			"Absolute Velocity X" : 24.350345611572266,
			"Absolute Velocity Y" : 0.39736306667327881,
			"Absolute Velocity Z" : -0.44234269857406616,
			"ActorName" : "CAR 03",
			"BoundingBox3D Extent X" : 4.0999999046325684,
			"BoundingBox3D Extent Y" : 2.3583855628967285,
			"BoundingBox3D Extent Z" : 1.9576709270477295,
			"BoundingBox3D Orientation Quat W" : 0.9999271035194397,
			"BoundingBox3D Orientation Quat X" : -0.0010541878873482347,
			"BoundingBox3D Orientation Quat Y" : 0.0085134189575910568,
			"BoundingBox3D Orientation Quat Z" : 0.0048058470711112022,
			"BoundingBox3D Origin X" : -146.254638671875,
			"BoundingBox3D Origin Y" : 2.9060933589935303,
			"BoundingBox3D Origin Z" : 2.1651706695556641,
			"ObjectId" : 3,
			"ObjectType" : "CAR",
			"Occluded" : 0.0,
			"Relative Acceleration X" : -0.14026124775409698,
			"Relative Acceleration Y" : 1.1934136152267456,
			"Relative Acceleration Z" : 0.21945776045322418,
			"Relative Velocity X" : 2.8336570262908936,
			"Relative Velocity Y" : 0.21258772909641266,
			"Relative Velocity Z" : -0.26395907998085022,
			"Truncated" : 0
		},
		{
			"Absolute Acceleration X" : -0.11661747097969055,
			"Absolute Acceleration Y" : 0.073118939995765686,
			"Absolute Acceleration Z" : 0.00057737150928005576,
			"Absolute Velocity X" : 32.120128631591797,
			"Absolute Velocity Y" : 0.24038399755954742,
			"Absolute Velocity Z" : -0.28174066543579102,
			"ActorName" : "CAR 04",
			"BoundingBox3D Extent X" : 4.0999999046325684,
			"BoundingBox3D Extent Y" : 1.6868230104446411,
			"BoundingBox3D Extent Z" : 1.6394811868667603,
			"BoundingBox3D Orientation Quat W" : 0.99996715784072876,
			"BoundingBox3D Orientation Quat X" : -0.0031783776357769966,
			"BoundingBox3D Orientation Quat Y" : 0.0049080885946750641,
			"BoundingBox3D Orientation Quat Z" : 0.0053753159008920193,
			"BoundingBox3D Origin X" : 86.202598571777344,
			"BoundingBox3D Origin Y" : 7.1315717697143555,
			"BoundingBox3D Origin Z" : -0.008039192296564579,
			"ObjectId" : 4,
			"ObjectType" : "CAR",
			"Occluded" : 0.0,
			"Relative Acceleration X" : -0.016325108706951141,
			"Relative Acceleration Y" : -1.4201010465621948,
			"Relative Acceleration Z" : 0.065100245177745819,
			"Relative Velocity X" : 10.595527648925781,
			"Relative Velocity Y" : 0.50908207893371582,
			"Relative Velocity Z" : -0.12510101497173309,
			"Truncated" : 0
		},
		{
			"Absolute Acceleration X" : 0.15189482271671295,
			"Absolute Acceleration Y" : 0.19150413572788239,
			"Absolute Acceleration Z" : -0.0021488398779183626,
			"Absolute Velocity X" : 31.805017471313477,
			"Absolute Velocity Y" : 0.099713429808616638,
			"Absolute Velocity Z" : -0.28012129664421082,
			"ActorName" : "CAR 05",
			"BoundingBox3D Extent X" : 4.0999999046325684,
			"BoundingBox3D Extent Y" : 1.8871970176696777,
			"BoundingBox3D Extent Z" : 1.9245541095733643,
			"BoundingBox3D Orientation Quat W" : 0.99997073411941528,
			"BoundingBox3D Orientation Quat X" : -0.0046119107864797115,
			"BoundingBox3D Orientation Quat Y" : 0.0042553190141916275,
			"BoundingBox3D Orientation Quat Z" : 0.0012055924162268639,
			"BoundingBox3D Origin X" : 140.46694946289062,
			"BoundingBox3D Origin Y" : 7.6095132827758789,
			"BoundingBox3D Origin Z" : -0.33934950828552246,
			"ObjectId" : 5,
			"ObjectType" : "CAR",
			"Occluded" : 0.0,
			"Relative Acceleration X" : 0.25214517116546631,
			"Relative Acceleration Y" : -2.0307955741882324,
			"Relative Acceleration Z" : 0.05858895555138588,
			"Relative Velocity X" : 10.279091835021973,
			"Relative Velocity Y" : 0.48780333995819092,
			"Relative Velocity Z" : -0.12654285132884979,
			"Truncated" : 0
		},
		{
			"Absolute Acceleration X" : -0.023142114281654358,
			"Absolute Acceleration Y" : 0.22833308577537537,
			"Absolute Acceleration Z" : 0.022176671773195267,
			"Absolute Velocity X" : 25.086904525756836,
			"Absolute Velocity Y" : -0.019693901762366295,
			"Absolute Velocity Z" : -0.23233900964260101,