{
	"CapturedObjects" : 
	[
		{
			"Absolute Acceleration X" : -0.53967857360839844,
			"Absolute Acceleration Y" : -0.50858867168426514,
			"Absolute Acceleration Z" : -0.010909058153629303,
			"Absolute Velocity X" : 17.579713821411133,
			"Absolute Velocity Y" : -0.8331032395362854,
			"Absolute Velocity Z" : -0.079243011772632599,
			"ActorName" : "CAR 03",
			"BoundingBox3D Extent X" : 4.2844457626342773,
			"BoundingBox3D Extent Y" : 2.0036630630493164,
			"BoundingBox3D Extent Z" : 1.5117292404174805,
			"BoundingBox3D Orientation Quat W" : -0.9998009204864502,
			"BoundingBox3D Orientation Quat X" : -0.0013443497009575367,
			"BoundingBox3D Orientation Quat Y" : -0.0028374632820487022,
			"BoundingBox3D Orientation Quat Z" : 0.019409291446208954,
			"BoundingBox3D Origin X" : -14.30476188659668,
			"BoundingBox3D Origin Y" : 2.2680115699768066,
			"BoundingBox3D Origin Z" : 0.7685772180557251,
			"ObjectId" : 3,
			"ObjectType" : "CAR",
			"Occluded" : 0.0,
			"Relative Acceleration X" : -0.16158443689346313,
			"Relative Acceleration Y" : -1.7769834995269775,
			"Relative Acceleration Z" : 0.0058951238170266151,
			"Relative Velocity X" : 1.101468563079834,
			"Relative Velocity Y" : 0.13131079077720642,
			"Relative Velocity Z" : -0.027483606711030006,
			"Truncated" : 0
		},
		{
			"Absolute Acceleration X" : -0.68196487426757812,
			"Absolute Acceleration Y" : 0.1255979984998703,
			"Absolute Acceleration Z" : -0.055781729519367218,
			"Absolute Velocity X" : 19.106874465942383,
			"Absolute Velocity Y" : 0.33122166991233826,
			"Absolute Velocity Z" : -0.14651592075824738,
			"ActorName" : "CAR 07",
			"BoundingBox3D Extent X" : 4.1126194000244141,
			"BoundingBox3D Extent Y" : 1.693389892578125,
			"BoundingBox3D Extent Z" : 1.4968762397766113,
			"BoundingBox3D Orientation Quat W" : 0.99997550249099731,
			"BoundingBox3D Orientation Quat X" : -0.0043215625919401646,
			"BoundingBox3D Orientation Quat Y" : 0.0029813863802701235,
			"BoundingBox3D Orientation Quat Z" : 0.0026268803048878908,
			"BoundingBox3D Origin X" : 40.828067779541016,
			"BoundingBox3D Origin Y" : 0.36840599775314331,
			"BoundingBox3D Origin Z" : 0.44014725089073181,
			"ObjectId" : 7,
			"ObjectType" : "CAR",
			"Occluded" : 0.0,
			"Relative Acceleration X" : -0.27396750450134277,
			"Relative Acceleration Y" : 0.34477341175079346,
			"Relative Acceleration Z" : 0.091255262494087219,
			"Relative Velocity X" : 2.5508964061737061,
			"Relative Velocity Y" : -1.3770748376846313,
			"Relative Velocity Z" : 0.11975659430027008,
			"Truncated" : 0
		},
		{
			"Absolute Acceleration X" : 0.41653823852539062,
			"Absolute Acceleration Y" : -0.13879415392875671,
			"Absolute Acceleration Z" : -0.015880048274993896,
			"Absolute Velocity X" : 20.455188751220703,
			"Absolute Velocity Y" : 0.30515360832214355,
			"Absolute Velocity Z" : -0.21704331040382385,
			"ActorName" : "CAR 21",
			"BoundingBox3D Extent X" : 4.1060667037963867,
			"BoundingBox3D Extent Y" : 1.8591775894165039,
			"BoundingBox3D Extent Z" : 1.6200253963470459,
			"BoundingBox3D Orientation Quat W" : 0.9999229907989502,
			"BoundingBox3D Orientation Quat X" : -0.0058824867010116577,
			"BoundingBox3D Orientation Quat Y" : 0.0054724155925214291,
			"BoundingBox3D Orientation Quat Z" : 0.0075480476953089237,
			"BoundingBox3D Origin X" : 66.460647583007812,
			"BoundingBox3D Origin Y" : 4.2919998168945312,
			"BoundingBox3D Origin Z" : 0.20797498524188995,
			"ObjectId" : 21,
			"ObjectType" : "CAR",
			"Occluded" : 0.0,
			"Relative Acceleration X" : 0.68552184104919434,
			"Relative Acceleration Y" : 0.72435641288757324,
			"Relative Acceleration Z" : 0.24950847029685974,
			"Relative Velocity X" : 4.0994148254394531,
			"Relative Velocity Y" : -2.6469225883483887,
			"Relative Velocity Z" : 0.1827571839094162,
			"Truncated" : 0
		},
		{
			"Absolute Acceleration X" : -0.22681617736816406,
			"Absolute Acceleration Y" : 0.69122982025146484,
			"Absolute Acceleration Z" : -0.75838083028793335,
			"Absolute Velocity X" : 22.782352447509766,
			"Absolute Velocity Y" : 0.81289207935333252,
			"Absolute Velocity Z" : -0.67006242275238037,
			"ActorName" : "CAR 22",
			"BoundingBox3D Extent X" : 5.1646766662597656,
			"BoundingBox3D Extent Y" : 3.4275400638580322,
			"BoundingBox3D Extent Z" : 3.260582447052002,
			"BoundingBox3D Orientation Quat W" : 0.99967211484909058,
			"BoundingBox3D Orientation Quat X" : -0.0024261667858809233,
			"BoundingBox3D Orientation Quat Y" : 0.014472826384007931,
			"BoundingBox3D Orientation Quat Z" : 0.014140996150672436,
			"BoundingBox3D Origin X" : 132.43989562988281,
			"BoundingBox3D Origin Y" : 18.228836059570312,
			"BoundingBox3D Origin Z" : 0.72923171520233154,
			"ObjectId" : 22,
			"ObjectType" : "CAR",
			"Occluded" : 0.0,
			"Relative Acceleration X" : -0.43927621841430664,
			"Relative Acceleration Y" : 3.2626020908355713,
			"Relative Acceleration Z" : -0.1446576714515686,
			"Relative Velocity X" : 7.1266994476318359,
			"Relative Velocity Y" : -5.3295392990112305,
			"Relative Velocity Z" : 0.10295381397008896,
			"Truncated" : 0
		},
		{
			"Absolute Acceleration X" : -0.098035812377929688,
			"Absolute Acceleration Y" : 0.34353679418563843,
			"Absolute Acceleration Z" : -0.1849386990070343,
			"Absolute Velocity X" : 26.011507034301758,
			"Absolute Velocity Y" : 1.1596888303756714,
			"Absolute Velocity Z" : -0.4513058066368103,
			"ActorName" : "TRUCK 26",
			"BoundingBox3D Extent X" : 11.0,
			"BoundingBox3D Extent Y" : 3.2488958835601807,
			"BoundingBox3D Extent Z" : 4.1303305625915527,
			"BoundingBox3D Orientation Quat W" : 0.99977082014083862,
			"BoundingBox3D Orientation Quat X" : -0.0037657096982002258,
			"BoundingBox3D Orientation Quat Y" : 0.0016360814915969968,
			"BoundingBox3D Orientation Quat Z" : 0.020678846165537834,
			"BoundingBox3D Origin X" : 130.46086120605469,
			"BoundingBox3D Origin Y" : 22.017345428466797,
			"BoundingBox3D Origin Z" : 0.9171295166015625,
			"ObjectId" : 26,
			"ObjectType" : "TRUCK",
			"Occluded" : 0.0,
			"Relative Acceleration X" : -0.39299583435058594,
			"Relative Acceleration Y" : 2.6204698085784912,
			"Relative Acceleration Z" : 0.48059803247451782,
			"Relative Velocity X" : 10.531561851501465,
			"Relative Velocity Y" : -4.8686332702636719,
			"Relative Velocity Z" : 0.33767116069793701,
			"Truncated" : 0
		},
		{
			"Absolute Acceleration X" : -0.36520576477050781,
			"Absolute Acceleration Y" : -0.31615301966667175,
			"Absolute Acceleration Z" : -0.11909627914428711,
			"Absolute Velocity X" : 19.171693801879883,
			"Absolute Velocity Y" : 0.17969723045825958,
			"Absolute Velocity Z" : -0.059700768440961838,
			"ActorName" : "CAR 39",
			"BoundingBox3D Extent X" : 4.139188289642334,
			"BoundingBox3D Extent Y" : 1.8111178874969482,
			"BoundingBox3D Extent Z" : 1.2038553953170776,
			"BoundingBox3D Orientation Quat W" : 0.99997228384017944,
			"BoundingBox3D Orientation Quat X" : 0.00364723801612854,
			"BoundingBox3D Orientation Quat Y" : 0.0010824860073626041,
			"BoundingBox3D Orientation Quat Z" : 0.0050109634175896645,
			"BoundingBox3D Origin X" : -69.166549682617188,
			"BoundingBox3D Origin Y" : 1.6637254953384399,
			"BoundingBox3D Origin Z" : 0.72965764999389648,
			"ObjectId" : 39,
			"ObjectType" : "CAR",
			"Occluded" : 0.0,
			"Relative Acceleration X" : 0.17493271827697754,
			"Relative Acceleration Y" : -3.2739272117614746,
			"Relative Acceleration Z" : -0.23940590023994446,
			"Relative Velocity X" : 2.6432235240936279,
			"Relative Velocity Y" : 3.8231470584869385,
			"Relative Velocity Z" : -0.23785951733589172,
			"Truncated" : 0
		},
		{
			"Absolute Acceleration X" : -0.11210589110851288,
			"Absolute Acceleration Y" : 0.15284763276576996,
			"Absolute Acceleration Z" : -0.053468838334083557,
			"Absolute Velocity X" : -23.415275573730469,
			"Absolute Velocity Y" : 0.22654321789741516,
			"Absolute Velocity Z" : -0.10755591094493866,
			"ActorName" : "TRUCK 41",