{
	"CapturedObjects" : 
	[
		{
			"Absolute Acceleration X" : -0.0423431396484375,
			"Absolute Acceleration Y" : -0.96226668357849121,
			"Absolute Acceleration Z" : 0.13568763434886932,
			"Absolute Velocity X" : 25.29850959777832,
			"Absolute Velocity Y" : -0.95214265584945679,
			"Absolute Velocity Z" : -0.16757465898990631,
			"ActorName" : "TRUCK 00",
			"BoundingBox3D Extent X" : 11.0,
			"BoundingBox3D Extent Y" : 2.7633500099182129,
			"BoundingBox3D Extent Z" : 3.5429394245147705,
			"BoundingBox3D Orientation Quat W" : -0.99986046552658081,
			"BoundingBox3D Orientation Quat X" : -0.00048776640323922038,
			"BoundingBox3D Orientation Quat Y" : -0.0024011584464460611,
			"BoundingBox3D Orientation Quat Z" : 0.016552584245800972,
			"BoundingBox3D Origin X" : 16.032163619995117,
			"BoundingBox3D Origin Y" : -3.789320707321167,
			"BoundingBox3D Origin Z" : 1.5776667594909668,
			"ObjectId" : 0,
			"ObjectType" : "TRUCK",
			"Occluded" : 0.0,
			"Relative Acceleration X" : 0.14929890632629395,
			"Relative Acceleration Y" : 0.10498186200857162,
			"Relative Acceleration Z" : -0.0058441674336791039,
			"Relative Velocity X" : -1.9590862989425659,
			"Relative Velocity Y" : -0.084144674241542816,
			"Relative Velocity Z" : 0.0085011422634124756,
			"Truncated" : 0
		},
		{
			"Absolute Acceleration X" : 0.086559295654296875,
			"Absolute Acceleration Y" : -1.1934601068496704,
			"Absolute Acceleration Z" : 0.11254069209098816,
			"Absolute Velocity X" : 27.56805419921875,
			"Absolute Velocity Y" : 0.59407275915145874,
			"Absolute Velocity Z" : -0.32211759686470032,
			"ActorName" : "CAR 01",
			"BoundingBox3D Extent X" : 4.303131103515625,
			"BoundingBox3D Extent Y" : 2.0774104595184326,
			"BoundingBox3D Extent Z" : 1.457223653793335,
			"BoundingBox3D Orientation Quat W" : 0.99992948770523071,
			"BoundingBox3D Orientation Quat X" : 0.004768061451613903,
			"BoundingBox3D Orientation Quat Y" : 0.0051945364102721214,
			"BoundingBox3D Orientation Quat Z" : 0.009280824102461338,
			"BoundingBox3D Origin X" : -18.363418579101562,
			"BoundingBox3D Origin Y" : -0.39954110980033875,
			"BoundingBox3D Origin Z" : 0.86777746677398682,
			"ObjectId" : 1,
			"ObjectType" : "CAR",
			"Occluded" : 0.0,
			"Relative Acceleration X" : 0.193646639585495,
			"Relative Acceleration Y" : -0.07480265200138092,
			"Relative Acceleration Z" : 0.034611225128173828,
			"Relative Velocity X" : 0.15974321961402893,
			"Relative Velocity Y" : -0.03613237664103508,
			"Relative Velocity Z" : 0.01723005436360836,
			"Truncated" : 0
		},
		{
			"Absolute Acceleration X" : -0.33030891418457031,
			"Absolute Acceleration Y" : -1.0823546648025513,
			"Absolute Acceleration Z" : 0.11788162589073181,
			"Absolute Velocity X" : 27.842748641967773,
			"Absolute Velocity Y" : -2.4644792079925537,
			"Absolute Velocity Z" : -0.02365739643573761,
			"ActorName" : "CAR 02",
			"BoundingBox3D Extent X" : 4.4205107688903809,
			"BoundingBox3D Extent Y" : 1.9659700393676758,
			"BoundingBox3D Extent Z" : 2.0693130493164062,
			"BoundingBox3D Orientation Quat W" : -0.99901580810546875,
			"BoundingBox3D Orientation Quat X" : 0.0015358664095401764,
			"BoundingBox3D Orientation Quat Y" : -0.00032882665982469916,
			"BoundingBox3D Orientation Quat Z" : 0.044341091066598892,
			"BoundingBox3D Origin X" : 45.125392913818359,
			"BoundingBox3D Origin Y" : -5.4242734909057617,
			"BoundingBox3D Origin Z" : 0.76360350847244263,
			"ObjectId" : 2,
			"ObjectType" : "CAR",
			"Occluded" : 0.0,
			"Relative Acceleration X" : -0.053622782230377197,
			"Relative Acceleration Y" : 0.3367333710193634,
			"Relative Acceleration Z" : -0.11602291464805603,
			"Relative Velocity X" : 0.65314441919326782,
			"Relative Velocity Y" : -0.32084187865257263,
			"Relative Velocity Z" : 0.023239878937602043,
			"Truncated" : 0
		},
		{
			"Absolute Acceleration X" : 0.086095809936523438,
			"Absolute Acceleration Y" : -1.52628493309021,
			"Absolute Acceleration Z" : 0.1592082679271698,
			"Absolute Velocity X" : 31.033390045166016,
			"Absolute Velocity Y" : 2.2589576244354248,
			"Absolute Velocity Z" : -0.49984019994735718,
			"ActorName" : "CAR 05",
			"BoundingBox3D Extent X" : 4.2242927551269531,
			"BoundingBox3D Extent Y" : 2.1238579750061035,
			"BoundingBox3D Extent Z" : 1.4662171602249146,
			"BoundingBox3D Orientation Quat W" : 0.99928480386734009,
			"BoundingBox3D Orientation Quat X" : 0.0038364988286048174,
			"BoundingBox3D Orientation Quat Y" : 0.0080707697197794914,
			"BoundingBox3D Orientation Quat Z" : 0.03661675751209259,
			"BoundingBox3D Origin X" : -43.42041015625,
			"BoundingBox3D Origin Y" : -8.3633394241333008,
			"BoundingBox3D Origin Z" : 1.1469168663024902,
			"ObjectId" : 5,
			"ObjectType" : "CAR",
			"Occluded" : 0.0,
			"Relative Acceleration X" : 0.12766194343566895,
			"Relative Acceleration Y" : -0.20652651786804199,
			"Relative Acceleration Z" : 0.079236485064029694,
			"Relative Velocity X" : 3.9751427173614502,
			"Relative Velocity Y" : 0.53835105895996094,
			"Relative Velocity Z" : -0.07461848109960556,
			"Truncated" : 0
		},
		{
			"Absolute Acceleration X" : -0.29449081420898438,
			"Absolute Acceleration Y" : -1.1306964159011841,
			"Absolute Acceleration Z" : 0.13782292604446411,
			"Absolute Velocity X" : 27.379795074462891,
			"Absolute Velocity Y" : 1.0938146114349365,
			"Absolute Velocity Z" : -0.37761116027832031,
			"ActorName" : "CAR 10",
			"BoundingBox3D Extent X" : 4.2271699905395508,
			"BoundingBox3D Extent Y" : 1.8717023134231567,
			"BoundingBox3D Extent Z" : 1.641459584236145,
			"BoundingBox3D Orientation Quat W" : 0.99978798627853394,
			"BoundingBox3D Orientation Quat X" : -0.00012701412197202444,
			"BoundingBox3D Orientation Quat Y" : 0.0064742234535515308,
			"BoundingBox3D Orientation Quat Z" : 0.019493125379085541,
			"BoundingBox3D Origin X" : -29.078224182128906,
			"BoundingBox3D Origin Y" : 0.29390710592269897,
			"BoundingBox3D Origin Z" : 1.1327794790267944,
			"ObjectId" : 10,
			"ObjectType" : "CAR",
			"Occluded" : 0.0,
			"Relative Acceleration X" : -0.21352739632129669,
			"Relative Acceleration Y" : -0.082914531230926514,
			"Relative Acceleration Z" : 0.088312603533267975,
			"Relative Velocity X" : -0.05905851349234581,
			"Relative Velocity Y" : -0.0086411405354738235,
			"Relative Velocity Z" : 0.010833160951733589,
			"Truncated" : 0
		},
		{
			"Absolute Acceleration X" : 0.0706024169921875,
			"Absolute Acceleration Y" : -1.0785156488418579,
			"Absolute Acceleration Z" : 0.097163856029510498,
			"Absolute Velocity X" : 25.109991073608398,
			"Absolute Velocity Y" : 1.7334249019622803,
			"Absolute Velocity Z" : -0.42240431904792786,
			"ActorName" : "CAR 11",
			"BoundingBox3D Extent X" : 5.221282958984375,
			"BoundingBox3D Extent Y" : 2.5728745460510254,
			"BoundingBox3D Extent Z" : 2.0236544609069824,
			"BoundingBox3D Orientation Quat W" : 0.99944007396697998,
			"BoundingBox3D Orientation Quat X" : 0.0016311065992340446,
			"BoundingBox3D Orientation Quat Y" : 0.008778819814324379,
			"BoundingBox3D Orientation Quat Z" : 0.032177768647670746,
			"BoundingBox3D Origin X" : -46.855972290039062,
			"BoundingBox3D Origin Y" : -5.0671229362487793,
			"BoundingBox3D Origin Z" : 1.4912345409393311,
			"ObjectId" : 11,
			"ObjectType" : "CAR",
			"Occluded" : 0.0,
			"Relative Acceleration X" : 0.15384805202484131,
			"Relative Acceleration Y" : -0.29004469513893127,
			"Relative Acceleration Z" : 0.089440666139125824,
			"Relative Velocity X" : -2.092348575592041,
			"Relative Velocity Y" : -0.14692677557468414,
			"Relative Velocity Z" : 0.022403726354241371,
			"Truncated" : 0
		},
		{
			"Absolute Acceleration X" : 0.15836530923843384,
			"Absolute Acceleration Y" : -0.81587576866149902,
			"Absolute Acceleration Z" : 0.10245316475629807,
			"Absolute Velocity X" : -27.793611526489258,
			"Absolute Velocity Y" : -2.7440798282623291,
			"Absolute Velocity Z" : 0.62019211053848267,
			"ActorName" : "CAR 12",