{
	"CapturedObjects" : 
	[
		{
			"Absolute Acceleration X" : 0.013263702392578125,
			"Absolute Acceleration Y" : 0.22457915544509888,
			"Absolute Acceleration Z" : -0.03677976131439209,
			"Absolute Velocity X" : 30.977272033691406,
			"Absolute Velocity Y" : -0.23733200132846832,
			"Absolute Velocity Z" : -0.3753197193145752,
			"ActorName" : "CAR 01",
			"BoundingBox3D Extent X" : 4.9785623550415039,
			"BoundingBox3D Extent Y" : 2.0556600093841553,
			"BoundingBox3D Extent Z" : 1.4564532041549683,
			"BoundingBox3D Orientation Quat W" : 0.99996370077133179,
			"BoundingBox3D Orientation Quat X" : 0.0048392084427177906,
			"BoundingBox3D Orientation Quat Y" : 0.0059908437542617321,
			"BoundingBox3D Orientation Quat Z" : -0.00032410319545306265,
			"BoundingBox3D Origin X" : -4.3800773620605469,
			"BoundingBox3D Origin Y" : 4.025932788848877,
			"BoundingBox3D Origin Z" : 0.77052706480026245,
			"ObjectId" : 1,
			"ObjectType" : "CAR",
			"Occluded" : 0.0,
			"Relative Acceleration X" : -0.21183586120605469,
			"Relative Acceleration Y" : -0.018212743103504181,
			"Relative Acceleration Z" : -0.074708715081214905,
			"Relative Velocity X" : 4.2372589111328125,
			"Relative Velocity Y" : 0.052652083337306976,
			"Relative Velocity Z" : -0.030291713774204254,
			"Truncated" : 0
		},
		{
			"Absolute Acceleration X" : -0.0072399056516587734,
			"Absolute Acceleration Y" : -0.30146044492721558,
			"Absolute Acceleration Z" : 0.016896961256861687,
			"Absolute Velocity X" : 21.031528472900391,
			"Absolute Velocity Y" : -0.43548980355262756,
			"Absolute Velocity Z" : -0.47239977121353149,
			"ActorName" : "TRUCK 02",
			"BoundingBox3D Extent X" : 11.0,
			"BoundingBox3D Extent Y" : 2.3771471977233887,
			"BoundingBox3D Extent Z" : 3.0124955177307129,
			"BoundingBox3D Orientation Quat W" : -0.99981033802032471,
			"BoundingBox3D Orientation Quat X" : -0.012437491677701473,
			"BoundingBox3D Orientation Quat Y" : -0.01078797597438097,
			"BoundingBox3D Orientation Quat Z" : 0.009837721474468708,
			"BoundingBox3D Origin X" : 97.522552490234375,
			"BoundingBox3D Origin Y" : -4.0243315696716309,
			"BoundingBox3D Origin Z" : -0.51085138320922852,
			"ObjectId" : 2,
			"ObjectType" : "TRUCK",
			"Occluded" : 0.0,
			"Relative Acceleration X" : -0.21161641180515289,
			"Relative Acceleration Y" : -0.12589998543262482,
			"Relative Acceleration Z" : -1.7858102321624756,
			"Relative Velocity X" : -5.7327461242675781,
			"Relative Velocity Y" : -0.92798709869384766,
			"Relative Velocity Z" : -1.3186824321746826,
			"Truncated" : 0
		},
		{
			"Absolute Acceleration X" : -0.22447776794433594,
			"Absolute Acceleration Y" : -0.0051359608769416809,
			"Absolute Acceleration Z" : -0.1442754864692688,
			"Absolute Velocity X" : 27.933710098266602,
			"Absolute Velocity Y" : -0.093056127429008484,
			"Absolute Velocity Z" : -0.60418409109115601,
			"ActorName" : "CAR 03",
			"BoundingBox3D Extent X" : 4.0999999046325684,
			"BoundingBox3D Extent Y" : 1.7416778802871704,
			"BoundingBox3D Extent Z" : 1.5282447338104248,
			"BoundingBox3D Orientation Quat W" : 0.99989980459213257,
			"BoundingBox3D Orientation Quat X" : 0.0080183064565062523,
			"BoundingBox3D Orientation Quat Y" : 0.011117512360215187,
			"BoundingBox3D Orientation Quat Z" : 0.00097666785586625338,
			"BoundingBox3D Origin X" : 48.816444396972656,
			"BoundingBox3D Origin Y" : 0.096554256975650787,
			"BoundingBox3D Origin Z" : -0.052662786096334457,
			"ObjectId" : 3,
			"ObjectType" : "CAR",
			"Occluded" : 0.0,
			"Relative Acceleration X" : -0.41588896512985229,
			"Relative Acceleration Y" : 0.089195907115936279,
			"Relative Acceleration Z" : 0.61985540390014648,
			"Relative Velocity X" : 1.1711804866790771,
			"Relative Velocity Y" : -0.15751834213733673,
			"Relative Velocity Z" : -0.092773653566837311,
			"Truncated" : 0
		},
		{
			"Absolute Acceleration X" : -0.1410675048828125,
			"Absolute Acceleration Y" : 0.30495831370353699,
			"Absolute Acceleration Z" : -0.038631439208984375,
			"Absolute Velocity X" : 32.190509796142578,
			"Absolute Velocity Y" : -0.31574124097824097,
			"Absolute Velocity Z" : -0.36522749066352844,
			"ActorName" : "CAR 04",
			"BoundingBox3D Extent X" : 5.3322725296020508,
			"BoundingBox3D Extent Y" : 2.0638191699981689,
			"BoundingBox3D Extent Z" : 1.4742890596389771,
			"BoundingBox3D Orientation Quat W" : -0.99964934587478638,
			"BoundingBox3D Orientation Quat X" : -0.0033248057588934898,
			"BoundingBox3D Orientation Quat Y" : -0.0059372317045927048,
			"BoundingBox3D Orientation Quat Z" : -0.025295784696936607,
			"BoundingBox3D Origin X" : -39.174156188964844,
			"BoundingBox3D Origin Y" : 4.2951855659484863,
			"BoundingBox3D Origin Z" : 1.1737855672836304,
			"ObjectId" : 4,
			"ObjectType" : "CAR",
			"Occluded" : 0.0,
			"Relative Acceleration X" : -0.37276601791381836,
			"Relative Acceleration Y" : -0.15101565420627594,
			"Relative Acceleration Z" : -0.59299421310424805,
			"Relative Velocity X" : 5.4513325691223145,
			"Relative Velocity Y" : 0.20492793619632721,
			"Relative Velocity Z" : -0.12664391100406647,
			"Truncated" : 0
		},
		{
			"Absolute Acceleration X" : -0.018707275390625,
			"Absolute Acceleration Y" : 0.18742823600769043,
			"Absolute Acceleration Z" : -0.042802512645721436,
			"Absolute Velocity X" : 26.057182312011719,
			"Absolute Velocity Y" : -1.2296183109283447,
			"Absolute Velocity Z" : -0.29359909892082214,
			"ActorName" : "CAR 05",
			"BoundingBox3D Extent X" : 5.1394953727722168,
			"BoundingBox3D Extent Y" : 2.3713786602020264,
			"BoundingBox3D Extent Z" : 1.8860985040664673,
			"BoundingBox3D Orientation Quat W" : -0.99965363740921021,
			"BoundingBox3D Orientation Quat X" : 0.0066703339107334614,
			"BoundingBox3D Orientation Quat Y" : -0.0059983022511005402,
			"BoundingBox3D Orientation Quat Z" : 0.024330243468284607,
			"BoundingBox3D Origin X" : -11.566267013549805,
			"BoundingBox3D Origin Y" : -1.5544021129608154,
			"BoundingBox3D Origin Z" : 1.0594956874847412,
			"ObjectId" : 5,
			"ObjectType" : "CAR",
			"Occluded" : 0.0,
			"Relative Acceleration X" : -0.22589313983917236,
			"Relative Acceleration Y" : -0.037468254566192627,
			"Relative Acceleration Z" : -0.17936819791793823,
			"Relative Velocity X" : -0.71987581253051758,
			"Relative Velocity Y" : -0.89655071496963501,
			"Relative Velocity Z" : 0.012454408220946789,
			"Truncated" : 0
		},
		{
			"Absolute Acceleration X" : 0.078226089477539062,
			"Absolute Acceleration Y" : -0.35871368646621704,
			"Absolute Acceleration Z" : 0.10065937042236328,
			"Absolute Velocity X" : 28.119779586791992,
			"Absolute Velocity Y" : -1.0643531084060669,
			"Absolute Velocity Z" : -0.17335081100463867,
			"ActorName" : "CAR 09",
			"BoundingBox3D Extent X" : 4.0999999046325684,
			"BoundingBox3D Extent Y" : 2.5330817699432373,
			"BoundingBox3D Extent Z" : 2.9723806381225586,
			"BoundingBox3D Orientation Quat W" : -0.99960583448410034,
			"BoundingBox3D Orientation Quat X" : -0.020371746271848679,
			"BoundingBox3D Orientation Quat Y" : -0.0028009731322526932,
			"BoundingBox3D Orientation Quat Z" : 0.018925586715340614,
			"BoundingBox3D Origin X" : 197.03965759277344,
			"BoundingBox3D Origin Y" : -2.6410987377166748,
			"BoundingBox3D Origin Z" : -1.7255301475524902,
			"ObjectId" : 9,
			"ObjectType" : "CAR",
			"Occluded" : 0.0,
			"Relative Acceleration X" : -0.10334587097167969,
			"Relative Acceleration Y" : 0.59199297428131104,
			"Relative Acceleration Z" : 3.12811279296875,
			"Relative Velocity X" : 1.3396303653717041,
			"Relative Velocity Y" : -2.1048870086669922,
			"Relative Velocity Z" : 0.83655577898025513,
			"Truncated" : 0
		},
		{
			"Absolute Acceleration X" : 0.63226699829101562,
			"Absolute Acceleration Y" : 0.28679418563842773,
			"Absolute Acceleration Z" : -0.19262763857841492,
			"Absolute Velocity X" : 36.120681762695312,
			"Absolute Velocity Y" : -1.0995481014251709,