{
	"CapturedObjects" : 
	[
		{
			"Absolute Acceleration X" : -0.11281204223632812,
			"Absolute Acceleration Y" : 0.037683621048927307,
			"Absolute Acceleration Z" : 0.0036155134439468384,
			"Absolute Velocity X" : 22.058906555175781,
			"Absolute Velocity Y" : -0.26555970311164856,
			"Absolute Velocity Z" : -0.19521112740039825,
			"ActorName" : "CAR 01",
			"BoundingBox3D Extent X" : 4.334075927734375,
			"BoundingBox3D Extent Y" : 2.0256328582763672,
			"BoundingBox3D Extent Z" : 1.5192403793334961,
			"BoundingBox3D Orientation Quat W" : 0.99998629093170166,
			"BoundingBox3D Orientation Quat X" : 0.00089573103468865156,
			"BoundingBox3D Orientation Quat Y" : 0.0038099635858088732,
			"BoundingBox3D Orientation Quat Z" : -0.0030610724352300167,
			"BoundingBox3D Origin X" : -21.700666427612305,
			"BoundingBox3D Origin Y" : 0.65019220113754272,
			"BoundingBox3D Origin Z" : 0.87935441732406616,
			"ObjectId" : 1,
			"ObjectType" : "CAR",
			"Occluded" : 0.0,
			"Relative Acceleration X" : -0.10462838411331177,
			"Relative Acceleration Y" : -0.032045904546976089,
			"Relative Acceleration Z" : 0.0083137517794966698,
			"Relative Velocity X" : -0.22832721471786499,
			"Relative Velocity Y" : -0.019830647855997086,
			"Relative Velocity Z" : -0.025866799056529999,
			"Truncated" : 0
		},
		{
			"Absolute Acceleration X" : -0.15109825134277344,
			"Absolute Acceleration Y" : -0.10435721278190613,
			"Absolute Acceleration Z" : -0.047064810991287231,
			"Absolute Velocity X" : 26.381879806518555,
			"Absolute Velocity Y" : -0.2335418164730072,
			"Absolute Velocity Z" : -0.14297644793987274,
			"ActorName" : "TRUCK 02",
			"BoundingBox3D Extent X" : 11.0,
			"BoundingBox3D Extent Y" : 2.6529262065887451,
			"BoundingBox3D Extent Z" : 3.0765602588653564,
			"BoundingBox3D Orientation Quat W" : 0.99991106986999512,
			"BoundingBox3D Orientation Quat X" : -0.00065003766212612391,
			"BoundingBox3D Orientation Quat Y" : 0.002135539660230279,
			"BoundingBox3D Orientation Quat Z" : -0.0057619591243565083,
			"BoundingBox3D Origin X" : 91.648170471191406,
			"BoundingBox3D Origin Y" : 15.693309783935547,
			"BoundingBox3D Origin Z" : 0.56704527139663696,
			"ObjectId" : 2,
			"ObjectType" : "TRUCK",
			"Occluded" : 0.0,
			"Relative Acceleration X" : -0.18387770652770996,
			"Relative Acceleration Y" : 0.12990258634090424,
			"Relative Acceleration Z" : -0.13663932681083679,
			"Relative Velocity X" : 4.1048898696899414,
			"Relative Velocity Y" : -0.063720650970935822,
			"Relative Velocity Z" : -0.04566517099738121,
			"Truncated" : 0
		},
		{
			"Absolute Acceleration X" : 0.024526596069335938,
			"Absolute Acceleration Y" : -0.029984235763549805,
			"Absolute Acceleration Z" : -0.017276763916015625,
			"Absolute Velocity X" : 23.135227203369141,
			"Absolute Velocity Y" : -0.51868319511413574,
			"Absolute Velocity Z" : -0.18741427361965179,
			"ActorName" : "CAR 04",
			"BoundingBox3D Extent X" : 4.1162319183349609,
			"BoundingBox3D Extent Y" : 1.7154102325439453,
			"BoundingBox3D Extent Z" : 1.4888672828674316,
			"BoundingBox3D Orientation Quat W" : -0.99988073110580444,
			"BoundingBox3D Orientation Quat X" : -0.0039080353453755379,
			"BoundingBox3D Orientation Quat Y" : -0.0046980557963252068,
			"BoundingBox3D Orientation Quat Z" : 0.013969000428915024,
			"BoundingBox3D Origin X" : 43.421295166015625,
			"BoundingBox3D Origin Y" : -0.26152390241622925,
			"BoundingBox3D Origin Z" : 0.35425770282745361,
			"ObjectId" : 4,
			"ObjectType" : "CAR",
			"Occluded" : 0.0,
			"Relative Acceleration X" : 0.034860789775848389,
			"Relative Acceleration Y" : 0.074554413557052612,
			"Relative Acceleration Z" : -0.028854541480541229,
			"Relative Velocity X" : 0.84759229421615601,
			"Relative Velocity Y" : -0.31916064023971558,
			"Relative Velocity Z" : -0.011744717136025429,
			"Truncated" : 0
		},
		{
			"Absolute Acceleration X" : -0.20376777648925781,
			"Absolute Acceleration Y" : 0.013995736837387085,
			"Absolute Acceleration Z" : 0.053225323557853699,
			"Absolute Velocity X" : 26.695833206176758,
			"Absolute Velocity Y" : -0.33079040050506592,
			"Absolute Velocity Z" : -0.15773396193981171,
			"ActorName" : "CAR 12",
			"BoundingBox3D Extent X" : 4.5750732421875,
			"BoundingBox3D Extent Y" : 1.8780477046966553,
			"BoundingBox3D Extent Z" : 1.9186064004898071,
			"BoundingBox3D Orientation Quat W" : 0.99994385242462158,
			"BoundingBox3D Orientation Quat X" : -0.0044838385656476021,
			"BoundingBox3D Orientation Quat Y" : 0.0028252801857888699,
			"BoundingBox3D Orientation Quat Z" : -0.0084395920857787132,
			"BoundingBox3D Origin X" : 68.20562744140625,
			"BoundingBox3D Origin Y" : 15.202420234680176,
			"BoundingBox3D Origin Z" : 0.08776593953371048,
			"ObjectId" : 12,
			"ObjectType" : "CAR",
			"Occluded" : 0.0,
			"Relative Acceleration X" : -0.23552465438842773,
			"Relative Acceleration Y" : 0.1826854944229126,
			"Relative Acceleration Z" : -0.026788530871272087,
			"Relative Velocity X" : 4.4185633659362793,
			"Relative Velocity Y" : -0.14697939157485962,
			"Relative Velocity Z" : -0.060278464108705521,
			"Truncated" : 0
		},
		{
			"Absolute Acceleration X" : -0.50952339172363281,
			"Absolute Acceleration Y" : 0.11118477582931519,
			"Absolute Acceleration Z" : 0.036758661270141602,
			"Absolute Velocity X" : 22.722906112670898,
			"Absolute Velocity Y" : -0.33698499202728271,
			"Absolute Velocity Z" : -0.2880413830280304,
			"ActorName" : "CAR 14",
			"BoundingBox3D Extent X" : 4.102569580078125,
			"BoundingBox3D Extent Y" : 2.0015368461608887,
			"BoundingBox3D Extent Z" : 0.78410714864730835,
			"BoundingBox3D Orientation Quat W" : -0.99994224309921265,
			"BoundingBox3D Orientation Quat X" : 0.0035089666489511728,
			"BoundingBox3D Orientation Quat Y" : -0.0064693284220993519,
			"BoundingBox3D Orientation Quat Z" : 0.0065736467950046062,
			"BoundingBox3D Origin X" : -108.02183532714844,
			"BoundingBox3D Origin Y" : -2.1021115779876709,
			"BoundingBox3D Origin Z" : 1.3205947875976562,
			"ObjectId" : 14,
			"ObjectType" : "CAR",
			"Occluded" : 0.0,
			"Relative Acceleration X" : -0.49369382858276367,
			"Relative Acceleration Y" : -0.19220003485679626,
			"Relative Acceleration Z" : 0.080247238278388977,
			"Relative Velocity X" : 0.43366104364395142,
			"Relative Velocity Y" : -0.029705937951803207,
			"Relative Velocity Z" : -0.11227992177009583,
			"Truncated" : 0
		},
		{
			"Absolute Acceleration X" : 0.0121307373046875,
			"Absolute Acceleration Y" : 0.43993756175041199,
			"Absolute Acceleration Z" : 0.024537920951843262,
			"Absolute Velocity X" : 25.01970100402832,
			"Absolute Velocity Y" : -0.36968293786048889,
			"Absolute Velocity Z" : -0.075803585350513458,
			"ActorName" : "TRUCK 16",
			"BoundingBox3D Extent X" : 16.559131622314453,
			"BoundingBox3D Extent Y" : 2.7696602344512939,
			"BoundingBox3D Extent Z" : 2.9437732696533203,
			"BoundingBox3D Orientation Quat W" : -0.99870133399963379,
			"BoundingBox3D Orientation Quat X" : 0.042504064738750458,
			"BoundingBox3D Orientation Quat Y" : -0.00035668094642460346,
			"BoundingBox3D Orientation Quat Z" : 0.0066295498982071877,
			"BoundingBox3D Origin X" : -14.833054542541504,
			"BoundingBox3D Origin Y" : 12.43364429473877,
			"BoundingBox3D Origin Z" : 1.4068634510040283,
			"ObjectId" : 16,
			"ObjectType" : "TRUCK",
			"Occluded" : 0.0,
			"Relative Acceleration X" : -0.012151956558227539,
			"Relative Acceleration Y" : 0.38964962959289551,
			"Relative Acceleration Z" : -0.019156254827976227,
			"Relative Velocity X" : 2.7406470775604248,
			"Relative Velocity Y" : -0.12429060786962509,
			"Relative Velocity Z" : 0.03187556192278862,
			"Truncated" : 0
		},
		{
			"Absolute Acceleration X" : -0.031824111938476562,
			"Absolute Acceleration Y" : -0.23814225196838379,
			"Absolute Acceleration Z" : -0.013167157769203186,
			"Absolute Velocity X" : 17.776378631591797,
			"Absolute Velocity Y" : -0.35792082548141479,