{
	"CapturedObjects" : 
	[
		{
			"Absolute Acceleration X" : 1.367584228515625,
			"Absolute Acceleration Y" : -0.042762801051139832,
			"Absolute Acceleration Z" : -0.025503762066364288,
			"Absolute Velocity X" : 21.152677536010742,
			"Absolute Velocity Y" : -0.31284505128860474,
			"Absolute Velocity Z" : -0.13358843326568604,
			"ActorName" : "CAR 00",
			"BoundingBox3D Extent X" : 4.6047258377075195,
			"BoundingBox3D Extent Y" : 2.0758121013641357,
			"BoundingBox3D Extent Z" : 1.6651383638381958,
			"BoundingBox3D Orientation Quat W" : 0.99991476535797119,
			"BoundingBox3D Orientation Quat X" : 0.010520950891077518,
			"BoundingBox3D Orientation Quat Y" : 0.0032922415994107723,
			"BoundingBox3D Orientation Quat Z" : -0.0059652454219758511,
			"BoundingBox3D Origin X" : -21.623306274414062,
			"BoundingBox3D Origin Y" : -7.3750958442687988,
			"BoundingBox3D Origin Z" : 0.9803052544593811,
			"ObjectId" : 0,
			"ObjectType" : "CAR",
			"Occluded" : 0.0,
			"Relative Acceleration X" : 1.4118103981018066,
			"Relative Acceleration Y" : -0.87506657838821411,
			"Relative Acceleration Z" : 0.0096101909875869751,
			"Relative Velocity X" : -5.7924041748046875,
			"Relative Velocity Y" : 1.1280512809753418,
			"Relative Velocity Z" : 0.082372680306434631,
			"Truncated" : 0
		},
		{
			"Absolute Acceleration X" : 0.063518524169921875,
			"Absolute Acceleration Y" : 1.3844809532165527,
			"Absolute Acceleration Z" : 0.018357604742050171,
			"Absolute Velocity X" : 27.278738021850586,
			"Absolute Velocity Y" : -1.652190089225769,
			"Absolute Velocity Z" : -0.207940474152565,
			"ActorName" : "CAR 02",
			"BoundingBox3D Extent X" : 4.2716598510742188,
			"BoundingBox3D Extent Y" : 2.048614501953125,
			"BoundingBox3D Extent Z" : 1.4430321455001831,
			"BoundingBox3D Orientation Quat W" : -0.99963265657424927,
			"BoundingBox3D Orientation Quat X" : 0.0078201340511441231,
			"BoundingBox3D Orientation Quat Y" : -0.004281842615455389,
			"BoundingBox3D Orientation Quat Z" : 0.025549529120326042,
			"BoundingBox3D Origin X" : -23.047552108764648,
			"BoundingBox3D Origin Y" : 0.68152922391891479,
			"BoundingBox3D Origin Z" : 0.83662205934524536,
			"ObjectId" : 2,
			"ObjectType" : "CAR",
			"Occluded" : 0.0,
			"Relative Acceleration X" : -0.05893319845199585,
			"Relative Acceleration Y" : -0.11001470685005188,
			"Relative Acceleration Z" : 0.043554283678531647,
			"Relative Velocity X" : 0.75397378206253052,
			"Relative Velocity Y" : -0.12726496160030365,
			"Relative Velocity Z" : -0.037048958241939545,
			"Truncated" : 0
		},
		{
			"Absolute Acceleration X" : 0.86453819274902344,
			"Absolute Acceleration Y" : 0.57252562046051025,
			"Absolute Acceleration Z" : -0.010934934020042419,
			"Absolute Velocity X" : 22.301795959472656,
			"Absolute Velocity Y" : -0.14628317952156067,
			"Absolute Velocity Z" : -0.16194190084934235,
			"ActorName" : "CAR 04",
			"BoundingBox3D Extent X" : 4.4662790298461914,
			"BoundingBox3D Extent Y" : 1.9310622215270996,
			"BoundingBox3D Extent Z" : 1.4250738620758057,
			"BoundingBox3D Orientation Quat W" : 0.99996328353881836,
			"BoundingBox3D Orientation Quat X" : 0.0060674278065562248,
			"BoundingBox3D Orientation Quat Y" : 0.0033251317217946053,
			"BoundingBox3D Orientation Quat Z" : -0.0026598847471177578,
			"BoundingBox3D Origin X" : -3.9553096294403076,
			"BoundingBox3D Origin Y" : -7.3965234756469727,
			"BoundingBox3D Origin Z" : 0.75989764928817749,
			"ObjectId" : 4,
			"ObjectType" : "CAR",
			"Occluded" : 0.0,
			"Relative Acceleration X" : 0.87843227386474609,
			"Relative Acceleration Y" : -0.34246364235877991,
			"Relative Acceleration Z" : -0.023908637464046478,
			"Relative Velocity X" : -4.6407341957092285,
			"Relative Velocity Y" : 0.39278227090835571,
			"Relative Velocity Z" : 0.071204580366611481,
			"Truncated" : 0
		},
		{
			"Absolute Acceleration X" : 0.945556640625,
			"Absolute Acceleration Y" : 1.3008203506469727,
			"Absolute Acceleration Z" : 0.035618230700492859,
			"Absolute Velocity X" : 24.989913940429688,
			"Absolute Velocity Y" : 0.6963086724281311,
			"Absolute Velocity Z" : -0.15194050967693329,
			"ActorName" : "CAR 05",
			"BoundingBox3D Extent X" : 4.4287924766540527,
			"BoundingBox3D Extent Y" : 1.9533897638320923,
			"BoundingBox3D Extent Z" : 1.4887608289718628,
			"BoundingBox3D Orientation Quat W" : 0.99985480308532715,
			"BoundingBox3D Orientation Quat X" : -0.0020723652560263872,
			"BoundingBox3D Orientation Quat Y" : 0.0028349608182907104,
			"BoundingBox3D Orientation Quat Z" : 0.016397237777709961,
			"BoundingBox3D Origin X" : 22.681613922119141,
			"BoundingBox3D Origin Y" : -7.1454882621765137,
			"BoundingBox3D Origin Z" : 0.622641921043396,
			"ObjectId" : 5,
			"ObjectType" : "CAR",
			"Occluded" : 0.0,
			"Relative Acceleration X" : 0.96573615074157715,
			"Relative Acceleration Y" : 0.17860618233680725,
			"Relative Acceleration Z" : -0.060325048863887787,
			"Relative Velocity X" : -1.9349545240402222,
			"Relative Velocity Y" : -0.12698125839233398,
			"Relative Velocity Z" : 0.10540840774774551,
			"Truncated" : 0
		},
		{
			"Absolute Acceleration X" : 0.38034248352050781,
			"Absolute Acceleration Y" : 0.37742805480957031,
			"Absolute Acceleration Z" : 0.072495527565479279,
			"Absolute Velocity X" : 25.169292449951172,
			"Absolute Velocity Y" : 3.8122913837432861,
			"Absolute Velocity Z" : -0.072180077433586121,
			"ActorName" : "TRUCK 06",
			"BoundingBox3D Extent X" : 11.0,
			"BoundingBox3D Extent Y" : 2.8420684337615967,
			"BoundingBox3D Extent Z" : 4.0724420547485352,
			"BoundingBox3D Orientation Quat W" : 0.99738067388534546,
			"BoundingBox3D Orientation Quat X" : 0.0016425069188699126,
			"BoundingBox3D Orientation Quat Y" : 0.0016032180283218622,
			"BoundingBox3D Orientation Quat Z" : 0.072229661047458649,
			"BoundingBox3D Origin X" : 82.935569763183594,
			"BoundingBox3D Origin Y" : -1.5075935125350952,
			"BoundingBox3D Origin Z" : 1.6433984041213989,
			"ObjectId" : 6,
			"ObjectType" : "TRUCK",
			"Occluded" : 0.0,
			"Relative Acceleration X" : 0.53548407554626465,
			"Relative Acceleration Y" : -0.64852136373519897,
			"Relative Acceleration Z" : -0.18857340514659882,
			"Relative Velocity X" : -1.477104663848877,
			"Relative Velocity Y" : -0.089571826159954071,
			"Relative Velocity Z" : 0.22261258959770203,
			"Truncated" : 0
		},
		{
			"Absolute Acceleration X" : -0.089303627610206604,
			"Absolute Acceleration Y" : -1.060564398765564,
			"Absolute Acceleration Z" : -0.20882248878479004,
			"Absolute Velocity X" : 19.700565338134766,
			"Absolute Velocity Y" : 0.19402928650379181,
			"Absolute Velocity Z" : 0.055409610271453857,
			"ActorName" : "CAR 07",
			"BoundingBox3D Extent X" : 4.1614208221435547,
			"BoundingBox3D Extent Y" : 1.8100411891937256,
			"BoundingBox3D Extent Z" : 1.4132111072540283,
			"BoundingBox3D Orientation Quat W" : 0.99971330165863037,
			"BoundingBox3D Orientation Quat X" : 0.022975444793701172,
			"BoundingBox3D Orientation Quat Y" : -0.0010147930588573217,
			"BoundingBox3D Orientation Quat Z" : -0.00030215448350645602,
			"BoundingBox3D Origin X" : -45.878936767578125,
			"BoundingBox3D Origin Y" : -7.6236491203308105,
			"BoundingBox3D Origin Z" : 0.96808576583862305,
			"ObjectId" : 7,
			"ObjectType" : "CAR",
			"Occluded" : 0.0,
			"Relative Acceleration X" : 0.20733204483985901,
			"Relative Acceleration Y" : -1.7312376499176025,
			"Relative Acceleration Z" : -0.34472015500068665,
			"Relative Velocity X" : -7.2613468170166016,
			"Relative Velocity Y" : 2.8843133449554443,
			"Relative Velocity Z" : 0.24892504513263702,
			"Truncated" : 0
		},
		{
			"Absolute Acceleration X" : -0.013158798217773438,
			"Absolute Acceleration Y" : 1.7979936599731445,
			"Absolute Acceleration Z" : -0.011918336153030396,
			"Absolute Velocity X" : 29.63734245300293,
			"Absolute Velocity Y" : -5.1885933876037598,
			"Absolute Velocity Z" : -0.28451228141784668,