{
	"CapturedObjects" : 
	[
		{
			"Absolute Acceleration X" : 0.32112312316894531,
			"Absolute Acceleration Y" : -0.12437784671783447,
			"Absolute Acceleration Z" : 0.025457412004470825,
			"Absolute Velocity X" : 31.561471939086914,
			"Absolute Velocity Y" : 0.12713979184627533,
			"Absolute Velocity Z" : -0.16992147266864777,
			"ActorName" : "CAR 03",
			"BoundingBox3D Extent X" : 4.3612446784973145,
			"BoundingBox3D Extent Y" : 2.5543322563171387,
			"BoundingBox3D Extent Z" : 1.4967716932296753,
			"BoundingBox3D Orientation Quat W" : 0.99998855590820312,
			"BoundingBox3D Orientation Quat X" : -0.0017763441428542137,
			"BoundingBox3D Orientation Quat Y" : 0.002548308577388525,
			"BoundingBox3D Orientation Quat Z" : 0.0016287352191284299,
			"BoundingBox3D Origin X" : 24.152976989746094,
			"BoundingBox3D Origin Y" : 7.4168272018432617,
			"BoundingBox3D Origin Z" : 0.56674927473068237,
			"ObjectId" : 3,
			"ObjectType" : "CAR",
			"Occluded" : 0.0,
			"Relative Acceleration X" : 0.39749813079833984,
			"Relative Acceleration Y" : -0.17410299181938171,
			"Relative Acceleration Z" : 0.051865890622138977,
			"Relative Velocity X" : 6.0605506896972656,
			"Relative Velocity Y" : 0.35942631959915161,
			"Relative Velocity Z" : -0.030491659417748451,
			"Truncated" : 0
		},
		{
			"Absolute Acceleration X" : -0.21022605895996094,
			"Absolute Acceleration Y" : -0.023114733397960663,
			"Absolute Acceleration Z" : 0.017390847206115723,
			"Absolute Velocity X" : 25.357978820800781,
			"Absolute Velocity Y" : -0.024599986150860786,
			"Absolute Velocity Z" : -0.14071044325828552,
			"ActorName" : "CAR 07",
			"BoundingBox3D Extent X" : 4.1408395767211914,
			"BoundingBox3D Extent Y" : 1.8945406675338745,
			"BoundingBox3D Extent Z" : 1.469247579574585,
			"BoundingBox3D Orientation Quat W" : 0.9999886155128479,
			"BoundingBox3D Orientation Quat X" : -0.0015918890712782741,
			"BoundingBox3D Orientation Quat Y" : 0.0031450903043150902,
			"BoundingBox3D Orientation Quat Z" : -0.0021411317866295576,
			"BoundingBox3D Origin X" : 28.484964370727539,
			"BoundingBox3D Origin Y" : -0.27364757657051086,
			"BoundingBox3D Origin Z" : 0.52881765365600586,
			"ObjectId" : 7,
			"ObjectType" : "CAR",
			"Occluded" : 0.0,
			"Relative Acceleration X" : -0.16865918040275574,
			"Relative Acceleration Y" : -0.092265196144580841,
			"Relative Acceleration Z" : 0.0083931908011436462,
			"Relative Velocity X" : -0.12656201422214508,
			"Relative Velocity Y" : 0.22560781240463257,
			"Relative Velocity Z" : 0.0072315963916480541,
			"Truncated" : 0
		},
		{
			"Absolute Acceleration X" : 0.24830055236816406,
			"Absolute Acceleration Y" : -0.24813215434551239,
			"Absolute Acceleration Z" : -0.079926341772079468,
			"Absolute Velocity X" : 31.693462371826172,
			"Absolute Velocity Y" : 0.11694084852933884,
			"Absolute Velocity Z" : -0.17463769018650055,
			"ActorName" : "CAR 15",
			"BoundingBox3D Extent X" : 4.9742946624755859,
			"BoundingBox3D Extent Y" : 2.1192083358764648,
			"BoundingBox3D Extent Z" : 1.7263710498809814,
			"BoundingBox3D Orientation Quat W" : 0.99999022483825684,
			"BoundingBox3D Orientation Quat X" : -0.0013663815334439278,
			"BoundingBox3D Orientation Quat Y" : 0.0021749709267169237,
			"BoundingBox3D Orientation Quat Z" : 0.0020374837331473827,
			"BoundingBox3D Origin X" : -8.8400945663452148,
			"BoundingBox3D Origin Y" : 7.0335564613342285,
			"BoundingBox3D Origin Z" : 0.87487876415252686,
			"ObjectId" : 15,
			"ObjectType" : "CAR",
			"Occluded" : 0.0,
			"Relative Acceleration X" : 0.32336902618408203,
			"Relative Acceleration Y" : -0.14879739284515381,
			"Relative Acceleration Z" : 0.011434298008680344,
			"Relative Velocity X" : 6.1934409141540527,
			"Relative Velocity Y" : 0.27800494432449341,
			"Relative Velocity Z" : -0.019904570654034615,
			"Truncated" : 0
		},
		{
			"Absolute Acceleration X" : 0.29173660278320312,
			"Absolute Acceleration Y" : -0.18256551027297974,
			"Absolute Acceleration Z" : 0.017968170344829559,
			"Absolute Velocity X" : 25.098325729370117,
			"Absolute Velocity Y" : 0.35553404688835144,
			"Absolute Velocity Z" : -0.13535457849502563,
			"ActorName" : "CAR 19",
			"BoundingBox3D Extent X" : 4.0999999046325684,
			"BoundingBox3D Extent Y" : 1.766088604927063,
			"BoundingBox3D Extent Z" : 1.5308927297592163,
			"BoundingBox3D Orientation Quat W" : 0.99999135732650757,
			"BoundingBox3D Orientation Quat X" : -0.001775671262294054,
			"BoundingBox3D Orientation Quat Y" : 0.0031292876228690147,
			"BoundingBox3D Orientation Quat Z" : 0.0002744833764154464,
			"BoundingBox3D Origin X" : 49.675704956054688,
			"BoundingBox3D Origin Y" : 2.6201858520507812,
			"BoundingBox3D Origin Z" : 0.45082074403762817,
			"ObjectId" : 19,
			"ObjectType" : "CAR",
			"Occluded" : 0.0,
			"Relative Acceleration X" : 0.34554523229598999,
			"Relative Acceleration Y" : -0.34853217005729675,
			"Relative Acceleration Z" : -0.031455926597118378,
			"Relative Velocity X" : -0.39186626672744751,
			"Relative Velocity Y" : 0.65189039707183838,
			"Relative Velocity Z" : 0.001831913716159761,
			"Truncated" : 0
		},
		{
			"Absolute Acceleration X" : 0.24447441101074219,
			"Absolute Acceleration Y" : -0.36884391307830811,
			"Absolute Acceleration Z" : -0.11391735076904297,
			"Absolute Velocity X" : 30.353668212890625,
			"Absolute Velocity Y" : 0.81029379367828369,
			"Absolute Velocity Z" : -0.031264811754226685,
			"ActorName" : "CAR 35",
			"BoundingBox3D Extent X" : 4.1644625663757324,
			"BoundingBox3D Extent Y" : 2.002326488494873,
			"BoundingBox3D Extent Z" : 1.2961398363113403,
			"BoundingBox3D Orientation Quat W" : 0.99999022483825684,
			"BoundingBox3D Orientation Quat X" : -0.00079818384256213903,
			"BoundingBox3D Orientation Quat Y" : -0.00011994122905889526,
			"BoundingBox3D Orientation Quat Z" : 0.0032323503401130438,
			"BoundingBox3D Origin X" : -54.521892547607422,
			"BoundingBox3D Origin Y" : 7.1493988037109375,
			"BoundingBox3D Origin Z" : 0.77553153038024902,
			"ObjectId" : 35,
			"ObjectType" : "CAR",
			"Occluded" : 0.0,
			"Relative Acceleration X" : 0.31941080093383789,
			"Relative Acceleration Y" : -0.062835335731506348,
			"Relative Acceleration Z" : 0.061888959258794785,
			"Relative Velocity X" : 4.8543171882629395,
			"Relative Velocity Y" : 0.87466776371002197,
			"Relative Velocity Z" : 0.14621415734291077,
			"Truncated" : 0
		},
		{
			"Absolute Acceleration X" : 0.089120864868164062,
			"Absolute Acceleration Y" : -0.41739702224731445,
			"Absolute Acceleration Z" : -0.031111881136894226,
			"Absolute Velocity X" : 23.703180313110352,
			"Absolute Velocity Y" : 2.2634835243225098,
			"Absolute Velocity Z" : 0.20588031411170959,
			"ActorName" : "CAR 40",
			"BoundingBox3D Extent X" : 4.0999999046325684,
			"BoundingBox3D Extent Y" : 2.5003714561462402,
			"BoundingBox3D Extent Z" : 3.0122895240783691,
			"BoundingBox3D Orientation Quat W" : 0.99886018037796021,
			"BoundingBox3D Orientation Quat X" : 0.0032863311935216188,
			"BoundingBox3D Orientation Quat Y" : -0.0041381069459021091,
			"BoundingBox3D Orientation Quat Z" : 0.047336336225271225,
			"BoundingBox3D Origin X" : -170.23300170898438,
			"BoundingBox3D Origin Y" : -2.6014444828033447,
			"BoundingBox3D Origin Z" : 1.220426082611084,
			"ObjectId" : 40,
			"ObjectType" : "CAR",
			"Occluded" : 0.0,
			"Relative Acceleration X" : 0.12070107460021973,
			"Relative Acceleration Y" : 0.41063332557678223,
			"Relative Acceleration Z" : 0.33705827593803406,
			"Relative Velocity X" : -1.7728593349456787,
			"Relative Velocity Y" : 2.0878722667694092,
			"Relative Velocity Z" : 0.44917994737625122,
			"Truncated" : 0
		},
		{
			"Absolute Acceleration X" : -3.5242419242858887,
			"Absolute Acceleration Y" : -0.044587824493646622,
			"Absolute Acceleration Z" : -0.22051955759525299,
			"Absolute Velocity X" : -31.438459396362305,
			"Absolute Velocity Y" : -0.19417965412139893,