{
	"CapturedObjects" : 
	[
		{
			"Absolute Acceleration X" : -2.2152614593505859,
			"Absolute Acceleration Y" : -0.13438166677951813,
			"Absolute Acceleration Z" : -0.00050120055675506592,
			"Absolute Velocity X" : 21.926139831542969,
			"Absolute Velocity Y" : -0.27788609266281128,
			"Absolute Velocity Z" : -0.21081861853599548,
			"ActorName" : "TRUCK 00",
			"BoundingBox3D Extent X" : 15.675508499145508,
			"BoundingBox3D Extent Y" : 2.846585750579834,
			"BoundingBox3D Extent Z" : 2.7976827621459961,
			"BoundingBox3D Orientation Quat W" : 0.99994713068008423,
			"BoundingBox3D Orientation Quat X" : -0.0011795344762504101,
			"BoundingBox3D Orientation Quat Y" : 0.0045926673337817192,
			"BoundingBox3D Orientation Quat Z" : -0.0063817142508924007,
			"BoundingBox3D Origin X" : 3.6575310230255127,
			"BoundingBox3D Origin Y" : 3.3952078819274902,
			"BoundingBox3D Origin Z" : 1.3069870471954346,
			"ObjectId" : 0,
			"ObjectType" : "TRUCK",
			"Occluded" : 0.0,
			"Relative Acceleration X" : -2.3917653560638428,
			"Relative Acceleration Y" : -0.14525629580020905,
			"Relative Acceleration Z" : 0.020948030054569244,
			"Relative Velocity X" : 2.3355741500854492,
			"Relative Velocity Y" : -0.11723891645669937,
			"Relative Velocity Z" : -0.011001812294125557,
			"Truncated" : 0
		},
		{
			"Absolute Acceleration X" : -0.023901725187897682,
			"Absolute Acceleration Y" : 0.31262418627738953,
			"Absolute Acceleration Z" : -0.0096955383196473122,
			"Absolute Velocity X" : -0.013725073076784611,
			"Absolute Velocity Y" : -0.077904596924781799,
			"Absolute Velocity Z" : -0.0073732114396989346,
			"ActorName" : "TRUCK 01",
			"BoundingBox3D Extent X" : 4.0221352577209473,
			"BoundingBox3D Extent Y" : 3.0,
			"BoundingBox3D Extent Z" : 2.6686220169067383,
			"BoundingBox3D Orientation Quat W" : 0.69545555114746094,
			"BoundingBox3D Orientation Quat X" : 0.00056244822917506099,
			"BoundingBox3D Orientation Quat Y" : 0.0011842608219012618,
			"BoundingBox3D Orientation Quat Z" : -0.71856802701950073,
			"BoundingBox3D Origin X" : 94.907539367675781,
			"BoundingBox3D Origin Y" : 27.099479675292969,
			"BoundingBox3D Origin Z" : 1.5710837841033936,
			"ObjectId" : 1,
			"ObjectType" : "TRUCK",
			"Occluded" : 0.0,
			"Relative Acceleration X" : -0.18196181952953339,
			"Relative Acceleration Y" : 0.32105535268783569,
			"Relative Acceleration Z" : -0.024609170854091644,
			"Relative Velocity X" : -19.566690444946289,
			"Relative Velocity Y" : 0.027418261393904686,
			"Relative Velocity Z" : 0.40093299746513367,
			"Truncated" : 0
		},
		{
			"Absolute Acceleration X" : 0.22516059875488281,
			"Absolute Acceleration Y" : 0.042814373970031738,
			"Absolute Acceleration Z" : 0.0033644288778305054,
			"Absolute Velocity X" : 22.918161392211914,
			"Absolute Velocity Y" : -0.23514045774936676,
			"Absolute Velocity Z" : -0.20135268568992615,
			"ActorName" : "CAR 02",
			"BoundingBox3D Extent X" : 4.6524553298950195,
			"BoundingBox3D Extent Y" : 2.1059317588806152,
			"BoundingBox3D Extent Z" : 1.7193666696548462,
			"BoundingBox3D Orientation Quat W" : 0.99996823072433472,
			"BoundingBox3D Orientation Quat X" : -0.0023967893794178963,
			"BoundingBox3D Orientation Quat Y" : 0.0040553398430347443,
			"BoundingBox3D Orientation Quat Z" : -0.0041944938711822033,
			"BoundingBox3D Origin X" : -33.652664184570312,
			"BoundingBox3D Origin Y" : 3.1809096336364746,
			"BoundingBox3D Origin Z" : 1.1025357246398926,
			"ObjectId" : 2,
			"ObjectType" : "CAR",
			"Occluded" : 0.0,
			"Relative Acceleration X" : 0.048932075500488281,
			"Relative Acceleration Y" : 0.051690835505723953,
			"Relative Acceleration Z" : -0.017780406400561333,
			"Relative Velocity X" : 3.327925443649292,
			"Relative Velocity Y" : -0.048570867627859116,
			"Relative Velocity Z" : -0.074475035071372986,
			"Truncated" : 0
		},
		{
			"Absolute Acceleration X" : -0.25642585754394531,
			"Absolute Acceleration Y" : -0.12216119468212128,
			"Absolute Acceleration Z" : -0.028766512870788574,
			"Absolute Velocity X" : 24.240873336791992,
			"Absolute Velocity Y" : -0.23992949724197388,
			"Absolute Velocity Z" : -0.25997826457023621,
			"ActorName" : "TRUCK 03",
			"BoundingBox3D Extent X" : 11.0,
			"BoundingBox3D Extent Y" : 2.621239185333252,
			"BoundingBox3D Extent Z" : 2.1748049259185791,
			"BoundingBox3D Orientation Quat W" : 0.99989110231399536,
			"BoundingBox3D Orientation Quat X" : 0.0022397232241928577,
			"BoundingBox3D Orientation Quat Y" : 0.0048483544960618019,
			"BoundingBox3D Orientation Quat Z" : -0.0074438722804188728,
			"BoundingBox3D Origin X" : -96.012710571289062,
			"BoundingBox3D Origin Y" : 4.1460528373718262,
			"BoundingBox3D Origin Z" : 1.9397815465927124,
			"ObjectId" : 3,
			"ObjectType" : "TRUCK",
			"Occluded" : 0.0,
			"Relative Acceleration X" : -0.43308401107788086,
			"Relative Acceleration Y" : -0.074051275849342346,
			"Relative Acceleration Z" : -0.12750835716724396,
			"Relative Velocity X" : 4.6497249603271484,
			"Relative Velocity Y" : -0.0096230916678905487,
			"Relative Velocity Z" : -0.25703856348991394,
			"Truncated" : 0
		},
		{
			"Absolute Acceleration X" : 0.168182373046875,
			"Absolute Acceleration Y" : 0.26258882880210876,
			"Absolute Acceleration Z" : 0.012512952089309692,
			"Absolute Velocity X" : 32.288963317871094,
			"Absolute Velocity Y" : 0.058913182467222214,
			"Absolute Velocity Z" : -0.30391088128089905,
			"ActorName" : "TRUCK 04",
			"BoundingBox3D Extent X" : 11.0,
			"BoundingBox3D Extent Y" : 2.8851497173309326,
			"BoundingBox3D Extent Z" : 3.821077823638916,
			"BoundingBox3D Orientation Quat W" : 0.99995303153991699,
			"BoundingBox3D Orientation Quat X" : 0.0032713888213038445,
			"BoundingBox3D Orientation Quat Y" : 0.0030996229033917189,
			"BoundingBox3D Orientation Quat Z" : 0.0022600081283599138,
			"BoundingBox3D Origin X" : 186.82817077636719,
			"BoundingBox3D Origin Y" : 5.1918683052062988,
			"BoundingBox3D Origin Z" : -0.033077891916036606,
			"ObjectId" : 4,
			"ObjectType" : "TRUCK",
			"Occluded" : 0.0,
			"Relative Acceleration X" : -0.0050058364868164062,
			"Relative Acceleration Y" : 0.1179160550236702,
			"Relative Acceleration Z" : 0.2617972195148468,
			"Relative Velocity X" : 12.702293395996094,
			"Relative Velocity Y" : 0.088547497987747192,
			"Relative Velocity Z" : 0.26707640290260315,
			"Truncated" : 0
		},
		{
			"Absolute Acceleration X" : -1.8240108489990234,
			"Absolute Acceleration Y" : -0.28587746620178223,
			"Absolute Acceleration Z" : 0.022232741117477417,
			"Absolute Velocity X" : 23.337741851806641,
			"Absolute Velocity Y" : -0.9290270209312439,
			"Absolute Velocity Z" : -0.2384699285030365,
			"ActorName" : "CAR 05",
			"BoundingBox3D Extent X" : 4.1084246635437012,
			"BoundingBox3D Extent Y" : 1.5117851495742798,
			"BoundingBox3D Extent Z" : 1.6608535051345825,
			"BoundingBox3D Orientation Quat W" : -0.99973487854003906,
			"BoundingBox3D Orientation Quat X" : -0.00315257185138762,
			"BoundingBox3D Orientation Quat Y" : -0.0053782989270985126,
			"BoundingBox3D Orientation Quat Z" : 0.021774750202894211,
			"BoundingBox3D Origin X" : 94.590286254882812,
			"BoundingBox3D Origin Y" : 1.3986358642578125,
			"BoundingBox3D Origin Z" : -0.18062157928943634,
			"ObjectId" : 5,
			"ObjectType" : "CAR",
			"Occluded" : 0.0,
			"Relative Acceleration X" : -2.0010027885437012,
			"Relative Acceleration Y" : -0.36020958423614502,
			"Relative Acceleration Z" : 0.16055202484130859,
			"Relative Velocity X" : 3.748615026473999,
			"Relative Velocity Y" : -0.83274829387664795,
			"Relative Velocity Z" : 0.14427952468395233,
			"Truncated" : 0
		},
		{
			"Absolute Acceleration X" : -0.074117660522460938,
			"Absolute Acceleration Y" : -0.088776730000972748,
			"Absolute Acceleration Z" : 0.0025504529476165771,
			"Absolute Velocity X" : 31.042032241821289,
			"Absolute Velocity Y" : -0.11133728176355362,
			"Absolute Velocity Z" : -0.28901398181915283,