{
	"CapturedObjects" : 
	[
		{
			"Absolute Acceleration X" : -0.26048851013183594,
			"Absolute Acceleration Y" : -0.19365307688713074,
			"Absolute Acceleration Z" : -0.10061025619506836,
			"Absolute Velocity X" : 23.995708465576172,
			"Absolute Velocity Y" : -0.34767419099807739,
			"Absolute Velocity Z" : -0.14731431007385254,
			"ActorName" : "TRUCK 00",
			"BoundingBox3D Extent X" : 10.260261535644531,
			"BoundingBox3D Extent Y" : 3.0,
			"BoundingBox3D Extent Z" : 3.1876621246337891,
			"BoundingBox3D Orientation Quat W" : -0.99927425384521484,
			"BoundingBox3D Orientation Quat X" : -0.019662676379084587,
			"BoundingBox3D Orientation Quat Y" : -0.0033594367559999228,
			"BoundingBox3D Orientation Quat Z" : 0.0070410319603979588,
			"BoundingBox3D Origin X" : -9.1048679351806641,
			"BoundingBox3D Origin Y" : 17.015838623046875,
			"BoundingBox3D Origin Z" : 1.5568420886993408,
			"ObjectId" : 0,
			"ObjectType" : "TRUCK",
			"Occluded" : 0.0,
			"Relative Acceleration X" : -0.32700657844543457,
			"Relative Acceleration Y" : -0.21340087056159973,
			"Relative Acceleration Z" : 0.025643344968557358,
			"Relative Velocity X" : 4.0328631401062012,
			"Relative Velocity Y" : -0.156317338347435,
			"Relative Velocity Z" : -0.068932883441448212,
			"Truncated" : 0
		},
		{
			"Absolute Acceleration X" : 0.19234657287597656,
			"Absolute Acceleration Y" : -0.051338374614715576,
			"Absolute Acceleration Z" : 0.076108485460281372,
			"Absolute Velocity X" : 24.868127822875977,
			"Absolute Velocity Y" : -0.21363693475723267,
			"Absolute Velocity Z" : -0.20892632007598877,
			"ActorName" : "CAR 01",
			"BoundingBox3D Extent X" : 6.9825677871704102,
			"BoundingBox3D Extent Y" : 2.6750645637512207,
			"BoundingBox3D Extent Z" : 2.7412784099578857,
			"BoundingBox3D Orientation Quat W" : 0.99974244832992554,
			"BoundingBox3D Orientation Quat X" : -0.015929538756608963,
			"BoundingBox3D Orientation Quat Y" : 0.0035520461387932301,
			"BoundingBox3D Orientation Quat Z" : -0.0036455995868891478,
			"BoundingBox3D Origin X" : -33.365333557128906,
			"BoundingBox3D Origin Y" : 17.77159309387207,
			"BoundingBox3D Origin Z" : 1.3929136991500854,
			"ObjectId" : 1,
			"ObjectType" : "CAR",
			"Occluded" : 0.0,
			"Relative Acceleration X" : 0.12220048904418945,
			"Relative Acceleration Y" : -0.16276544332504272,
			"Relative Acceleration Z" : 0.2583363950252533,
			"Relative Velocity X" : 4.9043560028076172,
			"Relative Velocity Y" : -0.047231100499629974,
			"Relative Velocity Z" : -0.14248672127723694,
			"Truncated" : 0
		},
		{
			"Absolute Acceleration X" : -0.0065670013427734375,
			"Absolute Acceleration Y" : -0.042981922626495361,
			"Absolute Acceleration Z" : 0.011726021766662598,
			"Absolute Velocity X" : 22.913785934448242,
			"Absolute Velocity Y" : -0.50113427639007568,
			"Absolute Velocity Z" : -0.39887669682502747,
			"ActorName" : "CAR 02",
			"BoundingBox3D Extent X" : 4.43939208984375,
			"BoundingBox3D Extent Y" : 1.774179220199585,
			"BoundingBox3D Extent Z" : 1.8107035160064697,
			"BoundingBox3D Orientation Quat W" : -0.99921596050262451,
			"BoundingBox3D Orientation Quat X" : -0.029358603060245514,
			"BoundingBox3D Orientation Quat Y" : -0.0056588123552501202,
			"BoundingBox3D Orientation Quat Z" : 0.013289036229252815,
			"BoundingBox3D Origin X" : 39.542587280273438,
			"BoundingBox3D Origin Y" : 15.39747428894043,
			"BoundingBox3D Origin Z" : 0.29339787364006042,
			"ObjectId" : 2,
			"ObjectType" : "CAR",
			"Occluded" : 0.0,
			"Relative Acceleration X" : -0.069635868072509766,
			"Relative Acceleration Y" : 0.13127757608890533,
			"Relative Acceleration Z" : 0.026018910109996796,
			"Relative Velocity X" : 2.9526798725128174,
			"Relative Velocity Y" : -0.26614260673522949,
			"Relative Velocity Z" : -0.29727917909622192,
			"Truncated" : 0
		},
		{
			"Absolute Acceleration X" : 1.1118483543395996,
			"Absolute Acceleration Y" : -0.13400335609912872,
			"Absolute Acceleration Z" : -0.077496893703937531,
			"Absolute Velocity X" : -0.12558263540267944,
			"Absolute Velocity Y" : 0.047358907759189606,
			"Absolute Velocity Z" : 0.0085769230499863625,
			"ActorName" : "TRUCK 03",
			"BoundingBox3D Extent X" : 11.0,
			"BoundingBox3D Extent Y" : 0.60374879837036133,
			"BoundingBox3D Extent Z" : 0.65512114763259888,
			"BoundingBox3D Orientation Quat W" : 0.027303660288453102,
			"BoundingBox3D Orientation Quat X" : 0.0066255992278456688,
			"BoundingBox3D Orientation Quat Y" : -0.045920819044113159,
			"BoundingBox3D Orientation Quat Z" : 0.99841135740280151,
			"BoundingBox3D Origin X" : -79.370018005371094,
			"BoundingBox3D Origin Y" : 13.184618949890137,
			"BoundingBox3D Origin Z" : 1.1291067600250244,
			"ObjectId" : 3,
			"ObjectType" : "TRUCK",
			"Occluded" : 0.0,
			"Relative Acceleration X" : 1.2165828943252563,
			"Relative Acceleration Y" : -0.3129773736000061,
			"Relative Acceleration Z" : -0.32291868329048157,
			"Relative Velocity X" : -20.084285736083984,
			"Relative Velocity Y" : 0.15321508049964905,
			"Relative Velocity Z" : 0.11928389221429825,
			"Truncated" : 0
		},
		{
			"Absolute Acceleration X" : -0.11361312866210938,
			"Absolute Acceleration Y" : 0.17563584446907043,
			"Absolute Acceleration Z" : 0.057245969772338867,
			"Absolute Velocity X" : 25.797006607055664,
			"Absolute Velocity Y" : -0.52739459276199341,
			"Absolute Velocity Z" : -0.1069641187787056,
			"ActorName" : "CAR 05",
			"BoundingBox3D Extent X" : 4.0999999046325684,
			"BoundingBox3D Extent Y" : 1.7586958408355713,
			"BoundingBox3D Extent Z" : 0.90542548894882202,
			"BoundingBox3D Orientation Quat W" : -0.99993276596069336,
			"BoundingBox3D Orientation Quat X" : -0.002320202300325036,
			"BoundingBox3D Orientation Quat Y" : -0.0048191798850893974,
			"BoundingBox3D Orientation Quat Z" : 0.0098873814567923546,
			"BoundingBox3D Origin X" : -132.75605773925781,
			"BoundingBox3D Origin Y" : 2.1278085708618164,
			"BoundingBox3D Origin Z" : 1.0166528224945068,
			"ObjectId" : 5,
			"ObjectType" : "CAR",
			"Occluded" : 0.0,
			"Relative Acceleration X" : -0.12286567687988281,
			"Relative Acceleration Y" : -0.32056772708892822,
			"Relative Acceleration Z" : 0.37741494178771973,
			"Relative Velocity X" : 5.8498101234436035,
			"Relative Velocity Y" : -0.4644848108291626,
			"Relative Velocity Z" : 0.00028754601953551173,
			"Truncated" : 0
		},
		{
			"Absolute Acceleration X" : 0.00013935296738054603,
			"Absolute Acceleration Y" : -0.00022714596707373857,
			"Absolute Acceleration Z" : -4.2675966938077181e-07,
			"Absolute Velocity X" : 9.591101115802303e-05,
			"Absolute Velocity Y" : -0.00011132105282740667,
			"Absolute Velocity Z" : -1.7679999473330099e-06,
			"ActorName" : "TRUCK 06",
			"BoundingBox3D Extent X" : 11.0,
			"BoundingBox3D Extent Y" : 0.40052270889282227,
			"BoundingBox3D Extent Z" : 1.0915939807891846,
			"BoundingBox3D Orientation Quat W" : 0.9715384840965271,
			"BoundingBox3D Orientation Quat X" : -0.0014281203038990498,
			"BoundingBox3D Orientation Quat Y" : 0.00028315291274338961,
			"BoundingBox3D Orientation Quat Z" : -0.23687039315700531,
			"BoundingBox3D Origin X" : -106.24319458007812,
			"BoundingBox3D Origin Y" : 15.814105987548828,
			"BoundingBox3D Origin Z" : 1.1726478338241577,
			"ObjectId" : 6,
			"ObjectType" : "TRUCK",
			"Occluded" : 0.0,
			"Relative Acceleration X" : 0.097463794052600861,
			"Relative Acceleration Y" : -0.24969865381717682,
			"Relative Acceleration Z" : -0.37253224849700928,
			"Relative Velocity X" : -19.961343765258789,
			"Relative Velocity Y" : 0.078296467661857605,
			"Relative Velocity Z" : 0.090623281896114349,
			"Truncated" : 0
		},
		{
			"Absolute Acceleration X" : 0.18703269958496094,
			"Absolute Acceleration Y" : 0.025023519992828369,
			"Absolute Acceleration Z" : 0.015294566750526428,
			"Absolute Velocity X" : 21.215164184570312,
			"Absolute Velocity Y" : -0.26180934906005859,
			"Absolute Velocity Z" : -0.17104850709438324,