{
	"CapturedObjects" : 
	[
		{
			"Absolute Acceleration X" : -0.10713005065917969,
			"Absolute Acceleration Y" : 0.13852608203887939,
			"Absolute Acceleration Z" : -0.10817375779151917,
			"Absolute Velocity X" : 23.796354293823242,
			"Absolute Velocity Y" : -0.41632571816444397,
			"Absolute Velocity Z" : -0.21863459050655365,
			"ActorName" : "TRUCK 00",
			"BoundingBox3D Extent X" : 16.402755737304688,
			"BoundingBox3D Extent Y" : 3.0087175369262695,
			"BoundingBox3D Extent Z" : 2.9450562000274658,
			"BoundingBox3D Orientation Quat W" : -0.99974489212036133,
			"BoundingBox3D Orientation Quat X" : 0.013785382732748985,
			"BoundingBox3D Orientation Quat Y" : -0.0037228516303002834,
			"BoundingBox3D Orientation Quat Z" : 0.0090995337814092636,
			"BoundingBox3D Origin X" : 3.6928365230560303,
			"BoundingBox3D Origin Y" : 12.695770263671875,
			"BoundingBox3D Origin Z" : 1.2375509738922119,
			"ObjectId" : 0,
			"ObjectType" : "TRUCK",
			"Occluded" : 0.0,
			"Relative Acceleration X" : 0.27459621429443359,
			"Relative Acceleration Y" : 0.2140125036239624,
			"Relative Acceleration Z" : -0.095876365900039673,
			"Relative Velocity X" : 2.6539146900177002,
			"Relative Velocity Y" : -0.18384937942028046,
			"Relative Velocity Z" : -0.143431156873703,
			"Truncated" : 0
		},
		{
			"Absolute Acceleration X" : -0.54789543151855469,
			"Absolute Acceleration Y" : -1.2222270965576172,
			"Absolute Acceleration Z" : 0.030156582593917847,
			"Absolute Velocity X" : 12.945228576660156,
			"Absolute Velocity Y" : -10.299991607666016,
			"Absolute Velocity Z" : -0.35219645500183105,
			"ActorName" : "CAR 02",
			"BoundingBox3D Extent X" : 3.864055871963501,
			"BoundingBox3D Extent Y" : 1.9809699058532715,
			"BoundingBox3D Extent Z" : 1.523533821105957,
			"BoundingBox3D Orientation Quat W" : -0.9433739185333252,
			"BoundingBox3D Orientation Quat X" : -0.028536653146147728,
			"BoundingBox3D Orientation Quat Y" : -0.0037461370229721069,
			"BoundingBox3D Orientation Quat Z" : 0.33036068081855774,
			"BoundingBox3D Origin X" : -14.7845458984375,
			"BoundingBox3D Origin Y" : -38.135433197021484,
			"BoundingBox3D Origin Z" : 0.1642792671918869,
			"ObjectId" : 2,
			"ObjectType" : "CAR",
			"Occluded" : 0.0,
			"Relative Acceleration X" : 0.059032440185546875,
			"Relative Acceleration Y" : -1.2641639709472656,
			"Relative Acceleration Z" : 0.0099778324365615845,
			"Relative Velocity X" : -8.0507984161376953,
			"Relative Velocity Y" : -10.131766319274902,
			"Relative Velocity Z" : -0.011689466424286366,
			"Truncated" : 0
		},
		{
			"Absolute Acceleration X" : -0.37029075622558594,
			"Absolute Acceleration Y" : 0.055391237139701843,
			"Absolute Acceleration Z" : 0.0075734406709671021,
			"Absolute Velocity X" : 22.028680801391602,
			"Absolute Velocity Y" : -0.1758732795715332,
			"Absolute Velocity Z" : -0.13979439437389374,
			"ActorName" : "CAR 03",
			"BoundingBox3D Extent X" : 4.2844457626342773,
			"BoundingBox3D Extent Y" : 2.0036630630493164,
			"BoundingBox3D Extent Z" : 1.5117292404174805,
			"BoundingBox3D Orientation Quat W" : 0.99993026256561279,
			"BoundingBox3D Orientation Quat X" : 0.0032836038153618574,
			"BoundingBox3D Orientation Quat Y" : 0.003140314482152462,
			"BoundingBox3D Orientation Quat Z" : -0.010394317097961903,
			"BoundingBox3D Origin X" : -21.012962341308594,
			"BoundingBox3D Origin Y" : 0.82482719421386719,
			"BoundingBox3D Origin Z" : 0.84029710292816162,
			"ObjectId" : 3,
			"ObjectType" : "CAR",
			"Occluded" : 0.0,
			"Relative Acceleration X" : 0.051122784614562988,
			"Relative Acceleration Y" : 0.039451435208320618,
			"Relative Acceleration Z" : -0.058056745678186417,
			"Relative Velocity X" : 0.91864234209060669,
			"Relative Velocity Y" : -0.014810194261372089,
			"Relative Velocity Z" : 0.0051412805914878845,
			"Truncated" : 0
		},
		{
			"Absolute Acceleration X" : -0.13951301574707031,
			"Absolute Acceleration Y" : -0.04777614027261734,
			"Absolute Acceleration Z" : -0.01082022488117218,
			"Absolute Velocity X" : 19.320652008056641,
			"Absolute Velocity Y" : -0.039156291633844376,
			"Absolute Velocity Z" : -0.11632679402828217,
			"ActorName" : "CAR 07",
			"BoundingBox3D Extent X" : 4.1126194000244141,
			"BoundingBox3D Extent Y" : 1.693389892578125,
			"BoundingBox3D Extent Z" : 1.4968762397766113,
			"BoundingBox3D Orientation Quat W" : 0.99994128942489624,
			"BoundingBox3D Orientation Quat X" : 0.0096359755843877792,
			"BoundingBox3D Orientation Quat Y" : 0.0030880714766681194,
			"BoundingBox3D Orientation Quat Z" : -0.00045004059211350977,
			"BoundingBox3D Origin X" : 38.828449249267578,
			"BoundingBox3D Origin Y" : -0.76910704374313354,
			"BoundingBox3D Origin Z" : 0.44555649161338806,
			"ObjectId" : 7,
			"ObjectType" : "CAR",
			"Occluded" : 0.0,
			"Relative Acceleration X" : 0.28739249706268311,
			"Relative Acceleration Y" : 0.12188003957271576,
			"Relative Acceleration Z" : 0.10175922513008118,
			"Relative Velocity X" : -1.7851449251174927,
			"Relative Velocity Y" : 0.28169053792953491,
			"Relative Velocity Z" : 0.032209049910306931,
			"Truncated" : 0
		},
		{
			"Absolute Acceleration X" : -0.047050796449184418,
			"Absolute Acceleration Y" : 0.28737768530845642,
			"Absolute Acceleration Z" : 0.10271474719047546,
			"Absolute Velocity X" : 11.824753761291504,
			"Absolute Velocity Y" : -12.805415153503418,
			"Absolute Velocity Z" : -0.06484077125787735,
			"ActorName" : "CAR 08",
			"BoundingBox3D Extent X" : 4.0999999046325684,
			"BoundingBox3D Extent Y" : 1.6009831428527832,
			"BoundingBox3D Extent Z" : 1.2784197330474854,
			"BoundingBox3D Orientation Quat W" : -0.91472357511520386,
			"BoundingBox3D Orientation Quat X" : -0.0027827974408864975,
			"BoundingBox3D Orientation Quat Y" : -0.00087039504433050752,
			"BoundingBox3D Orientation Quat Z" : 0.4040285050868988,
			"BoundingBox3D Origin X" : 25.464141845703125,
			"BoundingBox3D Origin Y" : -78.624603271484375,
			"BoundingBox3D Origin Z" : -0.48157501220703125,
			"ObjectId" : 8,
			"ObjectType" : "CAR",
			"Occluded" : 0.0,
			"Relative Acceleration X" : 0.70857620239257812,
			"Relative Acceleration Y" : 0.39437916874885559,
			"Relative Acceleration Z" : 0.6207270622253418,
			"Relative Velocity X" : -9.1256980895996094,
			"Relative Velocity Y" : -12.540462493896484,
			"Relative Velocity Z" : 0.46215853095054626,
			"Truncated" : 0
		},
		{
			"Absolute Acceleration X" : 0.0045134858228266239,
			"Absolute Acceleration Y" : 0.0027523592580109835,
			"Absolute Acceleration Z" : 0.060625769197940826,
			"Absolute Velocity X" : 22.626533508300781,
			"Absolute Velocity Y" : -0.35903856158256531,
			"Absolute Velocity Z" : -0.22300584614276886,
			"ActorName" : "TRUCK 09",
			"BoundingBox3D Extent X" : 11.0,
			"BoundingBox3D Extent Y" : 2.8003225326538086,
			"BoundingBox3D Extent Z" : 3.662297248840332,
			"BoundingBox3D Orientation Quat W" : 0.99992012977600098,
			"BoundingBox3D Orientation Quat X" : 0.00019791520026046783,
			"BoundingBox3D Orientation Quat Y" : 0.0054307715035974979,
			"BoundingBox3D Orientation Quat Z" : -0.0090108374133706093,
			"BoundingBox3D Origin X" : 96.476058959960938,
			"BoundingBox3D Origin Y" : 11.616153717041016,
			"BoundingBox3D Origin Z" : 0.57137960195541382,
			"ObjectId" : 9,
			"ObjectType" : "TRUCK",
			"Occluded" : 0.0,
			"Relative Acceleration X" : 0.40882581472396851,
			"Relative Acceleration Y" : 0.48312363028526306,
			"Relative Acceleration Z" : 0.8983536958694458,
			"Relative Velocity X" : 1.3990330696105957,
			"Relative Velocity Y" : -0.018074341118335724,
			"Relative Velocity Z" : -0.21403613686561584,
			"Truncated" : 0
		},
		{
			"Absolute Acceleration X" : -5.217616081237793,
			"Absolute Acceleration Y" : 0.17516808211803436,
			"Absolute Acceleration Z" : -0.26360505819320679,
			"Absolute Velocity X" : 21.153774261474609,
			"Absolute Velocity Y" : -0.24836237728595734,
			"Absolute Velocity Z" : -0.44648808240890503,