{
	"CapturedObjects" : 
	[
		{
			"Absolute Acceleration X" : 0.035287857055664062,
			"Absolute Acceleration Y" : 0.018833979964256287,
			"Absolute Acceleration Z" : -0.0029384642839431763,
			"Absolute Velocity X" : 24.546188354492188,
			"Absolute Velocity Y" : -0.15617825090885162,
			"Absolute Velocity Z" : -0.14535517990589142,
			"ActorName" : "CAR 01",
			"BoundingBox3D Extent X" : 4.1614699363708496,
			"BoundingBox3D Extent Y" : 1.9984114170074463,
			"BoundingBox3D Extent Z" : 1.3978400230407715,
			"BoundingBox3D Orientation Quat W" : 0.99996298551559448,
			"BoundingBox3D Orientation Quat X" : 0.0016177055658772588,
			"BoundingBox3D Orientation Quat Y" : 0.0039526219479739666,
			"BoundingBox3D Orientation Quat Z" : -0.006949304137378931,
			"BoundingBox3D Origin X" : -43.447734832763672,
			"BoundingBox3D Origin Y" : 1.5571264028549194,
			"BoundingBox3D Origin Z" : 0.9282720685005188,
			"ObjectId" : 1,
			"ObjectType" : "CAR",
			"Occluded" : 0.0,
			"Relative Acceleration X" : -0.29574096202850342,
			"Relative Acceleration Y" : -0.12328484654426575,
			"Relative Acceleration Z" : 0.6354491114616394,
			"Relative Velocity X" : -1.4671636819839478,
			"Relative Velocity Y" : 0.20285892486572266,
			"Relative Velocity Z" : 0.10562106966972351,
			"Truncated" : 0
		},
		{
			"Absolute Acceleration X" : 0.29654502868652344,
			"Absolute Acceleration Y" : -0.048568714410066605,
			"Absolute Acceleration Z" : 0.060252070426940918,
			"Absolute Velocity X" : 30.973703384399414,
			"Absolute Velocity Y" : -0.042918894439935684,
			"Absolute Velocity Z" : -0.18257316946983337,
			"ActorName" : "CAR 02",
			"BoundingBox3D Extent X" : 4.6078062057495117,
			"BoundingBox3D Extent Y" : 2.0203628540039062,
			"BoundingBox3D Extent Z" : 1.4820774793624878,
			"BoundingBox3D Orientation Quat W" : 0.99998950958251953,
			"BoundingBox3D Orientation Quat X" : 0.0013922998914495111,
			"BoundingBox3D Orientation Quat Y" : 0.0027685016393661499,
			"BoundingBox3D Orientation Quat Z" : 0.0013500666245818138,
			"BoundingBox3D Origin X" : 11.798666000366211,
			"BoundingBox3D Origin Y" : 4.5557460784912109,
			"BoundingBox3D Origin Z" : 0.6161385178565979,
			"ObjectId" : 2,
			"ObjectType" : "CAR",
			"Occluded" : 0.0,
			"Relative Acceleration X" : -0.047777652740478516,
			"Relative Acceleration Y" : -0.083031177520751953,
			"Relative Acceleration Z" : -0.079016894102096558,
			"Relative Velocity X" : 4.9662423133850098,
			"Relative Velocity Y" : 0.1909724622964859,
			"Relative Velocity Z" : -0.047065295279026031,
			"Truncated" : 0
		},
		{
			"Absolute Acceleration X" : -0.13541984558105469,
			"Absolute Acceleration Y" : 0.16790159046649933,
			"Absolute Acceleration Z" : 0.012840285897254944,
			"Absolute Velocity X" : 28.007011413574219,
			"Absolute Velocity Y" : -0.24345953762531281,
			"Absolute Velocity Z" : -0.20471912622451782,
			"ActorName" : "CAR 05",
			"BoundingBox3D Extent X" : 4.38079833984375,
			"BoundingBox3D Extent Y" : 1.7732864618301392,
			"BoundingBox3D Extent Z" : 1.3832014799118042,
			"BoundingBox3D Orientation Quat W" : 0.99998676776885986,
			"BoundingBox3D Orientation Quat X" : 9.8313692433293909e-05,
			"BoundingBox3D Orientation Quat Y" : 0.0036645978689193726,
			"BoundingBox3D Orientation Quat Z" : -0.0015708871651440859,
			"BoundingBox3D Origin X" : -19.730573654174805,
			"BoundingBox3D Origin Y" : 4.3602519035339355,
			"BoundingBox3D Origin Z" : 0.75016027688980103,
			"ObjectId" : 5,
			"ObjectType" : "CAR",
			"Occluded" : 0.0,
			"Relative Acceleration X" : -0.47685003280639648,
			"Relative Acceleration Y" : 0.06965993344783783,
			"Relative Acceleration Z" : 0.32282790541648865,
			"Relative Velocity X" : 1.9995405673980713,
			"Relative Velocity Y" : 0.062090203166007996,
			"Relative Velocity Z" : -0.0093147847801446915,
			"Truncated" : 0
		},
		{
			"Absolute Acceleration X" : -0.029425481334328651,
			"Absolute Acceleration Y" : -1.0775740146636963,
			"Absolute Acceleration Z" : -0.0081674773246049881,
			"Absolute Velocity X" : 26.821691513061523,
			"Absolute Velocity Y" : 1.099589467048645,
			"Absolute Velocity Z" : -0.22223658859729767,
			"ActorName" : "CAR 06",
			"BoundingBox3D Extent X" : 4.0999999046325684,
			"BoundingBox3D Extent Y" : 2.0325560569763184,
			"BoundingBox3D Extent Z" : 0.91588109731674194,
			"BoundingBox3D Orientation Quat W" : 0.99987924098968506,
			"BoundingBox3D Orientation Quat X" : 0.0017909386660903692,
			"BoundingBox3D Orientation Quat Y" : 0.0038171815685927868,
			"BoundingBox3D Orientation Quat Z" : 0.014804099686443806,
			"BoundingBox3D Origin X" : -154.77748107910156,
			"BoundingBox3D Origin Y" : 1.6701880693435669,
			"BoundingBox3D Origin Z" : 1.4031516313552856,
			"ObjectId" : 6,
			"ObjectType" : "CAR",
			"Occluded" : 0.0,
			"Relative Acceleration X" : -0.36206170916557312,
			"Relative Acceleration Y" : -1.00287926197052,
			"Relative Acceleration Z" : 0.89934897422790527,
			"Relative Velocity X" : 0.80862885713577271,
			"Relative Velocity Y" : 1.7147341966629028,
			"Relative Velocity Z" : 0.19699698686599731,
			"Truncated" : 0
		},
		{
			"Absolute Acceleration X" : 0.14460563659667969,
			"Absolute Acceleration Y" : 0.10268145799636841,
			"Absolute Acceleration Z" : -0.036530017852783203,
			"Absolute Velocity X" : 28.695186614990234,
			"Absolute Velocity Y" : -0.34648782014846802,
			"Absolute Velocity Z" : -0.19687949120998383,
			"ActorName" : "CAR 10",
			"BoundingBox3D Extent X" : 4.1645917892456055,
			"BoundingBox3D Extent Y" : 2.0205378532409668,
			"BoundingBox3D Extent Z" : 1.4161386489868164,
			"BoundingBox3D Orientation Quat W" : 0.99995648860931396,
			"BoundingBox3D Orientation Quat X" : 0.00075609429040923715,
			"BoundingBox3D Orientation Quat Y" : 0.0037450192030519247,
			"BoundingBox3D Orientation Quat Z" : -0.0079256407916545868,
			"BoundingBox3D Origin X" : -39.450099945068359,
			"BoundingBox3D Origin Y" : 5.4473443031311035,
			"BoundingBox3D Origin Z" : 0.86465030908584595,
			"ObjectId" : 10,
			"ObjectType" : "CAR",
			"Occluded" : 0.0,
			"Relative Acceleration X" : -0.1971747875213623,
			"Relative Acceleration Y" : -0.04217514768242836,
			"Relative Acceleration Z" : 0.55108284950256348,
			"Relative Velocity X" : 2.690464973449707,
			"Relative Velocity Y" : 0.0044477386400103569,
			"Relative Velocity Z" : 0.024539221078157425,
			"Truncated" : 0
		},
		{
			"Absolute Acceleration X" : -0.24457550048828125,
			"Absolute Acceleration Y" : 0.042998194694519043,
			"Absolute Acceleration Z" : -0.10988986492156982,
			"Absolute Velocity X" : 30.557487487792969,
			"Absolute Velocity Y" : -0.23346626758575439,
			"Absolute Velocity Z" : -0.19426892697811127,
			"ActorName" : "CAR 13",
			"BoundingBox3D Extent X" : 4.1085433959960938,
			"BoundingBox3D Extent Y" : 1.8747290372848511,
			"BoundingBox3D Extent Z" : 1.6336050033569336,
			"BoundingBox3D Orientation Quat W" : 0.99998420476913452,
			"BoundingBox3D Orientation Quat X" : -0.0010921040084213018,
			"BoundingBox3D Orientation Quat Y" : 0.0034578470513224602,
			"BoundingBox3D Orientation Quat Z" : -0.0038129701279103756,
			"BoundingBox3D Origin X" : 137.52554321289062,
			"BoundingBox3D Origin Y" : 3.6286935806274414,
			"BoundingBox3D Origin Z" : -0.057780317962169647,
			"ObjectId" : 13,
			"ObjectType" : "CAR",
			"Occluded" : 0.0,
			"Relative Acceleration X" : -0.60483407974243164,
			"Relative Acceleration Y" : 0.29627764225006104,
			"Relative Acceleration Z" : -2.0160093307495117,
			"Relative Velocity X" : 4.5462803840637207,
			"Relative Velocity Y" : -0.28847399353981018,
			"Relative Velocity Z" : -0.25277617573738098,
			"Truncated" : 0
		},
		{
			"Absolute Acceleration X" : 0.043966293334960938,
			"Absolute Acceleration Y" : -0.38461416959762573,
			"Absolute Acceleration Z" : -0.0079497396945953369,
			"Absolute Velocity X" : 25.976388931274414,
			"Absolute Velocity Y" : 0.0030570754315704107,