{
	"CapturedObjects" : 
	[
		{
			"Absolute Acceleration X" : -0.50321578979492188,
			"Absolute Acceleration Y" : 0.19616591930389404,
			"Absolute Acceleration Z" : -0.027771778404712677,
			"Absolute Velocity X" : 17.221445083618164,
			"Absolute Velocity Y" : -1.2393453121185303,
			"Absolute Velocity Z" : -0.077171057462692261,
			"ActorName" : "CAR 03",
			"BoundingBox3D Extent X" : 4.2844457626342773,
			"BoundingBox3D Extent Y" : 2.0036630630493164,
			"BoundingBox3D Extent Z" : 1.5117292404174805,
			"BoundingBox3D Orientation Quat W" : -0.99942398071289062,
			"BoundingBox3D Orientation Quat X" : -0.0017174911918118596,
			"BoundingBox3D Orientation Quat Y" : -0.0025683336425572634,
			"BoundingBox3D Orientation Quat Z" : 0.033668201416730881,
			"BoundingBox3D Origin X" : -13.70509147644043,
			"BoundingBox3D Origin Y" : 1.940588116645813,
			"BoundingBox3D Origin Z" : 0.78549444675445557,
			"ObjectId" : 3,
			"ObjectType" : "CAR",
			"Occluded" : 0.0,
			"Relative Acceleration X" : -0.17740118503570557,
			"Relative Acceleration Y" : -0.70542424917221069,
			"Relative Acceleration Z" : 0.03310859203338623,
			"Relative Velocity X" : 0.93764406442642212,
			"Relative Velocity Y" : -0.80969834327697754,
			"Relative Velocity Z" : -0.005137935746461153,
			"Truncated" : 0
		},
		{
			"Absolute Acceleration X" : -1.0650138854980469,
			"Absolute Acceleration Y" : -0.28750696778297424,
			"Absolute Acceleration Z" : -0.074889793992042542,
			"Absolute Velocity X" : 18.612197875976562,
			"Absolute Velocity Y" : -0.034362554550170898,
			"Absolute Velocity Z" : -0.16622093319892883,
			"ActorName" : "CAR 07",
			"BoundingBox3D Extent X" : 4.1126194000244141,
			"BoundingBox3D Extent Y" : 1.693389892578125,
			"BoundingBox3D Extent Z" : 1.4968762397766113,
			"BoundingBox3D Orientation Quat W" : 0.99995744228363037,
			"BoundingBox3D Orientation Quat X" : -0.0015937385614961386,
			"BoundingBox3D Orientation Quat Y" : 0.0042075933888554573,
			"BoundingBox3D Orientation Quat Z" : -0.00702644232660532,
			"BoundingBox3D Origin X" : 42.306186676025391,
			"BoundingBox3D Origin Y" : -0.20070002973079681,
			"BoundingBox3D Origin Z" : 0.46450355648994446,
			"ObjectId" : 7,
			"ObjectType" : "CAR",
			"Occluded" : 0.0,
			"Relative Acceleration X" : -0.65926742553710938,
			"Relative Acceleration Y" : 0.73330825567245483,
			"Relative Acceleration Z" : -0.13141995668411255,
			"Relative Velocity X" : 2.2924118041992188,
			"Relative Velocity Y" : -0.48906236886978149,
			"Relative Velocity Z" : 0.092452898621559143,
			"Truncated" : 0
		},
		{
			"Absolute Acceleration X" : 0.7678985595703125,
			"Absolute Acceleration Y" : -0.093010328710079193,
			"Absolute Acceleration Z" : -0.076132938265800476,
			"Absolute Velocity X" : 20.828577041625977,
			"Absolute Velocity Y" : -0.1652727872133255,
			"Absolute Velocity Z" : -0.23150862753391266,
			"ActorName" : "CAR 21",
			"BoundingBox3D Extent X" : 4.1060667037963867,
			"BoundingBox3D Extent Y" : 1.8591775894165039,
			"BoundingBox3D Extent Z" : 1.6200253963470459,
			"BoundingBox3D Orientation Quat W" : 0.99995577335357666,
			"BoundingBox3D Orientation Quat X" : -0.0018839748809114099,
			"BoundingBox3D Orientation Quat Y" : 0.0043100598268210888,
			"BoundingBox3D Orientation Quat Z" : -0.0056983763352036476,
			"BoundingBox3D Origin X" : 69.032569885253906,
			"BoundingBox3D Origin Y" : 3.2156541347503662,
			"BoundingBox3D Origin Z" : 0.23467473685741425,
			"ObjectId" : 21,
			"ObjectType" : "CAR",
			"Occluded" : 0.0,
			"Relative Acceleration X" : 1.0239639282226562,
			"Relative Acceleration Y" : 1.7854049205780029,
			"Relative Acceleration Z" : -0.22822120785713196,
			"Relative Velocity X" : 4.5663080215454102,
			"Relative Velocity Y" : -1.0382031202316284,
			"Relative Velocity Z" : 0.15116649866104126,
			"Truncated" : 0
		},
		{
			"Absolute Acceleration X" : -0.114959716796875,
			"Absolute Acceleration Y" : 0.15336313843727112,
			"Absolute Acceleration Z" : -0.17033964395523071,
			"Absolute Velocity X" : 22.690469741821289,
			"Absolute Velocity Y" : 0.73613005876541138,
			"Absolute Velocity Z" : -0.95269733667373657,
			"ActorName" : "CAR 22",
			"BoundingBox3D Extent X" : 5.1646766662597656,
			"BoundingBox3D Extent Y" : 3.4275400638580322,
			"BoundingBox3D Extent Z" : 3.260582447052002,
			"BoundingBox3D Orientation Quat W" : 0.99963164329528809,
			"BoundingBox3D Orientation Quat X" : 0.00025827239733189344,
			"BoundingBox3D Orientation Quat Y" : 0.020876174792647362,
			"BoundingBox3D Orientation Quat Z" : 0.0077888122759759426,
			"BoundingBox3D Origin X" : 136.53094482421875,
			"BoundingBox3D Origin Y" : 16.352329254150391,
			"BoundingBox3D Origin Z" : 0.4867364764213562,
			"ObjectId" : 22,
			"ObjectType" : "CAR",
			"Occluded" : 0.0,
			"Relative Acceleration X" : -0.36171483993530273,
			"Relative Acceleration Y" : 4.3188490867614746,
			"Relative Acceleration Z" : -0.60476177930831909,
			"Relative Velocity X" : 6.6390738487243652,
			"Relative Velocity Y" : -1.2055293321609497,
			"Relative Velocity Z" : -0.23396050930023193,
			"Truncated" : 0
		},
		{
			"Absolute Acceleration X" : -0.13789749145507812,
			"Absolute Acceleration Y" : 0.14446312189102173,
			"Absolute Acceleration Z" : -0.046586483716964722,
			"Absolute Velocity X" : 25.936763763427734,
			"Absolute Velocity Y" : 0.78416472673416138,
			"Absolute Velocity Z" : -0.52818858623504639,
			"ActorName" : "TRUCK 26",
			"BoundingBox3D Extent X" : 11.0,
			"BoundingBox3D Extent Y" : 3.2488958835601807,
			"BoundingBox3D Extent Z" : 4.1303305625915527,
			"BoundingBox3D Orientation Quat W" : 0.99994784593582153,
			"BoundingBox3D Orientation Quat X" : -0.0010290395002812147,
			"BoundingBox3D Orientation Quat Y" : 0.0010756662813946605,
			"BoundingBox3D Orientation Quat Z" : 0.0093697356060147285,
			"BoundingBox3D Origin X" : 136.57815551757812,
			"BoundingBox3D Origin Y" : 20.179773330688477,
			"BoundingBox3D Origin Z" : 0.93724346160888672,
			"ObjectId" : 26,
			"ObjectType" : "TRUCK",
			"Occluded" : 0.0,
			"Relative Acceleration X" : -0.50745296478271484,
			"Relative Acceleration Y" : 4.1438765525817871,
			"Relative Acceleration Z" : -0.50263899564743042,
			"Relative Velocity X" : 9.9436101913452148,
			"Relative Velocity Y" : -1.1456131935119629,
			"Relative Velocity Z" : 0.22098390758037567,
			"Truncated" : 0
		},
		{
			"Absolute Acceleration X" : -0.38285964727401733,
			"Absolute Acceleration Y" : -0.31422638893127441,
			"Absolute Acceleration Z" : -0.094528116285800934,
			"Absolute Velocity X" : 18.930034637451172,
			"Absolute Velocity Y" : -0.34577611088752747,
			"Absolute Velocity Z" : -0.070668473839759827,
			"ActorName" : "CAR 39",
			"BoundingBox3D Extent X" : 4.139188289642334,
			"BoundingBox3D Extent Y" : 1.8111178874969482,
			"BoundingBox3D Extent Z" : 1.2038553953170776,
			"BoundingBox3D Orientation Quat W" : -0.99991536140441895,
			"BoundingBox3D Orientation Quat X" : -0.0049545629881322384,
			"BoundingBox3D Orientation Quat Y" : -0.0023195871617645025,
			"BoundingBox3D Orientation Quat Z" : 0.011183452792465687,
			"BoundingBox3D Origin X" : -67.548484802246094,
			"BoundingBox3D Origin Y" : 3.0101721286773682,
			"BoundingBox3D Origin Z" : 0.67242038249969482,
			"ObjectId" : 39,
			"ObjectType" : "CAR",
			"Occluded" : 0.0,
			"Relative Acceleration X" : 0.12661005556583405,
			"Relative Acceleration Y" : -3.8494312763214111,
			"Relative Acceleration Z" : -0.18581302464008331,
			"Relative Velocity X" : 2.6543726921081543,
			"Relative Velocity Y" : 0.95154714584350586,
			"Relative Velocity Z" : -0.18601188063621521,
			"Truncated" : 0
		},
		{
			"Absolute Acceleration X" : -0.13996005058288574,
			"Absolute Acceleration Y" : 0.34952789545059204,
			"Absolute Acceleration Z" : -0.41407102346420288,
			"Absolute Velocity X" : -23.493160247802734,
			"Absolute Velocity Y" : 0.64713776111602783,
			"Absolute Velocity Z" : -0.38454791903495789,