{
	"CapturedObjects" : 
	[
		{
			"Absolute Acceleration X" : -0.064830780029296875,
			"Absolute Acceleration Y" : -0.7221863865852356,
			"Absolute Acceleration Z" : 0.035133153200149536,
			"Absolute Velocity X" : 23.384233474731445,
			"Absolute Velocity Y" : -0.40387320518493652,
			"Absolute Velocity Z" : -0.22980239987373352,
			"ActorName" : "TRUCK 00",
			"BoundingBox3D Extent X" : 6.6553831100463867,
			"BoundingBox3D Extent Y" : 3.0,
			"BoundingBox3D Extent Z" : 2.1005990505218506,
			"BoundingBox3D Orientation Quat W" : 0.99997669458389282,
			"BoundingBox3D Orientation Quat X" : -0.00019117267220281065,
			"BoundingBox3D Orientation Quat Y" : 0.0044565815478563309,
			"BoundingBox3D Orientation Quat Z" : -0.0048917019739747047,
			"BoundingBox3D Origin X" : 11.072608947753906,
			"BoundingBox3D Origin Y" : -3.6473186016082764,
			"BoundingBox3D Origin Z" : 0.8965914249420166,
			"ObjectId" : 0,
			"ObjectType" : "TRUCK",
			"Occluded" : 0.0,
			"Relative Acceleration X" : -0.007976531982421875,
			"Relative Acceleration Y" : -0.19842515885829926,
			"Relative Acceleration Z" : -0.026620771735906601,
			"Relative Velocity X" : -4.6146674156188965,
			"Relative Velocity Y" : 0.15103156864643097,
			"Relative Velocity Z" : 0.046820793300867081,
			"Truncated" : 0
		},
		{
			"Absolute Acceleration X" : -0.09462738037109375,
			"Absolute Acceleration Y" : -0.52854335308074951,
			"Absolute Acceleration Z" : 0.039225608110427856,
			"Absolute Velocity X" : 28.053102493286133,
			"Absolute Velocity Y" : 0.36084523797035217,
			"Absolute Velocity Z" : -0.31506255269050598,
			"ActorName" : "CAR 02",
			"BoundingBox3D Extent X" : 4.3166317939758301,
			"BoundingBox3D Extent Y" : 2.0303733348846436,
			"BoundingBox3D Extent Z" : 1.4497169256210327,
			"BoundingBox3D Orientation Quat W" : 0.99996101856231689,
			"BoundingBox3D Orientation Quat X" : -0.0057563516311347485,
			"BoundingBox3D Orientation Quat Y" : 0.0045692739076912403,
			"BoundingBox3D Orientation Quat Z" : 0.0042130714282393456,
			"BoundingBox3D Origin X" : -22.305032730102539,
			"BoundingBox3D Origin Y" : 0.054824177175760269,
			"BoundingBox3D Origin Z" : 0.89252102375030518,
			"ObjectId" : 2,
			"ObjectType" : "CAR",
			"Occluded" : 0.0,
			"Relative Acceleration X" : -0.071016296744346619,
			"Relative Acceleration Y" : 0.11993890255689621,
			"Relative Acceleration Z" : -0.038874734193086624,
			"Relative Velocity X" : -0.043476656079292297,
			"Relative Velocity Y" : 0.048157107084989548,
			"Relative Velocity Z" : 0.0098924580961465836,
			"Truncated" : 0
		},
		{
			"Absolute Acceleration X" : -0.49316978454589844,
			"Absolute Acceleration Y" : -0.51623421907424927,
			"Absolute Acceleration Z" : 0.035056307911872864,
			"Absolute Velocity X" : 22.607814788818359,
			"Absolute Velocity Y" : -0.023003492504358292,
			"Absolute Velocity Z" : -0.2385583370923996,
			"ActorName" : "CAR 03",
			"BoundingBox3D Extent X" : 5.0730719566345215,
			"BoundingBox3D Extent Y" : 2.2716178894042969,
			"BoundingBox3D Extent Z" : 1.5020607709884644,
			"BoundingBox3D Orientation Quat W" : 0.99997174739837646,
			"BoundingBox3D Orientation Quat X" : -9.2064474301878363e-05,
			"BoundingBox3D Orientation Quat Y" : 0.0057344189845025539,
			"BoundingBox3D Orientation Quat Z" : -0.0040705949068069458,
			"BoundingBox3D Origin X" : -1.7133008241653442,
			"BoundingBox3D Origin Y" : -3.6092860698699951,
			"BoundingBox3D Origin Z" : 0.72944372892379761,
			"ObjectId" : 3,
			"ObjectType" : "CAR",
			"Occluded" : 0.0,
			"Relative Acceleration X" : -0.44904518127441406,
			"Relative Acceleration Y" : -0.086400195956230164,
			"Relative Acceleration Z" : -0.045005880296230316,
			"Relative Velocity X" : -5.3929071426391602,
			"Relative Velocity Y" : 0.1927519291639328,
			"Relative Velocity Z" : 0.063344560563564301,
			"Truncated" : 0
		},
		{
			"Absolute Acceleration X" : -0.28714179992675781,
			"Absolute Acceleration Y" : -0.32004958391189575,
			"Absolute Acceleration Z" : 0.06899648904800415,
			"Absolute Velocity X" : 26.360925674438477,
			"Absolute Velocity Y" : 0.60629338026046753,
			"Absolute Velocity Z" : -0.33780348300933838,
			"ActorName" : "CAR 04",
			"BoundingBox3D Extent X" : 4.1970505714416504,
			"BoundingBox3D Extent Y" : 2.0403742790222168,
			"BoundingBox3D Extent Z" : 1.4073230028152466,
			"BoundingBox3D Orientation Quat W" : 0.99981999397277832,
			"BoundingBox3D Orientation Quat X" : -0.0026090091560035944,
			"BoundingBox3D Orientation Quat Y" : 0.0060946471057832241,
			"BoundingBox3D Orientation Quat Z" : 0.01726987212896347,
			"BoundingBox3D Origin X" : -26.625837326049805,
			"BoundingBox3D Origin Y" : -3.6885931491851807,
			"BoundingBox3D Origin Z" : 0.923839271068573,
			"ObjectId" : 4,
			"ObjectType" : "CAR",
			"Occluded" : 0.0,
			"Relative Acceleration X" : -0.2568131685256958,
			"Relative Acceleration Y" : 0.21648630499839783,
			"Relative Acceleration Z" : -0.059072468429803848,
			"Relative Velocity X" : -1.6390742063522339,
			"Relative Velocity Y" : 0.17789347469806671,
			"Relative Velocity Z" : 0.025577830150723457,
			"Truncated" : 0
		},
		{
			"Absolute Acceleration X" : 0.02853194996714592,
			"Absolute Acceleration Y" : 0.17567844688892365,
			"Absolute Acceleration Z" : -0.0063863182440400124,
			"Absolute Velocity X" : 27.662618637084961,
			"Absolute Velocity Y" : 1.2348133325576782,
			"Absolute Velocity Z" : -0.45134004950523376,
			"ActorName" : "CAR 05",
			"BoundingBox3D Extent X" : 4.0999999046325684,
			"BoundingBox3D Extent Y" : 1.6558876037597656,
			"BoundingBox3D Extent Z" : 0.99801152944564819,
			"BoundingBox3D Orientation Quat W" : 0.99968445301055908,
			"BoundingBox3D Orientation Quat X" : -0.0020081775728613138,
			"BoundingBox3D Orientation Quat Y" : 0.0076912655495107174,
			"BoundingBox3D Orientation Quat Z" : 0.023431412875652313,
			"BoundingBox3D Origin X" : -65.063674926757812,
			"BoundingBox3D Origin Y" : -4.4909124374389648,
			"BoundingBox3D Origin Z" : 1.2311000823974609,
			"ObjectId" : 5,
			"ObjectType" : "CAR",
			"Occluded" : 0.0,
			"Relative Acceleration X" : 0.05442548543214798,
			"Relative Acceleration Y" : 0.80046480894088745,
			"Relative Acceleration Z" : -0.4777379035949707,
			"Relative Velocity X" : -0.32447916269302368,
			"Relative Velocity Y" : -0.22078830003738403,
			"Relative Velocity Z" : 0.16679482161998749,
			"Truncated" : 0
		},
		{
			"Absolute Acceleration X" : 0.83974647521972656,
			"Absolute Acceleration Y" : 0.39073169231414795,
			"Absolute Acceleration Z" : 0.045434087514877319,
			"Absolute Velocity X" : 28.299566268920898,
			"Absolute Velocity Y" : 1.3459764719009399,
			"Absolute Velocity Z" : -0.38709324598312378,
			"ActorName" : "CAR 08",
			"BoundingBox3D Extent X" : 4.2066030502319336,
			"BoundingBox3D Extent Y" : 1.8615398406982422,
			"BoundingBox3D Extent Z" : 1.6073957681655884,
			"BoundingBox3D Orientation Quat W" : 0.99962788820266724,
			"BoundingBox3D Orientation Quat X" : -0.0039950483478605747,
			"BoundingBox3D Orientation Quat Y" : 0.0066908230073750019,
			"BoundingBox3D Orientation Quat Z" : 0.025739546865224838,
			"BoundingBox3D Origin X" : -40.146381378173828,
			"BoundingBox3D Origin Y" : -3.6876745223999023,
			"BoundingBox3D Origin Z" : 1.2490520477294922,
			"ObjectId" : 8,
			"ObjectType" : "CAR",
			"Occluded" : 0.0,
			"Relative Acceleration X" : 0.83035159111022949,
			"Relative Acceleration Y" : 0.98043268918991089,
			"Relative Acceleration Z" : -0.11663540452718735,
			"Relative Velocity X" : 0.29690936207771301,
			"Relative Velocity Y" : 0.57313734292984009,
			"Relative Velocity Z" : 0.0095356805250048637,
			"Truncated" : 0
		},
		{
			"Absolute Acceleration X" : 1.06768798828125,
			"Absolute Acceleration Y" : 0.012282371520996094,
			"Absolute Acceleration Z" : 1.7106533050537109e-05,
			"Absolute Velocity X" : -32.156818389892578,
			"Absolute Velocity Y" : -0.75206285715103149,