{
	"CapturedObjects" : 
	[
		{
			"Absolute Acceleration X" : -0.012041688896715641,
			"Absolute Acceleration Y" : 0.29315346479415894,
			"Absolute Acceleration Z" : -0.047683939337730408,
			"Absolute Velocity X" : 23.534627914428711,
			"Absolute Velocity Y" : -0.11220816522836685,
			"Absolute Velocity Z" : -0.21513421833515167,
			"ActorName" : "CAR 00",
			"BoundingBox3D Extent X" : 4.4090428352355957,
			"BoundingBox3D Extent Y" : 1.9519712924957275,
			"BoundingBox3D Extent Z" : 1.7693676948547363,
			"BoundingBox3D Orientation Quat W" : -0.99996799230575562,
			"BoundingBox3D Orientation Quat X" : -0.0051350067369639874,
			"BoundingBox3D Orientation Quat Y" : -0.0044835945591330528,
			"BoundingBox3D Orientation Quat Z" : 0.0038396918680518866,
			"BoundingBox3D Origin X" : -17.248676300048828,
			"BoundingBox3D Origin Y" : -3.4553864002227783,
			"BoundingBox3D Origin Z" : 0.99392473697662354,
			"ObjectId" : 0,
			"ObjectType" : "CAR",
			"Occluded" : 0.0,
			"Relative Acceleration X" : -0.19036756455898285,
			"Relative Acceleration Y" : 0.18776960670948029,
			"Relative Acceleration Z" : 0.1638428270816803,
			"Relative Velocity X" : -3.0232594013214111,
			"Relative Velocity Y" : 0.28701463341712952,
			"Relative Velocity Z" : 0.10347860306501389,
			"Truncated" : 0
		},
		{
			"Absolute Acceleration X" : -0.0925140380859375,
			"Absolute Acceleration Y" : 0.22685785591602325,
			"Absolute Acceleration Z" : -0.046036824584007263,
			"Absolute Velocity X" : 31.159660339355469,
			"Absolute Velocity Y" : -0.27015748620033264,
			"Absolute Velocity Z" : -0.27190527319908142,
			"ActorName" : "CAR 01",
			"BoundingBox3D Extent X" : 4.9785623550415039,
			"BoundingBox3D Extent Y" : 2.0556600093841553,
			"BoundingBox3D Extent Z" : 1.4564532041549683,
			"BoundingBox3D Orientation Quat W" : 0.99997597932815552,
			"BoundingBox3D Orientation Quat X" : 0.0045331851579248905,
			"BoundingBox3D Orientation Quat Y" : 0.0038000061176717281,
			"BoundingBox3D Orientation Quat Z" : -0.00033773205359466374,
			"BoundingBox3D Origin X" : -10.024185180664062,
			"BoundingBox3D Origin Y" : 3.9672296047210693,
			"BoundingBox3D Origin Z" : 0.80262267589569092,
			"ObjectId" : 1,
			"ObjectType" : "CAR",
			"Occluded" : 0.0,
			"Relative Acceleration X" : -0.26953220367431641,
			"Relative Acceleration Y" : -0.074211642146110535,
			"Relative Acceleration Z" : 0.020611938089132309,
			"Relative Velocity X" : 4.6693878173828125,
			"Relative Velocity Y" : 0.065419644117355347,
			"Relative Velocity Z" : 0.037069473415613174,
			"Truncated" : 0
		},
		{
			"Absolute Acceleration X" : -0.069841384887695312,
			"Absolute Acceleration Y" : -0.28713136911392212,
			"Absolute Acceleration Z" : 0.012060612440109253,
			"Absolute Velocity X" : 21.072315216064453,
			"Absolute Velocity Y" : -0.01127488911151886,
			"Absolute Velocity Z" : -0.45643448829650879,
			"ActorName" : "TRUCK 02",
			"BoundingBox3D Extent X" : 11.0,
			"BoundingBox3D Extent Y" : 2.3771471977233887,
			"BoundingBox3D Extent Z" : 3.0124955177307129,
			"BoundingBox3D Orientation Quat W" : 0.99991816282272339,
			"BoundingBox3D Orientation Quat X" : 0.0051890588365495205,
			"BoundingBox3D Orientation Quat Y" : 0.011169951409101486,
			"BoundingBox3D Orientation Quat Z" : -0.00074299512198194861,
			"BoundingBox3D Origin X" : 104.65557861328125,
			"BoundingBox3D Origin Y" : -2.8791618347167969,
			"BoundingBox3D Origin Z" : -0.05782034620642662,
			"ObjectId" : 2,
			"ObjectType" : "TRUCK",
			"Occluded" : 0.0,
			"Relative Acceleration X" : -0.25202465057373047,
			"Relative Acceleration Y" : -0.42868709564208984,
			"Relative Acceleration Z" : -0.034802760928869247,
			"Relative Velocity X" : -5.4821386337280273,
			"Relative Velocity Y" : -0.73018711805343628,
			"Relative Velocity Z" : -0.62785935401916504,
			"Truncated" : 0
		},
		{
			"Absolute Acceleration X" : 0.10609054565429688,
			"Absolute Acceleration Y" : 0.11820344626903534,
			"Absolute Acceleration Z" : -0.10302963852882385,
			"Absolute Velocity X" : 28.034526824951172,
			"Absolute Velocity Y" : 0.11495871841907501,
			"Absolute Velocity Z" : -0.32066643238067627,
			"ActorName" : "CAR 03",
			"BoundingBox3D Extent X" : 4.0999999046325684,
			"BoundingBox3D Extent Y" : 1.7416778802871704,
			"BoundingBox3D Extent Z" : 1.5282447338104248,
			"BoundingBox3D Orientation Quat W" : 0.99996823072433472,
			"BoundingBox3D Orientation Quat X" : 0.0037297077942639589,
			"BoundingBox3D Orientation Quat Y" : 0.0061936662532389164,
			"BoundingBox3D Orientation Quat Z" : 0.00089415005641058087,
			"BoundingBox3D Origin X" : 47.027870178222656,
			"BoundingBox3D Origin Y" : 0.25357654690742493,
			"BoundingBox3D Origin Z" : 0.25011590123176575,
			"ObjectId" : 3,
			"ObjectType" : "CAR",
			"Occluded" : 0.0,
			"Relative Acceleration X" : -0.069170951843261719,
			"Relative Acceleration Y" : -0.13477180898189545,
			"Relative Acceleration Z" : -0.084585323929786682,
			"Relative Velocity X" : 1.5090117454528809,
			"Relative Velocity Y" : -0.073627807199954987,
			"Relative Velocity Z" : -0.24573066830635071,
			"Truncated" : 0
		},
		{
			"Absolute Acceleration X" : -0.0359344482421875,
			"Absolute Acceleration Y" : 0.54917657375335693,
			"Absolute Acceleration Z" : -0.14863649010658264,
			"Absolute Velocity X" : 32.283649444580078,
			"Absolute Velocity Y" : -0.7682461142539978,
			"Absolute Velocity Z" : -0.19409801065921783,
			"ActorName" : "CAR 04",
			"BoundingBox3D Extent X" : 5.3322725296020508,
			"BoundingBox3D Extent Y" : 2.0638191699981689,
			"BoundingBox3D Extent Z" : 1.4742890596389771,
			"BoundingBox3D Orientation Quat W" : -0.99975556135177612,
			"BoundingBox3D Orientation Quat X" : -0.0020708285737782717,
			"BoundingBox3D Orientation Quat Y" : -0.0030088531784713268,
			"BoundingBox3D Orientation Quat Z" : -0.021476000547409058,
			"BoundingBox3D Origin X" : -46.333660125732422,
			"BoundingBox3D Origin Y" : 4.2254734039306641,
			"BoundingBox3D Origin Z" : 1.0818138122558594,
			"ObjectId" : 4,
			"ObjectType" : "CAR",
			"Occluded" : 0.0,
			"Relative Acceleration X" : -0.21970367431640625,
			"Relative Acceleration Y" : 0.23117135465145111,
			"Relative Acceleration Z" : -0.0573459193110466,
			"Relative Velocity X" : 5.7961788177490234,
			"Relative Velocity Y" : -0.099566936492919922,
			"Relative Velocity Z" : 0.26249095797538757,
			"Truncated" : 0
		},
		{
			"Absolute Acceleration X" : 0.072210311889648438,
			"Absolute Acceleration Y" : -0.27215158939361572,
			"Absolute Acceleration Z" : -0.011214554309844971,
			"Absolute Velocity X" : 25.913995742797852,
			"Absolute Velocity Y" : -0.84692126512527466,
			"Absolute Velocity Z" : -0.25425717234611511,
			"ActorName" : "CAR 05",
			"BoundingBox3D Extent X" : 5.1394953727722168,
			"BoundingBox3D Extent Y" : 2.3713786602020264,
			"BoundingBox3D Extent Z" : 1.8860985040664673,
			"BoundingBox3D Orientation Quat W" : -0.99963748455047607,
			"BoundingBox3D Orientation Quat X" : 0.0063224541954696178,
			"BoundingBox3D Orientation Quat Y" : -0.0047387741506099701,
			"BoundingBox3D Orientation Quat Z" : 0.02537841722369194,
			"BoundingBox3D Origin X" : -10.739927291870117,
			"BoundingBox3D Origin Y" : -0.56592905521392822,
			"BoundingBox3D Origin Z" : 1.0127191543579102,
			"ObjectId" : 5,
			"ObjectType" : "CAR",
			"Occluded" : 0.0,
			"Relative Acceleration X" : -0.11498254537582397,
			"Relative Acceleration Y" : -0.48755982518196106,
			"Relative Acceleration Z" : 0.025356706231832504,
			"Relative Velocity X" : -0.61734503507614136,
			"Relative Velocity Y" : -0.50680357217788696,
			"Relative Velocity Z" : 0.045266672968864441,
			"Truncated" : 0
		},
		{
			"Absolute Acceleration X" : 0.067683190107345581,
			"Absolute Acceleration Y" : -0.44726774096488953,
			"Absolute Acceleration Z" : 0.13549321889877319,
			"Absolute Velocity X" : 28.043777465820312,
			"Absolute Velocity Y" : -0.23596800863742828,