{
	"CapturedObjects" : 
	[
		{
			"Absolute Acceleration X" : 0.24985313415527344,
			"Absolute Acceleration Y" : 0.77811449766159058,
			"Absolute Acceleration Z" : -0.049613550305366516,
			"Absolute Velocity X" : 30.392940521240234,
			"Absolute Velocity Y" : -0.04653264582157135,
			"Absolute Velocity Z" : -0.24770553410053253,
			"ActorName" : "CAR 00",
			"BoundingBox3D Extent X" : 4.6205844879150391,
			"BoundingBox3D Extent Y" : 2.1428279876708984,
			"BoundingBox3D Extent Z" : 1.6920909881591797,
			"BoundingBox3D Orientation Quat W" : 0.99997532367706299,
			"BoundingBox3D Orientation Quat X" : 0.00030114100081846118,
			"BoundingBox3D Orientation Quat Y" : 0.0038306331261992455,
			"BoundingBox3D Orientation Quat Z" : -0.0049034780822694302,
			"BoundingBox3D Origin X" : -13.108570098876953,
			"BoundingBox3D Origin Y" : 1.1740052700042725,
			"BoundingBox3D Origin Z" : 0.92078757286071777,
			"ObjectId" : 0,
			"ObjectType" : "CAR",
			"Occluded" : 0.0,
			"Relative Acceleration X" : 0.38115310668945312,
			"Relative Acceleration Y" : -0.89262628555297852,
			"Relative Acceleration Z" : -0.018807843327522278,
			"Relative Velocity X" : 2.8415050506591797,
			"Relative Velocity Y" : 0.94286108016967773,
			"Relative Velocity Z" : -0.030370147898793221,
			"Truncated" : 0
		},
		{
			"Absolute Acceleration X" : 0.24605941772460938,
			"Absolute Acceleration Y" : 0.5593186616897583,
			"Absolute Acceleration Z" : -0.029359295964241028,
			"Absolute Velocity X" : 25.233804702758789,
			"Absolute Velocity Y" : 0.082731708884239197,
			"Absolute Velocity Z" : -0.22964166104793549,
			"ActorName" : "CAR 01",
			"BoundingBox3D Extent X" : 5.0297880172729492,
			"BoundingBox3D Extent Y" : 2.3046054840087891,
			"BoundingBox3D Extent Z" : 1.9340174198150635,
			"BoundingBox3D Orientation Quat W" : 0.99996578693389893,
			"BoundingBox3D Orientation Quat X" : -0.0050143799744546413,
			"BoundingBox3D Orientation Quat Y" : 0.0042202998884022236,
			"BoundingBox3D Orientation Quat Z" : 0.0036071550566703081,
			"BoundingBox3D Origin X" : 2.3736159801483154,
			"BoundingBox3D Origin Y" : -5.773097038269043,
			"BoundingBox3D Origin Z" : 0.97866255044937134,
			"ObjectId" : 1,
			"ObjectType" : "CAR",
			"Occluded" : 0.0,
			"Relative Acceleration X" : 0.59805536270141602,
			"Relative Acceleration Y" : -0.36549761891365051,
			"Relative Acceleration Z" : -0.21141216158866882,
			"Relative Velocity X" : -2.6319122314453125,
			"Relative Velocity Y" : 0.33451604843139648,
			"Relative Velocity Z" : -0.049096982926130295,
			"Truncated" : 0
		},
		{
			"Absolute Acceleration X" : -0.16461753845214844,
			"Absolute Acceleration Y" : 0.70457953214645386,
			"Absolute Acceleration Z" : -0.079557433724403381,
			"Absolute Velocity X" : 24.850717544555664,
			"Absolute Velocity Y" : -0.89723759889602661,
			"Absolute Velocity Z" : -0.18235741555690765,
			"ActorName" : "CAR 02",
			"BoundingBox3D Extent X" : 4.5351982116699219,
			"BoundingBox3D Extent Y" : 2.0965876579284668,
			"BoundingBox3D Extent Z" : 1.4524728059768677,
			"BoundingBox3D Orientation Quat W" : -0.99985146522521973,
			"BoundingBox3D Orientation Quat X" : 0.0069427522830665112,
			"BoundingBox3D Orientation Quat Y" : -0.0036851500626653433,
			"BoundingBox3D Orientation Quat Z" : 0.014970625750720501,
			"BoundingBox3D Origin X" : -32.868701934814453,
			"BoundingBox3D Origin Y" : -5.5791721343994141,
			"BoundingBox3D Origin Z" : 0.9897492527961731,
			"ObjectId" : 2,
			"ObjectType" : "CAR",
			"Occluded" : 0.0,
			"Relative Acceleration X" : 0.15907955169677734,
			"Relative Acceleration Y" : -1.3509364128112793,
			"Relative Acceleration Z" : -0.38459122180938721,
			"Relative Velocity X" : -3.0084915161132812,
			"Relative Velocity Y" : 0.96662396192550659,
			"Relative Velocity Z" : -0.064001806080341339,
			"Truncated" : 0
		},
		{
			"Absolute Acceleration X" : 0.45786094665527344,
			"Absolute Acceleration Y" : 0.48376405239105225,
			"Absolute Acceleration Z" : -0.041745901107788086,
			"Absolute Velocity X" : 25.675987243652344,
			"Absolute Velocity Y" : -2.0017173290252686,
			"Absolute Velocity Z" : -0.092674970626831055,
			"ActorName" : "TRUCK 03",
			"BoundingBox3D Extent X" : 11.0,
			"BoundingBox3D Extent Y" : 2.7357983589172363,
			"BoundingBox3D Extent Z" : 2.5310914516448975,
			"BoundingBox3D Orientation Quat W" : -0.99936020374298096,
			"BoundingBox3D Orientation Quat X" : 0.0057523921132087708,
			"BoundingBox3D Orientation Quat Y" : -0.0015933967661112547,
			"BoundingBox3D Orientation Quat Z" : 0.035127460956573486,
			"BoundingBox3D Origin X" : -79.782478332519531,
			"BoundingBox3D Origin Y" : -0.70495587587356567,
			"BoundingBox3D Origin Z" : 1.753422737121582,
			"ObjectId" : 3,
			"ObjectType" : "TRUCK",
			"Occluded" : 0.0,
			"Relative Acceleration X" : 0.61592721939086914,
			"Relative Acceleration Y" : -3.1526908874511719,
			"Relative Acceleration Z" : -0.34414952993392944,
			"Relative Velocity X" : -1.9708726406097412,
			"Relative Velocity Y" : 2.0000615119934082,
			"Relative Velocity Z" : -0.011678301729261875,
			"Truncated" : 0
		},
		{
			"Absolute Acceleration X" : 0.12611961364746094,
			"Absolute Acceleration Y" : 0.85661298036575317,
			"Absolute Acceleration Z" : -0.059398621320724487,
			"Absolute Velocity X" : 26.662494659423828,
			"Absolute Velocity Y" : 1.2705675363540649,
			"Absolute Velocity Z" : -0.32527631521224976,
			"ActorName" : "CAR 04",
			"BoundingBox3D Extent X" : 4.1293668746948242,
			"BoundingBox3D Extent Y" : 1.8283975124359131,
			"BoundingBox3D Extent Z" : 1.4846968650817871,
			"BoundingBox3D Orientation Quat W" : 0.99971866607666016,
			"BoundingBox3D Orientation Quat X" : -0.0047218101099133492,
			"BoundingBox3D Orientation Quat Y" : 0.0065657831728458405,
			"BoundingBox3D Orientation Quat Z" : 0.022034460678696632,
			"BoundingBox3D Origin X" : 39.516231536865234,
			"BoundingBox3D Origin Y" : -1.1586277484893799,
			"BoundingBox3D Origin Z" : 0.32921722531318665,
			"ObjectId" : 4,
			"ObjectType" : "CAR",
			"Occluded" : 0.0,
			"Relative Acceleration X" : 0.35167235136032104,
			"Relative Acceleration Y" : 1.0856087207794189,
			"Relative Acceleration Z" : 0.071419350802898407,
			"Relative Velocity X" : -0.98580890893936157,
			"Relative Velocity Y" : -0.1591508537530899,
			"Relative Velocity Z" : -0.030123265460133553,
			"Truncated" : 0
		},
		{
			"Absolute Acceleration X" : -0.16996955871582031,
			"Absolute Acceleration Y" : 0.75526857376098633,
			"Absolute Acceleration Z" : -0.060844272375106812,
			"Absolute Velocity X" : 22.090641021728516,
			"Absolute Velocity Y" : 3.6579492092132568,
			"Absolute Velocity Z" : -0.40651616454124451,
			"ActorName" : "CAR 05",
			"BoundingBox3D Extent X" : 4.9718923568725586,
			"BoundingBox3D Extent Y" : 3.5455467700958252,
			"BoundingBox3D Extent Z" : 2.978952169418335,
			"BoundingBox3D Orientation Quat W" : 0.99634009599685669,
			"BoundingBox3D Orientation Quat X" : -8.8834269263315946e-05,
			"BoundingBox3D Orientation Quat Y" : 0.0092660877853631973,
			"BoundingBox3D Orientation Quat Z" : 0.084871493279933929,
			"BoundingBox3D Origin X" : 163.19224548339844,
			"BoundingBox3D Origin Y" : 7.9668006896972656,
			"BoundingBox3D Origin Z" : -0.82942545413970947,
			"ObjectId" : 5,
			"ObjectType" : "CAR",
			"Occluded" : 0.0,
			"Relative Acceleration X" : -0.23026514053344727,
			"Relative Acceleration Y" : 5.2415266036987305,
			"Relative Acceleration Z" : 0.82589894533157349,
			"Relative Velocity X" : -5.1197638511657715,
			"Relative Velocity Y" : -3.4377028942108154,
			"Relative Velocity Z" : 0.20512248575687408,
			"Truncated" : 0
		},
		{
			"Absolute Acceleration X" : -0.14112663269042969,
			"Absolute Acceleration Y" : 0.25889253616333008,
			"Absolute Acceleration Z" : -0.090918838977813721,
			"Absolute Velocity X" : 25.198535919189453,
			"Absolute Velocity Y" : 4.5903120040893555,
			"Absolute Velocity Z" : -0.49611178040504456,