{
	"CapturedObjects" : 
	[
		{
			"Absolute Acceleration X" : 0.23719596862792969,
			"Absolute Acceleration Y" : -0.58931076526641846,
			"Absolute Acceleration Z" : -0.033794447779655457,
			"Absolute Velocity X" : 22.185821533203125,
			"Absolute Velocity Y" : 0.12160863727331161,
			"Absolute Velocity Z" : -0.18520565330982208,
			"ActorName" : "TRUCK 00",
			"BoundingBox3D Extent X" : 11.0,
			"BoundingBox3D Extent Y" : 2.8261775970458984,
			"BoundingBox3D Extent Z" : 2.7759857177734375,
			"BoundingBox3D Orientation Quat W" : 0.99994105100631714,
			"BoundingBox3D Orientation Quat X" : -0.0090374331921339035,
			"BoundingBox3D Orientation Quat Y" : 0.0043418132700026035,
			"BoundingBox3D Orientation Quat Z" : 0.000883983273524791,
			"BoundingBox3D Origin X" : -10.651655197143555,
			"BoundingBox3D Origin Y" : -3.8060488700866699,
			"BoundingBox3D Origin Z" : 1.4504101276397705,
			"ObjectId" : 0,
			"ObjectType" : "TRUCK",
			"Occluded" : 0.0,
			"Relative Acceleration X" : 0.23274755477905273,
			"Relative Acceleration Y" : -0.04919569194316864,
			"Relative Acceleration Z" : -0.024976158514618874,
			"Relative Velocity X" : -3.1632356643676758,
			"Relative Velocity Y" : 0.010342057794332504,
			"Relative Velocity Z" : 0.13038425147533417,
			"Truncated" : 0
		},
		{
			"Absolute Acceleration X" : 0.54842185974121094,
			"Absolute Acceleration Y" : -0.54995876550674438,
			"Absolute Acceleration Z" : -0.078349828720092773,
			"Absolute Velocity X" : 22.785436630249023,
			"Absolute Velocity Y" : 1.2323949337005615,
			"Absolute Velocity Z" : -0.073740281164646149,
			"ActorName" : "CAR 01",
			"BoundingBox3D Extent X" : 4.0999999046325684,
			"BoundingBox3D Extent Y" : 1.8643006086349487,
			"BoundingBox3D Extent Z" : 1.5256708860397339,
			"BoundingBox3D Orientation Quat W" : 0.99961477518081665,
			"BoundingBox3D Orientation Quat X" : 0.0027109466027468443,
			"BoundingBox3D Orientation Quat Y" : 0.0015360827092081308,
			"BoundingBox3D Orientation Quat Z" : 0.027387285605072975,
			"BoundingBox3D Origin X" : -59.275253295898438,
			"BoundingBox3D Origin Y" : -2.1927435398101807,
			"BoundingBox3D Origin Z" : 1.1145473718643188,
			"ObjectId" : 1,
			"ObjectType" : "CAR",
			"Occluded" : 0.0,
			"Relative Acceleration X" : 0.52892708778381348,
			"Relative Acceleration Y" : 0.29353290796279907,
			"Relative Acceleration Z" : -0.15463730692863464,
			"Relative Velocity X" : -2.6028568744659424,
			"Relative Velocity Y" : -0.050966214388608932,
			"Relative Velocity Z" : 0.34265995025634766,
			"Truncated" : 0
		},
		{
			"Absolute Acceleration X" : -0.104949951171875,
			"Absolute Acceleration Y" : -1.0713229179382324,
			"Absolute Acceleration Z" : -0.097973078489303589,
			"Absolute Velocity X" : 30.973859786987305,
			"Absolute Velocity Y" : 0.63246375322341919,
			"Absolute Velocity Z" : -0.25672337412834167,
			"ActorName" : "CAR 03",
			"BoundingBox3D Extent X" : 4.3612446784973145,
			"BoundingBox3D Extent Y" : 2.5543322563171387,
			"BoundingBox3D Extent Z" : 1.4967716932296753,
			"BoundingBox3D Orientation Quat W" : 0.99989593029022217,
			"BoundingBox3D Orientation Quat X" : 0.0035916129127144814,
			"BoundingBox3D Orientation Quat Y" : 0.0041219568811357021,
			"BoundingBox3D Orientation Quat Z" : 0.012914828024804592,
			"BoundingBox3D Origin X" : -27.591161727905273,
			"BoundingBox3D Origin Y" : 3.5797228813171387,
			"BoundingBox3D Origin Z" : 0.97703713178634644,
			"ObjectId" : 3,
			"ObjectType" : "CAR",
			"Occluded" : 0.0,
			"Relative Acceleration X" : -0.082334518432617188,
			"Relative Acceleration Y" : 0.027312077581882477,
			"Relative Acceleration Z" : -0.079727433621883392,
			"Relative Velocity X" : 5.4465422630310059,
			"Relative Velocity Y" : 0.10417328029870987,
			"Relative Velocity Z" : 0.1083233654499054,
			"Truncated" : 0
		},
		{
			"Absolute Acceleration X" : 0.3907928466796875,
			"Absolute Acceleration Y" : -1.0062873363494873,
			"Absolute Acceleration Z" : -0.073584616184234619,
			"Absolute Velocity X" : 33.269641876220703,
			"Absolute Velocity Y" : -2.9589462280273438,
			"Absolute Velocity Z" : -0.45810124278068542,
			"ActorName" : "CAR 04",
			"BoundingBox3D Extent X" : 4.0999999046325684,
			"BoundingBox3D Extent Y" : 1.6322613954544067,
			"BoundingBox3D Extent Z" : 1.5688607692718506,
			"BoundingBox3D Orientation Quat W" : -0.99898898601531982,
			"BoundingBox3D Orientation Quat X" : -0.0015205501113086939,
			"BoundingBox3D Orientation Quat Y" : -0.0072610229253768921,
			"BoundingBox3D Orientation Quat Z" : 0.044230401515960693,
			"BoundingBox3D Origin X" : 82.148490905761719,
			"BoundingBox3D Origin Y" : -1.2264084815979004,
			"BoundingBox3D Origin Z" : -0.20385494828224182,
			"ObjectId" : 4,
			"ObjectType" : "CAR",
			"Occluded" : 0.0,
			"Relative Acceleration X" : 0.50497722625732422,
			"Relative Acceleration Y" : -0.40255337953567505,
			"Relative Acceleration Z" : 0.14764657616615295,
			"Relative Velocity X" : 7.8545970916748047,
			"Relative Velocity Y" : -0.8355412483215332,
			"Relative Velocity Z" : -0.33364379405975342,
			"Truncated" : 0
		},
		{
			"Absolute Acceleration X" : 0.27398872375488281,
			"Absolute Acceleration Y" : -0.69635248184204102,
			"Absolute Acceleration Z" : -0.037253476679325104,
			"Absolute Velocity X" : 22.605457305908203,
			"Absolute Velocity Y" : 3.5627198219299316,
			"Absolute Velocity Z" : 0.012717372737824917,
			"ActorName" : "CAR 06",
			"BoundingBox3D Extent X" : 4.0999999046325684,
			"BoundingBox3D Extent Y" : 2.4307396411895752,
			"BoundingBox3D Extent Z" : 3.0618698596954346,
			"BoundingBox3D Orientation Quat W" : 0.99737036228179932,
			"BoundingBox3D Orientation Quat X" : 0.00054667191579937935,
			"BoundingBox3D Orientation Quat Y" : 0.00068450468825176358,
			"BoundingBox3D Orientation Quat Z" : 0.072350829839706421,
			"BoundingBox3D Origin X" : -153.89111328125,
			"BoundingBox3D Origin Y" : -11.56351375579834,
			"BoundingBox3D Origin Z" : 1.7606276273727417,
			"ObjectId" : 6,
			"ObjectType" : "CAR",
			"Occluded" : 0.0,
			"Relative Acceleration X" : 0.14716887474060059,
			"Relative Acceleration Y" : 0.67970210313796997,
			"Relative Acceleration Z" : -0.29677405953407288,
			"Relative Velocity X" : -2.5538749694824219,
			"Relative Velocity Y" : -0.0068505075760185719,
			"Relative Velocity Z" : 0.57296401262283325,
			"Truncated" : 0
		},
		{
			"Absolute Acceleration X" : 0.045925140380859375,
			"Absolute Acceleration Y" : -0.76547157764434814,
			"Absolute Acceleration Z" : -0.0081154406070709229,
			"Absolute Velocity X" : 24.926267623901367,
			"Absolute Velocity Y" : -0.95882171392440796,
			"Absolute Velocity Z" : -0.2805311381816864,
			"ActorName" : "CAR 07",
			"BoundingBox3D Extent X" : 4.1408395767211914,
			"BoundingBox3D Extent Y" : 1.8945406675338745,
			"BoundingBox3D Extent Z" : 1.469247579574585,
			"BoundingBox3D Orientation Quat W" : -0.99973207712173462,
			"BoundingBox3D Orientation Quat X" : 0.0049553434364497662,
			"BoundingBox3D Orientation Quat Y" : -0.0053267097100615501,
			"BoundingBox3D Orientation Quat Z" : 0.021856322884559631,
			"BoundingBox3D Origin X" : 35.378261566162109,
			"BoundingBox3D Origin Y" : -4.7909584045410156,
			"BoundingBox3D Origin Z" : 0.31844136118888855,
			"ObjectId" : 7,
			"ObjectType" : "CAR",
			"Occluded" : 0.0,
			"Relative Acceleration X" : 0.060367822647094727,
			"Relative Acceleration Y" : -0.33765697479248047,
			"Relative Acceleration Z" : 0.09442419558763504,
			"Relative Velocity X" : -0.40121456980705261,
			"Relative Velocity Y" : 0.042219594120979309,
			"Relative Velocity Z" : -0.064115241169929504,
			"Truncated" : 0
		},
		{
			"Absolute Acceleration X" : 0.10890388488769531,
			"Absolute Acceleration Y" : -0.6445995569229126,
			"Absolute Acceleration Z" : -0.046219468116760254,
			"Absolute Velocity X" : 24.701171875,
			"Absolute Velocity Y" : -1.6131737232208252,
			"Absolute Velocity Z" : -0.30548667907714844,