{
	"CapturedObjects" : 
	[
		{
			"Absolute Acceleration X" : -0.097789764404296875,
			"Absolute Acceleration Y" : -0.88442826271057129,
			"Absolute Acceleration Z" : -0.091664493083953857,
			"Absolute Velocity X" : 24.881828308105469,
			"Absolute Velocity Y" : -1.65932297706604,
			"Absolute Velocity Z" : -0.39924103021621704,
			"ActorName" : "CAR 04",
			"BoundingBox3D Extent X" : 4.1167516708374023,
			"BoundingBox3D Extent Y" : 1.7308224439620972,
			"BoundingBox3D Extent Z" : 1.4999700784683228,
			"BoundingBox3D Orientation Quat W" : -0.99943900108337402,
			"BoundingBox3D Orientation Quat X" : -9.0038403868675232e-05,
			"BoundingBox3D Orientation Quat Y" : -0.0076285968534648418,
			"BoundingBox3D Orientation Quat Z" : 0.03248167410492897,
			"BoundingBox3D Origin X" : 39.505546569824219,
			"BoundingBox3D Origin Y" : -1.1126002073287964,
			"BoundingBox3D Origin Z" : 0.21730613708496094,
			"ObjectId" : 4,
			"ObjectType" : "CAR",
			"Occluded" : 0.0,
			"Relative Acceleration X" : 0.10052871704101562,
			"Relative Acceleration Y" : -0.37654677033424377,
			"Relative Acceleration Z" : 0.11916004121303558,
			"Relative Velocity X" : -0.48227271437644958,
			"Relative Velocity Y" : -0.6227143406867981,
			"Relative Velocity Z" : -0.018482815474271774,
			"Truncated" : 0
		},
		{
			"Absolute Acceleration X" : 0.023082733154296875,
			"Absolute Acceleration Y" : -0.47348499298095703,
			"Absolute Acceleration Z" : 0.044553861021995544,
			"Absolute Velocity X" : 18.959426879882812,
			"Absolute Velocity Y" : 1.0443242788314819,
			"Absolute Velocity Z" : -0.15012677013874054,
			"ActorName" : "CAR 14",
			"BoundingBox3D Extent X" : 5.2294902801513672,
			"BoundingBox3D Extent Y" : 2.2024991512298584,
			"BoundingBox3D Extent Z" : 1.7669569253921509,
			"BoundingBox3D Orientation Quat W" : 0.99975317716598511,
			"BoundingBox3D Orientation Quat X" : -0.0022324961610138416,
			"BoundingBox3D Orientation Quat Y" : 0.0040065934881567955,
			"BoundingBox3D Orientation Quat Z" : 0.021445658057928085,
			"BoundingBox3D Origin X" : -22.661884307861328,
			"BoundingBox3D Origin Y" : -2.048377513885498,
			"BoundingBox3D Origin Z" : 1.0422073602676392,
			"ObjectId" : 14,
			"ObjectType" : "CAR",
			"Occluded" : 0.0,
			"Relative Acceleration X" : 0.12450981140136719,
			"Relative Acceleration Y" : -0.18715500831604004,
			"Relative Acceleration Z" : 0.050746243447065353,
			"Relative Velocity X" : -6.3868060111999512,
			"Relative Velocity Y" : 0.74264645576477051,
			"Relative Velocity Z" : 0.072355002164840698,
			"Truncated" : 0
		},
		{
			"Absolute Acceleration X" : 0.10880287736654282,
			"Absolute Acceleration Y" : 0.11687999218702316,
			"Absolute Acceleration Z" : 0.15111692249774933,
			"Absolute Velocity X" : 23.837362289428711,
			"Absolute Velocity Y" : 4.0841569900512695,
			"Absolute Velocity Z" : -0.42741325497627258,
			"ActorName" : "CAR 28",
			"BoundingBox3D Extent X" : 4.0999999046325684,
			"BoundingBox3D Extent Y" : 2.3790092468261719,
			"BoundingBox3D Extent Z" : 1.7195987701416016,
			"BoundingBox3D Orientation Quat W" : 0.99619126319885254,
			"BoundingBox3D Orientation Quat X" : 0.0039444705471396446,
			"BoundingBox3D Orientation Quat Y" : 0.0086520174518227577,
			"BoundingBox3D Orientation Quat Z" : 0.086618073284626007,
			"BoundingBox3D Origin X" : -143.18486022949219,
			"BoundingBox3D Origin Y" : -8.4653940200805664,
			"BoundingBox3D Origin Z" : 2.176124095916748,
			"ObjectId" : 28,
			"ObjectType" : "CAR",
			"Occluded" : 0.0,
			"Relative Acceleration X" : 0.092060238122940063,
			"Relative Acceleration Y" : 1.8579959869384766,
			"Relative Acceleration Z" : -1.4402823448181152,
			"Relative Velocity X" : -1.3875967264175415,
			"Relative Velocity Y" : 1.1271291971206665,
			"Relative Velocity Z" : -1.5242623090744019,
			"Truncated" : 0
		},
		{
			"Absolute Acceleration X" : 0.37849998474121094,
			"Absolute Acceleration Y" : -0.37415421009063721,
			"Absolute Acceleration Z" : -0.062424182891845703,
			"Absolute Velocity X" : 20.162843704223633,
			"Absolute Velocity Y" : -0.69604372978210449,
			"Absolute Velocity Z" : -0.27012759447097778,
			"ActorName" : "TRUCK 30",
			"BoundingBox3D Extent X" : 11.0,
			"BoundingBox3D Extent Y" : 1.6550450325012207,
			"BoundingBox3D Extent Z" : 2.9856319427490234,
			"BoundingBox3D Orientation Quat W" : -0.99982857704162598,
			"BoundingBox3D Orientation Quat X" : 0.0011483258567750454,
			"BoundingBox3D Orientation Quat Y" : -0.0061623500660061836,
			"BoundingBox3D Orientation Quat Z" : 0.017308121547102928,
			"BoundingBox3D Origin X" : 28.063776016235352,
			"BoundingBox3D Origin Y" : -3.5963006019592285,
			"BoundingBox3D Origin Z" : 1.1223523616790771,
			"ObjectId" : 30,
			"ObjectType" : "TRUCK",
			"Occluded" : 0.0,
			"Relative Acceleration X" : 0.53151607513427734,
			"Relative Acceleration Y" : -0.076248414814472198,
			"Relative Acceleration Z" : 0.094477578997612,
			"Relative Velocity X" : -5.1506586074829102,
			"Relative Velocity Y" : 0.096905060112476349,
			"Relative Velocity Z" : 0.08569587767124176,
			"Truncated" : 0
		},
		{
			"Absolute Acceleration X" : 0.36046600341796875,
			"Absolute Acceleration Y" : -0.37135306000709534,
			"Absolute Acceleration Z" : -0.071677222847938538,
			"Absolute Velocity X" : 20.154962539672852,
			"Absolute Velocity Y" : -0.56380301713943481,
			"Absolute Velocity Z" : -0.25056809186935425,
			"ActorName" : "TRUCK 32",
			"BoundingBox3D Extent X" : 11.0,
			"BoundingBox3D Extent Y" : 2.6966457366943359,
			"BoundingBox3D Extent Z" : 3.2174811363220215,
			"BoundingBox3D Orientation Quat W" : -0.99988371133804321,
			"BoundingBox3D Orientation Quat X" : 0.001690869452431798,
			"BoundingBox3D Orientation Quat Y" : -0.0058106407523155212,
			"BoundingBox3D Orientation Quat Z" : 0.013823841698467731,
			"BoundingBox3D Origin X" : 18.105876922607422,
			"BoundingBox3D Origin Y" : -3.9759106636047363,
			"BoundingBox3D Origin Z" : 1.3625509738922119,
			"ObjectId" : 32,
			"ObjectType" : "TRUCK",
			"Occluded" : 0.0,
			"Relative Acceleration X" : 0.51124048233032227,
			"Relative Acceleration Y" : -0.064614333212375641,
			"Relative Acceleration Z" : 0.056263543665409088,
			"Relative Velocity X" : -5.1510534286499023,
			"Relative Velocity Y" : 0.014780054800212383,
			"Relative Velocity Z" : 0.079636916518211365,
			"Truncated" : 0
		},
		{
			"Absolute Acceleration X" : 0.061273574829101562,
			"Absolute Acceleration Y" : -0.57371866703033447,
			"Absolute Acceleration Z" : -0.0083495378494262695,
			"Absolute Velocity X" : 21.726743698120117,
			"Absolute Velocity Y" : -2.1094825267791748,
			"Absolute Velocity Z" : -0.35123741626739502,
			"ActorName" : "CAR 34",
			"BoundingBox3D Extent X" : 4.0999999046325684,
			"BoundingBox3D Extent Y" : 1.63224196434021,
			"BoundingBox3D Extent Z" : 1.4729059934616089,
			"BoundingBox3D Orientation Quat W" : -0.99883288145065308,
			"BoundingBox3D Orientation Quat X" : 0.0012521794997155666,
			"BoundingBox3D Orientation Quat Y" : -0.0081270039081573486,
			"BoundingBox3D Orientation Quat Z" : 0.047503665089607239,
			"BoundingBox3D Origin X" : 82.434585571289062,
			"BoundingBox3D Origin Y" : -7.8368015289306641,
			"BoundingBox3D Origin Z" : -0.49336200952529907,
			"ObjectId" : 34,
			"ObjectType" : "CAR",
			"Occluded" : 0.0,
			"Relative Acceleration X" : 0.2481987476348877,
			"Relative Acceleration Y" : -0.24837452173233032,
			"Relative Acceleration Z" : 0.30993101000785828,
			"Relative Velocity X" : -3.4906172752380371,
			"Relative Velocity Y" : -0.1461891233921051,
			"Relative Velocity Z" : 0.14937590062618256,
			"Truncated" : 0
		},
		{
			"Absolute Acceleration X" : 0.0189666748046875,
			"Absolute Acceleration Y" : -0.29067420959472656,
			"Absolute Acceleration Z" : 0.25154009461402893,
			"Absolute Velocity X" : 33.260875701904297,
			"Absolute Velocity Y" : 4.6796426773071289,
			"Absolute Velocity Z" : -0.59655076265335083,
			"ActorName" : "CAR 35",