{
	"CapturedObjects" : 
	[
		{
			"Absolute Acceleration X" : -1.960334300994873,
			"Absolute Acceleration Y" : -2.2883405685424805,
			"Absolute Acceleration Z" : 0.082995384931564331,
			"Absolute Velocity X" : 9.0122528076171875,
			"Absolute Velocity Y" : -10.393543243408203,
			"Absolute Velocity Z" : 0.50976359844207764,
			"ActorName" : "CAR 00",
			"BoundingBox3D Extent X" : 4.1457114219665527,
			"BoundingBox3D Extent Y" : 1.86781907081604,
			"BoundingBox3D Extent Z" : 1.567468523979187,
			"BoundingBox3D Orientation Quat W" : -0.90918600559234619,
			"BoundingBox3D Orientation Quat X" : -0.0020885034464299679,
			"BoundingBox3D Orientation Quat Y" : 0.0215589739382267,
			"BoundingBox3D Orientation Quat Z" : 0.41576686501502991,
			"BoundingBox3D Origin X" : 44.836875915527344,
			"BoundingBox3D Origin Y" : -21.3529052734375,
			"BoundingBox3D Origin Z" : 1.624089241027832,
			"ObjectId" : 0,
			"ObjectType" : "CAR",
			"Occluded" : 0.0,
			"Relative Acceleration X" : 0.92668759822845459,
			"Relative Acceleration Y" : 0.84945881366729736,
			"Relative Acceleration Z" : -0.62590450048446655,
			"Relative Velocity X" : 0.017516700550913811,
			"Relative Velocity Y" : 0.20626886188983917,
			"Relative Velocity Z" : 0.037953797727823257,
			"Truncated" : 0
		},
		{
			"Absolute Acceleration X" : 1.7093067169189453,
			"Absolute Acceleration Y" : -2.3533744812011719,
			"Absolute Acceleration Z" : 0.096260756254196167,
			"Absolute Velocity X" : 11.931346893310547,
			"Absolute Velocity Y" : 5.8122658729553223,
			"Absolute Velocity Z" : -0.48064735531806946,
			"ActorName" : "CAR 01",
			"BoundingBox3D Extent X" : 4.593109130859375,
			"BoundingBox3D Extent Y" : 1.9586663246154785,
			"BoundingBox3D Extent Z" : 1.5214827060699463,
			"BoundingBox3D Orientation Quat W" : 0.97721719741821289,
			"BoundingBox3D Orientation Quat X" : 0.0033977658022195101,
			"BoundingBox3D Orientation Quat Y" : 0.018762154504656792,
			"BoundingBox3D Orientation Quat Z" : 0.21128377318382263,
			"BoundingBox3D Origin X" : -25.649751663208008,
			"BoundingBox3D Origin Y" : -5.4992480278015137,
			"BoundingBox3D Origin Z" : 1.2686532735824585,
			"ObjectId" : 1,
			"ObjectType" : "CAR",
			"Occluded" : 0.0,
			"Relative Acceleration X" : 0.5185319185256958,
			"Relative Acceleration Y" : -0.33221375942230225,
			"Relative Acceleration Z" : 0.18207255005836487,
			"Relative Velocity X" : -0.83689826726913452,
			"Relative Velocity Y" : -0.27494367957115173,
			"Relative Velocity Z" : -0.029733762145042419,
			"Truncated" : 0
		}
	],
	"FrameId" : 19461,
	"Timestamp" : 1676040129048725096,
	"TimestampMiddle" : 1676040129031725096
}