{
	"CapturedObjects" : 
	[
		{
			"Absolute Acceleration X" : -0.082721710205078125,
			"Absolute Acceleration Y" : 0.10697978734970093,
			"Absolute Acceleration Z" : -0.06937040388584137,
			"Absolute Velocity X" : 32.187850952148438,
			"Absolute Velocity Y" : -0.92028301954269409,
			"Absolute Velocity Z" : -0.19453147053718567,
			"ActorName" : "CAR 01",
			"BoundingBox3D Extent X" : 4.0999999046325684,
			"BoundingBox3D Extent Y" : 2.0434176921844482,
			"BoundingBox3D Extent Z" : 1.7555222511291504,
			"BoundingBox3D Orientation Quat W" : -0.99985116720199585,
			"BoundingBox3D Orientation Quat X" : 0.0001554037444293499,
			"BoundingBox3D Orientation Quat Y" : -0.0018034299137070775,
			"BoundingBox3D Orientation Quat Z" : 0.016834838315844536,
			"BoundingBox3D Origin X" : 94.626678466796875,
			"BoundingBox3D Origin Y" : 3.1382637023925781,
			"BoundingBox3D Origin Z" : 0.33623722195625305,
			"ObjectId" : 1,
			"ObjectType" : "CAR",
			"Occluded" : 0.0,
			"Relative Acceleration X" : 0.14717864990234375,
			"Relative Acceleration Y" : -0.0046091079711914062,
			"Relative Acceleration Z" : -0.1147591695189476,
			"Relative Velocity X" : 12.943851470947266,
			"Relative Velocity Y" : -1.1565424203872681,
			"Relative Velocity Z" : -0.034815479069948196,
			"Truncated" : 0
		},
		{
			"Absolute Acceleration X" : 0.22606658935546875,
			"Absolute Acceleration Y" : 0.0086051821708679199,
			"Absolute Acceleration Z" : -0.10872550308704376,
			"Absolute Velocity X" : 25.968843460083008,
			"Absolute Velocity Y" : -0.28023123741149902,
			"Absolute Velocity Z" : -0.20440223813056946,
			"ActorName" : "CAR 06",
			"BoundingBox3D Extent X" : 4.0999999046325684,
			"BoundingBox3D Extent Y" : 1.9416749477386475,
			"BoundingBox3D Extent Z" : 1.5827196836471558,
			"BoundingBox3D Orientation Quat W" : 0.99995994567871094,
			"BoundingBox3D Orientation Quat X" : -0.0056423596106469631,
			"BoundingBox3D Orientation Quat Y" : 0.0039817867800593376,
			"BoundingBox3D Orientation Quat Z" : -0.0054388446733355522,
			"BoundingBox3D Origin X" : 155.82997131347656,
			"BoundingBox3D Origin Y" : 1.3580150604248047,
			"BoundingBox3D Origin Z" : -0.11194148659706116,
			"ObjectId" : 6,
			"ObjectType" : "CAR",
			"Occluded" : 0.0,
			"Relative Acceleration X" : 0.46161413192749023,
			"Relative Acceleration Y" : -0.0052320957183837891,
			"Relative Acceleration Z" : -0.20425227284431458,
			"Relative Velocity X" : 6.7169461250305176,
			"Relative Velocity Y" : -0.79327762126922607,
			"Relative Velocity Z" : -0.027269834652543068,
			"Truncated" : 0
		},
		{
			"Absolute Acceleration X" : -0.45289421081542969,
			"Absolute Acceleration Y" : 0.023531928658485413,
			"Absolute Acceleration Z" : 0.025986194610595703,
			"Absolute Velocity X" : 19.722476959228516,
			"Absolute Velocity Y" : -0.13160137832164764,
			"Absolute Velocity Z" : -0.1180826723575592,
			"ActorName" : "CAR 07",
			"BoundingBox3D Extent X" : 4.1580929756164551,
			"BoundingBox3D Extent Y" : 1.6662228107452393,
			"BoundingBox3D Extent Z" : 1.5035252571105957,
			"BoundingBox3D Orientation Quat W" : 0.99998795986175537,
			"BoundingBox3D Orientation Quat X" : -0.00098670495208352804,
			"BoundingBox3D Orientation Quat Y" : 0.0022656915243715048,
			"BoundingBox3D Orientation Quat Z" : -0.0009283869294449687,
			"BoundingBox3D Origin X" : 22.293857574462891,
			"BoundingBox3D Origin Y" : -0.87559306621551514,
			"BoundingBox3D Origin Z" : 0.54606711864471436,
			"ObjectId" : 7,
			"ObjectType" : "CAR",
			"Occluded" : 0.0,
			"Relative Acceleration X" : -0.21160939335823059,
			"Relative Acceleration Y" : -0.050458803772926331,
			"Relative Acceleration Z" : 0.016858017072081566,
			"Relative Velocity X" : 0.45997655391693115,
			"Relative Velocity Y" : -0.048921231180429459,
			"Relative Velocity Z" : 0.0044782022014260292,
			"Truncated" : 0
		},
		{
			"Absolute Acceleration X" : 0.21064949035644531,
			"Absolute Acceleration Y" : -0.16045108437538147,
			"Absolute Acceleration Z" : -0.012245506048202515,
			"Absolute Velocity X" : 28.570600509643555,
			"Absolute Velocity Y" : -0.39878472685813904,
			"Absolute Velocity Z" : -0.11690940707921982,
			"ActorName" : "CAR 10",
			"BoundingBox3D Extent X" : 4.8711099624633789,
			"BoundingBox3D Extent Y" : 2.1350860595703125,
			"BoundingBox3D Extent Z" : 1.4998629093170166,
			"BoundingBox3D Orientation Quat W" : 0.99997657537460327,
			"BoundingBox3D Orientation Quat X" : 0.00032395721063949168,
			"BoundingBox3D Orientation Quat Y" : 0.0019914535805583,
			"BoundingBox3D Orientation Quat Z" : -0.0039018946699798107,
			"BoundingBox3D Origin X" : 60.257537841796875,
			"BoundingBox3D Origin Y" : 2.9719727039337158,
			"BoundingBox3D Origin Z" : 0.37306433916091919,
			"ObjectId" : 10,
			"ObjectType" : "CAR",
			"Occluded" : 0.0,
			"Relative Acceleration X" : 0.44608974456787109,
			"Relative Acceleration Y" : -0.27219197154045105,
			"Relative Acceleration Z" : -0.038395203649997711,
			"Relative Velocity X" : 9.3254184722900391,
			"Relative Velocity Y" : -0.48286017775535583,
			"Relative Velocity Z" : 0.027587693184614182,
			"Truncated" : 0
		},
		{
			"Absolute Acceleration X" : -0.077240936458110809,
			"Absolute Acceleration Y" : -0.41151294112205505,
			"Absolute Acceleration Z" : 0.036755196750164032,
			"Absolute Velocity X" : 32.327461242675781,
			"Absolute Velocity Y" : -0.88641870021820068,
			"Absolute Velocity Z" : -0.24082311987876892,
			"ActorName" : "CAR 11",
			"BoundingBox3D Extent X" : 4.1233329772949219,
			"BoundingBox3D Extent Y" : 1.9642138481140137,
			"BoundingBox3D Extent Z" : 1.6645832061767578,
			"BoundingBox3D Orientation Quat W" : -0.99986016750335693,
			"BoundingBox3D Orientation Quat X" : 0.0061859930865466595,
			"BoundingBox3D Orientation Quat Y" : -0.0022823764011263847,
			"BoundingBox3D Orientation Quat Z" : 0.014754634350538254,
			"BoundingBox3D Origin X" : 189.0052490234375,
			"BoundingBox3D Origin Y" : 4.4617390632629395,
			"BoundingBox3D Origin Z" : -0.47207057476043701,
			"ObjectId" : 11,
			"ObjectType" : "CAR",
			"Occluded" : 0.0,
			"Relative Acceleration X" : 0.28017404675483704,
			"Relative Acceleration Y" : -0.99028229713439941,
			"Relative Acceleration Z" : 0.27282410860061646,
			"Relative Velocity X" : 13.089747428894043,
			"Relative Velocity Y" : -1.5451174974441528,
			"Relative Velocity Z" : -0.045526266098022461,
			"Truncated" : 0
		},
		{
			"Absolute Acceleration X" : -0.0063037872314453125,
			"Absolute Acceleration Y" : -0.013597682118415833,
			"Absolute Acceleration Z" : -0.0076919645071029663,
			"Absolute Velocity X" : 22.74909782409668,
			"Absolute Velocity Y" : -0.27766916155815125,
			"Absolute Velocity Z" : -0.16357830166816711,
			"ActorName" : "CAR 18",
			"BoundingBox3D Extent X" : 4.1515731811523438,
			"BoundingBox3D Extent Y" : 1.9043769836425781,
			"BoundingBox3D Extent Z" : 1.6695989370346069,
			"BoundingBox3D Orientation Quat W" : 0.99994558095932007,
			"BoundingBox3D Orientation Quat X" : 0.0061908024363219738,
			"BoundingBox3D Orientation Quat Y" : 0.0022262739948928356,
			"BoundingBox3D Orientation Quat Z" : -0.0077320081181824207,
			"BoundingBox3D Origin X" : -48.934402465820312,
			"BoundingBox3D Origin Y" : 3.5844268798828125,
			"BoundingBox3D Origin Z" : 1.0241459608078003,
			"ObjectId" : 18,
			"ObjectType" : "CAR",
			"Occluded" : 0.0,
			"Relative Acceleration X" : 0.23204803466796875,
			"Relative Acceleration Y" : -0.16907182335853577,
			"Relative Acceleration Z" : 0.033919688314199448,
			"Relative Velocity X" : 3.5063788890838623,
			"Relative Velocity Y" : 0.12487147003412247,
			"Relative Velocity Z" : -0.062808915972709656,
			"Truncated" : 0
		},
		{
			"Absolute Acceleration X" : 0.14537811279296875,
			"Absolute Acceleration Y" : 0.27478933334350586,
			"Absolute Acceleration Z" : -0.037791021168231964,
			"Absolute Velocity X" : 30.948308944702148,
			"Absolute Velocity Y" : -0.42438653111457825,