{
	"CapturedObjects" : 
	[
		{
			"Absolute Acceleration X" : 0.31801414489746094,
			"Absolute Acceleration Y" : -0.064309269189834595,
			"Absolute Acceleration Z" : 0.12577240169048309,
			"Absolute Velocity X" : 31.693408966064453,
			"Absolute Velocity Y" : -0.36985936760902405,
			"Absolute Velocity Z" : -0.13180939853191376,
			"ActorName" : "CAR 01",
			"BoundingBox3D Extent X" : 4.9785623550415039,
			"BoundingBox3D Extent Y" : 2.0556600093841553,
			"BoundingBox3D Extent Z" : 1.4564532041549683,
			"BoundingBox3D Orientation Quat W" : 0.9999735951423645,
			"BoundingBox3D Orientation Quat X" : 0.0061160167679190636,
			"BoundingBox3D Orientation Quat Y" : 0.0014414656907320023,
			"BoundingBox3D Orientation Quat Z" : 0.00068008009111508727,
			"BoundingBox3D Origin X" : 12.88353443145752,
			"BoundingBox3D Origin Y" : 3.7917015552520752,
			"BoundingBox3D Origin Z" : 0.63430243730545044,
			"ObjectId" : 1,
			"ObjectType" : "CAR",
			"Occluded" : 0.0,
			"Relative Acceleration X" : 0.10649704933166504,
			"Relative Acceleration Y" : 0.10246086120605469,
			"Relative Acceleration Z" : -0.047613281756639481,
			"Relative Velocity X" : 3.8265900611877441,
			"Relative Velocity Y" : -0.068367145955562592,
			"Relative Velocity Z" : -0.032265380024909973,
			"Truncated" : 0
		},
		{
			"Absolute Acceleration X" : -0.320556640625,
			"Absolute Acceleration Y" : -0.23507243394851685,
			"Absolute Acceleration Z" : 0.12920419871807098,
			"Absolute Velocity X" : 27.769908905029297,
			"Absolute Velocity Y" : -0.68419569730758667,
			"Absolute Velocity Z" : 0.044534686952829361,
			"ActorName" : "CAR 03",
			"BoundingBox3D Extent X" : 4.0999999046325684,
			"BoundingBox3D Extent Y" : 1.7416778802871704,
			"BoundingBox3D Extent Z" : 1.5282447338104248,
			"BoundingBox3D Orientation Quat W" : -0.99998503923416138,
			"BoundingBox3D Orientation Quat X" : -0.0021036490797996521,
			"BoundingBox3D Orientation Quat Y" : -4.6658522478537634e-05,
			"BoundingBox3D Orientation Quat Z" : 0.0041332663968205452,
			"BoundingBox3D Origin X" : 51.526737213134766,
			"BoundingBox3D Origin Y" : -0.61976480484008789,
			"BoundingBox3D Origin Z" : 0.58350503444671631,
			"ObjectId" : 3,
			"ObjectType" : "CAR",
			"Occluded" : 0.0,
			"Relative Acceleration X" : -0.54221630096435547,
			"Relative Acceleration Y" : -0.22758466005325317,
			"Relative Acceleration Z" : -0.32378435134887695,
			"Relative Velocity X" : -0.074817374348640442,
			"Relative Velocity Y" : -0.19009636342525482,
			"Relative Velocity Z" : 0.038682278245687485,
			"Truncated" : 0
		},
		{
			"Absolute Acceleration X" : -0.013196945190429688,
			"Absolute Acceleration Y" : -0.20443877577781677,
			"Absolute Acceleration Z" : 0.099541917443275452,
			"Absolute Velocity X" : 31.703346252441406,
			"Absolute Velocity Y" : -0.13009548187255859,
			"Absolute Velocity Z" : -0.22160670161247253,
			"ActorName" : "CAR 04",
			"BoundingBox3D Extent X" : 5.3322725296020508,
			"BoundingBox3D Extent Y" : 2.0638191699981689,
			"BoundingBox3D Extent Z" : 1.4742890596389771,
			"BoundingBox3D Orientation Quat W" : 0.99995720386505127,
			"BoundingBox3D Orientation Quat X" : 0.0043095666915178299,
			"BoundingBox3D Orientation Quat Y" : 0.0038077097851783037,
			"BoundingBox3D Orientation Quat Z" : -0.0061215516179800034,
			"BoundingBox3D Origin X" : -19.338556289672852,
			"BoundingBox3D Origin Y" : 4.0201640129089355,
			"BoundingBox3D Origin Z" : 0.82177722454071045,
			"ObjectId" : 4,
			"ObjectType" : "CAR",
			"Occluded" : 0.0,
			"Relative Acceleration X" : -0.22371029853820801,
			"Relative Acceleration Y" : 0.054520502686500549,
			"Relative Acceleration Z" : 0.17692279815673828,
			"Relative Velocity X" : 3.8363454341888428,
			"Relative Velocity Y" : 0.013264948502182961,
			"Relative Velocity Z" : -0.011663262732326984,
			"Truncated" : 0
		},
		{
			"Absolute Acceleration X" : -0.16418838500976562,
			"Absolute Acceleration Y" : -1.0776677131652832,
			"Absolute Acceleration Z" : 0.094948694109916687,
			"Absolute Velocity X" : 25.488697052001953,
			"Absolute Velocity Y" : -0.93683665990829468,
			"Absolute Velocity Z" : -0.2326214462518692,
			"ActorName" : "CAR 05",
			"BoundingBox3D Extent X" : 5.1394953727722168,
			"BoundingBox3D Extent Y" : 2.3713786602020264,
			"BoundingBox3D Extent Z" : 1.8860985040664673,
			"BoundingBox3D Orientation Quat W" : -0.99968445301055908,
			"BoundingBox3D Orientation Quat X" : 0.001824734965339303,
			"BoundingBox3D Orientation Quat Y" : -0.0042483704164624214,
			"BoundingBox3D Orientation Quat Z" : 0.024516625329852104,
			"BoundingBox3D Origin X" : -18.077095031738281,
			"BoundingBox3D Origin Y" : -3.6295979022979736,
			"BoundingBox3D Origin Z" : 1.0303465127944946,
			"ObjectId" : 5,
			"ObjectType" : "CAR",
			"Occluded" : 0.0,
			"Relative Acceleration X" : -0.38629293441772461,
			"Relative Acceleration Y" : -0.90116864442825317,
			"Relative Acceleration Z" : 0.18301016092300415,
			"Relative Velocity X" : -2.3399486541748047,
			"Relative Velocity Y" : -0.78199350833892822,
			"Relative Velocity Z" : 0.019017737358808517,
			"Truncated" : 0
		},
		{
			"Absolute Acceleration X" : -0.15725326538085938,
			"Absolute Acceleration Y" : -0.80680656433105469,
			"Absolute Acceleration Z" : 0.17432099580764771,
			"Absolute Velocity X" : 27.831399917602539,
			"Absolute Velocity Y" : -2.7333717346191406,
			"Absolute Velocity Z" : 0.77512437105178833,
			"ActorName" : "CAR 09",
			"BoundingBox3D Extent X" : 4.0999999046325684,
			"BoundingBox3D Extent Y" : 2.5330817699432373,
			"BoundingBox3D Extent Z" : 2.9723806381225586,
			"BoundingBox3D Orientation Quat W" : -0.99857175350189209,
			"BoundingBox3D Orientation Quat X" : -0.015571534633636475,
			"BoundingBox3D Orientation Quat Y" : 0.014080530032515526,
			"BoundingBox3D Orientation Quat Z" : 0.049075666815042496,
			"BoundingBox3D Origin X" : 200.34941101074219,
			"BoundingBox3D Origin Y" : -7.3333024978637695,
			"BoundingBox3D Origin Z" : 3.4153604507446289,
			"ObjectId" : 9,
			"ObjectType" : "CAR",
			"Occluded" : 0.0,
			"Relative Acceleration X" : -0.35686764121055603,
			"Relative Acceleration Y" : -1.2527749538421631,
			"Relative Acceleration Z" : -1.4788529872894287,
			"Relative Velocity X" : 0.029235683381557465,
			"Relative Velocity Y" : -1.4996821880340576,
			"Relative Velocity Z" : 0.2760891318321228,
			"Truncated" : 0
		},
		{
			"Absolute Acceleration X" : -0.54310226440429688,
			"Absolute Acceleration Y" : -0.0017952817725017667,
			"Absolute Acceleration Z" : 0.088304847478866577,
			"Absolute Velocity X" : 33.380836486816406,
			"Absolute Velocity Y" : 0.013190312311053276,
			"Absolute Velocity Z" : -0.35950687527656555,
			"ActorName" : "CAR 10",
			"BoundingBox3D Extent X" : 4.3497781753540039,
			"BoundingBox3D Extent Y" : 1.9773073196411133,
			"BoundingBox3D Extent Z" : 1.4610841274261475,
			"BoundingBox3D Orientation Quat W" : 0.99997591972351074,
			"BoundingBox3D Orientation Quat X" : -0.00014219502918422222,
			"BoundingBox3D Orientation Quat Y" : 0.0056083095259964466,
			"BoundingBox3D Orientation Quat Z" : -0.0011022360995411873,
			"BoundingBox3D Origin X" : -43.825679779052734,
			"BoundingBox3D Origin Y" : 3.9004690647125244,
			"BoundingBox3D Origin Z" : 0.98759222030639648,
			"ObjectId" : 10,
			"ObjectType" : "CAR",
			"Occluded" : 0.0,
			"Relative Acceleration X" : -0.7529296875,
			"Relative Acceleration Y" : 0.34836661815643311,
			"Relative Acceleration Z" : 0.33339715003967285,
			"Relative Velocity X" : 5.5145683288574219,
			"Relative Velocity Y" : 0.034966684877872467,
			"Relative Velocity Z" : -0.071539506316184998,
			"Truncated" : 0
		},
		{
			"Absolute Acceleration X" : -0.17799568176269531,
			"Absolute Acceleration Y" : -0.24170798063278198,
			"Absolute Acceleration Z" : -0.092358425259590149,
			"Absolute Velocity X" : 25.019248962402344,
			"Absolute Velocity Y" : -0.059811823070049286,