{
	"CapturedObjects" : 
	[
		{
			"Absolute Acceleration X" : 0.15813064575195312,
			"Absolute Acceleration Y" : -0.019306764006614685,
			"Absolute Acceleration Z" : -0.087056100368499756,
			"Absolute Velocity X" : 26.311279296875,
			"Absolute Velocity Y" : -0.2129330188035965,
			"Absolute Velocity Z" : -0.18602593243122101,
			"ActorName" : "CAR 00",
			"BoundingBox3D Extent X" : 4.3256669044494629,
			"BoundingBox3D Extent Y" : 2.2182471752166748,
			"BoundingBox3D Extent Z" : 1.6845625638961792,
			"BoundingBox3D Orientation Quat W" : 0.99997520446777344,
			"BoundingBox3D Orientation Quat X" : 0.00092784472508355975,
			"BoundingBox3D Orientation Quat Y" : 0.0034486611839383841,
			"BoundingBox3D Orientation Quat Z" : -0.0055589699186384678,
			"BoundingBox3D Origin X" : -24.585533142089844,
			"BoundingBox3D Origin Y" : 0.92044216394424438,
			"BoundingBox3D Origin Z" : 0.96542364358901978,
			"ObjectId" : 0,
			"ObjectType" : "CAR",
			"Occluded" : 0.0,
			"Relative Acceleration X" : 0.1132054328918457,
			"Relative Acceleration Y" : -0.094366595149040222,
			"Relative Acceleration Z" : -0.074689090251922607,
			"Relative Velocity X" : -0.58302026987075806,
			"Relative Velocity Y" : 0.069858469069004059,
			"Relative Velocity Z" : 0.028461558744311333,
			"Truncated" : 0
		},
		{
			"Absolute Acceleration X" : 0.44134712219238281,
			"Absolute Acceleration Y" : 0.12767234444618225,
			"Absolute Acceleration Z" : -0.063812822103500366,
			"Absolute Velocity X" : 26.121725082397461,
			"Absolute Velocity Y" : -0.22851084172725677,
			"Absolute Velocity Z" : -0.4061627984046936,
			"ActorName" : "CAR 01",
			"BoundingBox3D Extent X" : 4.0999999046325684,
			"BoundingBox3D Extent Y" : 1.6430835723876953,
			"BoundingBox3D Extent Z" : 1.4837304353713989,
			"BoundingBox3D Orientation Quat W" : 0.99996918439865112,
			"BoundingBox3D Orientation Quat X" : -0.00017275773279834539,
			"BoundingBox3D Orientation Quat Y" : 0.0074203754775226116,
			"BoundingBox3D Orientation Quat Z" : -0.00091498042456805706,
			"BoundingBox3D Origin X" : 45.258026123046875,
			"BoundingBox3D Origin Y" : 0.28593257069587708,
			"BoundingBox3D Origin Z" : 0.14190323650836945,
			"ObjectId" : 1,
			"ObjectType" : "CAR",
			"Occluded" : 0.0,
			"Relative Acceleration X" : 0.39984816312789917,
			"Relative Acceleration Y" : 0.14277277886867523,
			"Relative Acceleration Z" : 0.13748246431350708,
			"Relative Velocity X" : -0.77225321531295776,
			"Relative Velocity Y" : -0.085126966238021851,
			"Relative Velocity Z" : -0.08039429783821106,
			"Truncated" : 0
		},
		{
			"Absolute Acceleration X" : -0.051611058413982391,
			"Absolute Acceleration Y" : -0.090369760990142822,
			"Absolute Acceleration Z" : -0.029793193563818932,
			"Absolute Velocity X" : 25.463468551635742,
			"Absolute Velocity Y" : -0.1490112692117691,
			"Absolute Velocity Z" : -0.41070961952209473,
			"ActorName" : "CAR 03",
			"BoundingBox3D Extent X" : 4.277015209197998,
			"BoundingBox3D Extent Y" : 1.7916508913040161,
			"BoundingBox3D Extent Z" : 2.0896675586700439,
			"BoundingBox3D Orientation Quat W" : 0.99996346235275269,
			"BoundingBox3D Orientation Quat X" : 0.00048231607070192695,
			"BoundingBox3D Orientation Quat Y" : 0.0075389966368675232,
			"BoundingBox3D Orientation Quat Z" : -0.0032920201774686575,
			"BoundingBox3D Origin X" : 65.742774963378906,
			"BoundingBox3D Origin Y" : -0.036010637879371643,
			"BoundingBox3D Origin Z" : 0.13384251296520233,
			"ObjectId" : 3,
			"ObjectType" : "CAR",
			"Occluded" : 0.0,
			"Relative Acceleration X" : -0.095509670674800873,
			"Relative Acceleration Y" : -0.28434363007545471,
			"Relative Acceleration Z" : -0.13191018998622894,
			"Relative Velocity X" : -1.4309300184249878,
			"Relative Velocity Y" : -0.053692631423473358,
			"Relative Velocity Z" : -0.060237355530261993,
			"Truncated" : 0
		},
		{
			"Absolute Acceleration X" : -0.094755172729492188,
			"Absolute Acceleration Y" : 0.10765928030014038,
			"Absolute Acceleration Z" : -0.049529999494552612,
			"Absolute Velocity X" : -24.594747543334961,
			"Absolute Velocity Y" : 0.99881541728973389,
			"Absolute Velocity Z" : 0.089241176843643188,
			"ActorName" : "CAR 05",
			"BoundingBox3D Extent X" : 7.6262812614440918,
			"BoundingBox3D Extent Y" : 2.7959113121032715,
			"BoundingBox3D Extent Z" : 1.086590051651001,
			"BoundingBox3D Orientation Quat W" : 0.01581164263188839,
			"BoundingBox3D Orientation Quat X" : 0.0023122087586671114,
			"BoundingBox3D Orientation Quat Y" : 0.00029253493994474411,
			"BoundingBox3D Orientation Quat Z" : 0.99985045194625854,
			"BoundingBox3D Origin X" : -93.868453979492188,
			"BoundingBox3D Origin Y" : 12.985470771789551,
			"BoundingBox3D Origin Z" : 2.4819693565368652,
			"ObjectId" : 5,
			"ObjectType" : "CAR",
			"Occluded" : 0.0,
			"Relative Acceleration X" : -0.15874862670898438,
			"Relative Acceleration Y" : -0.010737061500549316,
			"Relative Acceleration Z" : -0.38987272977828979,
			"Relative Velocity X" : -51.467597961425781,
			"Relative Velocity Y" : 1.4090187549591064,
			"Relative Velocity Z" : 0.12936092913150787,
			"Truncated" : 0
		},
		{
			"Absolute Acceleration X" : 0.31336268782615662,
			"Absolute Acceleration Y" : -0.40959501266479492,
			"Absolute Acceleration Z" : -0.18407346308231354,
			"Absolute Velocity X" : 32.887897491455078,
			"Absolute Velocity Y" : -0.70053350925445557,
			"Absolute Velocity Z" : -0.75002205371856689,
			"ActorName" : "CAR 06",
			"BoundingBox3D Extent X" : 4.118290901184082,
			"BoundingBox3D Extent Y" : 1.799177885055542,
			"BoundingBox3D Extent Z" : 1.8373260498046875,
			"BoundingBox3D Orientation Quat W" : -0.9999009370803833,
			"BoundingBox3D Orientation Quat X" : -0.0014598482521250844,
			"BoundingBox3D Orientation Quat Y" : -0.010154412128031254,
			"BoundingBox3D Orientation Quat Z" : 0.0090598911046981812,
			"BoundingBox3D Origin X" : 108.09697723388672,
			"BoundingBox3D Origin Y" : 2.8525042533874512,
			"BoundingBox3D Origin Z" : -0.81867796182632446,
			"ObjectId" : 6,
			"ObjectType" : "CAR",
			"Occluded" : 0.0,
			"Relative Acceleration X" : 0.27612116932868958,
			"Relative Acceleration Y" : -0.70121181011199951,
			"Relative Acceleration Z" : -0.32603108882904053,
			"Relative Velocity X" : 6.0008821487426758,
			"Relative Velocity Y" : -0.68081802129745483,
			"Relative Velocity Z" : -0.3117968738079071,
			"Truncated" : 0
		},
		{
			"Absolute Acceleration X" : 1.3235739469528198,
			"Absolute Acceleration Y" : -0.33075270056724548,
			"Absolute Acceleration Z" : -0.22499637305736542,
			"Absolute Velocity X" : 36.746711730957031,
			"Absolute Velocity Y" : -0.23994329571723938,
			"Absolute Velocity Z" : -0.59692078828811646,
			"ActorName" : "CAR 07",
			"BoundingBox3D Extent X" : 4.2486448287963867,
			"BoundingBox3D Extent Y" : 1.8063856363296509,
			"BoundingBox3D Extent Z" : 2.1072132587432861,
			"BoundingBox3D Orientation Quat W" : 0.99994564056396484,
			"BoundingBox3D Orientation Quat X" : -0.00017153519729617983,
			"BoundingBox3D Orientation Quat Y" : 0.009818296879529953,
			"BoundingBox3D Orientation Quat Z" : -0.0029693248216062784,
			"BoundingBox3D Origin X" : 62.45196533203125,
			"BoundingBox3D Origin Y" : 3.8918066024780273,
			"BoundingBox3D Origin Z" : 0.18489973247051239,
			"ObjectId" : 7,
			"ObjectType" : "CAR",
			"Occluded" : 0.0,
			"Relative Acceleration X" : 1.2738759517669678,
			"Relative Acceleration Y" : -0.15814439952373505,
			"Relative Acceleration Z" : 0.29636561870574951,
			"Relative Velocity X" : 9.8597660064697266,
			"Relative Velocity Y" : -0.12910918891429901,
			"Relative Velocity Z" : -0.22504279017448425,
			"Truncated" : 0
		}
	],
	"FrameId" : 15226,
	"Timestamp" : 1676039846715402968,
	"TimestampMiddle" : 1676039846698402968
}