{
	"CapturedObjects" : 
	[
		{
			"Absolute Acceleration X" : -0.2115325927734375,
			"Absolute Acceleration Y" : 0.11044058203697205,
			"Absolute Acceleration Z" : -0.19266977906227112,
			"Absolute Velocity X" : 23.641855239868164,
			"Absolute Velocity Y" : -0.52328634262084961,
			"Absolute Velocity Z" : -0.29956766963005066,
			"ActorName" : "TRUCK 00",
			"BoundingBox3D Extent X" : 10.260261535644531,
			"BoundingBox3D Extent Y" : 3.0,
			"BoundingBox3D Extent Z" : 3.1876621246337891,
			"BoundingBox3D Orientation Quat W" : -0.99757993221282959,
			"BoundingBox3D Orientation Quat X" : -0.060423683375120163,
			"BoundingBox3D Orientation Quat Y" : -0.0071150893345475197,
			"BoundingBox3D Orientation Quat Z" : 0.012039135210216045,
			"BoundingBox3D Origin X" : -3.9003932476043701,
			"BoundingBox3D Origin Y" : 16.548120498657227,
			"BoundingBox3D Origin Z" : 1.5738255977630615,
			"ObjectId" : 0,
			"ObjectType" : "TRUCK",
			"Occluded" : 0.0,
			"Relative Acceleration X" : -0.49770259857177734,
			"Relative Acceleration Y" : 0.17998547852039337,
			"Relative Acceleration Z" : -0.32266849279403687,
			"Relative Velocity X" : 3.3695633411407471,
			"Relative Velocity Y" : -0.34668287634849548,
			"Relative Velocity Z" : -0.06873670220375061,
			"Truncated" : 0
		},
		{
			"Absolute Acceleration X" : 0.40787124633789062,
			"Absolute Acceleration Y" : 0.23572932183742523,
			"Absolute Acceleration Z" : -0.2385987788438797,
			"Absolute Velocity X" : 25.176385879516602,
			"Absolute Velocity Y" : 0.030870759859681129,
			"Absolute Velocity Z" : -0.16848373413085938,
			"ActorName" : "CAR 01",
			"BoundingBox3D Extent X" : 6.9825677871704102,
			"BoundingBox3D Extent Y" : 2.6750645637512207,
			"BoundingBox3D Extent Z" : 2.7412784099578857,
			"BoundingBox3D Orientation Quat W" : 0.9987717866897583,
			"BoundingBox3D Orientation Quat X" : 0.046797282993793488,
			"BoundingBox3D Orientation Quat Y" : 0.0052731265313923359,
			"BoundingBox3D Orientation Quat Z" : -0.00063519732793793082,
			"BoundingBox3D Origin X" : -26.490821838378906,
			"BoundingBox3D Origin Y" : 17.718290328979492,
			"BoundingBox3D Origin Z" : 1.5593342781066895,
			"ObjectId" : 1,
			"ObjectType" : "CAR",
			"Occluded" : 0.0,
			"Relative Acceleration X" : 0.12223577499389648,
			"Relative Acceleration Y" : 0.3507019579410553,
			"Relative Acceleration Z" : -0.43991109728813171,
			"Relative Velocity X" : 4.9023699760437012,
			"Relative Velocity Y" : 0.17353793978691101,
			"Relative Velocity Z" : 0.075984098017215729,
			"Truncated" : 0
		},
		{
			"Absolute Acceleration X" : -0.30745315551757812,
			"Absolute Acceleration Y" : -0.00028076767921447754,
			"Absolute Acceleration Z" : -0.063218176364898682,
			"Absolute Velocity X" : 22.646154403686523,
			"Absolute Velocity Y" : -0.4106387197971344,
			"Absolute Velocity Z" : -0.19085197150707245,
			"ActorName" : "CAR 02",
			"BoundingBox3D Extent X" : 4.43939208984375,
			"BoundingBox3D Extent Y" : 1.774179220199585,
			"BoundingBox3D Extent Z" : 1.8107035160064697,
			"BoundingBox3D Orientation Quat W" : -0.99963712692260742,
			"BoundingBox3D Orientation Quat X" : -0.013348107226192951,
			"BoundingBox3D Orientation Quat Y" : -0.0061171255074441433,
			"BoundingBox3D Orientation Quat Z" : 0.0035857958719134331,
			"BoundingBox3D Origin X" : 43.381534576416016,
			"BoundingBox3D Origin Y" : 15.186004638671875,
			"BoundingBox3D Origin Z" : 0.13752986490726471,
			"ObjectId" : 2,
			"ObjectType" : "CAR",
			"Occluded" : 0.0,
			"Relative Acceleration X" : -0.59272050857543945,
			"Relative Acceleration Y" : -0.02678324282169342,
			"Relative Acceleration Z" : -0.052581097930669785,
			"Relative Velocity X" : 2.375063419342041,
			"Relative Velocity Y" : -0.1634686291217804,
			"Relative Velocity Z" : 0.010217361152172089,
			"Truncated" : 0
		},
		{
			"Absolute Acceleration X" : -0.043619155883789062,
			"Absolute Acceleration Y" : 0.10501450300216675,
			"Absolute Acceleration Z" : -0.027946606278419495,
			"Absolute Velocity X" : 25.672788619995117,
			"Absolute Velocity Y" : -0.11834834516048431,
			"Absolute Velocity Z" : -0.15608924627304077,
			"ActorName" : "CAR 05",
			"BoundingBox3D Extent X" : 4.0999999046325684,
			"BoundingBox3D Extent Y" : 1.7586958408355713,
			"BoundingBox3D Extent Z" : 0.90542548894882202,
			"BoundingBox3D Orientation Quat W" : 0.99996989965438843,
			"BoundingBox3D Orientation Quat X" : 0.0035190023481845856,
			"BoundingBox3D Orientation Quat Y" : 0.005986363161355257,
			"BoundingBox3D Orientation Quat Z" : -0.0010848840465769172,
			"BoundingBox3D Origin X" : -124.80648040771484,
			"BoundingBox3D Origin Y" : 1.4655301570892334,
			"BoundingBox3D Origin Z" : 1.519959568977356,
			"ObjectId" : 5,
			"ObjectType" : "CAR",
			"Occluded" : 0.0,
			"Relative Acceleration X" : -0.35609912872314453,
			"Relative Acceleration Y" : 0.39509671926498413,
			"Relative Acceleration Z" : -0.39979961514472961,
			"Relative Velocity X" : 5.4228897094726562,
			"Relative Velocity Y" : -0.12321656942367554,
			"Relative Velocity Z" : 0.15967202186584473,
			"Truncated" : 0
		},
		{
			"Absolute Acceleration X" : 0.25401878356933594,
			"Absolute Acceleration Y" : -0.0059811919927597046,
			"Absolute Acceleration Z" : -0.013791710138320923,
			"Absolute Velocity X" : 21.680328369140625,
			"Absolute Velocity Y" : -0.14840571582317352,
			"Absolute Velocity Z" : -0.24572981894016266,
			"ActorName" : "CAR 07",
			"BoundingBox3D Extent X" : 4.1180672645568848,
			"BoundingBox3D Extent Y" : 1.7735271453857422,
			"BoundingBox3D Extent Z" : 1.5152808427810669,
			"BoundingBox3D Orientation Quat W" : 0.99997907876968384,
			"BoundingBox3D Orientation Quat X" : 0.00098273833282291889,
			"BoundingBox3D Orientation Quat Y" : 0.0056314379908144474,
			"BoundingBox3D Orientation Quat Z" : 0.0007559004588983953,
			"BoundingBox3D Origin X" : 32.331066131591797,
			"BoundingBox3D Origin Y" : 0.19343402981758118,
			"BoundingBox3D Origin Z" : 0.35733604431152344,
			"ObjectId" : 7,
			"ObjectType" : "CAR",
			"Occluded" : 0.0,
			"Relative Acceleration X" : -0.059453248977661133,
			"Relative Acceleration Y" : -0.015994459390640259,
			"Relative Acceleration Z" : 0.063277274370193481,
			"Relative Velocity X" : 1.4319683313369751,
			"Relative Velocity Y" : 0.082689620554447174,
			"Relative Velocity Z" : -0.030805205926299095,
			"Truncated" : 0
		},
		{
			"Absolute Acceleration X" : 0.18200492858886719,
			"Absolute Acceleration Y" : 0.21336269378662109,
			"Absolute Acceleration Z" : -0.021226897835731506,
			"Absolute Velocity X" : 21.802148818969727,
			"Absolute Velocity Y" : -0.23737417161464691,
			"Absolute Velocity Z" : -0.237530916929245,
			"ActorName" : "CAR 08",
			"BoundingBox3D Extent X" : 4.0999999046325684,
			"BoundingBox3D Extent Y" : 1.7456932067871094,
			"BoundingBox3D Extent Z" : 1.6392486095428467,
			"BoundingBox3D Orientation Quat W" : 0.99995905160903931,
			"BoundingBox3D Orientation Quat X" : 0.0028752991929650307,
			"BoundingBox3D Orientation Quat Y" : 0.0057643158361315727,
			"BoundingBox3D Orientation Quat Z" : -0.0056047490797936916,
			"BoundingBox3D Origin X" : 72.649223327636719,
			"BoundingBox3D Origin Y" : -1.1521886587142944,
			"BoundingBox3D Origin Z" : -0.020851640030741692,
			"ObjectId" : 8,
			"ObjectType" : "CAR",
			"Occluded" : 0.0,
			"Relative Acceleration X" : -0.13271057605743408,
			"Relative Acceleration Y" : 0.13097748160362244,
			"Relative Acceleration Z" : 0.17238256335258484,
			"Relative Velocity X" : 1.5555448532104492,
			"Relative Velocity Y" : 0.053833641111850739,
			"Relative Velocity Z" : -0.046218916773796082,
			"Truncated" : 0
		},
		{
			"Absolute Acceleration X" : 0.093723557889461517,
			"Absolute Acceleration Y" : 0.040047362446784973,
			"Absolute Acceleration Z" : -0.06741449236869812,
			"Absolute Velocity X" : 24.381023406982422,
			"Absolute Velocity Y" : -0.12468749284744263,
			"Absolute Velocity Z" : -0.25215622782707214,