{
	"CapturedObjects" : 
	[
		{
			"Absolute Acceleration X" : 0.017519351094961166,
			"Absolute Acceleration Y" : -0.19671685993671417,
			"Absolute Acceleration Z" : -0.13155052065849304,
			"Absolute Velocity X" : 24.105962753295898,
			"Absolute Velocity Y" : -0.055311001837253571,
			"Absolute Velocity Z" : -0.10816852003335953,
			"ActorName" : "TRUCK 00",
			"BoundingBox3D Extent X" : 16.402755737304688,
			"BoundingBox3D Extent Y" : 3.0087175369262695,
			"BoundingBox3D Extent Z" : 2.9450562000274658,
			"BoundingBox3D Orientation Quat W" : 0.99984616041183472,
			"BoundingBox3D Orientation Quat X" : -0.0087418202310800552,
			"BoundingBox3D Orientation Quat Y" : 0.0027563502080738544,
			"BoundingBox3D Orientation Quat Z" : -0.00064256077166646719,
			"BoundingBox3D Origin X" : -2.377955436706543,
			"BoundingBox3D Origin Y" : 13.081171989440918,
			"BoundingBox3D Origin Z" : 1.3129673004150391,
			"ObjectId" : 0,
			"ObjectType" : "TRUCK",
			"Occluded" : 0.0,
			"Relative Acceleration X" : 0.38668665289878845,
			"Relative Acceleration Y" : -0.3370823860168457,
			"Relative Acceleration Z" : -0.03768567368388176,
			"Relative Velocity X" : 1.9253782033920288,
			"Relative Velocity Y" : 0.18103441596031189,
			"Relative Velocity Z" : 0.050134178251028061,
			"Truncated" : 0
		},
		{
			"Absolute Acceleration X" : 0.91877114772796631,
			"Absolute Acceleration Y" : 0.048512205481529236,
			"Absolute Acceleration Z" : -0.081668205559253693,
			"Absolute Velocity X" : 24.765510559082031,
			"Absolute Velocity Y" : -0.1111375093460083,
			"Absolute Velocity Z" : -0.20953924953937531,
			"ActorName" : "TRUCK 01",
			"BoundingBox3D Extent X" : 11.0,
			"BoundingBox3D Extent Y" : 2.7094628810882568,
			"BoundingBox3D Extent Z" : 3.9354896545410156,
			"BoundingBox3D Orientation Quat W" : 0.9999813437461853,
			"BoundingBox3D Orientation Quat X" : 0.0011570310452952981,
			"BoundingBox3D Orientation Quat Y" : 0.0047237835824489594,
			"BoundingBox3D Orientation Quat Z" : -0.0021468442864716053,
			"BoundingBox3D Origin X" : 54.905838012695312,
			"BoundingBox3D Origin Y" : 15.992306709289551,
			"BoundingBox3D Origin Z" : 1.3446584939956665,
			"ObjectId" : 1,
			"ObjectType" : "TRUCK",
			"Occluded" : 0.0,
			"Relative Acceleration X" : 1.2827329635620117,
			"Relative Acceleration Y" : 0.0085028205066919327,
			"Relative Acceleration Z" : 0.01678016223013401,
			"Relative Velocity X" : 2.6000821590423584,
			"Relative Velocity Y" : -0.17561562359333038,
			"Relative Velocity Z" : 0.075996801257133484,
			"Truncated" : 0
		},
		{
			"Absolute Acceleration X" : -0.88798344135284424,
			"Absolute Acceleration Y" : -1.4030104875564575,
			"Absolute Acceleration Z" : -0.042479213327169418,
			"Absolute Velocity X" : 14.970767974853516,
			"Absolute Velocity Y" : -6.7470235824584961,
			"Absolute Velocity Z" : -0.24193574488162994,
			"ActorName" : "CAR 02",
			"BoundingBox3D Extent X" : 3.864055871963501,
			"BoundingBox3D Extent Y" : 1.9809699058532715,
			"BoundingBox3D Extent Z" : 1.523533821105957,
			"BoundingBox3D Orientation Quat W" : -0.97522240877151489,
			"BoundingBox3D Orientation Quat X" : -0.018942847847938538,
			"BoundingBox3D Orientation Quat Y" : -0.0030828905291855335,
			"BoundingBox3D Orientation Quat Z" : 0.22021940350532532,
			"BoundingBox3D Origin X" : 5.2014908790588379,
			"BoundingBox3D Origin Y" : -16.890924453735352,
			"BoundingBox3D Origin Z" : 0.36122485995292664,
			"ObjectId" : 2,
			"ObjectType" : "CAR",
			"Occluded" : 0.0,
			"Relative Acceleration X" : -0.51896637678146362,
			"Relative Acceleration Y" : -1.4469162225723267,
			"Relative Acceleration Z" : -0.26900598406791687,
			"Relative Velocity X" : -7.3701763153076172,
			"Relative Velocity Y" : -6.543879508972168,
			"Relative Velocity Z" : 0.036518368870019913,
			"Truncated" : 0
		},
		{
			"Absolute Acceleration X" : 0.013192972168326378,
			"Absolute Acceleration Y" : 0.13001446425914764,
			"Absolute Acceleration Z" : -0.016259031370282173,
			"Absolute Velocity X" : 22.428987503051758,
			"Absolute Velocity Y" : -0.29631048440933228,
			"Absolute Velocity Z" : -0.15826556086540222,
			"ActorName" : "CAR 03",
			"BoundingBox3D Extent X" : 4.2844457626342773,
			"BoundingBox3D Extent Y" : 2.0036630630493164,
			"BoundingBox3D Extent Z" : 1.5117292404174805,
			"BoundingBox3D Orientation Quat W" : 0.99992901086807251,
			"BoundingBox3D Orientation Quat X" : 0.0060087293386459351,
			"BoundingBox3D Orientation Quat Y" : 0.0031825369223952293,
			"BoundingBox3D Orientation Quat Z" : -0.0095229903236031532,
			"BoundingBox3D Origin X" : -22.622734069824219,
			"BoundingBox3D Origin Y" : 0.80198103189468384,
			"BoundingBox3D Origin Z" : 0.85223060846328735,
			"ObjectId" : 3,
			"ObjectType" : "CAR",
			"Occluded" : 0.0,
			"Relative Acceleration X" : 0.40660279989242554,
			"Relative Acceleration Y" : -0.03313538059592247,
			"Relative Acceleration Z" : -0.016037467867136002,
			"Relative Velocity X" : 0.18525084853172302,
			"Relative Velocity Y" : 0.046620074659585953,
			"Relative Velocity Z" : -0.026584615930914879,
			"Truncated" : 0
		},
		{
			"Absolute Acceleration X" : -0.042230874300003052,
			"Absolute Acceleration Y" : 0.2887539267539978,
			"Absolute Acceleration Z" : -0.12101395428180695,
			"Absolute Velocity X" : -25.052516937255859,
			"Absolute Velocity Y" : 0.025727557018399239,
			"Absolute Velocity Z" : 0.093890801072120667,
			"ActorName" : "TRUCK 04",
			"BoundingBox3D Extent X" : 11.0,
			"BoundingBox3D Extent Y" : 2.6521282196044922,
			"BoundingBox3D Extent Z" : 2.2081174850463867,
			"BoundingBox3D Orientation Quat W" : 0.0058666178956627846,
			"BoundingBox3D Orientation Quat X" : 0.002524977782741189,
			"BoundingBox3D Orientation Quat Y" : -0.0035769888199865818,
			"BoundingBox3D Orientation Quat Z" : 0.99997031688690186,
			"BoundingBox3D Origin X" : -153.83451843261719,
			"BoundingBox3D Origin Y" : 36.40179443359375,
			"BoundingBox3D Origin Z" : 2.6797635555267334,
			"ObjectId" : 4,
			"ObjectType" : "TRUCK",
			"Occluded" : 0.0,
			"Relative Acceleration X" : 0.28928694128990173,
			"Relative Acceleration Y" : 0.21756327152252197,
			"Relative Acceleration Z" : 0.0022419162560254335,
			"Relative Velocity X" : -47.113567352294922,
			"Relative Velocity Y" : 1.0915453433990479,
			"Relative Velocity Z" : -0.072764195501804352,
			"Truncated" : 0
		},
		{
			"Absolute Acceleration X" : -0.21569077670574188,
			"Absolute Acceleration Y" : -0.18657957017421722,
			"Absolute Acceleration Z" : -0.016061855480074883,
			"Absolute Velocity X" : 20.739892959594727,
			"Absolute Velocity Y" : -0.0056945355609059334,
			"Absolute Velocity Z" : -0.087400913238525391,
			"ActorName" : "CAR 05",
			"BoundingBox3D Extent X" : 4.0999999046325684,
			"BoundingBox3D Extent Y" : 1.7952501773834229,
			"BoundingBox3D Extent Z" : 0.93272018432617188,
			"BoundingBox3D Orientation Quat W" : 0.99998122453689575,
			"BoundingBox3D Orientation Quat X" : 0.0035604240838438272,
			"BoundingBox3D Orientation Quat Y" : 0.0019976557232439518,
			"BoundingBox3D Orientation Quat Z" : -0.0033399751409888268,
			"BoundingBox3D Origin X" : -111.171875,
			"BoundingBox3D Origin Y" : -1.884387731552124,
			"BoundingBox3D Origin Z" : 1.0061423778533936,
			"ObjectId" : 5,
			"ObjectType" : "CAR",
			"Occluded" : 0.0,
			"Relative Acceleration X" : 0.18293912708759308,
			"Relative Acceleration Y" : -0.47977399826049805,
			"Relative Acceleration Z" : 0.34828495979309082,
			"Relative Velocity X" : -1.5179204940795898,
			"Relative Velocity Y" : 0.80041158199310303,
			"Relative Velocity Z" : -0.1549515575170517,
			"Truncated" : 0
		},
		{
			"Absolute Acceleration X" : 0.20362617075443268,
			"Absolute Acceleration Y" : 0.090196579694747925,
			"Absolute Acceleration Z" : 0.017696673050522804,
			"Absolute Velocity X" : 21.652009963989258,
			"Absolute Velocity Y" : -0.31046530604362488,
			"Absolute Velocity Z" : -0.26285341382026672,