{
	"CapturedObjects" : 
	[
		{
			"Absolute Acceleration X" : -0.10095596313476562,
			"Absolute Acceleration Y" : -1.2797799110412598,
			"Absolute Acceleration Z" : 0.18470820784568787,
			"Absolute Velocity X" : 31.553461074829102,
			"Absolute Velocity Y" : -0.29702118039131165,
			"Absolute Velocity Z" : -0.1953413337469101,
			"ActorName" : "CAR 00",
			"BoundingBox3D Extent X" : 4.5042562484741211,
			"BoundingBox3D Extent Y" : 1.9098014831542969,
			"BoundingBox3D Extent Z" : 1.5026005506515503,
			"BoundingBox3D Orientation Quat W" : 0.99998354911804199,
			"BoundingBox3D Orientation Quat X" : -0.001333372900262475,
			"BoundingBox3D Orientation Quat Y" : 0.0036454482469707727,
			"BoundingBox3D Orientation Quat Z" : -0.0014638936845585704,
			"BoundingBox3D Origin X" : -1.0032747983932495,
			"BoundingBox3D Origin Y" : 4.810554027557373,
			"BoundingBox3D Origin Z" : 0.7338746190071106,
			"ObjectId" : 0,
			"ObjectType" : "CAR",
			"Occluded" : 0.0,
			"Relative Acceleration X" : 0.18849706649780273,
			"Relative Acceleration Y" : -0.36159431934356689,
			"Relative Acceleration Z" : -0.023712342604994774,
			"Relative Velocity X" : 3.9097700119018555,
			"Relative Velocity Y" : -0.1022147536277771,
			"Relative Velocity Z" : -0.04327705129981041,
			"Truncated" : 0
		},
		{
			"Absolute Acceleration X" : -0.19973373413085938,
			"Absolute Acceleration Y" : -1.1098554134368896,
			"Absolute Acceleration Z" : 0.20035530626773834,
			"Absolute Velocity X" : 32.437793731689453,
			"Absolute Velocity Y" : -1.0406280755996704,
			"Absolute Velocity Z" : -0.058715414255857468,
			"ActorName" : "CAR 01",
			"BoundingBox3D Extent X" : 4.5348529815673828,
			"BoundingBox3D Extent Y" : 1.9780007600784302,
			"BoundingBox3D Extent Z" : 1.5060240030288696,
			"BoundingBox3D Orientation Quat W" : -0.99988263845443726,
			"BoundingBox3D Orientation Quat X" : 0.00073481380240991712,
			"BoundingBox3D Orientation Quat Y" : -0.0011135448003187776,
			"BoundingBox3D Orientation Quat Z" : 0.0149565814062953,
			"BoundingBox3D Origin X" : 23.428779602050781,
			"BoundingBox3D Origin Y" : 3.8946452140808105,
			"BoundingBox3D Origin Z" : 0.6369774341583252,
			"ObjectId" : 1,
			"ObjectType" : "CAR",
			"Occluded" : 0.0,
			"Relative Acceleration X" : 0.11361122131347656,
			"Relative Acceleration Y" : -0.11993855237960815,
			"Relative Acceleration Z" : -0.045454438775777817,
			"Relative Velocity X" : 4.8161687850952148,
			"Relative Velocity Y" : -0.22654561698436737,
			"Relative Velocity Z" : -0.029816031455993652,
			"Truncated" : 0
		},
		{
			"Absolute Acceleration X" : 0.33357048034667969,
			"Absolute Acceleration Y" : -0.68373763561248779,
			"Absolute Acceleration Z" : 0.032055601477622986,
			"Absolute Velocity X" : 17.592058181762695,
			"Absolute Velocity Y" : -1.0783843994140625,
			"Absolute Velocity Z" : 0.11735455691814423,
			"ActorName" : "TRUCK 02",
			"BoundingBox3D Extent X" : 11.0,
			"BoundingBox3D Extent Y" : 2.815864086151123,
			"BoundingBox3D Extent Z" : 3.5491955280303955,
			"BoundingBox3D Orientation Quat W" : -0.99968820810317993,
			"BoundingBox3D Orientation Quat X" : 0.0018841864075511694,
			"BoundingBox3D Orientation Quat Y" : 0.0033173018600791693,
			"BoundingBox3D Orientation Quat Z" : 0.024386683478951454,
			"BoundingBox3D Origin X" : 72.486625671386719,
			"BoundingBox3D Origin Y" : -6.7269582748413086,
			"BoundingBox3D Origin Z" : 1.8430997133255005,
			"ObjectId" : 2,
			"ObjectType" : "TRUCK",
			"Occluded" : 0.0,
			"Relative Acceleration X" : 0.62047195434570312,
			"Relative Acceleration Y" : -0.3860163688659668,
			"Relative Acceleration Z" : -0.10349105298519135,
			"Relative Velocity X" : -9.7557411193847656,
			"Relative Velocity Y" : 0.96762531995773315,
			"Relative Velocity Z" : -0.0283970907330513,
			"Truncated" : 0
		},
		{
			"Absolute Acceleration X" : -0.24376487731933594,
			"Absolute Acceleration Y" : -0.76610851287841797,
			"Absolute Acceleration Z" : 0.15191969275474548,
			"Absolute Velocity X" : 26.409608840942383,
			"Absolute Velocity Y" : -1.1462757587432861,
			"Absolute Velocity Z" : 0.074704751372337341,
			"ActorName" : "CAR 04",
			"BoundingBox3D Extent X" : 4.1167516708374023,
			"BoundingBox3D Extent Y" : 1.7308224439620972,
			"BoundingBox3D Extent Z" : 1.4999700784683228,
			"BoundingBox3D Orientation Quat W" : -0.99969106912612915,
			"BoundingBox3D Orientation Quat X" : -6.365613080561161e-05,
			"BoundingBox3D Orientation Quat Y" : 0.0023109281901270151,
			"BoundingBox3D Orientation Quat Z" : 0.02460840530693531,
			"BoundingBox3D Origin X" : 44.182788848876953,
			"BoundingBox3D Origin Y" : -0.37669774889945984,
			"BoundingBox3D Origin Z" : 0.61602389812469482,
			"ObjectId" : 4,
			"ObjectType" : "CAR",
			"Occluded" : 0.0,
			"Relative Acceleration X" : 0.067032098770141602,
			"Relative Acceleration Y" : -0.057503506541252136,
			"Relative Acceleration Z" : -0.049898765981197357,
			"Relative Velocity X" : -1.1045670509338379,
			"Relative Velocity Y" : 0.18655890226364136,
			"Relative Velocity Z" : 0.028351543471217155,
			"Truncated" : 0
		},
		{
			"Absolute Acceleration X" : -0.4796600341796875,
			"Absolute Acceleration Y" : -0.27609491348266602,
			"Absolute Acceleration Z" : -0.04090610146522522,
			"Absolute Velocity X" : 24.616239547729492,
			"Absolute Velocity Y" : -3.1675131320953369,
			"Absolute Velocity Z" : 0.40517514944076538,
			"ActorName" : "CAR 05",
			"BoundingBox3D Extent X" : 4.0999999046325684,
			"BoundingBox3D Extent Y" : 1.8278701305389404,
			"BoundingBox3D Extent Z" : 1.5071696043014526,
			"BoundingBox3D Orientation Quat W" : -0.99755626916885376,
			"BoundingBox3D Orientation Quat X" : 0.00058132020058110356,
			"BoundingBox3D Orientation Quat Y" : 0.008464333601295948,
			"BoundingBox3D Orientation Quat Z" : 0.069282844662666321,
			"BoundingBox3D Origin X" : 125.36867523193359,
			"BoundingBox3D Origin Y" : -8.0649604797363281,
			"BoundingBox3D Origin Z" : 1.4860538244247437,
			"ObjectId" : 5,
			"ObjectType" : "CAR",
			"Occluded" : 0.0,
			"Relative Acceleration X" : -0.1038215160369873,
			"Relative Acceleration Y" : 0.44133126735687256,
			"Relative Acceleration Z" : -0.31575894355773926,
			"Relative Velocity X" : -2.7015383243560791,
			"Relative Velocity Y" : 0.22191867232322693,
			"Relative Velocity Z" : -0.022492570802569389,
			"Truncated" : 0
		},
		{
			"Absolute Acceleration X" : 0.17925448715686798,
			"Absolute Acceleration Y" : -0.66751450300216675,
			"Absolute Acceleration Z" : -0.020052121952176094,
			"Absolute Velocity X" : 17.305570602416992,
			"Absolute Velocity Y" : -0.802237868309021,
			"Absolute Velocity Z" : 0.091590650379657745,
			"ActorName" : "TRUCK 06",
			"BoundingBox3D Extent X" : 11.0,
			"BoundingBox3D Extent Y" : 2.5559244155883789,
			"BoundingBox3D Extent Z" : 4.1102924346923828,
			"BoundingBox3D Orientation Quat W" : -0.99974966049194336,
			"BoundingBox3D Orientation Quat X" : 0.0045547382906079292,
			"BoundingBox3D Orientation Quat Y" : 0.003175035584717989,
			"BoundingBox3D Orientation Quat Z" : 0.021236583590507507,
			"BoundingBox3D Origin X" : 82.246902465820312,
			"BoundingBox3D Origin Y" : -6.3434691429138184,
			"BoundingBox3D Origin Z" : 2.1880857944488525,
			"ObjectId" : 6,
			"ObjectType" : "TRUCK",
			"Occluded" : 0.0,
			"Relative Acceleration X" : 0.38464480638504028,
			"Relative Acceleration Y" : -0.59434932470321655,
			"Relative Acceleration Z" : -0.1336161345243454,
			"Relative Velocity X" : -10.049180030822754,
			"Relative Velocity Y" : 1.4902853965759277,
			"Relative Velocity Z" : -0.10289982706308365,
			"Truncated" : 0
		},
		{
			"Absolute Acceleration X" : 0.001664872863329947,
			"Absolute Acceleration Y" : -0.27452766895294189,
			"Absolute Acceleration Z" : -0.19086717069149017,
			"Absolute Velocity X" : -32.2938232421875,
			"Absolute Velocity Y" : -2.3463845252990723,
			"Absolute Velocity Z" : 0.44315424561500549,
			"ActorName" : "CAR 08",