{
	"CapturedObjects" : 
	[
		{
			"Absolute Acceleration X" : -0.039030075073242188,
			"Absolute Acceleration Y" : -0.97473049163818359,
			"Absolute Acceleration Z" : 0.13433405756950378,
			"Absolute Velocity X" : 25.298027038574219,
			"Absolute Velocity Y" : -0.95522314310073853,
			"Absolute Velocity Z" : -0.18709002435207367,
			"ActorName" : "TRUCK 00",
			"BoundingBox3D Extent X" : 11.0,
			"BoundingBox3D Extent Y" : 2.7633500099182129,
			"BoundingBox3D Extent Z" : 3.5429394245147705,
			"BoundingBox3D Orientation Quat W" : -0.99985051155090332,
			"BoundingBox3D Orientation Quat X" : -0.00038958020741119981,
			"BoundingBox3D Orientation Quat Y" : -0.0027575884014368057,
			"BoundingBox3D Orientation Quat Z" : 0.017000973224639893,
			"BoundingBox3D Origin X" : 16.164224624633789,
			"BoundingBox3D Origin Y" : -3.7813355922698975,
			"BoundingBox3D Origin Z" : 1.5703661441802979,
			"ObjectId" : 0,
			"ObjectType" : "TRUCK",
			"Occluded" : 0.0,
			"Relative Acceleration X" : 0.15003776550292969,
			"Relative Acceleration Y" : 0.081056363880634308,
			"Relative Acceleration Z" : 0.017244080081582069,
			"Relative Velocity X" : -1.9709763526916504,
			"Relative Velocity Y" : -0.091027006506919861,
			"Relative Velocity Z" : 0.0090140104293823242,
			"Truncated" : 0
		},
		{
			"Absolute Acceleration X" : 0.077333450317382812,
			"Absolute Acceleration Y" : -1.1881922483444214,
			"Absolute Acceleration Z" : 0.11687219142913818,
			"Absolute Velocity X" : 27.560771942138672,
			"Absolute Velocity Y" : 0.59437787532806396,
			"Absolute Velocity Z" : -0.33993148803710938,
			"ActorName" : "CAR 01",
			"BoundingBox3D Extent X" : 4.303131103515625,
			"BoundingBox3D Extent Y" : 2.0774104595184326,
			"BoundingBox3D Extent Z" : 1.457223653793335,
			"BoundingBox3D Orientation Quat W" : 0.99992674589157104,
			"BoundingBox3D Orientation Quat X" : 0.0046409545466303825,
			"BoundingBox3D Orientation Quat Y" : 0.0055272295139729977,
			"BoundingBox3D Orientation Quat Z" : 0.009401530958712101,
			"BoundingBox3D Origin X" : -18.372276306152344,
			"BoundingBox3D Origin Y" : -0.40198668837547302,
			"BoundingBox3D Origin Z" : 0.88085633516311646,
			"ObjectId" : 1,
			"ObjectType" : "CAR",
			"Occluded" : 0.0,
			"Relative Acceleration X" : 0.18330281972885132,
			"Relative Acceleration Y" : -0.073275215923786163,
			"Relative Acceleration Z" : 0.016312697902321815,
			"Relative Velocity X" : 0.14335478842258453,
			"Relative Velocity Y" : -0.028561169281601906,
			"Relative Velocity Z" : 0.0037945841904729605,
			"Truncated" : 0
		},
		{
			"Absolute Acceleration X" : -0.33156013488769531,
			"Absolute Acceleration Y" : -1.1113721132278442,
			"Absolute Acceleration Z" : 0.12020917981863022,
			"Absolute Velocity X" : 27.857946395874023,
			"Absolute Velocity Y" : -2.4587187767028809,
			"Absolute Velocity Z" : -0.037799596786499023,
			"ActorName" : "CAR 02",
			"BoundingBox3D Extent X" : 4.4205107688903809,
			"BoundingBox3D Extent Y" : 1.9659700393676758,
			"BoundingBox3D Extent Z" : 2.0693130493164062,
			"BoundingBox3D Orientation Quat W" : -0.99899756908416748,
			"BoundingBox3D Orientation Quat X" : 0.0014379762578755617,
			"BoundingBox3D Orientation Quat Y" : -0.00057732145069167018,
			"BoundingBox3D Orientation Quat Z" : 0.044704549014568329,
			"BoundingBox3D Origin X" : 45.085411071777344,
			"BoundingBox3D Origin Y" : -5.3868932723999023,
			"BoundingBox3D Origin Z" : 0.73866844177246094,
			"ObjectId" : 2,
			"ObjectType" : "CAR",
			"Occluded" : 0.0,
			"Relative Acceleration X" : -0.057489871978759766,
			"Relative Acceleration Y" : 0.28810739517211914,
			"Relative Acceleration Z" : -0.051334060728549957,
			"Relative Velocity X" : 0.65546071529388428,
			"Relative Velocity Y" : -0.3409077525138855,
			"Relative Velocity Z" : 0.046306818723678589,
			"Truncated" : 0
		},
		{
			"Absolute Acceleration X" : 0.16710281372070312,
			"Absolute Acceleration Y" : -1.530133843421936,
			"Absolute Acceleration Z" : 0.1567971408367157,
			"Absolute Velocity X" : 31.043794631958008,
			"Absolute Velocity Y" : 2.2865645885467529,
			"Absolute Velocity Z" : -0.5159727931022644,
			"ActorName" : "CAR 05",
			"BoundingBox3D Extent X" : 4.2242927551269531,
			"BoundingBox3D Extent Y" : 2.1238579750061035,
			"BoundingBox3D Extent Z" : 1.4662171602249146,
			"BoundingBox3D Orientation Quat W" : 0.99924665689468384,
			"BoundingBox3D Orientation Quat X" : 0.0038785992655903101,
			"BoundingBox3D Orientation Quat Y" : 0.00836155004799366,
			"BoundingBox3D Orientation Quat Z" : 0.037521004676818848,
			"BoundingBox3D Origin X" : -43.702899932861328,
			"BoundingBox3D Origin Y" : -8.403900146484375,
			"BoundingBox3D Origin Z" : 1.1826413869857788,
			"ObjectId" : 5,
			"ObjectType" : "CAR",
			"Occluded" : 0.0,
			"Relative Acceleration X" : 0.20497822761535645,
			"Relative Acceleration Y" : -0.20812618732452393,
			"Relative Acceleration Z" : 0.022751776501536369,
			"Relative Velocity X" : 3.9748270511627197,
			"Relative Velocity Y" : 0.57411259412765503,
			"Relative Velocity Z" : -0.10213727504014969,
			"Truncated" : 0
		},
		{
			"Absolute Acceleration X" : -0.26359176635742188,
			"Absolute Acceleration Y" : -1.1438099145889282,
			"Absolute Acceleration Z" : 0.13943418860435486,
			"Absolute Velocity X" : 27.388397216796875,
			"Absolute Velocity Y" : 1.1107773780822754,
			"Absolute Velocity Z" : -0.39189755916595459,
			"ActorName" : "CAR 10",
			"BoundingBox3D Extent X" : 4.2271699905395508,
			"BoundingBox3D Extent Y" : 1.8717023134231567,
			"BoundingBox3D Extent Z" : 1.641459584236145,
			"BoundingBox3D Orientation Quat W" : 0.99978214502334595,
			"BoundingBox3D Orientation Quat X" : -0.00017838168423622847,
			"BoundingBox3D Orientation Quat Y" : 0.0067755542695522308,
			"BoundingBox3D Orientation Quat Z" : 0.019621815532445908,
			"BoundingBox3D Origin X" : -29.075326919555664,
			"BoundingBox3D Origin Y" : 0.28710833191871643,
			"BoundingBox3D Origin Z" : 1.1500186920166016,
			"ObjectId" : 10,
			"ObjectType" : "CAR",
			"Occluded" : 0.0,
			"Relative Acceleration X" : -0.18416950106620789,
			"Relative Acceleration Y" : -0.095419891178607941,
			"Relative Acceleration Z" : 0.052569814026355743,
			"Relative Velocity X" : -0.058961007744073868,
			"Relative Velocity Y" : 0.021642494946718216,
			"Relative Velocity Z" : -0.0048146885819733143,
			"Truncated" : 0
		},
		{
			"Absolute Acceleration X" : 0.08062744140625,
			"Absolute Acceleration Y" : -1.0851686000823975,
			"Absolute Acceleration Z" : 0.093469083309173584,
			"Absolute Velocity X" : 25.11004638671875,
			"Absolute Velocity Y" : 1.723279595375061,
			"Absolute Velocity Z" : -0.43728286027908325,
			"ActorName" : "CAR 11",
			"BoundingBox3D Extent X" : 5.221282958984375,
			"BoundingBox3D Extent Y" : 2.5728745460510254,
			"BoundingBox3D Extent Z" : 2.0236544609069824,
			"BoundingBox3D Orientation Quat W" : 0.9994734525680542,
			"BoundingBox3D Orientation Quat X" : 0.0014723236672580242,
			"BoundingBox3D Orientation Quat Y" : 0.0090385470539331436,
			"BoundingBox3D Orientation Quat Z" : 0.031022202223539352,
			"BoundingBox3D Origin X" : -46.717636108398438,
			"BoundingBox3D Origin Y" : -5.0598382949829102,
			"BoundingBox3D Origin Z" : 1.5216054916381836,
			"ObjectId" : 11,
			"ObjectType" : "CAR",
			"Occluded" : 0.0,
			"Relative Acceleration X" : 0.16026854515075684,
			"Relative Acceleration Y" : -0.29158309102058411,
			"Relative Acceleration Z" : 0.027834344655275345,
			"Relative Velocity X" : -2.1037778854370117,
			"Relative Velocity Y" : -0.1290859580039978,
			"Relative Velocity Z" : -0.0084177358075976372,
			"Truncated" : 0
		},
		{
			"Absolute Acceleration X" : 0.2105415016412735,
			"Absolute Acceleration Y" : -0.79974430799484253,
			"Absolute Acceleration Z" : 0.10130862146615982,
			"Absolute Velocity X" : -27.821182250976562,
			"Absolute Velocity Y" : -2.6696422100067139,
			"Absolute Velocity Z" : 0.62564253807067871,