{
	"CapturedObjects" : 
	[
		{
			"Absolute Acceleration X" : -0.43953406810760498,
			"Absolute Acceleration Y" : 0.079504616558551788,
			"Absolute Acceleration Z" : 0.026060624048113823,
			"Absolute Velocity X" : 33.085346221923828,
			"Absolute Velocity Y" : -0.063629701733589172,
			"Absolute Velocity Z" : -0.28787931799888611,
			"ActorName" : "CAR 00",
			"BoundingBox3D Extent X" : 4.8987493515014648,
			"BoundingBox3D Extent Y" : 2.3346810340881348,
			"BoundingBox3D Extent Z" : 1.7911391258239746,
			"BoundingBox3D Orientation Quat W" : 0.99995791912078857,
			"BoundingBox3D Orientation Quat X" : -0.00019720799173228443,
			"BoundingBox3D Orientation Quat Y" : 0.0036237402819097042,
			"BoundingBox3D Orientation Quat Z" : -0.0081049734726548195,
			"BoundingBox3D Origin X" : 71.660743713378906,
			"BoundingBox3D Origin Y" : 4.0880537033081055,
			"BoundingBox3D Origin Z" : 0.28249981999397278,
			"ObjectId" : 0,
			"ObjectType" : "CAR",
			"Occluded" : 0.0,
			"Relative Acceleration X" : -0.51865899562835693,
			"Relative Acceleration Y" : 0.072224222123622894,
			"Relative Acceleration Z" : 0.29939183592796326,
			"Relative Velocity X" : 6.4491729736328125,
			"Relative Velocity Y" : 0.17696842551231384,
			"Relative Velocity Z" : 0.17385578155517578,
			"Truncated" : 0
		},
		{
			"Absolute Acceleration X" : 0.24717825651168823,
			"Absolute Acceleration Y" : -0.015081705525517464,
			"Absolute Acceleration Z" : -0.034117691218852997,
			"Absolute Velocity X" : 30.837715148925781,
			"Absolute Velocity Y" : -0.13041654229164124,
			"Absolute Velocity Z" : -0.29371917247772217,
			"ActorName" : "CAR 01",
			"BoundingBox3D Extent X" : 4.692725658416748,
			"BoundingBox3D Extent Y" : 2.1507890224456787,
			"BoundingBox3D Extent Z" : 1.6784391403198242,
			"BoundingBox3D Orientation Quat W" : 0.99997907876968384,
			"BoundingBox3D Orientation Quat X" : -0.0025613170582801104,
			"BoundingBox3D Orientation Quat Y" : 0.0046315607614815235,
			"BoundingBox3D Orientation Quat Z" : -0.0017622160958126187,
			"BoundingBox3D Origin X" : 22.80259895324707,
			"BoundingBox3D Origin Y" : 4.1679730415344238,
			"BoundingBox3D Origin Z" : 0.66689884662628174,
			"ObjectId" : 1,
			"ObjectType" : "CAR",
			"Occluded" : 0.0,
			"Relative Acceleration X" : 0.16692116856575012,
			"Relative Acceleration Y" : -0.022388435900211334,
			"Relative Acceleration Z" : 0.090334780514240265,
			"Relative Velocity X" : 4.2005786895751953,
			"Relative Velocity Y" : 0.099220886826515198,
			"Relative Velocity Z" : 0.037771314382553101,
			"Truncated" : 0
		},
		{
			"Absolute Acceleration X" : -0.21955892443656921,
			"Absolute Acceleration Y" : -0.010066233575344086,
			"Absolute Acceleration Z" : 0.075852580368518829,
			"Absolute Velocity X" : 26.502784729003906,
			"Absolute Velocity Y" : -0.24149987101554871,
			"Absolute Velocity Z" : -0.22772948443889618,
			"ActorName" : "CAR 03",
			"BoundingBox3D Extent X" : 4.3168878555297852,
			"BoundingBox3D Extent Y" : 2.1278455257415771,
			"BoundingBox3D Extent Z" : 1.6856460571289062,
			"BoundingBox3D Orientation Quat W" : 0.99998098611831665,
			"BoundingBox3D Orientation Quat X" : 0.0023536416701972485,
			"BoundingBox3D Orientation Quat Y" : 0.0039073741063475609,
			"BoundingBox3D Orientation Quat Z" : -0.0032137513626366854,
			"BoundingBox3D Origin X" : -22.486394882202148,
			"BoundingBox3D Origin Y" : 1.0577327013015747,
			"BoundingBox3D Origin Z" : 0.98322892189025879,
			"ObjectId" : 3,
			"ObjectType" : "CAR",
			"Occluded" : 0.0,
			"Relative Acceleration X" : -0.300840824842453,
			"Relative Acceleration Y" : -0.019166102632880211,
			"Relative Acceleration Z" : 0.054209440946578979,
			"Relative Velocity X" : -0.13430289924144745,
			"Relative Velocity Y" : -0.022964535281062126,
			"Relative Velocity Z" : -0.019794106483459473,
			"Truncated" : 0
		},
		{
			"Absolute Acceleration X" : -0.089805759489536285,
			"Absolute Acceleration Y" : -0.011545095592737198,
			"Absolute Acceleration Z" : -0.0068226135335862637,
			"Absolute Velocity X" : 25.964460372924805,
			"Absolute Velocity Y" : -0.13455423712730408,
			"Absolute Velocity Z" : -0.24280005693435669,
			"ActorName" : "CAR 13",
			"BoundingBox3D Extent X" : 4.2157607078552246,
			"BoundingBox3D Extent Y" : 1.7754096984863281,
			"BoundingBox3D Extent Z" : 2.0899450778961182,
			"BoundingBox3D Orientation Quat W" : 0.99997270107269287,
			"BoundingBox3D Orientation Quat X" : -0.0015877813566476107,
			"BoundingBox3D Orientation Quat Y" : 0.0053150788880884647,
			"BoundingBox3D Orientation Quat Z" : -0.004349337425082922,
			"BoundingBox3D Origin X" : 72.42144775390625,
			"BoundingBox3D Origin Y" : 0.096812866628170013,
			"BoundingBox3D Origin Z" : 0.39544600248336792,
			"ObjectId" : 13,
			"ObjectType" : "CAR",
			"Occluded" : 0.0,
			"Relative Acceleration X" : -0.16960033774375916,
			"Relative Acceleration Y" : -0.022878808900713921,
			"Relative Acceleration Z" : 0.24225617945194244,
			"Relative Velocity X" : -0.67115682363510132,
			"Relative Velocity Y" : 0.10525225102901459,
			"Relative Velocity Z" : 0.21709372103214264,
			"Truncated" : 0
		},
		{
			"Absolute Acceleration X" : 7.792515754699707,
			"Absolute Acceleration Y" : -0.25341522693634033,
			"Absolute Acceleration Z" : -0.12505140900611877,
			"Absolute Velocity X" : 26.688884735107422,
			"Absolute Velocity Y" : -0.36766350269317627,
			"Absolute Velocity Z" : -0.30995962023735046,
			"ActorName" : "CAR 17",
			"BoundingBox3D Extent X" : 4.0999999046325684,
			"BoundingBox3D Extent Y" : 1.6638205051422119,
			"BoundingBox3D Extent Z" : 1.9409711360931396,
			"BoundingBox3D Orientation Quat W" : 0.99997180700302124,
			"BoundingBox3D Orientation Quat X" : 0.00048876123037189245,
			"BoundingBox3D Orientation Quat Y" : 0.0058322479017078876,
			"BoundingBox3D Orientation Quat Z" : -0.0042602848261594772,
			"BoundingBox3D Origin X" : -138.57395935058594,
			"BoundingBox3D Origin Y" : 1.6011968851089478,
			"BoundingBox3D Origin Z" : 2.5028963088989258,
			"ObjectId" : 17,
			"ObjectType" : "CAR",
			"Occluded" : 0.0,
			"Relative Acceleration X" : 7.7070016860961914,
			"Relative Acceleration Y" : -0.26703694462776184,
			"Relative Acceleration Z" : -0.46472623944282532,
			"Relative Velocity X" : 0.047663435339927673,
			"Relative Velocity Y" : -0.17743250727653503,
			"Relative Velocity Z" : -0.40378400683403015,
			"Truncated" : 0
		},
		{
			"Absolute Acceleration X" : -0.36016622185707092,
			"Absolute Acceleration Y" : -0.033256571739912033,
			"Absolute Acceleration Z" : 0.086670704185962677,
			"Absolute Velocity X" : 26.458358764648438,
			"Absolute Velocity Y" : -0.14928439259529114,
			"Absolute Velocity Z" : -0.16577295958995819,
			"ActorName" : "CAR 19",
			"BoundingBox3D Extent X" : 4.0999999046325684,
			"BoundingBox3D Extent Y" : 1.5119377374649048,
			"BoundingBox3D Extent Z" : 1.4438908100128174,
			"BoundingBox3D Orientation Quat W" : 0.99998831748962402,
			"BoundingBox3D Orientation Quat X" : 0.00031469564419239759,
			"BoundingBox3D Orientation Quat Y" : 0.004319583997130394,
			"BoundingBox3D Orientation Quat Z" : 0.0005182226886972785,
			"BoundingBox3D Origin X" : 50.449089050292969,
			"BoundingBox3D Origin Y" : 0.77092796564102173,
			"BoundingBox3D Origin Z" : 0.28058996796607971,
			"ObjectId" : 19,
			"ObjectType" : "CAR",
			"Occluded" : 0.0,
			"Relative Acceleration X" : -0.43963351845741272,
			"Relative Acceleration Y" : -0.042427930980920792,
			"Relative Acceleration Z" : 0.27415117621421814,
			"Relative Velocity X" : -0.17720074951648712,
			"Relative Velocity Y" : 0.086044870316982269,
			"Relative Velocity Z" : 0.23596036434173584,
			"Truncated" : 0
		}
	],
	"FrameId" : 15129,
	"Timestamp" : 1676039840248733096,
	"TimestampMiddle" : 1676039840231733096
}