{
	"CapturedObjects" : 
	[
		{
			"Absolute Acceleration X" : -0.29305580258369446,
			"Absolute Acceleration Y" : -0.016726482659578323,
			"Absolute Acceleration Z" : 0.010277982801198959,
			"Absolute Velocity X" : 31.440155029296875,
			"Absolute Velocity Y" : -0.058174584060907364,
			"Absolute Velocity Z" : -0.29307270050048828,
			"ActorName" : "TRUCK 00",
			"BoundingBox3D Extent X" : 11.0,
			"BoundingBox3D Extent Y" : 2.6347408294677734,
			"BoundingBox3D Extent Z" : 3.0569512844085693,
			"BoundingBox3D Orientation Quat W" : 0.99997520446777344,
			"BoundingBox3D Orientation Quat X" : 0.0021865558810532093,
			"BoundingBox3D Orientation Quat Y" : 0.0063804737292230129,
			"BoundingBox3D Orientation Quat Z" : -0.0012293184408918023,
			"BoundingBox3D Origin X" : 7.2212381362915039,
			"BoundingBox3D Origin Y" : 6.7231855392456055,
			"BoundingBox3D Origin Z" : 1.4110711812973022,
			"ObjectId" : 0,
			"ObjectType" : "TRUCK",
			"Occluded" : 0.0,
			"Relative Acceleration X" : -0.20412735641002655,
			"Relative Acceleration Y" : -0.32114329934120178,
			"Relative Acceleration Z" : 0.10489893704652786,
			"Relative Velocity X" : 9.8846712112426758,
			"Relative Velocity Y" : 0.29993167519569397,
			"Relative Velocity Z" : -0.16151289641857147,
			"Truncated" : 0
		},
		{
			"Absolute Acceleration X" : -0.022813722491264343,
			"Absolute Acceleration Y" : -0.028931766748428345,
			"Absolute Acceleration Z" : -0.053051043301820755,
			"Absolute Velocity X" : 30.343767166137695,
			"Absolute Velocity Y" : -0.039283804595470428,
			"Absolute Velocity Z" : -0.20390081405639648,
			"ActorName" : "CAR 01",
			"BoundingBox3D Extent X" : 4.0999999046325684,
			"BoundingBox3D Extent Y" : 2.0434176921844482,
			"BoundingBox3D Extent Z" : 1.7555222511291504,
			"BoundingBox3D Orientation Quat W" : 0.99998772144317627,
			"BoundingBox3D Orientation Quat X" : 0.0009779676329344511,
			"BoundingBox3D Orientation Quat Y" : 0.0019114319002255797,
			"BoundingBox3D Orientation Quat Z" : -0.0012966485228389502,
			"BoundingBox3D Origin X" : -29.136510848999023,
			"BoundingBox3D Origin Y" : 6.9982800483703613,
			"BoundingBox3D Origin Z" : 1.0481829643249512,
			"ObjectId" : 1,
			"ObjectType" : "CAR",
			"Occluded" : 0.0,
			"Relative Acceleration X" : 0.069723233580589294,
			"Relative Acceleration Y" : 0.68358206748962402,
			"Relative Acceleration Z" : -0.10276283323764801,
			"Relative Velocity X" : 8.7837991714477539,
			"Relative Velocity Y" : -0.27408242225646973,
			"Relative Velocity Z" : -0.01626843586564064,
			"Truncated" : 0
		},
		{
			"Absolute Acceleration X" : 0.30470991134643555,
			"Absolute Acceleration Y" : 0.30103221535682678,
			"Absolute Acceleration Z" : -0.032510753720998764,
			"Absolute Velocity X" : -33.975166320800781,
			"Absolute Velocity Y" : 0.2827187180519104,
			"Absolute Velocity Z" : 0.22598081827163696,
			"ActorName" : "CAR 02",
			"BoundingBox3D Extent X" : 4.0999999046325684,
			"BoundingBox3D Extent Y" : 0.92359977960586548,
			"BoundingBox3D Extent Z" : 1.8867495059967041,
			"BoundingBox3D Orientation Quat W" : 0.012984166853129864,
			"BoundingBox3D Orientation Quat X" : 0.0028499623294919729,
			"BoundingBox3D Orientation Quat Y" : 0.032322626560926437,
			"BoundingBox3D Orientation Quat Z" : 0.99936223030090332,
			"BoundingBox3D Origin X" : -1.0149025917053223,
			"BoundingBox3D Origin Y" : 13.220653533935547,
			"BoundingBox3D Origin Z" : 0.74716347455978394,
			"ObjectId" : 2,
			"ObjectType" : "CAR",
			"Occluded" : 0.0,
			"Relative Acceleration X" : 0.65279436111450195,
			"Relative Acceleration Y" : 1.1427896022796631,
			"Relative Acceleration Z" : -0.23221433162689209,
			"Relative Velocity X" : -55.61895751953125,
			"Relative Velocity Y" : 0.20104186236858368,
			"Relative Velocity Z" : 0.40887820720672607,
			"Truncated" : 0
		},
		{
			"Absolute Acceleration X" : -0.1313454806804657,
			"Absolute Acceleration Y" : -0.57639580965042114,
			"Absolute Acceleration Z" : 0.26277458667755127,
			"Absolute Velocity X" : 24.374176025390625,
			"Absolute Velocity Y" : 0.50403898954391479,
			"Absolute Velocity Z" : -0.55839747190475464,
			"ActorName" : "CAR 03",
			"BoundingBox3D Extent X" : 4.0999999046325684,
			"BoundingBox3D Extent Y" : 2.3583855628967285,
			"BoundingBox3D Extent Z" : 1.9576709270477295,
			"BoundingBox3D Orientation Quat W" : 0.99989640712738037,
			"BoundingBox3D Orientation Quat X" : 6.6519587562652305e-06,
			"BoundingBox3D Orientation Quat Y" : 0.010778830386698246,
			"BoundingBox3D Orientation Quat Z" : 0.0064489594660699368,
			"BoundingBox3D Origin X" : -147.590087890625,
			"BoundingBox3D Origin Y" : 3.4712944030761719,
			"BoundingBox3D Origin Z" : 2.2694370746612549,
			"ObjectId" : 3,
			"ObjectType" : "CAR",
			"Occluded" : 0.0,
			"Relative Acceleration X" : -0.13835938274860382,
			"Relative Acceleration Y" : 3.4187033176422119,
			"Relative Acceleration Z" : -0.37399476766586304,
			"Relative Velocity X" : 2.8724174499511719,
			"Relative Velocity Y" : -1.6215752363204956,
			"Relative Velocity Z" : -0.14289499819278717,
			"Truncated" : 0
		},
		{
			"Absolute Acceleration X" : 0.04071301594376564,
			"Absolute Acceleration Y" : 0.23584459722042084,
			"Absolute Acceleration Z" : 0.018948132172226906,
			"Absolute Velocity X" : 32.081539154052734,
			"Absolute Velocity Y" : -0.054841578006744385,
			"Absolute Velocity Z" : -0.28942140936851501,
			"ActorName" : "CAR 04",
			"BoundingBox3D Extent X" : 4.0999999046325684,
			"BoundingBox3D Extent Y" : 1.6868230104446411,
			"BoundingBox3D Extent Z" : 1.6394811868667603,
			"BoundingBox3D Orientation Quat W" : 0.99997472763061523,
			"BoundingBox3D Orientation Quat X" : -0.0013819921296089888,
			"BoundingBox3D Orientation Quat Y" : 0.0059406454674899578,
			"BoundingBox3D Orientation Quat Z" : 0.0031982189975678921,
			"BoundingBox3D Origin X" : 81.297683715820312,
			"BoundingBox3D Origin Y" : 6.5044536590576172,
			"BoundingBox3D Origin Z" : 0.070567212998867035,
			"ObjectId" : 4,
			"ObjectType" : "CAR",
			"Occluded" : 0.0,
			"Relative Acceleration X" : 0.13262087106704712,
			"Relative Acceleration Y" : -2.2194807529449463,
			"Relative Acceleration Z" : 0.30543482303619385,
			"Relative Velocity X" : 10.52524471282959,
			"Relative Velocity Y" : 1.4250781536102295,
			"Relative Velocity Z" : -0.29580506682395935,
			"Truncated" : 0
		},
		{
			"Absolute Acceleration X" : 0.06469329446554184,
			"Absolute Acceleration Y" : 0.51614075899124146,
			"Absolute Acceleration Z" : -0.041077744215726852,
			"Absolute Velocity X" : 31.793756484985352,
			"Absolute Velocity Y" : -0.28925934433937073,
			"Absolute Velocity Z" : -0.2408909797668457,
			"ActorName" : "CAR 05",
			"BoundingBox3D Extent X" : 4.0999999046325684,
			"BoundingBox3D Extent Y" : 1.8871970176696777,
			"BoundingBox3D Extent Z" : 1.9245541095733643,
			"BoundingBox3D Orientation Quat W" : 0.99997925758361816,
			"BoundingBox3D Orientation Quat X" : -0.0028157362248748541,
			"BoundingBox3D Orientation Quat Y" : 0.0028532107826322317,
			"BoundingBox3D Orientation Quat Z" : -0.0026746348012238741,
			"BoundingBox3D Origin X" : 135.69329833984375,
			"BoundingBox3D Origin Y" : 6.7801423072814941,
			"BoundingBox3D Origin Z" : -0.24408289790153503,
			"ObjectId" : 5,
			"ObjectType" : "CAR",
			"Occluded" : 0.0,
			"Relative Acceleration X" : 0.16425155103206635,
			"Relative Acceleration Y" : -3.5120246410369873,
			"Relative Acceleration Z" : 0.39236873388290405,
			"Relative Velocity X" : 10.232842445373535,
			"Relative Velocity Y" : 2.0139756202697754,
			"Relative Velocity Z" : -0.35231086611747742,
			"Truncated" : 0
		},
		{
			"Absolute Acceleration X" : -0.018315510824322701,
			"Absolute Acceleration Y" : 0.33399796485900879,
			"Absolute Acceleration Z" : -0.037099506705999374,
			"Absolute Velocity X" : 25.102663040161133,
			"Absolute Velocity Y" : -0.27672147750854492,
			"Absolute Velocity Z" : -0.18846386671066284,