{
	"CapturedObjects" : 
	[
		{
			"Absolute Acceleration X" : -0.3544921875,
			"Absolute Acceleration Y" : -0.18808679282665253,
			"Absolute Acceleration Z" : -0.11754665523767471,
			"Absolute Velocity X" : 24.171585083007812,
			"Absolute Velocity Y" : -0.33157253265380859,
			"Absolute Velocity Z" : -0.088862843811511993,
			"ActorName" : "TRUCK 00",
			"BoundingBox3D Extent X" : 16.402755737304688,
			"BoundingBox3D Extent Y" : 3.0087175369262695,
			"BoundingBox3D Extent Z" : 2.9450562000274658,
			"BoundingBox3D Orientation Quat W" : -0.99967938661575317,
			"BoundingBox3D Orientation Quat X" : 0.019085079431533813,
			"BoundingBox3D Orientation Quat Y" : -0.001911357743665576,
			"BoundingBox3D Orientation Quat Z" : 0.0072327051311731339,
			"BoundingBox3D Origin X" : -0.40926274657249451,
			"BoundingBox3D Origin Y" : 13.113521575927734,
			"BoundingBox3D Origin Z" : 1.3491823673248291,
			"ObjectId" : 0,
			"ObjectType" : "TRUCK",
			"Occluded" : 0.0,
			"Relative Acceleration X" : 0.081458330154418945,
			"Relative Acceleration Y" : -0.30100944638252258,
			"Relative Acceleration Z" : -0.13514694571495056,
			"Relative Velocity X" : 2.3005390167236328,
			"Relative Velocity Y" : -0.1114376112818718,
			"Relative Velocity Z" : 0.012848848477005959,
			"Truncated" : 0
		},
		{
			"Absolute Acceleration X" : 1.1456100940704346,
			"Absolute Acceleration Y" : 0.053609635680913925,
			"Absolute Acceleration Z" : -0.060498893260955811,
			"Absolute Velocity X" : 25.70335578918457,
			"Absolute Velocity Y" : -0.18217448890209198,
			"Absolute Velocity Z" : -0.1599888950586319,
			"ActorName" : "TRUCK 01",
			"BoundingBox3D Extent X" : 11.0,
			"BoundingBox3D Extent Y" : 2.7094628810882568,
			"BoundingBox3D Extent Z" : 3.9354896545410156,
			"BoundingBox3D Orientation Quat W" : 0.99998265504837036,
			"BoundingBox3D Orientation Quat X" : 0.0013444809010252357,
			"BoundingBox3D Orientation Quat Y" : 0.0031540587078779936,
			"BoundingBox3D Orientation Quat Z" : -0.0035318729933351278,
			"BoundingBox3D Origin X" : 57.955936431884766,
			"BoundingBox3D Origin Y" : 15.825039863586426,
			"BoundingBox3D Origin Z" : 1.5484540462493896,
			"ObjectId" : 1,
			"ObjectType" : "TRUCK",
			"Occluded" : 0.0,
			"Relative Acceleration X" : 1.4905974864959717,
			"Relative Acceleration Y" : -0.028733778744935989,
			"Relative Acceleration Z" : -0.079832911491394043,
			"Relative Velocity X" : 3.8421525955200195,
			"Relative Velocity Y" : -0.17859186232089996,
			"Relative Velocity Z" : 0.022959845140576363,
			"Truncated" : 0
		},
		{
			"Absolute Acceleration X" : -0.93953800201416016,
			"Absolute Acceleration Y" : -1.3935894966125488,
			"Absolute Acceleration Z" : -0.041202142834663391,
			"Absolute Velocity X" : 14.169652938842773,
			"Absolute Velocity Y" : -8.0271482467651367,
			"Absolute Velocity Z" : -0.22005036473274231,
			"ActorName" : "CAR 02",
			"BoundingBox3D Extent X" : 3.864055871963501,
			"BoundingBox3D Extent Y" : 1.9809699058532715,
			"BoundingBox3D Extent Z" : 1.523533821105957,
			"BoundingBox3D Orientation Quat W" : -0.96448278427124023,
			"BoundingBox3D Orientation Quat X" : -0.019407320767641068,
			"BoundingBox3D Orientation Quat Y" : -0.001187562826089561,
			"BoundingBox3D Orientation Quat Z" : 0.26327958703041077,
			"BoundingBox3D Origin X" : -1.3765604496002197,
			"BoundingBox3D Origin Y" : -23.104938507080078,
			"BoundingBox3D Origin Z" : 0.30654299259185791,
			"ObjectId" : 2,
			"ObjectType" : "CAR",
			"Occluded" : 0.0,
			"Relative Acceleration X" : -0.45917701721191406,
			"Relative Acceleration Y" : -1.438786506652832,
			"Relative Acceleration Z" : -0.064074873924255371,
			"Relative Velocity X" : -7.8365874290466309,
			"Relative Velocity Y" : -7.7991185188293457,
			"Relative Velocity Z" : -0.15188629925251007,
			"Truncated" : 0
		},
		{
			"Absolute Acceleration X" : -0.075048446655273438,
			"Absolute Acceleration Y" : 0.087994024157524109,
			"Absolute Acceleration Z" : -0.0389677993953228,
			"Absolute Velocity X" : 22.440103530883789,
			"Absolute Velocity Y" : -0.28036248683929443,
			"Absolute Velocity Z" : -0.071820750832557678,
			"ActorName" : "CAR 03",
			"BoundingBox3D Extent X" : 4.2844457626342773,
			"BoundingBox3D Extent Y" : 2.0036630630493164,
			"BoundingBox3D Extent Z" : 1.5117292404174805,
			"BoundingBox3D Orientation Quat W" : 0.9999544620513916,
			"BoundingBox3D Orientation Quat X" : 0.0047174142673611641,
			"BoundingBox3D Orientation Quat Y" : 0.001122879097238183,
			"BoundingBox3D Orientation Quat Z" : -0.0078551918268203735,
			"BoundingBox3D Origin X" : -22.321384429931641,
			"BoundingBox3D Origin Y" : 0.85207909345626831,
			"BoundingBox3D Origin Z" : 0.78064286708831787,
			"ObjectId" : 3,
			"ObjectType" : "CAR",
			"Occluded" : 0.0,
			"Relative Acceleration X" : 0.39289522171020508,
			"Relative Acceleration Y" : -0.075596615672111511,
			"Relative Acceleration Z" : 0.11709840595722198,
			"Relative Velocity X" : 0.52444785833358765,
			"Relative Velocity Y" : 0.022233337163925171,
			"Relative Velocity Z" : -0.029969241470098495,
			"Truncated" : 0
		},
		{
			"Absolute Acceleration X" : -0.040056228637695312,
			"Absolute Acceleration Y" : 0.14284300804138184,
			"Absolute Acceleration Z" : -0.14408671855926514,
			"Absolute Velocity X" : -25.08837890625,
			"Absolute Velocity Y" : 0.35591250658035278,
			"Absolute Velocity Z" : -0.12982143461704254,
			"ActorName" : "TRUCK 04",
			"BoundingBox3D Extent X" : 11.0,
			"BoundingBox3D Extent Y" : 2.6521282196044922,
			"BoundingBox3D Extent Z" : 2.2081174850463867,
			"BoundingBox3D Orientation Quat W" : 0.0069093126803636551,
			"BoundingBox3D Orientation Quat X" : -0.0022941208444535732,
			"BoundingBox3D Orientation Quat Y" : -0.0032334639690816402,
			"BoundingBox3D Orientation Quat Z" : 0.99996423721313477,
			"BoundingBox3D Origin X" : -194.576904296875,
			"BoundingBox3D Origin Y" : 37.454883575439453,
			"BoundingBox3D Origin Z" : 1.9523837566375732,
			"ObjectId" : 4,
			"ObjectType" : "TRUCK",
			"Occluded" : 0.0,
			"Relative Acceleration X" : 0.29160478711128235,
			"Relative Acceleration Y" : 0.25487518310546875,
			"Relative Acceleration Z" : -0.14351396262645721,
			"Relative Velocity X" : -46.870342254638672,
			"Relative Velocity Y" : 1.2990261316299438,
			"Relative Velocity Z" : -0.00038336374564096332,
			"Truncated" : 0
		},
		{
			"Absolute Acceleration X" : -0.076125927269458771,
			"Absolute Acceleration Y" : -0.15928243100643158,
			"Absolute Acceleration Z" : -0.01447781827300787,
			"Absolute Velocity X" : 20.644647598266602,
			"Absolute Velocity Y" : -0.25181305408477783,
			"Absolute Velocity Z" : -0.004546258132904768,
			"ActorName" : "CAR 05",
			"BoundingBox3D Extent X" : 4.0999999046325684,
			"BoundingBox3D Extent Y" : 1.7952501773834229,
			"BoundingBox3D Extent Z" : 0.93272018432617188,
			"BoundingBox3D Orientation Quat W" : 0.99997246265411377,
			"BoundingBox3D Orientation Quat X" : 0.0032472016755491495,
			"BoundingBox3D Orientation Quat Y" : 0.0002549914934206754,
			"BoundingBox3D Orientation Quat Z" : -0.0057675684802234173,
			"BoundingBox3D Origin X" : -112.23635101318359,
			"BoundingBox3D Origin Y" : -1.3171752691268921,
			"BoundingBox3D Origin Z" : 0.58854478597640991,
			"ObjectId" : 5,
			"ObjectType" : "CAR",
			"Occluded" : 0.0,
			"Relative Acceleration X" : 0.28962761163711548,
			"Relative Acceleration Y" : -0.36846989393234253,
			"Relative Acceleration Z" : 0.043134879320859909,
			"Relative Velocity X" : -1.2790004014968872,
			"Relative Velocity Y" : 0.38398212194442749,
			"Relative Velocity Z" : -0.085440933704376221,
			"Truncated" : 0
		},
		{
			"Absolute Acceleration X" : 0.24903786182403564,
			"Absolute Acceleration Y" : 0.020702231675386429,
			"Absolute Acceleration Z" : 0.012410086579620838,
			"Absolute Velocity X" : 21.864109039306641,
			"Absolute Velocity Y" : -0.36519825458526611,
			"Absolute Velocity Z" : -0.15024541318416595,