{
	"CapturedObjects" : 
	[
		{
			"Absolute Acceleration X" : 1.0773649215698242,
			"Absolute Acceleration Y" : -1.6615297794342041,
			"Absolute Acceleration Z" : 0.099402904510498047,
			"Absolute Velocity X" : 10.596462249755859,
			"Absolute Velocity Y" : 3.2894802093505859,
			"Absolute Velocity Z" : -0.27338656783103943,
			"ActorName" : "CAR 00",
			"BoundingBox3D Extent X" : 4.3430695533752441,
			"BoundingBox3D Extent Y" : 2.040806770324707,
			"BoundingBox3D Extent Z" : 1.5222905874252319,
			"BoundingBox3D Orientation Quat W" : 0.98875302076339722,
			"BoundingBox3D Orientation Quat X" : -0.0028458929155021906,
			"BoundingBox3D Orientation Quat Y" : 0.010719439946115017,
			"BoundingBox3D Orientation Quat Z" : 0.14902679622173309,
			"BoundingBox3D Origin X" : -18.417116165161133,
			"BoundingBox3D Origin Y" : -1.4084430932998657,
			"BoundingBox3D Origin Z" : 1.0053980350494385,
			"ObjectId" : 0,
			"ObjectType" : "CAR",
			"Occluded" : 0.0,
			"Relative Acceleration X" : 0.48039364814758301,
			"Relative Acceleration Y" : -0.25024580955505371,
			"Relative Acceleration Z" : -0.038796916604042053,
			"Relative Velocity X" : -1.3109554052352905,
			"Relative Velocity Y" : 0.90710604190826416,
			"Relative Velocity Z" : 0.08677385002374649,
			"Truncated" : 0
		},
		{
			"Absolute Acceleration X" : -1.9914140701293945,
			"Absolute Acceleration Y" : -2.5090341567993164,
			"Absolute Acceleration Z" : 0.037102967500686646,
			"Absolute Velocity X" : 9.906346321105957,
			"Absolute Velocity Y" : -9.5370655059814453,
			"Absolute Velocity Z" : 0.32247018814086914,
			"ActorName" : "CAR 13",
			"BoundingBox3D Extent X" : 4.2246856689453125,
			"BoundingBox3D Extent Y" : 1.7600514888763428,
			"BoundingBox3D Extent Z" : 1.5527822971343994,
			"BoundingBox3D Orientation Quat W" : -0.92578029632568359,
			"BoundingBox3D Orientation Quat X" : -0.021360820159316063,
			"BoundingBox3D Orientation Quat Y" : 0.020601829513907433,
			"BoundingBox3D Orientation Quat Z" : 0.37683439254760742,
			"BoundingBox3D Origin X" : 41.904537200927734,
			"BoundingBox3D Origin Y" : -15.687831878662109,
			"BoundingBox3D Origin Z" : 1.20210862159729,
			"ObjectId" : 13,
			"ObjectType" : "CAR",
			"Occluded" : 0.0,
			"Relative Acceleration X" : -0.67967748641967773,
			"Relative Acceleration Y" : -1.9335877895355225,
			"Relative Acceleration Z" : 0.12958319485187531,
			"Relative Velocity X" : -0.035258997231721878,
			"Relative Velocity Y" : -3.9369218349456787,
			"Relative Velocity Z" : -0.56843382120132446,
			"Truncated" : 0
		},
		{
			"Absolute Acceleration X" : 1.5260803699493408,
			"Absolute Acceleration Y" : -0.29868048429489136,
			"Absolute Acceleration Z" : -0.025123238563537598,
			"Absolute Velocity X" : 4.5593833923339844,
			"Absolute Velocity Y" : 9.0476970672607422,
			"Absolute Velocity Z" : -0.51068401336669922,
			"ActorName" : "CAR 23",
			"BoundingBox3D Extent X" : 4.9677152633666992,
			"BoundingBox3D Extent Y" : 1.695246696472168,
			"BoundingBox3D Extent Z" : 1.3319857120513916,
			"BoundingBox3D Orientation Quat W" : 0.84805434942245483,
			"BoundingBox3D Orientation Quat X" : -0.031213417649269104,
			"BoundingBox3D Orientation Quat Y" : 0.010519065894186497,
			"BoundingBox3D Orientation Quat Z" : 0.52885395288467407,
			"BoundingBox3D Origin X" : -53.195377349853516,
			"BoundingBox3D Origin Y" : -32.542720794677734,
			"BoundingBox3D Origin Z" : 2.9639139175415039,
			"ObjectId" : 23,
			"ObjectType" : "CAR",
			"Occluded" : 0.0,
			"Relative Acceleration X" : -1.365088939666748,
			"Relative Acceleration Y" : 1.3174387216567993,
			"Relative Acceleration Z" : -1.2886154651641846,
			"Relative Velocity X" : -3.2126290798187256,
			"Relative Velocity Y" : 1.9992209672927856,
			"Relative Velocity Z" : -0.2870781421661377,
			"Truncated" : 0
		},
		{
			"Absolute Acceleration X" : 1.0642198324203491,
			"Absolute Acceleration Y" : -0.78524720668792725,
			"Absolute Acceleration Z" : 0.054504241794347763,
			"Absolute Velocity X" : 6.5679183006286621,
			"Absolute Velocity Y" : 7.9333171844482422,
			"Absolute Velocity Z" : -0.48086279630661011,
			"ActorName" : "CAR 27",
			"BoundingBox3D Extent X" : 4.2054839134216309,
			"BoundingBox3D Extent Y" : 1.5256390571594238,
			"BoundingBox3D Extent Z" : 0.84883880615234375,
			"BoundingBox3D Orientation Quat W" : 0.90408062934875488,
			"BoundingBox3D Orientation Quat X" : -0.027046427130699158,
			"BoundingBox3D Orientation Quat Y" : 0.013501537963747978,
			"BoundingBox3D Orientation Quat Z" : 0.42621040344238281,
			"BoundingBox3D Origin X" : -48.18603515625,
			"BoundingBox3D Origin Y" : -22.457452774047852,
			"BoundingBox3D Origin Z" : 2.1323816776275635,
			"ObjectId" : 27,
			"ObjectType" : "CAR",
			"Occluded" : 0.0,
			"Relative Acceleration X" : -0.24267049133777618,
			"Relative Acceleration Y" : -0.054391056299209595,
			"Relative Acceleration Z" : 1.275315523147583,
			"Relative Velocity X" : -2.4156687259674072,
			"Relative Velocity Y" : 0.60030966997146606,
			"Relative Velocity Z" : -0.74781662225723267,
			"Truncated" : 0
		}
	],
	"FrameId" : 19362,
	"Timestamp" : 1676040122448715480,
	"TimestampMiddle" : 1676040122431715480
}