{
	"CapturedObjects" : 
	[
		{
			"Absolute Acceleration X" : 0.57453346252441406,
			"Absolute Acceleration Y" : 1.636319637298584,
			"Absolute Acceleration Z" : 0.010125249624252319,
			"Absolute Velocity X" : 27.594402313232422,
			"Absolute Velocity Y" : -1.5950011014938354,
			"Absolute Velocity Z" : -0.34727728366851807,
			"ActorName" : "CAR 00",
			"BoundingBox3D Extent X" : 4.6047258377075195,
			"BoundingBox3D Extent Y" : 2.0758121013641357,
			"BoundingBox3D Extent Z" : 1.6651383638381958,
			"BoundingBox3D Orientation Quat W" : -0.99952465295791626,
			"BoundingBox3D Orientation Quat X" : 0.0051043480634689331,
			"BoundingBox3D Orientation Quat Y" : -0.0064267036505043507,
			"BoundingBox3D Orientation Quat Z" : 0.029622616246342659,
			"BoundingBox3D Origin X" : -38.473781585693359,
			"BoundingBox3D Origin Y" : -4.0850028991699219,
			"BoundingBox3D Origin Z" : 1.2614364624023438,
			"ObjectId" : 0,
			"ObjectType" : "CAR",
			"Occluded" : 0.0,
			"Relative Acceleration X" : 0.44174253940582275,
			"Relative Acceleration Y" : -0.13146349787712097,
			"Relative Acceleration Z" : 0.0055461376905441284,
			"Relative Velocity X" : -0.41183269023895264,
			"Relative Velocity Y" : 0.46677803993225098,
			"Relative Velocity Z" : 0.065781772136688232,
			"Truncated" : 0
		},
		{
			"Absolute Acceleration X" : 0.014150619506835938,
			"Absolute Acceleration Y" : 1.4920554161071777,
			"Absolute Acceleration Z" : 0.093454837799072266,
			"Absolute Velocity X" : 27.793947219848633,
			"Absolute Velocity Y" : -1.284041166305542,
			"Absolute Velocity Z" : -0.29021751880645752,
			"ActorName" : "CAR 02",
			"BoundingBox3D Extent X" : 4.2716598510742188,
			"BoundingBox3D Extent Y" : 2.048614501953125,
			"BoundingBox3D Extent Z" : 1.4430321455001831,
			"BoundingBox3D Orientation Quat W" : -0.99981230497360229,
			"BoundingBox3D Orientation Quat X" : 0.0067449291236698627,
			"BoundingBox3D Orientation Quat Y" : -0.0055428100749850273,
			"BoundingBox3D Orientation Quat Z" : 0.017194729298353195,
			"BoundingBox3D Origin X" : -20.686725616455078,
			"BoundingBox3D Origin Y" : 0.54146385192871094,
			"BoundingBox3D Origin Z" : 0.8564797043800354,
			"ObjectId" : 2,
			"ObjectType" : "CAR",
			"Occluded" : 0.0,
			"Relative Acceleration X" : -0.18668738007545471,
			"Relative Acceleration Y" : -0.041068613529205322,
			"Relative Acceleration Z" : 0.043063383549451828,
			"Relative Velocity X" : -0.014012757688760757,
			"Relative Velocity Y" : 0.012906648218631744,
			"Relative Velocity Z" : 0.012285778298974037,
			"Truncated" : 0
		},
		{
			"Absolute Acceleration X" : 0.54653739929199219,
			"Absolute Acceleration Y" : 1.4731259346008301,
			"Absolute Acceleration Z" : 0.059580236673355103,
			"Absolute Velocity X" : 27.380653381347656,
			"Absolute Velocity Y" : -1.4666614532470703,
			"Absolute Velocity Z" : -0.30678460001945496,
			"ActorName" : "CAR 04",
			"BoundingBox3D Extent X" : 4.4662790298461914,
			"BoundingBox3D Extent Y" : 1.9310622215270996,
			"BoundingBox3D Extent Z" : 1.4250738620758057,
			"BoundingBox3D Orientation Quat W" : -0.99962133169174194,
			"BoundingBox3D Orientation Quat X" : 0.0063448571600019932,
			"BoundingBox3D Orientation Quat Y" : -0.0061804256401956081,
			"BoundingBox3D Orientation Quat Z" : 0.025677165016531944,
			"BoundingBox3D Origin X" : -21.703733444213867,
			"BoundingBox3D Origin Y" : -3.4190804958343506,
			"BoundingBox3D Origin Z" : 0.91939365863800049,
			"ObjectId" : 4,
			"ObjectType" : "CAR",
			"Occluded" : 0.0,
			"Relative Acceleration X" : 0.39127284288406372,
			"Relative Acceleration Y" : -0.025853805243968964,
			"Relative Acceleration Z" : 0.03099590539932251,
			"Relative Velocity X" : -0.59788262844085693,
			"Relative Velocity Y" : -0.13008026778697968,
			"Relative Velocity Z" : 0.028783898800611496,
			"Truncated" : 0
		},
		{
			"Absolute Acceleration X" : 0.63257533311843872,
			"Absolute Acceleration Y" : -0.90020745992660522,
			"Absolute Acceleration Z" : -0.0039356965571641922,
			"Absolute Velocity X" : 22.097602844238281,
			"Absolute Velocity Y" : -7.0147848129272461,
			"Absolute Velocity Z" : -0.4303632378578186,
			"ActorName" : "TRUCK 17",
			"BoundingBox3D Extent X" : 11.0,
			"BoundingBox3D Extent Y" : 2.8543477058410645,
			"BoundingBox3D Extent Z" : 3.0383388996124268,
			"BoundingBox3D Orientation Quat W" : -0.98807424306869507,
			"BoundingBox3D Orientation Quat X" : 0.0055084661580622196,
			"BoundingBox3D Orientation Quat Y" : -0.0094983084127306938,
			"BoundingBox3D Orientation Quat Z" : 0.15345853567123413,
			"BoundingBox3D Origin X" : -133.45680236816406,
			"BoundingBox3D Origin Y" : 14.126977920532227,
			"BoundingBox3D Origin Z" : 3.3338754177093506,
			"ObjectId" : 17,
			"ObjectType" : "TRUCK",
			"Occluded" : 0.0,
			"Relative Acceleration X" : 0.078279569745063782,
			"Relative Acceleration Y" : -3.2546095848083496,
			"Relative Acceleration Z" : -0.24840115010738373,
			"Relative Velocity X" : -5.0101323127746582,
			"Relative Velocity Y" : -0.3788163959980011,
			"Relative Velocity Z" : 0.31377884745597839,
			"Truncated" : 0
		},
		{
			"Absolute Acceleration X" : -0.018899917602539062,
			"Absolute Acceleration Y" : 1.6441845893859863,
			"Absolute Acceleration Z" : 0.040835738182067871,
			"Absolute Velocity X" : 28.352437973022461,
			"Absolute Velocity Y" : -5.5211210250854492,
			"Absolute Velocity Z" : -0.42974427342414856,
			"ActorName" : "CAR 21",
			"BoundingBox3D Extent X" : 4.0999999046325684,
			"BoundingBox3D Extent Y" : 2.1245555877685547,
			"BoundingBox3D Extent Z" : 0.81286168098449707,
			"BoundingBox3D Orientation Quat W" : -0.99562251567840576,
			"BoundingBox3D Orientation Quat X" : 0.0077612581662833691,
			"BoundingBox3D Orientation Quat Y" : -0.0082589322701096535,
			"BoundingBox3D Orientation Quat Z" : 0.092739053070545197,
			"BoundingBox3D Origin X" : -94.693893432617188,
			"BoundingBox3D Origin Y" : 10.008830070495605,
			"BoundingBox3D Origin Z" : 1.4407682418823242,
			"ObjectId" : 21,
			"ObjectType" : "CAR",
			"Occluded" : 0.0,
			"Relative Acceleration X" : -0.57740312814712524,
			"Relative Acceleration Y" : -1.0388836860656738,
			"Relative Acceleration Z" : 0.10616885870695114,
			"Relative Velocity X" : 0.95871132612228394,
			"Relative Velocity Y" : -1.0186783075332642,
			"Relative Velocity Z" : 0.13051635026931763,
			"Truncated" : 0
		},
		{
			"Absolute Acceleration X" : -0.12830352783203125,
			"Absolute Acceleration Y" : 2.3140304088592529,
			"Absolute Acceleration Z" : 0.063800156116485596,
			"Absolute Velocity X" : 25.663105010986328,
			"Absolute Velocity Y" : 2.0936546325683594,
			"Absolute Velocity Z" : -0.029892249032855034,
			"ActorName" : "TRUCK 24",
			"BoundingBox3D Extent X" : 27.532224655151367,
			"BoundingBox3D Extent Y" : 9.5811080932617188,
			"BoundingBox3D Extent Z" : 3.9928343296051025,
			"BoundingBox3D Orientation Quat W" : 0.9999464750289917,
			"BoundingBox3D Orientation Quat X" : 0.0032746181823313236,
			"BoundingBox3D Orientation Quat Y" : 0.0017768202815204859,
			"BoundingBox3D Orientation Quat Z" : 0.0093033770099282265,
			"BoundingBox3D Origin X" : 75.829811096191406,
			"BoundingBox3D Origin Y" : -1.8664461374282837,
			"BoundingBox3D Origin Z" : 1.6510723829269409,
			"ObjectId" : 24,
			"ObjectType" : "TRUCK",
			"Occluded" : 0.0,
			"Relative Acceleration X" : -0.24164128303527832,
			"Relative Acceleration Y" : 2.3855049610137939,
			"Relative Acceleration Z" : -0.12375205755233765,
			"Relative Velocity X" : -2.2372734546661377,
			"Relative Velocity Y" : -0.78061044216156006,
			"Relative Velocity Z" : -0.1325138658285141,
			"Truncated" : 0
		},
		{
			"Absolute Acceleration X" : -0.18386535346508026,
			"Absolute Acceleration Y" : 0.38024398684501648,
			"Absolute Acceleration Z" : 0.097372330725193024,
			"Absolute Velocity X" : -25.681802749633789,
			"Absolute Velocity Y" : 8.2874317169189453,
			"Absolute Velocity Z" : 0.51317745447158813,