{
	"CapturedObjects" : 
	[
		{
			"Absolute Acceleration X" : 0.37064170837402344,
			"Absolute Acceleration Y" : 0.16822516918182373,
			"Absolute Acceleration Z" : 0.066999495029449463,
			"Absolute Velocity X" : 24.508647918701172,
			"Absolute Velocity Y" : -0.36250725388526917,
			"Absolute Velocity Z" : -0.623881995677948,
			"ActorName" : "CAR 04",
			"BoundingBox3D Extent X" : 4.0999999046325684,
			"BoundingBox3D Extent Y" : 3.1590290069580078,
			"BoundingBox3D Extent Z" : 2.4310636520385742,
			"BoundingBox3D Orientation Quat W" : -0.99983000755310059,
			"BoundingBox3D Orientation Quat X" : 0.0026762105990201235,
			"BoundingBox3D Orientation Quat Y" : -0.012767256237566471,
			"BoundingBox3D Orientation Quat Z" : 0.012689718976616859,
			"BoundingBox3D Origin X" : -157.84968566894531,
			"BoundingBox3D Origin Y" : 6.6275615692138672,
			"BoundingBox3D Origin Z" : 3.8190305233001709,
			"ObjectId" : 4,
			"ObjectType" : "CAR",
			"Occluded" : 0.0,
			"Relative Acceleration X" : 0.093637466430664062,
			"Relative Acceleration Y" : 0.18715709447860718,
			"Relative Acceleration Z" : -0.31689709424972534,
			"Relative Velocity X" : 3.839043140411377,
			"Relative Velocity Y" : -0.024962998926639557,
			"Relative Velocity Z" : -0.3097330629825592,
			"Truncated" : 0
		},
		{
			"Absolute Acceleration X" : -0.13373374938964844,
			"Absolute Acceleration Y" : 0.10972034931182861,
			"Absolute Acceleration Z" : 0.027922108769416809,
			"Absolute Velocity X" : 21.414037704467773,
			"Absolute Velocity Y" : -0.30160093307495117,
			"Absolute Velocity Z" : -0.17663288116455078,
			"ActorName" : "CAR 07",
			"BoundingBox3D Extent X" : 4.1699776649475098,
			"BoundingBox3D Extent Y" : 1.6994683742523193,
			"BoundingBox3D Extent Z" : 1.4860941171646118,
			"BoundingBox3D Orientation Quat W" : -0.99993467330932617,
			"BoundingBox3D Orientation Quat X" : 0.00056109845172613859,
			"BoundingBox3D Orientation Quat Y" : -0.0041208146139979362,
			"BoundingBox3D Orientation Quat Z" : 0.0099868420511484146,
			"BoundingBox3D Origin X" : 26.653341293334961,
			"BoundingBox3D Origin Y" : -0.83106732368469238,
			"BoundingBox3D Origin Z" : 0.45198440551757812,
			"ObjectId" : 7,
			"ObjectType" : "CAR",
			"Occluded" : 0.0,
			"Relative Acceleration X" : -0.40507012605667114,
			"Relative Acceleration Y" : 0.073046229779720306,
			"Relative Acceleration Z" : 0.065409243106842041,
			"Relative Velocity X" : 0.73379737138748169,
			"Relative Velocity Y" : -0.15492892265319824,
			"Relative Velocity Z" : -0.013468197546899319,
			"Truncated" : 0
		},
		{
			"Absolute Acceleration X" : 0.05029296875,
			"Absolute Acceleration Y" : -0.016851961612701416,
			"Absolute Acceleration Z" : 0.020018726587295532,
			"Absolute Velocity X" : 31.415794372558594,
			"Absolute Velocity Y" : -0.60202044248580933,
			"Absolute Velocity Z" : -0.26463603973388672,
			"ActorName" : "CAR 16",
			"BoundingBox3D Extent X" : 4.2679734230041504,
			"BoundingBox3D Extent Y" : 2.018740177154541,
			"BoundingBox3D Extent Z" : 1.5272120237350464,
			"BoundingBox3D Orientation Quat W" : -0.9999733567237854,
			"BoundingBox3D Orientation Quat X" : 0.0010170128662139177,
			"BoundingBox3D Orientation Quat Y" : -0.0040566832758486271,
			"BoundingBox3D Orientation Quat Z" : 0.0037033462431281805,
			"BoundingBox3D Origin X" : 26.01911735534668,
			"BoundingBox3D Origin Y" : 6.7584710121154785,
			"BoundingBox3D Origin Z" : 0.48331114649772644,
			"ObjectId" : 16,
			"ObjectType" : "CAR",
			"Occluded" : 0.0,
			"Relative Acceleration X" : -0.21949958801269531,
			"Relative Acceleration Y" : -0.080797493457794189,
			"Relative Acceleration Z" : 0.037506300956010818,
			"Relative Velocity X" : 10.744128227233887,
			"Relative Velocity Y" : -0.45750588178634644,
			"Relative Velocity Z" : -0.056634429842233658,
			"Truncated" : 0
		},
		{
			"Absolute Acceleration X" : -0.02968597412109375,
			"Absolute Acceleration Y" : 0.0122813880443573,
			"Absolute Acceleration Z" : 0.040637582540512085,
			"Absolute Velocity X" : 22.573032379150391,
			"Absolute Velocity Y" : -0.4601186215877533,
			"Absolute Velocity Z" : -0.30921974778175354,
			"ActorName" : "TRUCK 22",
			"BoundingBox3D Extent X" : 11.0,
			"BoundingBox3D Extent Y" : 2.990412712097168,
			"BoundingBox3D Extent Z" : 2.7194168567657471,
			"BoundingBox3D Orientation Quat W" : -0.99993771314620972,
			"BoundingBox3D Orientation Quat X" : -0.00011204362817807123,
			"BoundingBox3D Orientation Quat Y" : -0.0078882258385419846,
			"BoundingBox3D Orientation Quat Z" : 0.0069461222738027573,
			"BoundingBox3D Origin X" : -40.173835754394531,
			"BoundingBox3D Origin Y" : 4.4178605079650879,
			"BoundingBox3D Origin Z" : 1.7581462860107422,
			"ObjectId" : 22,
			"ObjectType" : "TRUCK",
			"Occluded" : 0.0,
			"Relative Acceleration X" : -0.30260169506072998,
			"Relative Acceleration Y" : -0.004288017749786377,
			"Relative Acceleration Z" : -0.075725726783275604,
			"Relative Velocity X" : 1.8995256423950195,
			"Relative Velocity Y" : -0.24472101032733917,
			"Relative Velocity Z" : -0.077503882348537445,
			"Truncated" : 0
		},
		{
			"Absolute Acceleration X" : -0.056949615478515625,
			"Absolute Acceleration Y" : 0.080682516098022461,
			"Absolute Acceleration Z" : 0.10744208097457886,
			"Absolute Velocity X" : 31.111495971679688,
			"Absolute Velocity Y" : -0.78825002908706665,
			"Absolute Velocity Z" : -0.35120147466659546,
			"ActorName" : "CAR 27",
			"BoundingBox3D Extent X" : 7.2125682830810547,
			"BoundingBox3D Extent Y" : 2.621485710144043,
			"BoundingBox3D Extent Z" : 2.3079128265380859,
			"BoundingBox3D Orientation Quat W" : -0.99990153312683105,
			"BoundingBox3D Orientation Quat X" : 0.0033067101612687111,
			"BoundingBox3D Orientation Quat Y" : -0.0054184519685804844,
			"BoundingBox3D Orientation Quat Z" : 0.012224109843373299,
			"BoundingBox3D Origin X" : -23.795738220214844,
			"BoundingBox3D Origin Y" : 7.7966799736022949,
			"BoundingBox3D Origin Z" : 1.3313456773757935,
			"ObjectId" : 27,
			"ObjectType" : "CAR",
			"Occluded" : 0.0,
			"Relative Acceleration X" : -0.32861232757568359,
			"Relative Acceleration Y" : 0.034774303436279297,
			"Relative Acceleration Z" : 0.012976042926311493,
			"Relative Velocity X" : 10.441532135009766,
			"Relative Velocity Y" : -0.59152555465698242,
			"Relative Velocity Z" : -0.10775814950466156,
			"Truncated" : 0
		},
		{
			"Absolute Acceleration X" : -0.16486167907714844,
			"Absolute Acceleration Y" : 0.064735919237136841,
			"Absolute Acceleration Z" : 0.010110899806022644,
			"Absolute Velocity X" : 25.613061904907227,
			"Absolute Velocity Y" : -0.4093920886516571,
			"Absolute Velocity Z" : -0.21001136302947998,
			"ActorName" : "CAR 28",
			"BoundingBox3D Extent X" : 4.0999999046325684,
			"BoundingBox3D Extent Y" : 2.1605138778686523,
			"BoundingBox3D Extent Z" : 1.5254672765731812,
			"BoundingBox3D Orientation Quat W" : -0.99995517730712891,
			"BoundingBox3D Orientation Quat X" : 0.0016785236075520515,
			"BoundingBox3D Orientation Quat Y" : -0.0041610831394791603,
			"BoundingBox3D Orientation Quat Z" : 0.0078008701093494892,
			"BoundingBox3D Origin X" : 86.424018859863281,
			"BoundingBox3D Origin Y" : 2.4993476867675781,
			"BoundingBox3D Origin Z" : 0.0087833190336823463,
			"ObjectId" : 28,
			"ObjectType" : "CAR",
			"Occluded" : 0.0,
			"Relative Acceleration X" : -0.43470144271850586,
			"Relative Acceleration Y" : -0.0038968920707702637,
			"Relative Acceleration Z" : 0.17373067140579224,
			"Relative Velocity X" : 4.9363131523132324,
			"Relative Velocity Y" : -0.32955566048622131,
			"Relative Velocity Z" : -0.062852397561073303,
			"Truncated" : 0
		},
		{
			"Absolute Acceleration X" : 0.10378646850585938,
			"Absolute Acceleration Y" : 0.16251546144485474,
			"Absolute Acceleration Z" : 0.1078387051820755,
			"Absolute Velocity X" : 31.447164535522461,
			"Absolute Velocity Y" : -0.5069546103477478,
			"Absolute Velocity Z" : -0.17846785485744476,