{
	"CapturedObjects" : 
	[
		{
			"Absolute Acceleration X" : 0.74061203002929688,
			"Absolute Acceleration Y" : -1.7329356670379639,
			"Absolute Acceleration Z" : 0.045263484120368958,
			"Absolute Velocity X" : 9.7639293670654297,
			"Absolute Velocity Y" : 3.7035965919494629,
			"Absolute Velocity Z" : -0.23506945371627808,
			"ActorName" : "CAR 00",
			"BoundingBox3D Extent X" : 4.3430695533752441,
			"BoundingBox3D Extent Y" : 2.040806770324707,
			"BoundingBox3D Extent Z" : 1.5222905874252319,
			"BoundingBox3D Orientation Quat W" : 0.98390203714370728,
			"BoundingBox3D Orientation Quat X" : -0.0012684485409408808,
			"BoundingBox3D Orientation Quat Y" : 0.011816338635981083,
			"BoundingBox3D Orientation Quat Z" : 0.17821027338504791,
			"BoundingBox3D Origin X" : -16.190954208374023,
			"BoundingBox3D Origin Y" : -3.153712272644043,
			"BoundingBox3D Origin Z" : 0.95095151662826538,
			"ObjectId" : 0,
			"ObjectType" : "CAR",
			"Occluded" : 0.0,
			"Relative Acceleration X" : -0.49695277214050293,
			"Relative Acceleration Y" : 1.7806200981140137,
			"Relative Acceleration Z" : -0.15572696924209595,
			"Relative Velocity X" : -1.4217602014541626,
			"Relative Velocity Y" : 0.1099686473608017,
			"Relative Velocity Z" : -0.057720985263586044,
			"Truncated" : 0
		},
		{
			"Absolute Acceleration X" : -1.2746438980102539,
			"Absolute Acceleration Y" : -2.7216682434082031,
			"Absolute Acceleration Z" : 0.11278784275054932,
			"Absolute Velocity X" : 10.469342231750488,
			"Absolute Velocity Y" : -8.0778312683105469,
			"Absolute Velocity Z" : 0.10307552665472031,
			"ActorName" : "CAR 13",
			"BoundingBox3D Extent X" : 4.2246856689453125,
			"BoundingBox3D Extent Y" : 1.7600514888763428,
			"BoundingBox3D Extent Z" : 1.5527822971343994,
			"BoundingBox3D Orientation Quat W" : -0.94751137495040894,
			"BoundingBox3D Orientation Quat X" : -0.024238834157586098,
			"BoundingBox3D Orientation Quat Y" : 0.011950432322919369,
			"BoundingBox3D Orientation Quat Z" : 0.31850478053092957,
			"BoundingBox3D Origin X" : 41.61468505859375,
			"BoundingBox3D Origin Y" : -11.993886947631836,
			"BoundingBox3D Origin Z" : 0.76699894666671753,
			"ObjectId" : 13,
			"ObjectType" : "CAR",
			"Occluded" : 0.0,
			"Relative Acceleration X" : -1.1443352699279785,
			"Relative Acceleration Y" : -4.2596478462219238,
			"Relative Acceleration Z" : 0.75449270009994507,
			"Relative Velocity X" : 1.2652201652526855,
			"Relative Velocity Y" : 1.0504252910614014,
			"Relative Velocity Z" : 0.43995636701583862,
			"Truncated" : 0
		},
		{
			"Absolute Acceleration X" : 0.43723154067993164,
			"Absolute Acceleration Y" : -1.1183176040649414,
			"Absolute Acceleration Z" : -0.04205794632434845,
			"Absolute Velocity X" : 4.6403970718383789,
			"Absolute Velocity Y" : 8.947357177734375,
			"Absolute Velocity Z" : -0.22511523962020874,
			"ActorName" : "CAR 23",
			"BoundingBox3D Extent X" : 4.9677152633666992,
			"BoundingBox3D Extent Y" : 1.695246696472168,
			"BoundingBox3D Extent Z" : 1.3319857120513916,
			"BoundingBox3D Orientation Quat W" : 0.85465329885482788,
			"BoundingBox3D Orientation Quat X" : -0.022291302680969238,
			"BoundingBox3D Orientation Quat Y" : -0.0012953237164765596,
			"BoundingBox3D Orientation Quat Z" : 0.51868706941604614,
			"BoundingBox3D Origin X" : -49.248493194580078,
			"BoundingBox3D Origin Y" : -35.149421691894531,
			"BoundingBox3D Origin Z" : 2.0036823749542236,
			"ObjectId" : 23,
			"ObjectType" : "CAR",
			"Occluded" : 0.0,
			"Relative Acceleration X" : -4.6768131256103516,
			"Relative Acceleration Y" : 5.0435395240783691,
			"Relative Acceleration Z" : -0.048612654209136963,
			"Relative Velocity X" : 0.48911494016647339,
			"Relative Velocity Y" : -1.9690870046615601,
			"Relative Velocity Z" : 0.60031688213348389,
			"Truncated" : 0
		},
		{
			"Absolute Acceleration X" : 0.42893314361572266,
			"Absolute Acceleration Y" : -0.53090381622314453,
			"Absolute Acceleration Z" : -0.029220551252365112,
			"Absolute Velocity X" : 5.7049622535705566,
			"Absolute Velocity Y" : 9.097930908203125,
			"Absolute Velocity Z" : -0.31465354561805725,
			"ActorName" : "CAR 24",
			"BoundingBox3D Extent X" : 4.2054839134216309,
			"BoundingBox3D Extent Y" : 1.8136767148971558,
			"BoundingBox3D Extent Z" : 1.263856053352356,
			"BoundingBox3D Orientation Quat W" : 0.87465846538543701,
			"BoundingBox3D Orientation Quat X" : -0.024578141048550606,
			"BoundingBox3D Orientation Quat Y" : 0.0033597019501030445,
			"BoundingBox3D Orientation Quat Z" : 0.48407205939292908,
			"BoundingBox3D Origin X" : -44.382457733154297,
			"BoundingBox3D Origin Y" : -25.682998657226562,
			"BoundingBox3D Origin Z" : 1.6883533000946045,
			"ObjectId" : 24,
			"ObjectType" : "CAR",
			"Occluded" : 0.0,
			"Relative Acceleration X" : -3.9974284172058105,
			"Relative Acceleration Y" : 5.0564556121826172,
			"Relative Acceleration Z" : -0.17401394248008728,
			"Relative Velocity X" : -0.53418612480163574,
			"Relative Velocity Y" : -0.72452205419540405,
			"Relative Velocity Z" : 0.31221514940261841,
			"Truncated" : 0
		}
	],
	"FrameId" : 19341,
	"Timestamp" : 1676040121048736288,
	"TimestampMiddle" : 1676040121031736288
}