{
	"CapturedObjects" : 
	[
		{
			"Absolute Acceleration X" : -0.050024464726448059,
			"Absolute Acceleration Y" : -0.45382463932037354,
			"Absolute Acceleration Z" : -0.038828413933515549,
			"Absolute Velocity X" : 24.543245315551758,
			"Absolute Velocity Y" : 2.1669149398803711,
			"Absolute Velocity Z" : 0.0077709904871881008,
			"ActorName" : "CAR 01",
			"BoundingBox3D Extent X" : 4.0999999046325684,
			"BoundingBox3D Extent Y" : 1.8643006086349487,
			"BoundingBox3D Extent Z" : 1.5256708860397339,
			"BoundingBox3D Orientation Quat W" : 0.99887329339981079,
			"BoundingBox3D Orientation Quat X" : 0.0091341612860560417,
			"BoundingBox3D Orientation Quat Y" : -0.00039607920916751027,
			"BoundingBox3D Orientation Quat Z" : 0.046453822404146194,
			"BoundingBox3D Origin X" : -67.895530700683594,
			"BoundingBox3D Origin Y" : -4.2601404190063477,
			"BoundingBox3D Origin Z" : 0.88555002212524414,
			"ObjectId" : 1,
			"ObjectType" : "CAR",
			"Occluded" : 0.0,
			"Relative Acceleration X" : -0.15735507011413574,
			"Relative Acceleration Y" : 0.97019517421722412,
			"Relative Acceleration Z" : 0.05487760528922081,
			"Relative Velocity X" : -0.95762902498245239,
			"Relative Velocity Y" : -0.018719062209129333,
			"Relative Velocity Z" : -0.073316507041454315,
			"Truncated" : 0
		},
		{
			"Absolute Acceleration X" : 0.41983795166015625,
			"Absolute Acceleration Y" : -0.7050168514251709,
			"Absolute Acceleration Z" : -0.074442267417907715,
			"Absolute Velocity X" : 30.520675659179688,
			"Absolute Velocity Y" : 0.92996132373809814,
			"Absolute Velocity Z" : -0.2078530490398407,
			"ActorName" : "CAR 03",
			"BoundingBox3D Extent X" : 4.3612446784973145,
			"BoundingBox3D Extent Y" : 2.5543322563171387,
			"BoundingBox3D Extent Z" : 1.4967716932296753,
			"BoundingBox3D Orientation Quat W" : 0.9999014139175415,
			"BoundingBox3D Orientation Quat X" : 0.0024288205895572901,
			"BoundingBox3D Orientation Quat Y" : 0.0037888537626713514,
			"BoundingBox3D Orientation Quat Z" : 0.012858794070780277,
			"BoundingBox3D Origin X" : 2.0885543823242188,
			"BoundingBox3D Origin Y" : 4.5980472564697266,
			"BoundingBox3D Origin Z" : 0.74222815036773682,
			"ObjectId" : 3,
			"ObjectType" : "CAR",
			"Occluded" : 0.0,
			"Relative Acceleration X" : 0.49199342727661133,
			"Relative Acceleration Y" : 0.39112997055053711,
			"Relative Acceleration Z" : -0.031974773854017258,
			"Relative Velocity X" : 4.7265529632568359,
			"Relative Velocity Y" : 1.0762451887130737,
			"Relative Velocity Z" : -0.058454848825931549,
			"Truncated" : 0
		},
		{
			"Absolute Acceleration X" : 0.61225318908691406,
			"Absolute Acceleration Y" : -0.28315705060958862,
			"Absolute Acceleration Z" : -0.045691549777984619,
			"Absolute Velocity X" : 24.721349716186523,
			"Absolute Velocity Y" : 0.34211084246635437,
			"Absolute Velocity Z" : -0.21648259460926056,
			"ActorName" : "CAR 07",
			"BoundingBox3D Extent X" : 4.1408395767211914,
			"BoundingBox3D Extent Y" : 1.8945406675338745,
			"BoundingBox3D Extent Z" : 1.469247579574585,
			"BoundingBox3D Orientation Quat W" : 0.99994528293609619,
			"BoundingBox3D Orientation Quat X" : 0.0030150541570037603,
			"BoundingBox3D Orientation Quat Y" : 0.0043850359506905079,
			"BoundingBox3D Orientation Quat Z" : 0.0085920980200171471,
			"BoundingBox3D Origin X" : 29.574363708496094,
			"BoundingBox3D Origin Y" : -2.36480712890625,
			"BoundingBox3D Origin Z" : 0.44709771871566772,
			"ObjectId" : 7,
			"ObjectType" : "CAR",
			"Occluded" : 0.0,
			"Relative Acceleration X" : 0.51913636922836304,
			"Relative Acceleration Y" : -0.20240819454193115,
			"Relative Acceleration Z" : 0.019662324339151382,
			"Relative Velocity X" : -0.83683544397354126,
			"Relative Velocity Y" : 1.4334259033203125,
			"Relative Velocity Z" : 0.062476851046085358,
			"Truncated" : 0
		},
		{
			"Absolute Acceleration X" : 0.19336318969726562,
			"Absolute Acceleration Y" : -0.18304398655891418,
			"Absolute Acceleration Z" : -0.073209136724472046,
			"Absolute Velocity X" : 25.915298461914062,
			"Absolute Velocity Y" : 0.14631848037242889,
			"Absolute Velocity Z" : -0.32560515403747559,
			"ActorName" : "CAR 08",
			"BoundingBox3D Extent X" : 4.0999999046325684,
			"BoundingBox3D Extent Y" : 1.7251287698745728,
			"BoundingBox3D Extent Z" : 1.5560992956161499,
			"BoundingBox3D Orientation Quat W" : 0.99995934963226318,
			"BoundingBox3D Orientation Quat X" : 0.005268649198114872,
			"BoundingBox3D Orientation Quat Y" : 0.0064409170299768448,
			"BoundingBox3D Orientation Quat Z" : 0.0020017500501126051,
			"BoundingBox3D Origin X" : 61.851009368896484,
			"BoundingBox3D Origin Y" : 1.493500828742981,
			"BoundingBox3D Origin Z" : 0.18952794373035431,
			"ObjectId" : 8,
			"ObjectType" : "CAR",
			"Occluded" : 0.0,
			"Relative Acceleration X" : 0.1792772114276886,
			"Relative Acceleration Y" : -0.838981032371521,
			"Relative Acceleration Z" : -0.036562070250511169,
			"Relative Velocity X" : 0.23136381804943085,
			"Relative Velocity Y" : 2.316166877746582,
			"Relative Velocity Z" : 0.061628483235836029,
			"Truncated" : 0
		},
		{
			"Absolute Acceleration X" : 0.25732421875,
			"Absolute Acceleration Y" : -0.77003824710845947,
			"Absolute Acceleration Z" : -0.098167315125465393,
			"Absolute Velocity X" : 31.571334838867188,
			"Absolute Velocity Y" : 1.9526833295822144,
			"Absolute Velocity Z" : -0.11414609849452972,
			"ActorName" : "CAR 15",
			"BoundingBox3D Extent X" : 4.9742946624755859,
			"BoundingBox3D Extent Y" : 2.1192083358764648,
			"BoundingBox3D Extent Z" : 1.7263710498809814,
			"BoundingBox3D Orientation Quat W" : 0.99954569339752197,
			"BoundingBox3D Orientation Quat X" : 0.0074658901430666447,
			"BoundingBox3D Orientation Quat Y" : 0.0015818568645045161,
			"BoundingBox3D Orientation Quat Z" : 0.02901674248278141,
			"BoundingBox3D Origin X" : -33.28814697265625,
			"BoundingBox3D Origin Y" : 2.4990255832672119,
			"BoundingBox3D Origin Z" : 1.0314594507217407,
			"ObjectId" : 15,
			"ObjectType" : "CAR",
			"Occluded" : 0.0,
			"Relative Acceleration X" : 0.25390338897705078,
			"Relative Acceleration Y" : 1.2762793302536011,
			"Relative Acceleration Z" : -0.034193672239780426,
			"Relative Velocity X" : 5.846489429473877,
			"Relative Velocity Y" : 0.90475285053253174,
			"Relative Velocity Z" : -0.09485393762588501,
			"Truncated" : 0
		},
		{
			"Absolute Acceleration X" : 0.1242828369140625,
			"Absolute Acceleration Y" : 0.069076389074325562,
			"Absolute Acceleration Z" : -0.077727600932121277,
			"Absolute Velocity X" : 23.826013565063477,
			"Absolute Velocity Y" : 0.4744543731212616,
			"Absolute Velocity Z" : -0.27129757404327393,
			"ActorName" : "CAR 19",
			"BoundingBox3D Extent X" : 4.0999999046325684,
			"BoundingBox3D Extent Y" : 1.766088604927063,
			"BoundingBox3D Extent Z" : 1.5308927297592163,
			"BoundingBox3D Orientation Quat W" : 0.99990463256835938,
			"BoundingBox3D Orientation Quat X" : 0.0040934896096587181,
			"BoundingBox3D Orientation Quat Y" : 0.0050816992297768593,
			"BoundingBox3D Orientation Quat Z" : 0.011972375214099884,
			"BoundingBox3D Origin X" : 54.494415283203125,
			"BoundingBox3D Origin Y" : -1.6300591230392456,
			"BoundingBox3D Origin Z" : 0.23828351497650146,
			"ObjectId" : 19,
			"ObjectType" : "CAR",
			"Occluded" : 0.0,
			"Relative Acceleration X" : 0.019806742668151855,
			"Relative Acceleration Y" : -0.51805412769317627,
			"Relative Acceleration Z" : -0.031006872653961182,
			"Relative Velocity X" : -1.7533471584320068,
			"Relative Velocity Y" : 2.4045557975769043,
			"Relative Velocity Z" : 0.098906651139259338,
			"Truncated" : 0
		},
		{
			"Absolute Acceleration X" : 0.10326194763183594,
			"Absolute Acceleration Y" : -0.73717498779296875,
			"Absolute Acceleration Z" : -0.088503852486610413,
			"Absolute Velocity X" : 29.771976470947266,
			"Absolute Velocity Y" : 3.8646624088287354,
			"Absolute Velocity Z" : 0.093983285129070282,