{
	"CapturedObjects" : 
	[
		{
			"Absolute Acceleration X" : -1.4191560745239258,
			"Absolute Acceleration Y" : -0.091608807444572449,
			"Absolute Acceleration Z" : -0.09744282066822052,
			"Absolute Velocity X" : 14.235067367553711,
			"Absolute Velocity Y" : -0.26116937398910522,
			"Absolute Velocity Z" : 0.0035136977676302195,
			"ActorName" : "CAR 00",
			"BoundingBox3D Extent X" : 4.3430695533752441,
			"BoundingBox3D Extent Y" : 2.040806770324707,
			"BoundingBox3D Extent Z" : 1.5222905874252319,
			"BoundingBox3D Orientation Quat W" : -0.99992746114730835,
			"BoundingBox3D Orientation Quat X" : 0.0067256423644721508,
			"BoundingBox3D Orientation Quat Y" : -0.00055335042998194695,
			"BoundingBox3D Orientation Quat Z" : 0.0082139493897557259,
			"BoundingBox3D Origin X" : -11.089859008789062,
			"BoundingBox3D Origin Y" : 0.50923991203308105,
			"BoundingBox3D Origin Z" : 0.77245903015136719,
			"ObjectId" : 0,
			"ObjectType" : "CAR",
			"Occluded" : 0.0,
			"Relative Acceleration X" : -0.75624346733093262,
			"Relative Acceleration Y" : -0.086764082312583923,
			"Relative Acceleration Z" : 0.03701728954911232,
			"Relative Velocity X" : -0.1878272145986557,
			"Relative Velocity Y" : -0.23826423287391663,
			"Relative Velocity Z" : -0.027721786871552467,
			"Truncated" : 0
		},
		{
			"Absolute Acceleration X" : 0.0097980499267578125,
			"Absolute Acceleration Y" : -0.29668986797332764,
			"Absolute Acceleration Z" : -0.22554048895835876,
			"Absolute Velocity X" : 25.835241317749023,
			"Absolute Velocity Y" : 0.14997661113739014,
			"Absolute Velocity Z" : -0.45504841208457947,
			"ActorName" : "TRUCK 02",
			"BoundingBox3D Extent X" : 11.0,
			"BoundingBox3D Extent Y" : 3.4651203155517578,
			"BoundingBox3D Extent Z" : 3.2009532451629639,
			"BoundingBox3D Orientation Quat W" : 0.99991661310195923,
			"BoundingBox3D Orientation Quat X" : -0.0016465875087305903,
			"BoundingBox3D Orientation Quat Y" : 0.0075936261564493179,
			"BoundingBox3D Orientation Quat Z" : 0.0034089465625584126,
			"BoundingBox3D Origin X" : 174.98368835449219,
			"BoundingBox3D Origin Y" : 21.507198333740234,
			"BoundingBox3D Origin Z" : 1.0862045288085938,
			"ObjectId" : 2,
			"ObjectType" : "TRUCK",
			"Occluded" : 0.0,
			"Relative Acceleration X" : 0.39479255676269531,
			"Relative Acceleration Y" : 2.0489702224731445,
			"Relative Acceleration Z" : -1.7983289957046509,
			"Relative Velocity X" : 11.156225204467773,
			"Relative Velocity Y" : 2.4193961620330811,
			"Relative Velocity Z" : 0.32581868767738342,
			"Truncated" : 0
		},
		{
			"Absolute Acceleration X" : -0.030157089233398438,
			"Absolute Acceleration Y" : 0.094728797674179077,
			"Absolute Acceleration Z" : -0.064401715993881226,
			"Absolute Velocity X" : 22.99376106262207,
			"Absolute Velocity Y" : 0.39515623450279236,
			"Absolute Velocity Z" : -0.25177353620529175,
			"ActorName" : "TRUCK 03",
			"BoundingBox3D Extent X" : 11.0,
			"BoundingBox3D Extent Y" : 3.1800446510314941,
			"BoundingBox3D Extent Z" : 3.1347098350524902,
			"BoundingBox3D Orientation Quat W" : 0.99991703033447266,
			"BoundingBox3D Orientation Quat X" : -0.0017182733863592148,
			"BoundingBox3D Orientation Quat Y" : 0.004534019622951746,
			"BoundingBox3D Orientation Quat Z" : 0.0094157299026846886,
			"BoundingBox3D Origin X" : 166.21638488769531,
			"BoundingBox3D Origin Y" : 17.214645385742188,
			"BoundingBox3D Origin Z" : 0.7196427583694458,
			"ObjectId" : 3,
			"ObjectType" : "TRUCK",
			"Occluded" : 0.0,
			"Relative Acceleration X" : 0.39667797088623047,
			"Relative Acceleration Y" : 2.2811751365661621,
			"Relative Acceleration Z" : -1.6120138168334961,
			"Relative Velocity X" : 8.3672809600830078,
			"Relative Velocity Y" : 2.5536684989929199,
			"Relative Velocity Z" : 0.48962953686714172,
			"Truncated" : 0
		},
		{
			"Absolute Acceleration X" : 0.1103973388671875,
			"Absolute Acceleration Y" : 0.25857174396514893,
			"Absolute Acceleration Z" : -0.14151224493980408,
			"Absolute Velocity X" : 32.19342041015625,
			"Absolute Velocity Y" : -0.16638140380382538,
			"Absolute Velocity Z" : 0.087485149502754211,
			"ActorName" : "CAR 04",
			"BoundingBox3D Extent X" : 4.0999999046325684,
			"BoundingBox3D Extent Y" : 1.7672991752624512,
			"BoundingBox3D Extent Z" : 1.7015149593353271,
			"BoundingBox3D Orientation Quat W" : 0.99972712993621826,
			"BoundingBox3D Orientation Quat X" : -0.007353208027780056,
			"BoundingBox3D Orientation Quat Y" : -0.0010064236121252179,
			"BoundingBox3D Orientation Quat Z" : -0.00039507585461251438,
			"BoundingBox3D Origin X" : 30.08616828918457,
			"BoundingBox3D Origin Y" : 19.302270889282227,
			"BoundingBox3D Origin Z" : 0.010351068340241909,
			"ObjectId" : 4,
			"ObjectType" : "CAR",
			"Occluded" : 0.0,
			"Relative Acceleration X" : 0.54090499877929688,
			"Relative Acceleration Y" : 1.1355252265930176,
			"Relative Acceleration Z" : -0.11009031534194946,
			"Relative Velocity X" : 17.547994613647461,
			"Relative Velocity Y" : 0.38800370693206787,
			"Relative Velocity Z" : 0.2277069091796875,
			"Truncated" : 0
		},
		{
			"Absolute Acceleration X" : 0.41218757629394531,
			"Absolute Acceleration Y" : 0.052910387516021729,
			"Absolute Acceleration Z" : -0.24846825003623962,
			"Absolute Velocity X" : 22.336666107177734,
			"Absolute Velocity Y" : 0.44715893268585205,
			"Absolute Velocity Z" : -0.16331620514392853,
			"ActorName" : "CAR 05",
			"BoundingBox3D Extent X" : 4.0999999046325684,
			"BoundingBox3D Extent Y" : 2.0698511600494385,
			"BoundingBox3D Extent Z" : 1.4278992414474487,
			"BoundingBox3D Orientation Quat W" : 0.99989861249923706,
			"BoundingBox3D Orientation Quat X" : -0.0017157653346657753,
			"BoundingBox3D Orientation Quat Y" : 0.003658955916762352,
			"BoundingBox3D Orientation Quat Z" : 0.0098527772352099419,
			"BoundingBox3D Origin X" : 119.69767761230469,
			"BoundingBox3D Origin Y" : 16.512704849243164,
			"BoundingBox3D Origin Z" : 0.19415073096752167,
			"ObjectId" : 5,
			"ObjectType" : "CAR",
			"Occluded" : 0.0,
			"Relative Acceleration X" : 0.84860992431640625,
			"Relative Acceleration Y" : 1.7149218320846558,
			"Relative Acceleration Z" : -1.2966376543045044,
			"Relative Velocity X" : 7.7214937210083008,
			"Relative Velocity Y" : 2.0524470806121826,
			"Relative Velocity Z" : 0.3860839307308197,
			"Truncated" : 0
		},
		{
			"Absolute Acceleration X" : -0.31739997863769531,
			"Absolute Acceleration Y" : 0.10306303203105927,
			"Absolute Acceleration Z" : -0.0054299682378768921,
			"Absolute Velocity X" : 22.180198669433594,
			"Absolute Velocity Y" : -0.040229998528957367,
			"Absolute Velocity Z" : -0.15497750043869019,
			"ActorName" : "CAR 06",
			"BoundingBox3D Extent X" : 4.0999999046325684,
			"BoundingBox3D Extent Y" : 2.4368352890014648,
			"BoundingBox3D Extent Z" : 1.6100074052810669,
			"BoundingBox3D Orientation Quat W" : 0.99997419118881226,
			"BoundingBox3D Orientation Quat X" : 0.0011321726487949491,
			"BoundingBox3D Orientation Quat Y" : 0.0033191579859703779,
			"BoundingBox3D Orientation Quat Z" : -0.0027852593921124935,
			"BoundingBox3D Origin X" : 91.724937438964844,
			"BoundingBox3D Origin Y" : 2.4607899188995361,
			"BoundingBox3D Origin Z" : 0.24899636209011078,
			"ObjectId" : 6,
			"ObjectType" : "CAR",
			"Occluded" : 0.0,
			"Relative Acceleration X" : 0.29217243194580078,
			"Relative Acceleration Y" : 1.4452856779098511,
			"Relative Acceleration Z" : -0.94543290138244629,
			"Relative Velocity X" : 7.733792781829834,
			"Relative Velocity Y" : 1.2300912141799927,
			"Relative Velocity Z" : 0.21557499468326569,
			"Truncated" : 0
		},
		{
			"Absolute Acceleration X" : -1.4126901626586914,
			"Absolute Acceleration Y" : -1.391390323638916,
			"Absolute Acceleration Z" : -0.050127863883972168,
			"Absolute Velocity X" : 9.6980104446411133,
			"Absolute Velocity Y" : -6.0009841918945312,
			"Absolute Velocity Z" : -0.28405794501304626,
			"ActorName" : "CAR 07",