{
	"CapturedObjects" : 
	[
		{
			"Absolute Acceleration X" : 0.61669731140136719,
			"Absolute Acceleration Y" : -0.37647047638893127,
			"Absolute Acceleration Z" : 0.019084811210632324,
			"Absolute Velocity X" : 30.471088409423828,
			"Absolute Velocity Y" : -0.33627420663833618,
			"Absolute Velocity Z" : -0.36308431625366211,
			"ActorName" : "CAR 00",
			"BoundingBox3D Extent X" : 4.1676054000854492,
			"BoundingBox3D Extent Y" : 2.0217900276184082,
			"BoundingBox3D Extent Z" : 1.4507161378860474,
			"BoundingBox3D Orientation Quat W" : 0.99996358156204224,
			"BoundingBox3D Orientation Quat X" : 0.002782606752589345,
			"BoundingBox3D Orientation Quat Y" : 0.0060718599706888199,
			"BoundingBox3D Orientation Quat Z" : -0.0052599739283323288,
			"BoundingBox3D Origin X" : 13.924678802490234,
			"BoundingBox3D Origin Y" : 3.2889516353607178,
			"BoundingBox3D Origin Z" : 0.57464474439620972,
			"ObjectId" : 0,
			"ObjectType" : "CAR",
			"Occluded" : 0.0,
			"Relative Acceleration X" : 0.6407313346862793,
			"Relative Acceleration Y" : 0.043791681528091431,
			"Relative Acceleration Z" : 0.10756129026412964,
			"Relative Velocity X" : 3.3499481678009033,
			"Relative Velocity Y" : 0.072716005146503448,
			"Relative Velocity Z" : -0.082421034574508667,
			"Truncated" : 0
		},
		{
			"Absolute Acceleration X" : -0.42370986938476562,
			"Absolute Acceleration Y" : -0.56576144695281982,
			"Absolute Acceleration Z" : 0.0056959688663482666,
			"Absolute Velocity X" : 28.576248168945312,
			"Absolute Velocity Y" : -0.17213007807731628,
			"Absolute Velocity Z" : -0.35808345675468445,
			"ActorName" : "CAR 01",
			"BoundingBox3D Extent X" : 4.7093315124511719,
			"BoundingBox3D Extent Y" : 2.1400377750396729,
			"BoundingBox3D Extent Z" : 1.7339202165603638,
			"BoundingBox3D Orientation Quat W" : 0.99997526407241821,
			"BoundingBox3D Orientation Quat X" : 0.0029178201220929623,
			"BoundingBox3D Orientation Quat Y" : 0.0065084062516689301,
			"BoundingBox3D Orientation Quat Z" : -0.00056541501544415951,
			"BoundingBox3D Origin X" : -12.129354476928711,
			"BoundingBox3D Origin Y" : 2.8495144844055176,
			"BoundingBox3D Origin Z" : 1.0378658771514893,
			"ObjectId" : 1,
			"ObjectType" : "CAR",
			"Occluded" : 0.0,
			"Relative Acceleration X" : -0.40504932403564453,
			"Relative Acceleration Y" : -0.14208869636058807,
			"Relative Acceleration Z" : -0.15795175731182098,
			"Relative Velocity X" : 1.4640598297119141,
			"Relative Velocity Y" : -0.12494371831417084,
			"Relative Velocity Z" : 0.083142295479774475,
			"Truncated" : 0
		},
		{
			"Absolute Acceleration X" : -0.064647674560546875,
			"Absolute Acceleration Y" : -0.30346798896789551,
			"Absolute Acceleration Z" : 0.0064972043037414551,
			"Absolute Velocity X" : 26.641138076782227,
			"Absolute Velocity Y" : -1.4738664627075195,
			"Absolute Velocity Z" : -0.28542250394821167,
			"ActorName" : "CAR 02",
			"BoundingBox3D Extent X" : 4.1892967224121094,
			"BoundingBox3D Extent Y" : 1.8758935928344727,
			"BoundingBox3D Extent Z" : 2.1399004459381104,
			"BoundingBox3D Orientation Quat W" : -0.99962902069091797,
			"BoundingBox3D Orientation Quat X" : 0.0023103957064449787,
			"BoundingBox3D Orientation Quat Y" : -0.003328374121338129,
			"BoundingBox3D Orientation Quat Z" : 0.026832645758986473,
			"BoundingBox3D Origin X" : 85.20654296875,
			"BoundingBox3D Origin Y" : -3.1266229152679443,
			"BoundingBox3D Origin Z" : 0.063078448176383972,
			"ObjectId" : 2,
			"ObjectType" : "CAR",
			"Occluded" : 0.0,
			"Relative Acceleration X" : -0.035332471132278442,
			"Relative Acceleration Y" : -0.12274324893951416,
			"Relative Acceleration Z" : 0.72270554304122925,
			"Relative Velocity X" : -0.39299947023391724,
			"Relative Velocity Y" : -0.084531866014003754,
			"Relative Velocity Z" : -0.48833295702934265,
			"Truncated" : 0
		},
		{
			"Absolute Acceleration X" : -0.10786819458007812,
			"Absolute Acceleration Y" : -0.76447093486785889,
			"Absolute Acceleration Z" : -0.010471731424331665,
			"Absolute Velocity X" : 29.364492416381836,
			"Absolute Velocity Y" : 0.32116556167602539,
			"Absolute Velocity Z" : -0.35190176963806152,
			"ActorName" : "CAR 03",
			"BoundingBox3D Extent X" : 4.2396087646484375,
			"BoundingBox3D Extent Y" : 2.1024894714355469,
			"BoundingBox3D Extent Z" : 1.6439502239227295,
			"BoundingBox3D Orientation Quat W" : 0.99996989965438843,
			"BoundingBox3D Orientation Quat X" : 0.0042862137779593468,
			"BoundingBox3D Orientation Quat Y" : 0.0060091111809015274,
			"BoundingBox3D Orientation Quat Z" : -0.0016138127539306879,
			"BoundingBox3D Origin X" : -29.933588027954102,
			"BoundingBox3D Origin Y" : 1.6538602113723755,
			"BoundingBox3D Origin Z" : 1.1575260162353516,
			"ObjectId" : 3,
			"ObjectType" : "CAR",
			"Occluded" : 0.0,
			"Relative Acceleration X" : -0.10018086433410645,
			"Relative Acceleration Y" : -0.28782948851585388,
			"Relative Acceleration Z" : -0.34104448556900024,
			"Relative Velocity X" : 2.269946813583374,
			"Relative Velocity Y" : 0.12349710613489151,
			"Relative Velocity Z" : 0.20506943762302399,
			"Truncated" : 0
		},
		{
			"Absolute Acceleration X" : -0.34313583374023438,
			"Absolute Acceleration Y" : -0.5940697193145752,
			"Absolute Acceleration Z" : 0.0084853172302246094,
			"Absolute Velocity X" : 29.282590866088867,
			"Absolute Velocity Y" : -1.3109383583068848,
			"Absolute Velocity Z" : -0.35604161024093628,
			"ActorName" : "CAR 04",
			"BoundingBox3D Extent X" : 4.246734619140625,
			"BoundingBox3D Extent Y" : 1.9392895698547363,
			"BoundingBox3D Extent Z" : 1.4446032047271729,
			"BoundingBox3D Orientation Quat W" : -0.99968725442886353,
			"BoundingBox3D Orientation Quat X" : -0.0018561840988695621,
			"BoundingBox3D Orientation Quat Y" : -0.0057868091389536858,
			"BoundingBox3D Orientation Quat Z" : 0.024205995723605156,
			"BoundingBox3D Origin X" : 27.174459457397461,
			"BoundingBox3D Origin Y" : 1.9920570850372314,
			"BoundingBox3D Origin Z" : 0.40009391307830811,
			"ObjectId" : 4,
			"ObjectType" : "CAR",
			"Occluded" : 0.0,
			"Relative Acceleration X" : -0.2996218204498291,
			"Relative Acceleration Y" : -0.23003733158111572,
			"Relative Acceleration Z" : 0.20876839756965637,
			"Relative Velocity X" : 2.1792716979980469,
			"Relative Velocity Y" : -0.72122007608413696,
			"Relative Velocity Z" : -0.16755624115467072,
			"Truncated" : 0
		},
		{
			"Absolute Acceleration X" : -0.00075797538738697767,
			"Absolute Acceleration Y" : -0.39503815770149231,
			"Absolute Acceleration Z" : -0.05071340873837471,
			"Absolute Velocity X" : 27.491641998291016,
			"Absolute Velocity Y" : 0.74261564016342163,
			"Absolute Velocity Z" : -0.41138097643852234,
			"ActorName" : "CAR 05",
			"BoundingBox3D Extent X" : 4.1308565139770508,
			"BoundingBox3D Extent Y" : 1.8116025924682617,
			"BoundingBox3D Extent Z" : 1.1426653861999512,
			"BoundingBox3D Orientation Quat W" : 0.99988842010498047,
			"BoundingBox3D Orientation Quat X" : 0.001543682417832315,
			"BoundingBox3D Orientation Quat Y" : 0.0074117379263043404,
			"BoundingBox3D Orientation Quat Z" : 0.01272034365683794,
			"BoundingBox3D Origin X" : -66.59808349609375,
			"BoundingBox3D Origin Y" : -0.76667249202728271,
			"BoundingBox3D Origin Z" : 1.3148781061172485,
			"ObjectId" : 5,
			"ObjectType" : "CAR",
			"Occluded" : 0.0,
			"Relative Acceleration X" : -0.00047152701881714165,
			"Relative Acceleration Y" : -0.028166567906737328,
			"Relative Acceleration Z" : 0.49796393513679504,
			"Relative Velocity X" : 0.42822962999343872,
			"Relative Velocity Y" : -0.0018431695643812418,
			"Relative Velocity Z" : 0.25537264347076416,
			"Truncated" : 0
		},
		{
			"Absolute Acceleration X" : -0.17733186483383179,
			"Absolute Acceleration Y" : -0.0028490901459008455,
			"Absolute Acceleration Z" : 0.050177115947008133,
			"Absolute Velocity X" : 33.793720245361328,
			"Absolute Velocity Y" : -2.4105010032653809,