{
	"CapturedObjects" : 
	[
		{
			"Absolute Acceleration X" : 0.3608802855014801,
			"Absolute Acceleration Y" : -0.11910851299762726,
			"Absolute Acceleration Z" : -0.011249466799199581,
			"Absolute Velocity X" : 33.410224914550781,
			"Absolute Velocity Y" : -0.67213970422744751,
			"Absolute Velocity Z" : -0.38649019598960876,
			"ActorName" : "CAR 00",
			"BoundingBox3D Extent X" : 4.1676054000854492,
			"BoundingBox3D Extent Y" : 2.0217900276184082,
			"BoundingBox3D Extent Z" : 1.4507161378860474,
			"BoundingBox3D Orientation Quat W" : -0.99987918138504028,
			"BoundingBox3D Orientation Quat X" : -0.0034848020877689123,
			"BoundingBox3D Orientation Quat Y" : -0.005738802719861269,
			"BoundingBox3D Orientation Quat Z" : 0.014297847636044025,
			"BoundingBox3D Origin X" : 46.271648406982422,
			"BoundingBox3D Origin Y" : 2.4881718158721924,
			"BoundingBox3D Origin Z" : 0.18267561495304108,
			"ObjectId" : 0,
			"ObjectType" : "CAR",
			"Occluded" : 0.0,
			"Relative Acceleration X" : 0.39035159349441528,
			"Relative Acceleration Y" : -0.32208314538002014,
			"Relative Acceleration Z" : 0.012246114201843739,
			"Relative Velocity X" : 6.3871779441833496,
			"Relative Velocity Y" : -0.43933391571044922,
			"Relative Velocity Z" : 0.033326379954814911,
			"Truncated" : 0
		},
		{
			"Absolute Acceleration X" : 0.6982574462890625,
			"Absolute Acceleration Y" : -0.042860656976699829,
			"Absolute Acceleration Z" : -0.020244508981704712,
			"Absolute Velocity X" : 26.817031860351562,
			"Absolute Velocity Y" : -0.43386375904083252,
			"Absolute Velocity Z" : -0.33607968688011169,
			"ActorName" : "CAR 01",
			"BoundingBox3D Extent X" : 4.7093315124511719,
			"BoundingBox3D Extent Y" : 2.1400377750396729,
			"BoundingBox3D Extent Z" : 1.7339202165603638,
			"BoundingBox3D Orientation Quat W" : -0.99994313716888428,
			"BoundingBox3D Orientation Quat X" : -0.0047411057166755199,
			"BoundingBox3D Orientation Quat Y" : -0.0062721953727304935,
			"BoundingBox3D Orientation Quat Z" : 0.0071100336499512196,
			"BoundingBox3D Origin X" : -9.7818822860717773,
			"BoundingBox3D Origin Y" : 2.8212611675262451,
			"BoundingBox3D Origin Z" : 0.95994263887405396,
			"ObjectId" : 1,
			"ObjectType" : "CAR",
			"Occluded" : 0.0,
			"Relative Acceleration X" : 0.69789636135101318,
			"Relative Acceleration Y" : -0.051597326993942261,
			"Relative Acceleration Z" : -0.11673322319984436,
			"Relative Velocity X" : -0.20562896132469177,
			"Relative Velocity Y" : -0.18927071988582611,
			"Relative Velocity Z" : -0.016465114429593086,
			"Truncated" : 0
		},
		{
			"Absolute Acceleration X" : -0.15329933166503906,
			"Absolute Acceleration Y" : -0.022110804915428162,
			"Absolute Acceleration Z" : -0.036260351538658142,
			"Absolute Velocity X" : 26.114410400390625,
			"Absolute Velocity Y" : -0.28675928711891174,
			"Absolute Velocity Z" : -0.23685942590236664,
			"ActorName" : "CAR 02",
			"BoundingBox3D Extent X" : 4.1892967224121094,
			"BoundingBox3D Extent Y" : 1.8758935928344727,
			"BoundingBox3D Extent Z" : 2.1399004459381104,
			"BoundingBox3D Orientation Quat W" : 0.99996799230575562,
			"BoundingBox3D Orientation Quat X" : 0.001859643030911684,
			"BoundingBox3D Orientation Quat Y" : 0.0044039771892130375,
			"BoundingBox3D Orientation Quat Z" : -0.0060142632573843002,
			"BoundingBox3D Origin X" : 81.407455444335938,
			"BoundingBox3D Origin Y" : -1.5792793035507202,
			"BoundingBox3D Origin Z" : 0.1670585572719574,
			"ObjectId" : 2,
			"ObjectType" : "CAR",
			"Occluded" : 0.0,
			"Relative Acceleration X" : -0.14698147773742676,
			"Relative Acceleration Y" : 0.027830012142658234,
			"Relative Acceleration Z" : 0.43364217877388,
			"Relative Velocity X" : -0.91036975383758545,
			"Relative Velocity Y" : -0.055644474923610687,
			"Relative Velocity Z" : -0.10732068866491318,
			"Truncated" : 0
		},
		{
			"Absolute Acceleration X" : -0.31224441528320312,
			"Absolute Acceleration Y" : -0.34901246428489685,
			"Absolute Acceleration Z" : -0.038881152868270874,
			"Absolute Velocity X" : 25.891641616821289,
			"Absolute Velocity Y" : 0.022660091519355774,
			"Absolute Velocity Z" : -0.28203344345092773,
			"ActorName" : "CAR 03",
			"BoundingBox3D Extent X" : 4.2396087646484375,
			"BoundingBox3D Extent Y" : 2.1024894714355469,
			"BoundingBox3D Extent Z" : 1.6439502239227295,
			"BoundingBox3D Orientation Quat W" : 0.99996721744537354,
			"BoundingBox3D Orientation Quat X" : 0.0058936416171491146,
			"BoundingBox3D Orientation Quat Y" : 0.0050464109517633915,
			"BoundingBox3D Orientation Quat Z" : 0.001175115117803216,
			"BoundingBox3D Origin X" : -23.72313117980957,
			"BoundingBox3D Origin Y" : 2.2196002006530762,
			"BoundingBox3D Origin Z" : 1.0568373203277588,
			"ObjectId" : 3,
			"ObjectType" : "CAR",
			"Occluded" : 0.0,
			"Relative Acceleration X" : -0.31246393918991089,
			"Relative Acceleration Y" : -0.36713069677352905,
			"Relative Acceleration Z" : -0.22481498122215271,
			"Relative Velocity X" : -1.1312931776046753,
			"Relative Velocity Y" : 0.26879975199699402,
			"Relative Velocity Z" : 0.069762483239173889,
			"Truncated" : 0
		},
		{
			"Absolute Acceleration X" : -0.27100372314453125,
			"Absolute Acceleration Y" : 0.072856485843658447,
			"Absolute Acceleration Z" : 0.035390168428421021,
			"Absolute Velocity X" : 28.804912567138672,
			"Absolute Velocity Y" : -0.49408647418022156,
			"Absolute Velocity Z" : -0.34095236659049988,
			"ActorName" : "CAR 04",
			"BoundingBox3D Extent X" : 4.246734619140625,
			"BoundingBox3D Extent Y" : 1.9392895698547363,
			"BoundingBox3D Extent Z" : 1.4446032047271729,
			"BoundingBox3D Orientation Quat W" : -0.99995875358581543,
			"BoundingBox3D Orientation Quat X" : 0.00038778490852564573,
			"BoundingBox3D Orientation Quat Y" : -0.0056725358590483665,
			"BoundingBox3D Orientation Quat Z" : 0.0083292927592992783,
			"BoundingBox3D Origin X" : 39.292881011962891,
			"BoundingBox3D Origin Y" : -1.0761966705322266,
			"BoundingBox3D Origin Z" : 0.23034287989139557,
			"ObjectId" : 4,
			"ObjectType" : "CAR",
			"Occluded" : 0.0,
			"Relative Acceleration X" : -0.26504158973693848,
			"Relative Acceleration Y" : 0.094461649656295776,
			"Relative Acceleration Z" : 0.25285208225250244,
			"Relative Velocity X" : 1.7804096937179565,
			"Relative Velocity Y" : -0.25743561983108521,
			"Relative Velocity Z" : -0.11169111728668213,
			"Truncated" : 0
		},
		{
			"Absolute Acceleration X" : 0.15254402160644531,
			"Absolute Acceleration Y" : -0.40996181964874268,
			"Absolute Acceleration Z" : 0.042180925607681274,
			"Absolute Velocity X" : 26.119852066040039,
			"Absolute Velocity Y" : 1.7660613059997559,
			"Absolute Velocity Z" : -0.38513952493667603,
			"ActorName" : "CAR 09",
			"BoundingBox3D Extent X" : 4.0999999046325684,
			"BoundingBox3D Extent Y" : 2.0588500499725342,
			"BoundingBox3D Extent Z" : 1.1443734169006348,
			"BoundingBox3D Orientation Quat W" : 0.99943703413009644,
			"BoundingBox3D Orientation Quat X" : 4.9145037337439135e-05,
			"BoundingBox3D Orientation Quat Y" : 0.0070706331171095371,
			"BoundingBox3D Orientation Quat Z" : 0.032525453716516495,
			"BoundingBox3D Origin X" : -188.00688171386719,
			"BoundingBox3D Origin Y" : -5.2041044235229492,
			"BoundingBox3D Origin Z" : 2.2530300617218018,
			"ObjectId" : 9,
			"ObjectType" : "CAR",
			"Occluded" : 0.0,
			"Relative Acceleration X" : 0.15170341730117798,
			"Relative Acceleration Y" : -0.53457748889923096,
			"Relative Acceleration Z" : -1.1278209686279297,
			"Relative Velocity X" : -0.9021790623664856,
			"Relative Velocity Y" : 2.0354106426239014,
			"Relative Velocity Z" : 0.36691993474960327,
			"Truncated" : 0
		},
		{
			"Absolute Acceleration X" : -2.8175702095031738,
			"Absolute Acceleration Y" : -0.053565125912427902,
			"Absolute Acceleration Z" : 0.011594445444643497,
			"Absolute Velocity X" : 21.844093322753906,
			"Absolute Velocity Y" : 0.87339389324188232,