{
	"CapturedObjects" : 
	[
		{
			"Absolute Acceleration X" : 0.10186576843261719,
			"Absolute Acceleration Y" : -0.46050119400024414,
			"Absolute Acceleration Z" : 0.030570000410079956,
			"Absolute Velocity X" : 29.736026763916016,
			"Absolute Velocity Y" : -0.4824642539024353,
			"Absolute Velocity Z" : -0.23657806217670441,
			"ActorName" : "CAR 00",
			"BoundingBox3D Extent X" : 4.1676054000854492,
			"BoundingBox3D Extent Y" : 2.0217900276184082,
			"BoundingBox3D Extent Z" : 1.4507161378860474,
			"BoundingBox3D Orientation Quat W" : -0.99993294477462769,
			"BoundingBox3D Orientation Quat X" : -0.0038872368168085814,
			"BoundingBox3D Orientation Quat Y" : -0.0036827269941568375,
			"BoundingBox3D Orientation Quat Z" : 0.010095442645251751,
			"BoundingBox3D Origin X" : 6.2628822326660156,
			"BoundingBox3D Origin Y" : 3.6127781867980957,
			"BoundingBox3D Origin Z" : 0.66969925165176392,
			"ObjectId" : 0,
			"ObjectType" : "CAR",
			"Occluded" : 0.0,
			"Relative Acceleration X" : 0.093526363372802734,
			"Relative Acceleration Y" : -0.061739683151245117,
			"Relative Acceleration Z" : -0.0057524945586919785,
			"Relative Velocity X" : 2.6144413948059082,
			"Relative Velocity Y" : -0.18987463414669037,
			"Relative Velocity Z" : -0.021440198644995689,
			"Truncated" : 0
		},
		{
			"Absolute Acceleration X" : 0.39838027954101562,
			"Absolute Acceleration Y" : -0.52991896867752075,
			"Absolute Acceleration Z" : -0.020056456327438354,
			"Absolute Velocity X" : 29.179119110107422,
			"Absolute Velocity Y" : 0.055049333721399307,
			"Absolute Velocity Z" : -0.20534642040729523,
			"ActorName" : "CAR 01",
			"BoundingBox3D Extent X" : 4.7093315124511719,
			"BoundingBox3D Extent Y" : 2.1400377750396729,
			"BoundingBox3D Extent Z" : 1.7339202165603638,
			"BoundingBox3D Orientation Quat W" : 0.99998205900192261,
			"BoundingBox3D Orientation Quat X" : 0.0039049629122018814,
			"BoundingBox3D Orientation Quat Y" : 0.0040242820978164673,
			"BoundingBox3D Orientation Quat Z" : -0.00089603045489639044,
			"BoundingBox3D Origin X" : -17.474103927612305,
			"BoundingBox3D Origin Y" : 2.9245443344116211,
			"BoundingBox3D Origin Z" : 0.99733686447143555,
			"ObjectId" : 1,
			"ObjectType" : "CAR",
			"Occluded" : 0.0,
			"Relative Acceleration X" : 0.38315474987030029,
			"Relative Acceleration Y" : -0.15947914123535156,
			"Relative Acceleration Z" : 0.099964872002601624,
			"Relative Velocity X" : 2.0661032199859619,
			"Relative Velocity Y" : 0.063454784452915192,
			"Relative Velocity Z" : 0.0060047400183975697,
			"Truncated" : 0
		},
		{
			"Absolute Acceleration X" : -0.051647186279296875,
			"Absolute Acceleration Y" : -0.29789829254150391,
			"Absolute Acceleration Z" : 0.0077145993709564209,
			"Absolute Velocity X" : 26.693168640136719,
			"Absolute Velocity Y" : -1.5876007080078125,
			"Absolute Velocity Z" : -0.14931537210941315,
			"ActorName" : "CAR 02",
			"BoundingBox3D Extent X" : 4.1892967224121094,
			"BoundingBox3D Extent Y" : 1.8758935928344727,
			"BoundingBox3D Extent Z" : 2.1399004459381104,
			"BoundingBox3D Orientation Quat W" : -0.99955511093139648,
			"BoundingBox3D Orientation Quat X" : -0.0050471690483391285,
			"BoundingBox3D Orientation Quat Y" : -0.003240922000259161,
			"BoundingBox3D Orientation Quat Z" : 0.02905673161149025,
			"BoundingBox3D Origin X" : 86.254920959472656,
			"BoundingBox3D Origin Y" : -2.7000637054443359,
			"BoundingBox3D Origin Z" : 0.45234531164169312,
			"ObjectId" : 2,
			"ObjectType" : "CAR",
			"Occluded" : 0.0,
			"Relative Acceleration X" : -0.043149650096893311,
			"Relative Acceleration Y" : 0.080016627907752991,
			"Relative Acceleration Z" : -0.50013673305511475,
			"Relative Velocity X" : -0.35218736529350281,
			"Relative Velocity Y" : -0.33265376091003418,
			"Relative Velocity Z" : 0.10530515015125275,
			"Truncated" : 0
		},
		{
			"Absolute Acceleration X" : 0.015825271606445312,
			"Absolute Acceleration Y" : -0.18984639644622803,
			"Absolute Acceleration Z" : 0.042435184121131897,
			"Absolute Velocity X" : 28.719951629638672,
			"Absolute Velocity Y" : -0.098467901349067688,
			"Absolute Velocity Z" : -0.22295138239860535,
			"ActorName" : "CAR 03",
			"BoundingBox3D Extent X" : 4.2396087646484375,
			"BoundingBox3D Extent Y" : 2.1024894714355469,
			"BoundingBox3D Extent Z" : 1.6439502239227295,
			"BoundingBox3D Orientation Quat W" : 0.99997657537460327,
			"BoundingBox3D Orientation Quat X" : 0.0045735221356153488,
			"BoundingBox3D Orientation Quat Y" : 0.0042633130215108395,
			"BoundingBox3D Orientation Quat Z" : -0.0017447946593165398,
			"BoundingBox3D Origin X" : -35.083686828613281,
			"BoundingBox3D Origin Y" : 1.689877986907959,
			"BoundingBox3D Origin Z" : 1.0144332647323608,
			"ObjectId" : 3,
			"ObjectType" : "CAR",
			"Occluded" : 0.0,
			"Relative Acceleration X" : 0.0076507329940795898,
			"Relative Acceleration Y" : 0.15975941717624664,
			"Relative Acceleration Z" : 0.28444546461105347,
			"Relative Velocity X" : 1.6210013628005981,
			"Relative Velocity Y" : -0.3024783730506897,
			"Relative Velocity Z" : -0.012489615939557552,
			"Truncated" : 0
		},
		{
			"Absolute Acceleration X" : -0.0091686248779296875,
			"Absolute Acceleration Y" : -0.58186507225036621,
			"Absolute Acceleration Z" : 0.055473729968070984,
			"Absolute Velocity X" : 29.540660858154297,
			"Absolute Velocity Y" : -0.73327356576919556,
			"Absolute Velocity Z" : -0.20109707117080688,
			"ActorName" : "CAR 04",
			"BoundingBox3D Extent X" : 4.246734619140625,
			"BoundingBox3D Extent Y" : 1.9392895698547363,
			"BoundingBox3D Extent Z" : 1.4446032047271729,
			"BoundingBox3D Orientation Quat W" : -0.99988299608230591,
			"BoundingBox3D Orientation Quat X" : -0.0043655387125909328,
			"BoundingBox3D Orientation Quat Y" : -0.0031276578083634377,
			"BoundingBox3D Orientation Quat Z" : 0.014236227609217167,
			"BoundingBox3D Origin X" : 20.679895401000977,
			"BoundingBox3D Origin Y" : 3.277822732925415,
			"BoundingBox3D Origin Z" : 0.55210202932357788,
			"ObjectId" : 4,
			"ObjectType" : "CAR",
			"Occluded" : 0.0,
			"Relative Acceleration X" : -0.01385045051574707,
			"Relative Acceleration Y" : -0.17794644832611084,
			"Relative Acceleration Z" : -0.070356734097003937,
			"Relative Velocity X" : 2.4233672618865967,
			"Relative Velocity Y" : -0.26746952533721924,
			"Relative Velocity Z" : 0.018893107771873474,
			"Truncated" : 0
		},
		{
			"Absolute Acceleration X" : 0.090532302856445312,
			"Absolute Acceleration Y" : -0.44821497797966003,
			"Absolute Acceleration Z" : -0.00064259767532348633,
			"Absolute Velocity X" : 27.438615798950195,
			"Absolute Velocity Y" : 0.67789709568023682,
			"Absolute Velocity Z" : -0.20700928568840027,
			"ActorName" : "CAR 05",
			"BoundingBox3D Extent X" : 4.1308565139770508,
			"BoundingBox3D Extent Y" : 1.8116025924682617,
			"BoundingBox3D Extent Z" : 1.1426653861999512,
			"BoundingBox3D Orientation Quat W" : 0.9999004602432251,
			"BoundingBox3D Orientation Quat X" : 0.0017673088004812598,
			"BoundingBox3D Orientation Quat Y" : 0.0041662747971713543,
			"BoundingBox3D Orientation Quat Z" : 0.01315303985029459,
			"BoundingBox3D Origin X" : -67.716133117675781,
			"BoundingBox3D Origin Y" : -0.76482170820236206,
			"BoundingBox3D Origin Z" : 0.96214711666107178,
			"ObjectId" : 5,
			"ObjectType" : "CAR",
			"Occluded" : 0.0,
			"Relative Acceleration X" : 0.070015668869018555,
			"Relative Acceleration Y" : -0.1532440185546875,
			"Relative Acceleration Z" : 0.46743917465209961,
			"Relative Velocity X" : 0.36963295936584473,
			"Relative Velocity Y" : 0.081482581794261932,
			"Relative Velocity Z" : 0.0023216137196868658,
			"Truncated" : 0
		},
		{
			"Absolute Acceleration X" : -0.093759536743164062,
			"Absolute Acceleration Y" : -0.79016005992889404,
			"Absolute Acceleration Z" : 0.013722717761993408,
			"Absolute Velocity X" : 25.305889129638672,
			"Absolute Velocity Y" : -1.9512768983840942,