{
	"CapturedObjects" : 
	[
		{
			"Absolute Acceleration X" : 0.045196533203125,
			"Absolute Acceleration Y" : 0.23643821477890015,
			"Absolute Acceleration Z" : -0.029422491788864136,
			"Absolute Velocity X" : 22.570356369018555,
			"Absolute Velocity Y" : 0.9806789755821228,
			"Absolute Velocity Z" : -0.27990195155143738,
			"ActorName" : "TRUCK 00",
			"BoundingBox3D Extent X" : 15.675508499145508,
			"BoundingBox3D Extent Y" : 2.846585750579834,
			"BoundingBox3D Extent Z" : 2.7976827621459961,
			"BoundingBox3D Orientation Quat W" : 0.99979466199874878,
			"BoundingBox3D Orientation Quat X" : -0.0096219815313816071,
			"BoundingBox3D Orientation Quat Y" : 0.0052879331633448601,
			"BoundingBox3D Orientation Quat Z" : 0.015722885727882385,
			"BoundingBox3D Origin X" : 20.908241271972656,
			"BoundingBox3D Origin Y" : 6.9754719734191895,
			"BoundingBox3D Origin Z" : 1.1183818578720093,
			"ObjectId" : 0,
			"ObjectType" : "TRUCK",
			"Occluded" : 0.0,
			"Relative Acceleration X" : 0.15559542179107666,
			"Relative Acceleration Y" : -0.18442994356155396,
			"Relative Acceleration Z" : -0.048415143042802811,
			"Relative Velocity X" : 1.4158650636672974,
			"Relative Velocity Y" : 1.1473913192749023,
			"Relative Velocity Z" : -0.05438995361328125,
			"Truncated" : 0
		},
		{
			"Absolute Acceleration X" : -0.21152496337890625,
			"Absolute Acceleration Y" : 0.01072460412979126,
			"Absolute Acceleration Z" : 0.069548502564430237,
			"Absolute Velocity X" : 22.326679229736328,
			"Absolute Velocity Y" : 0.95485204458236694,
			"Absolute Velocity Z" : -0.24465441703796387,
			"ActorName" : "CAR 02",
			"BoundingBox3D Extent X" : 4.6524553298950195,
			"BoundingBox3D Extent Y" : 2.1059317588806152,
			"BoundingBox3D Extent Z" : 1.7193666696548462,
			"BoundingBox3D Orientation Quat W" : 0.99971610307693481,
			"BoundingBox3D Orientation Quat X" : 0.0012099645100533962,
			"BoundingBox3D Orientation Quat Y" : 0.0054242159239947796,
			"BoundingBox3D Orientation Quat Z" : 0.022618543356657028,
			"BoundingBox3D Origin X" : -7.5954251289367676,
			"BoundingBox3D Origin Y" : 5.7990322113037109,
			"BoundingBox3D Origin Z" : 0.89418190717697144,
			"ObjectId" : 2,
			"ObjectType" : "CAR",
			"Occluded" : 0.0,
			"Relative Acceleration X" : -0.12467062473297119,
			"Relative Acceleration Y" : 0.20021528005599976,
			"Relative Acceleration Z" : -0.026353653520345688,
			"Relative Velocity X" : 1.1731208562850952,
			"Relative Velocity Y" : 1.098554253578186,
			"Relative Velocity Z" : -0.032168041914701462,
			"Truncated" : 0
		},
		{
			"Absolute Acceleration X" : -15.687465667724609,
			"Absolute Acceleration Y" : -1.1513800621032715,
			"Absolute Acceleration Z" : 0.23986504971981049,
			"Absolute Velocity X" : 13.127311706542969,
			"Absolute Velocity Y" : 0.80265599489212036,
			"Absolute Velocity Z" : -0.16253425180912018,
			"ActorName" : "CAR 07",
			"BoundingBox3D Extent X" : 4.1769990921020508,
			"BoundingBox3D Extent Y" : 1.9059116840362549,
			"BoundingBox3D Extent Z" : 1.6264179944992065,
			"BoundingBox3D Orientation Quat W" : 0.99860697984695435,
			"BoundingBox3D Orientation Quat X" : -0.044353235512971878,
			"BoundingBox3D Orientation Quat Y" : 0.00569149199873209,
			"BoundingBox3D Orientation Quat Z" : 0.027368223294615746,
			"BoundingBox3D Origin X" : 160.20712280273438,
			"BoundingBox3D Origin Y" : 18.223808288574219,
			"BoundingBox3D Origin Z" : -1.7004914283752441,
			"ObjectId" : 7,
			"ObjectType" : "CAR",
			"Occluded" : 0.0,
			"Relative Acceleration X" : -15.768816947937012,
			"Relative Acceleration Y" : -0.98028945922851562,
			"Relative Acceleration Z" : -0.93246680498123169,
			"Relative Velocity X" : -8.1386432647705078,
			"Relative Velocity Y" : 2.035722017288208,
			"Relative Velocity Z" : -0.36768779158592224,
			"Truncated" : 0
		},
		{
			"Absolute Acceleration X" : 0.30849838256835938,
			"Absolute Acceleration Y" : 0.24124258756637573,
			"Absolute Acceleration Z" : -0.13860617578029633,
			"Absolute Velocity X" : 20.980316162109375,
			"Absolute Velocity Y" : 0.40407198667526245,
			"Absolute Velocity Z" : -0.3513009250164032,
			"ActorName" : "CAR 08",
			"BoundingBox3D Extent X" : 4.203056812286377,
			"BoundingBox3D Extent Y" : 1.7073705196380615,
			"BoundingBox3D Extent Z" : 1.5064666271209717,
			"BoundingBox3D Orientation Quat W" : 0.99991756677627563,
			"BoundingBox3D Orientation Quat X" : 0.00067161011975258589,
			"BoundingBox3D Orientation Quat Y" : 0.0083028543740510941,
			"BoundingBox3D Orientation Quat Z" : 0.008631531149148941,
			"BoundingBox3D Origin X" : 27.284114837646484,
			"BoundingBox3D Origin Y" : 0.6954721212387085,
			"BoundingBox3D Origin Z" : 0.38815683126449585,
			"ObjectId" : 8,
			"ObjectType" : "CAR",
			"Occluded" : 0.0,
			"Relative Acceleration X" : 0.2830771803855896,
			"Relative Acceleration Y" : -0.31474798917770386,
			"Relative Acceleration Z" : -0.093760117888450623,
			"Relative Velocity X" : -0.17042602598667145,
			"Relative Velocity Y" : 0.5807611346244812,
			"Relative Velocity Z" : -0.11876916885375977,
			"Truncated" : 0
		},
		{
			"Absolute Acceleration X" : -0.10120391845703125,
			"Absolute Acceleration Y" : 0.2150341272354126,
			"Absolute Acceleration Z" : -0.083056002855300903,
			"Absolute Velocity X" : 22.659605026245117,
			"Absolute Velocity Y" : 1.146786093711853,
			"Absolute Velocity Z" : -0.22891083359718323,
			"ActorName" : "TRUCK 17",
			"BoundingBox3D Extent X" : 11.0,
			"BoundingBox3D Extent Y" : 1.65028977394104,
			"BoundingBox3D Extent Z" : 3.1818549633026123,
			"BoundingBox3D Orientation Quat W" : 0.99950969219207764,
			"BoundingBox3D Orientation Quat X" : -0.011577161960303783,
			"BoundingBox3D Orientation Quat Y" : 0.0049106222577393055,
			"BoundingBox3D Orientation Quat Z" : 0.027181727811694145,
			"BoundingBox3D Origin X" : 35.183574676513672,
			"BoundingBox3D Origin Y" : 7.0364804267883301,
			"BoundingBox3D Origin Z" : 1.1803804636001587,
			"ObjectId" : 17,
			"ObjectType" : "TRUCK",
			"Occluded" : 0.0,
			"Relative Acceleration X" : 0.0098139047622680664,
			"Relative Acceleration Y" : -0.50928163528442383,
			"Relative Acceleration Z" : -0.061736650764942169,
			"Relative Velocity X" : 1.5055708885192871,
			"Relative Velocity Y" : 1.3250653743743896,
			"Relative Velocity Z" : 0.0035774561110883951,
			"Truncated" : 0
		},
		{
			"Absolute Acceleration X" : 0.15058316290378571,
			"Absolute Acceleration Y" : 0.19940862059593201,
			"Absolute Acceleration Z" : -0.026850966736674309,
			"Absolute Velocity X" : 31.209985733032227,
			"Absolute Velocity Y" : 1.4783425331115723,
			"Absolute Velocity Z" : -0.46346455812454224,
			"ActorName" : "CAR 18",
			"BoundingBox3D Extent X" : 4.589970588684082,
			"BoundingBox3D Extent Y" : 2.1551401615142822,
			"BoundingBox3D Extent Z" : 1.64606773853302,
			"BoundingBox3D Orientation Quat W" : 0.99940687417984009,
			"BoundingBox3D Orientation Quat X" : -0.024030115455389023,
			"BoundingBox3D Orientation Quat Y" : 0.0067235277965664864,
			"BoundingBox3D Orientation Quat Z" : 0.023475401103496552,
			"BoundingBox3D Origin X" : 30.107572555541992,
			"BoundingBox3D Origin Y" : 11.96405029296875,
			"BoundingBox3D Origin Z" : 0.23420028388500214,
			"ObjectId" : 18,
			"ObjectType" : "CAR",
			"Occluded" : 0.0,
			"Relative Acceleration X" : 0.10710554569959641,
			"Relative Acceleration Y" : 0.31488150358200073,
			"Relative Acceleration Z" : -0.022153640165925026,
			"Relative Velocity X" : 10.049065589904785,
			"Relative Velocity Y" : 1.6374663114547729,
			"Relative Velocity Z" : -0.21408562362194061,
			"Truncated" : 0
		},
		{
			"Absolute Acceleration X" : -0.05113983154296875,
			"Absolute Acceleration Y" : 0.093305468559265137,
			"Absolute Acceleration Z" : 0.023854970932006836,
			"Absolute Velocity X" : 30.617349624633789,
			"Absolute Velocity Y" : 1.141451358795166,
			"Absolute Velocity Z" : -0.49463260173797607,
			"ActorName" : "CAR 23",