{
	"CapturedObjects" : 
	[
		{
			"Absolute Acceleration X" : 0.060239791870117188,
			"Absolute Acceleration Y" : -0.0016532242298126221,
			"Absolute Acceleration Z" : 0.013852283358573914,
			"Absolute Velocity X" : 22.643259048461914,
			"Absolute Velocity Y" : -0.081721007823944092,
			"Absolute Velocity Z" : -0.20938117802143097,
			"ActorName" : "TRUCK 00",
			"BoundingBox3D Extent X" : 15.675508499145508,
			"BoundingBox3D Extent Y" : 2.846585750579834,
			"BoundingBox3D Extent Z" : 2.7976827621459961,
			"BoundingBox3D Orientation Quat W" : 0.99996203184127808,
			"BoundingBox3D Orientation Quat X" : 0.0038533522747457027,
			"BoundingBox3D Orientation Quat Y" : 0.0041250572539865971,
			"BoundingBox3D Orientation Quat Z" : 0.0012973415432497859,
			"BoundingBox3D Origin X" : 13.610248565673828,
			"BoundingBox3D Origin Y" : 2.9489569664001465,
			"BoundingBox3D Origin Z" : 1.2148149013519287,
			"ObjectId" : 0,
			"ObjectType" : "TRUCK",
			"Occluded" : 0.0,
			"Relative Acceleration X" : -0.089064717292785645,
			"Relative Acceleration Y" : 0.4509962797164917,
			"Relative Acceleration Z" : -0.016174228861927986,
			"Relative Velocity X" : 1.8741304874420166,
			"Relative Velocity Y" : 0.25506922602653503,
			"Relative Velocity Z" : -0.0284153763204813,
			"Truncated" : 0
		},
		{
			"Absolute Acceleration X" : 0.21853446960449219,
			"Absolute Acceleration Y" : -0.11977455019950867,
			"Absolute Acceleration Z" : -0.010235324501991272,
			"Absolute Velocity X" : 23.226598739624023,
			"Absolute Velocity Y" : -0.021371163427829742,
			"Absolute Velocity Z" : -0.19330859184265137,
			"ActorName" : "CAR 02",
			"BoundingBox3D Extent X" : 4.6524553298950195,
			"BoundingBox3D Extent Y" : 2.1059317588806152,
			"BoundingBox3D Extent Z" : 1.7193666696548462,
			"BoundingBox3D Orientation Quat W" : 0.99997144937515259,
			"BoundingBox3D Orientation Quat X" : 0.00491374172270298,
			"BoundingBox3D Orientation Quat Y" : 0.002821123693138361,
			"BoundingBox3D Orientation Quat Z" : 0.00038450569263659418,
			"BoundingBox3D Origin X" : -17.211647033691406,
			"BoundingBox3D Origin Y" : 2.8454234600067139,
			"BoundingBox3D Origin Z" : 0.95279991626739502,
			"ObjectId" : 2,
			"ObjectType" : "CAR",
			"Occluded" : 0.0,
			"Relative Acceleration X" : 0.075105428695678711,
			"Relative Acceleration Y" : 0.022612318396568298,
			"Relative Acceleration Z" : 0.043309453874826431,
			"Relative Velocity X" : 2.4593923091888428,
			"Relative Velocity Y" : -0.096646688878536224,
			"Relative Velocity Z" : 0.0080865323543548584,
			"Truncated" : 0
		},
		{
			"Absolute Acceleration X" : -0.07071685791015625,
			"Absolute Acceleration Y" : 0.026192236691713333,
			"Absolute Acceleration Z" : -0.055667012929916382,
			"Absolute Velocity X" : 33.362705230712891,
			"Absolute Velocity Y" : -0.0023885287810117006,
			"Absolute Velocity Z" : -0.26167118549346924,
			"ActorName" : "CAR 07",
			"BoundingBox3D Extent X" : 4.1769990921020508,
			"BoundingBox3D Extent Y" : 1.9059116840362549,
			"BoundingBox3D Extent Z" : 1.6264179944992065,
			"BoundingBox3D Orientation Quat W" : 0.99974179267883301,
			"BoundingBox3D Orientation Quat X" : -0.021598966792225838,
			"BoundingBox3D Orientation Quat Y" : 0.0040831677615642548,
			"BoundingBox3D Orientation Quat Z" : 0.00067696021869778633,
			"BoundingBox3D Origin X" : 118.02836608886719,
			"BoundingBox3D Origin Y" : 6.2211389541625977,
			"BoundingBox3D Origin Z" : -0.13777889311313629,
			"ObjectId" : 7,
			"ObjectType" : "CAR",
			"Occluded" : 0.0,
			"Relative Acceleration X" : -0.28582572937011719,
			"Relative Acceleration Y" : 1.87003493309021,
			"Relative Acceleration Z" : -0.38672402501106262,
			"Relative Velocity X" : 12.546994209289551,
			"Relative Velocity Y" : 1.7590218782424927,
			"Relative Velocity Z" : -0.13820388913154602,
			"Truncated" : 0
		},
		{
			"Absolute Acceleration X" : 0.11551094055175781,
			"Absolute Acceleration Y" : -0.20538130402565002,
			"Absolute Acceleration Z" : 0.0063689351081848145,
			"Absolute Velocity X" : 21.109495162963867,
			"Absolute Velocity Y" : -0.38095974922180176,
			"Absolute Velocity Z" : -0.17797930538654327,
			"ActorName" : "CAR 08",
			"BoundingBox3D Extent X" : 4.203056812286377,
			"BoundingBox3D Extent Y" : 1.7073705196380615,
			"BoundingBox3D Extent Z" : 1.5064666271209717,
			"BoundingBox3D Orientation Quat W" : -0.99996566772460938,
			"BoundingBox3D Orientation Quat X" : 0.00039676300366409123,
			"BoundingBox3D Orientation Quat Y" : -0.0035901805385947227,
			"BoundingBox3D Orientation Quat Z" : 0.0069669978693127632,
			"BoundingBox3D Origin X" : 27.520181655883789,
			"BoundingBox3D Origin Y" : -0.84200453758239746,
			"BoundingBox3D Origin Z" : 0.4497990608215332,
			"ObjectId" : 8,
			"ObjectType" : "CAR",
			"Occluded" : 0.0,
			"Relative Acceleration X" : 0.011499315500259399,
			"Relative Acceleration Y" : 0.35382047295570374,
			"Relative Acceleration Z" : -0.064397528767585754,
			"Relative Velocity X" : 0.39143460988998413,
			"Relative Velocity Y" : 0.14559586346149445,
			"Relative Velocity Z" : -0.028126029297709465,
			"Truncated" : 0
		},
		{
			"Absolute Acceleration X" : 0.01654815673828125,
			"Absolute Acceleration Y" : 0.0025582420639693737,
			"Absolute Acceleration Z" : -0.025751695036888123,
			"Absolute Velocity X" : 30.350902557373047,
			"Absolute Velocity Y" : 0.005324686411768198,
			"Absolute Velocity Z" : -0.27967479825019836,
			"ActorName" : "CAR 10",
			"BoundingBox3D Extent X" : 4.6715030670166016,
			"BoundingBox3D Extent Y" : 1.8999999761581421,
			"BoundingBox3D Extent Z" : 1.5655958652496338,
			"BoundingBox3D Orientation Quat W" : 0.99998831748962402,
			"BoundingBox3D Orientation Quat X" : 0.00012374392827041447,
			"BoundingBox3D Orientation Quat Y" : 0.0038387381937354803,
			"BoundingBox3D Orientation Quat Z" : 0.00038149490137584507,
			"BoundingBox3D Origin X" : -1.9817894697189331,
			"BoundingBox3D Origin Y" : 6.4566283226013184,
			"BoundingBox3D Origin Z" : 0.7714160680770874,
			"ObjectId" : 10,
			"ObjectType" : "CAR",
			"Occluded" : 0.0,
			"Relative Acceleration X" : -0.17104816436767578,
			"Relative Acceleration Y" : 0.49669542908668518,
			"Relative Acceleration Z" : -0.022325988858938217,
			"Relative Velocity X" : 9.5342845916748047,
			"Relative Velocity Y" : 0.14451096951961517,
			"Relative Velocity Z" : -0.069947704672813416,
			"Truncated" : 0
		},
		{
			"Absolute Acceleration X" : 0.19944000244140625,
			"Absolute Acceleration Y" : 0.16430416703224182,
			"Absolute Acceleration Z" : 0.031597718596458435,
			"Absolute Velocity X" : 32.741813659667969,
			"Absolute Velocity Y" : 0.570046067237854,
			"Absolute Velocity Z" : -0.27042162418365479,
			"ActorName" : "CAR 14",
			"BoundingBox3D Extent X" : 4.0999999046325684,
			"BoundingBox3D Extent Y" : 2.1644284725189209,
			"BoundingBox3D Extent Z" : 1.5971190929412842,
			"BoundingBox3D Orientation Quat W" : 0.99930179119110107,
			"BoundingBox3D Orientation Quat X" : -0.035280220210552216,
			"BoundingBox3D Orientation Quat Y" : 0.003834456903859973,
			"BoundingBox3D Orientation Quat Z" : 0.0085342060774564743,
			"BoundingBox3D Origin X" : 186.1553955078125,
			"BoundingBox3D Origin Y" : 7.133026123046875,
			"BoundingBox3D Origin Z" : -0.71586447954177856,
			"ObjectId" : 14,
			"ObjectType" : "CAR",
			"Occluded" : 0.0,
			"Relative Acceleration X" : -0.0534210205078125,
			"Relative Acceleration Y" : 2.7155957221984863,
			"Relative Acceleration Z" : -0.48321649432182312,
			"Relative Velocity X" : 11.911155700683594,
			"Relative Velocity Y" : 3.2509090900421143,
			"Relative Velocity Z" : -0.18996164202690125,
			"Truncated" : 0
		},
		{
			"Absolute Acceleration X" : -0.029939651489257812,
			"Absolute Acceleration Y" : -0.045827843248844147,
			"Absolute Acceleration Z" : -0.028052851557731628,
			"Absolute Velocity X" : 22.748785018920898,
			"Absolute Velocity Y" : -0.098771072924137115,