{
	"CapturedObjects" : 
	[
		{
			"Absolute Acceleration X" : 0.32096099853515625,
			"Absolute Acceleration Y" : 0.58634042739868164,
			"Absolute Acceleration Z" : -0.12812116742134094,
			"Absolute Velocity X" : 34.293819427490234,
			"Absolute Velocity Y" : 0.20092570781707764,
			"Absolute Velocity Z" : -0.30481249094009399,
			"ActorName" : "CAR 00",
			"BoundingBox3D Extent X" : 4.6205844879150391,
			"BoundingBox3D Extent Y" : 2.1428279876708984,
			"BoundingBox3D Extent Z" : 1.6920909881591797,
			"BoundingBox3D Orientation Quat W" : 0.99990564584732056,
			"BoundingBox3D Orientation Quat X" : 0.0077635566703975201,
			"BoundingBox3D Orientation Quat Y" : 0.0042717116884887218,
			"BoundingBox3D Orientation Quat Z" : 0.009979618713259697,
			"BoundingBox3D Origin X" : 24.952972412109375,
			"BoundingBox3D Origin Y" : 3.8055121898651123,
			"BoundingBox3D Origin Z" : 0.67505449056625366,
			"ObjectId" : 0,
			"ObjectType" : "CAR",
			"Occluded" : 0.0,
			"Relative Acceleration X" : 0.37231826782226562,
			"Relative Acceleration Y" : -0.083494096994400024,
			"Relative Acceleration Z" : -0.077251709997653961,
			"Relative Velocity X" : 8.2654972076416016,
			"Relative Velocity Y" : 0.010122302919626236,
			"Relative Velocity Z" : -0.06900506466627121,
			"Truncated" : 0
		},
		{
			"Absolute Acceleration X" : 0.15221977233886719,
			"Absolute Acceleration Y" : -0.16466450691223145,
			"Absolute Acceleration Z" : -0.065298885107040405,
			"Absolute Velocity X" : 25.711372375488281,
			"Absolute Velocity Y" : 0.64703452587127686,
			"Absolute Velocity Z" : -0.15281377732753754,
			"ActorName" : "CAR 01",
			"BoundingBox3D Extent X" : 5.0297880172729492,
			"BoundingBox3D Extent Y" : 2.3046054840087891,
			"BoundingBox3D Extent Z" : 1.9340174198150635,
			"BoundingBox3D Orientation Quat W" : 0.99990880489349365,
			"BoundingBox3D Orientation Quat X" : -0.00093099608784541488,
			"BoundingBox3D Orientation Quat Y" : 0.0042923595756292343,
			"BoundingBox3D Orientation Quat Z" : 0.012233668006956577,
			"BoundingBox3D Origin X" : -9.7568550109863281,
			"BoundingBox3D Origin Y" : -1.0630837678909302,
			"BoundingBox3D Origin Z" : 1.0296987295150757,
			"ObjectId" : 1,
			"ObjectType" : "CAR",
			"Occluded" : 0.0,
			"Relative Acceleration X" : 0.23153609037399292,
			"Relative Acceleration Y" : -0.59904485940933228,
			"Relative Acceleration Z" : -0.024128548800945282,
			"Relative Velocity X" : -0.40300726890563965,
			"Relative Velocity Y" : 1.0513385534286499,
			"Relative Velocity Z" : -0.0058333985507488251,
			"Truncated" : 0
		},
		{
			"Absolute Acceleration X" : 0.16730690002441406,
			"Absolute Acceleration Y" : 0.49485784769058228,
			"Absolute Acceleration Z" : -0.10358706116676331,
			"Absolute Velocity X" : 27.131511688232422,
			"Absolute Velocity Y" : 0.45418658852577209,
			"Absolute Velocity Z" : -0.29820683598518372,
			"ActorName" : "CAR 04",
			"BoundingBox3D Extent X" : 4.1293668746948242,
			"BoundingBox3D Extent Y" : 1.8283975124359131,
			"BoundingBox3D Extent Z" : 1.4846968650817871,
			"BoundingBox3D Orientation Quat W" : 0.9999658465385437,
			"BoundingBox3D Orientation Quat X" : -0.0015210035489872098,
			"BoundingBox3D Orientation Quat Y" : 0.0042925295419991016,
			"BoundingBox3D Orientation Quat Z" : 0.0060427444986999035,
			"BoundingBox3D Origin X" : 40.789623260498047,
			"BoundingBox3D Origin Y" : 0.30991619825363159,
			"BoundingBox3D Origin Z" : 0.37822973728179932,
			"ObjectId" : 4,
			"ObjectType" : "CAR",
			"Occluded" : 0.0,
			"Relative Acceleration X" : 0.22624087333679199,
			"Relative Acceleration Y" : 0.082778461277484894,
			"Relative Acceleration Z" : -0.035335298627614975,
			"Relative Velocity X" : 1.0444023609161377,
			"Relative Velocity Y" : -0.0094011854380369186,
			"Relative Velocity Z" : -0.0017013027099892497,
			"Truncated" : 0
		},
		{
			"Absolute Acceleration X" : -0.08628082275390625,
			"Absolute Acceleration Y" : -0.20920753479003906,
			"Absolute Acceleration Z" : -0.033320337533950806,
			"Absolute Velocity X" : 21.403293609619141,
			"Absolute Velocity Y" : 1.2597455978393555,
			"Absolute Velocity Z" : -0.32578915357589722,
			"ActorName" : "CAR 05",
			"BoundingBox3D Extent X" : 4.9718923568725586,
			"BoundingBox3D Extent Y" : 3.5455467700958252,
			"BoundingBox3D Extent Z" : 2.978952169418335,
			"BoundingBox3D Orientation Quat W" : 0.99956870079040527,
			"BoundingBox3D Orientation Quat X" : 0.0072905914857983589,
			"BoundingBox3D Orientation Quat Y" : 0.0046845977194607258,
			"BoundingBox3D Orientation Quat Z" : 0.027761105448007584,
			"BoundingBox3D Origin X" : 124.05989074707031,
			"BoundingBox3D Origin Y" : 0.25109109282493591,
			"BoundingBox3D Origin Z" : -0.17355214059352875,
			"ObjectId" : 5,
			"ObjectType" : "CAR",
			"Occluded" : 0.0,
			"Relative Acceleration X" : -0.022297859191894531,
			"Relative Acceleration Y" : -0.31009036302566528,
			"Relative Acceleration Z" : 0.073339000344276428,
			"Relative Velocity X" : -4.6849360466003418,
			"Relative Velocity Y" : -0.63100576400756836,
			"Relative Velocity Z" : 0.22102838754653931,
			"Truncated" : 0
		},
		{
			"Absolute Acceleration X" : 0.046406421810388565,
			"Absolute Acceleration Y" : -0.22081880271434784,
			"Absolute Acceleration Z" : 0.10938433557748795,
			"Absolute Velocity X" : 26.5126953125,
			"Absolute Velocity Y" : 1.2084333896636963,
			"Absolute Velocity Z" : -0.37295886874198914,
			"ActorName" : "CAR 07",
			"BoundingBox3D Extent X" : 4.0999999046325684,
			"BoundingBox3D Extent Y" : 2.0769646167755127,
			"BoundingBox3D Extent Z" : 1.4911484718322754,
			"BoundingBox3D Orientation Quat W" : 0.99962568283081055,
			"BoundingBox3D Orientation Quat X" : 0.010152803733944893,
			"BoundingBox3D Orientation Quat Y" : 0.0056241899728775024,
			"BoundingBox3D Orientation Quat Z" : 0.024588007479906082,
			"BoundingBox3D Origin X" : 153.21746826171875,
			"BoundingBox3D Origin Y" : 5.1988143920898438,
			"BoundingBox3D Origin Z" : -1.4081073999404907,
			"ObjectId" : 7,
			"ObjectType" : "CAR",
			"Occluded" : 0.0,
			"Relative Acceleration X" : 0.16654437780380249,
			"Relative Acceleration Y" : -0.8791191577911377,
			"Relative Acceleration Z" : 0.57149922847747803,
			"Relative Velocity X" : 0.5129159688949585,
			"Relative Velocity Y" : -1.1855278015136719,
			"Relative Velocity Z" : 0.24294945597648621,
			"Truncated" : 0
		},
		{
			"Absolute Acceleration X" : 0.41100883483886719,
			"Absolute Acceleration Y" : 0.2772662341594696,
			"Absolute Acceleration Z" : -0.032259821891784668,
			"Absolute Velocity X" : 21.875432968139648,
			"Absolute Velocity Y" : -0.1049494594335556,
			"Absolute Velocity Z" : -0.18001444637775421,
			"ActorName" : "CAR 10",
			"BoundingBox3D Extent X" : 4.1183576583862305,
			"BoundingBox3D Extent Y" : 1.92044997215271,
			"BoundingBox3D Extent Z" : 1.7761009931564331,
			"BoundingBox3D Orientation Quat W" : 0.99987304210662842,
			"BoundingBox3D Orientation Quat X" : 0.014829314313828945,
			"BoundingBox3D Orientation Quat Y" : 0.0037571373395621777,
			"BoundingBox3D Orientation Quat Z" : -0.0021597391460090876,
			"BoundingBox3D Origin X" : -2.1649484634399414,
			"BoundingBox3D Origin Y" : -3.7209935188293457,
			"BoundingBox3D Origin Z" : 0.85116761922836304,
			"ObjectId" : 10,
			"ObjectType" : "CAR",
			"Occluded" : 0.0,
			"Relative Acceleration X" : 0.46836948394775391,
			"Relative Acceleration Y" : -0.019340112805366516,
			"Relative Acceleration Z" : 0.028730953112244606,
			"Relative Velocity X" : -4.2827157974243164,
			"Relative Velocity Y" : 0.16754002869129181,
			"Relative Velocity Z" : 0.0042323353700339794,
			"Truncated" : 0
		},
		{
			"Absolute Acceleration X" : 0.16529655456542969,
			"Absolute Acceleration Y" : 0.085799455642700195,
			"Absolute Acceleration Z" : -0.19332006573677063,
			"Absolute Velocity X" : 27.681140899658203,
			"Absolute Velocity Y" : 1.726600170135498,
			"Absolute Velocity Z" : -0.56160861253738403,