{
	"CapturedObjects" : 
	[
		{
			"Absolute Acceleration X" : 0.054488308727741241,
			"Absolute Acceleration Y" : -0.095832899212837219,
			"Absolute Acceleration Z" : -0.042187843471765518,
			"Absolute Velocity X" : 24.687366485595703,
			"Absolute Velocity Y" : -0.40605121850967407,
			"Absolute Velocity Z" : -0.24127805233001709,
			"ActorName" : "CAR 01",
			"BoundingBox3D Extent X" : 4.1614699363708496,
			"BoundingBox3D Extent Y" : 1.9984114170074463,
			"BoundingBox3D Extent Z" : 1.3978400230407715,
			"BoundingBox3D Orientation Quat W" : 0.99997127056121826,
			"BoundingBox3D Orientation Quat X" : 0.00042201933683827519,
			"BoundingBox3D Orientation Quat Y" : 0.005257568322122097,
			"BoundingBox3D Orientation Quat Z" : -0.004700023215264082,
			"BoundingBox3D Origin X" : -50.641597747802734,
			"BoundingBox3D Origin Y" : 1.9485085010528564,
			"BoundingBox3D Origin Z" : 1.211154580116272,
			"ObjectId" : 1,
			"ObjectType" : "CAR",
			"Occluded" : 0.0,
			"Relative Acceleration X" : -0.076934263110160828,
			"Relative Acceleration Y" : -0.12612906098365784,
			"Relative Acceleration Z" : 0.026221143081784248,
			"Relative Velocity X" : -2.1710550785064697,
			"Relative Velocity Y" : -0.014516720548272133,
			"Relative Velocity Z" : 0.077820904552936554,
			"Truncated" : 0
		},
		{
			"Absolute Acceleration X" : 0.25138053297996521,
			"Absolute Acceleration Y" : -0.14398749172687531,
			"Absolute Acceleration Z" : 0.036429595202207565,
			"Absolute Velocity X" : 31.967119216918945,
			"Absolute Velocity Y" : -0.39536038041114807,
			"Absolute Velocity Z" : -0.28223314881324768,
			"ActorName" : "CAR 02",
			"BoundingBox3D Extent X" : 4.6078062057495117,
			"BoundingBox3D Extent Y" : 2.0203628540039062,
			"BoundingBox3D Extent Z" : 1.4820774793624878,
			"BoundingBox3D Orientation Quat W" : 0.99997836351394653,
			"BoundingBox3D Orientation Quat X" : -0.00062047876417636871,
			"BoundingBox3D Orientation Quat Y" : 0.0048864651471376419,
			"BoundingBox3D Orientation Quat Z" : -0.0032516275532543659,
			"BoundingBox3D Origin X" : 30.693031311035156,
			"BoundingBox3D Origin Y" : 4.8572087287902832,
			"BoundingBox3D Origin Z" : 0.45815423130989075,
			"ObjectId" : 2,
			"ObjectType" : "CAR",
			"Occluded" : 0.0,
			"Relative Acceleration X" : 0.12059827148914337,
			"Relative Acceleration Y" : -0.24421939253807068,
			"Relative Acceleration Z" : 0.029134690761566162,
			"Relative Velocity X" : 5.1156463623046875,
			"Relative Velocity Y" : -0.20324647426605225,
			"Relative Velocity Z" : 0.014331535436213017,
			"Truncated" : 0
		},
		{
			"Absolute Acceleration X" : 0.1737481951713562,
			"Absolute Acceleration Y" : 0.014472144655883312,
			"Absolute Acceleration Z" : 0.0091107999905943871,
			"Absolute Velocity X" : 28.684959411621094,
			"Absolute Velocity Y" : -0.28694438934326172,
			"Absolute Velocity Z" : -0.29114580154418945,
			"ActorName" : "CAR 05",
			"BoundingBox3D Extent X" : 4.38079833984375,
			"BoundingBox3D Extent Y" : 1.7732864618301392,
			"BoundingBox3D Extent Z" : 1.3832014799118042,
			"BoundingBox3D Orientation Quat W" : 0.99996769428253174,
			"BoundingBox3D Orientation Quat X" : 0.001945216441527009,
			"BoundingBox3D Orientation Quat Y" : 0.0052624419331550598,
			"BoundingBox3D Orientation Quat Z" : -0.0047828657552599907,
			"BoundingBox3D Origin X" : -13.022006034851074,
			"BoundingBox3D Origin Y" : 4.6705794334411621,
			"BoundingBox3D Origin Z" : 0.80014497041702271,
			"ObjectId" : 5,
			"ObjectType" : "CAR",
			"Occluded" : 0.0,
			"Relative Acceleration X" : 0.043356500566005707,
			"Relative Acceleration Y" : -0.05043252557516098,
			"Relative Acceleration Z" : 0.051716335117816925,
			"Relative Velocity X" : 1.8331900835037231,
			"Relative Velocity Y" : 0.012702289037406445,
			"Relative Velocity Z" : 0.022704159840941429,
			"Truncated" : 0
		},
		{
			"Absolute Acceleration X" : -0.087272174656391144,
			"Absolute Acceleration Y" : 0.074429348111152649,
			"Absolute Acceleration Z" : -0.059952456504106522,
			"Absolute Velocity X" : 28.71428108215332,
			"Absolute Velocity Y" : -0.27813819050788879,
			"Absolute Velocity Z" : -0.30916500091552734,
			"ActorName" : "CAR 10",
			"BoundingBox3D Extent X" : 4.1645917892456055,
			"BoundingBox3D Extent Y" : 2.0205378532409668,
			"BoundingBox3D Extent Z" : 1.4161386489868164,
			"BoundingBox3D Orientation Quat W" : 0.9999660849571228,
			"BoundingBox3D Orientation Quat X" : 0.0040563386864960194,
			"BoundingBox3D Orientation Quat Y" : 0.005279982928186655,
			"BoundingBox3D Orientation Quat Z" : -0.0037555391900241375,
			"BoundingBox3D Origin X" : -30.742040634155273,
			"BoundingBox3D Origin Y" : 5.443023681640625,
			"BoundingBox3D Origin Z" : 0.96137881278991699,
			"ObjectId" : 10,
			"ObjectType" : "CAR",
			"Occluded" : 0.0,
			"Relative Acceleration X" : -0.21711817383766174,
			"Relative Acceleration Y" : 0.017134359106421471,
			"Relative Acceleration Z" : 0.0096364105120301247,
			"Relative Velocity X" : 1.864500880241394,
			"Relative Velocity Y" : 0.065407559275627136,
			"Relative Velocity Z" : 0.01570429839193821,
			"Truncated" : 0
		},
		{
			"Absolute Acceleration X" : 0.063587836921215057,
			"Absolute Acceleration Y" : -0.11890321224927902,
			"Absolute Acceleration Z" : 0.06115272268652916,
			"Absolute Velocity X" : 30.376195907592773,
			"Absolute Velocity Y" : -0.45971670746803284,
			"Absolute Velocity Z" : -0.39834868907928467,
			"ActorName" : "CAR 13",
			"BoundingBox3D Extent X" : 4.1085433959960938,
			"BoundingBox3D Extent Y" : 1.8747290372848511,
			"BoundingBox3D Extent Z" : 1.6336050033569336,
			"BoundingBox3D Orientation Quat W" : -0.99994051456451416,
			"BoundingBox3D Orientation Quat X" : 0.00034317991230636835,
			"BoundingBox3D Orientation Quat Y" : -0.0074914572760462761,
			"BoundingBox3D Orientation Quat Z" : 0.0076596057042479515,
			"BoundingBox3D Origin X" : 152.25779724121094,
			"BoundingBox3D Origin Y" : 2.8640735149383545,
			"BoundingBox3D Origin Z" : -1.2078812122344971,
			"ObjectId" : 13,
			"ObjectType" : "CAR",
			"Occluded" : 0.0,
			"Relative Acceleration X" : -0.071029402315616608,
			"Relative Acceleration Y" : -0.26969340443611145,
			"Relative Acceleration Z" : -0.11189911514520645,
			"Relative Velocity X" : 3.5192146301269531,
			"Relative Velocity Y" : -0.5672796368598938,
			"Relative Velocity Z" : -0.16689245402812958,
			"Truncated" : 0
		},
		{
			"Absolute Acceleration X" : -1.1647580862045288,
			"Absolute Acceleration Y" : 0.55005151033401489,
			"Absolute Acceleration Z" : 0.021188480779528618,
			"Absolute Velocity X" : 24.475732803344727,
			"Absolute Velocity Y" : -0.18881611526012421,
			"Absolute Velocity Z" : -0.2372773140668869,
			"ActorName" : "CAR 15",
			"BoundingBox3D Extent X" : 4.6108527183532715,
			"BoundingBox3D Extent Y" : 2.4137849807739258,
			"BoundingBox3D Extent Z" : 1.9884499311447144,
			"BoundingBox3D Orientation Quat W" : 0.99997043609619141,
			"BoundingBox3D Orientation Quat X" : 0.0014631589874625206,
			"BoundingBox3D Orientation Quat Y" : 0.0044725732877850533,
			"BoundingBox3D Orientation Quat Z" : -0.0056648827157914639,
			"BoundingBox3D Origin X" : -88.6507568359375,
			"BoundingBox3D Origin Y" : 2.2250282764434814,
			"BoundingBox3D Origin Z" : 1.8029096126556396,
			"ObjectId" : 15,
			"ObjectType" : "CAR",
			"Occluded" : 0.0,
			"Relative Acceleration X" : -1.2964351177215576,
			"Relative Acceleration Y" : 0.53348195552825928,
			"Relative Acceleration Z" : 0.13818496465682983,
			"Relative Velocity X" : -2.3816666603088379,
			"Relative Velocity Y" : 0.29642817378044128,
			"Relative Velocity Z" : 0.10044032335281372,
			"Truncated" : 0
		},
		{
			"Absolute Acceleration X" : -0.75211966037750244,
			"Absolute Acceleration Y" : -0.0010326997144147754,
			"Absolute Acceleration Z" : 0.031729627400636673,
			"Absolute Velocity X" : 26.726543426513672,
			"Absolute Velocity Y" : -0.33753669261932373,