{
	"CapturedObjects" : 
	[
		{
			"Absolute Acceleration X" : 0.039743423461914062,
			"Absolute Acceleration Y" : -0.082728773355484009,
			"Absolute Acceleration Z" : -0.0099257826805114746,
			"Absolute Velocity X" : 30.990839004516602,
			"Absolute Velocity Y" : -0.34897598624229431,
			"Absolute Velocity Z" : -0.18264463543891907,
			"ActorName" : "TRUCK 00",
			"BoundingBox3D Extent X" : 11.0,
			"BoundingBox3D Extent Y" : 2.6347408294677734,
			"BoundingBox3D Extent Z" : 3.0569512844085693,
			"BoundingBox3D Orientation Quat W" : 0.99997502565383911,
			"BoundingBox3D Orientation Quat X" : -0.0029504057019948959,
			"BoundingBox3D Orientation Quat Y" : 0.0025320905260741711,
			"BoundingBox3D Orientation Quat Z" : -0.0060979188419878483,
			"BoundingBox3D Origin X" : 39.180614471435547,
			"BoundingBox3D Origin Y" : 6.4411191940307617,
			"BoundingBox3D Origin Z" : 1.2721441984176636,
			"ObjectId" : 0,
			"ObjectType" : "TRUCK",
			"Occluded" : 0.0,
			"Relative Acceleration X" : 0.4413604736328125,
			"Relative Acceleration Y" : 0.15638500452041626,
			"Relative Acceleration Z" : -0.094332218170166016,
			"Relative Velocity X" : 9.9623451232910156,
			"Relative Velocity Y" : 0.11961342394351959,
			"Relative Velocity Z" : -0.17612911760807037,
			"Truncated" : 0
		},
		{
			"Absolute Acceleration X" : 0.02378082275390625,
			"Absolute Acceleration Y" : 0.083895266056060791,
			"Absolute Acceleration Z" : -0.0047041922807693481,
			"Absolute Velocity X" : 30.33416748046875,
			"Absolute Velocity Y" : -0.47129663825035095,
			"Absolute Velocity Z" : -0.16671323776245117,
			"ActorName" : "CAR 01",
			"BoundingBox3D Extent X" : 4.0999999046325684,
			"BoundingBox3D Extent Y" : 2.0434176921844482,
			"BoundingBox3D Extent Z" : 1.7555222511291504,
			"BoundingBox3D Orientation Quat W" : -0.99995779991149902,
			"BoundingBox3D Orientation Quat X" : 0.0015534653794020414,
			"BoundingBox3D Orientation Quat Y" : -0.0028178025968372822,
			"BoundingBox3D Orientation Quat Z" : 0.0074121342040598392,
			"BoundingBox3D Origin X" : 0.11709894239902496,
			"BoundingBox3D Origin Y" : 6.8289251327514648,
			"BoundingBox3D Origin Z" : 0.83969384431838989,
			"ObjectId" : 1,
			"ObjectType" : "CAR",
			"Occluded" : 0.0,
			"Relative Acceleration X" : 0.42507266998291016,
			"Relative Acceleration Y" : 0.27339482307434082,
			"Relative Acceleration Z" : -0.02309047058224678,
			"Relative Velocity X" : 9.300868034362793,
			"Relative Velocity Y" : -0.33430513739585876,
			"Relative Velocity Z" : -0.061890043318271637,
			"Truncated" : 0
		},
		{
			"Absolute Acceleration X" : -0.16992378234863281,
			"Absolute Acceleration Y" : -0.0625,
			"Absolute Acceleration Z" : 0.007249101996421814,
			"Absolute Velocity X" : 31.755609512329102,
			"Absolute Velocity Y" : -0.52364903688430786,
			"Absolute Velocity Z" : -0.18479663133621216,
			"ActorName" : "CAR 04",
			"BoundingBox3D Extent X" : 4.0999999046325684,
			"BoundingBox3D Extent Y" : 1.6868230104446411,
			"BoundingBox3D Extent Z" : 1.6394811868667603,
			"BoundingBox3D Orientation Quat W" : -0.99996227025985718,
			"BoundingBox3D Orientation Quat X" : 0.002395884832367301,
			"BoundingBox3D Orientation Quat Y" : -0.003130410797894001,
			"BoundingBox3D Orientation Quat Z" : 0.0075303339399397373,
			"BoundingBox3D Origin X" : 115.99748992919922,
			"BoundingBox3D Origin Y" : 5.6993870735168457,
			"BoundingBox3D Origin Z" : 0.10800506919622421,
			"ObjectId" : 4,
			"ObjectType" : "CAR",
			"Occluded" : 0.0,
			"Relative Acceleration X" : 0.2298736572265625,
			"Relative Acceleration Y" : 0.26374262571334839,
			"Relative Acceleration Z" : -0.2089381217956543,
			"Relative Velocity X" : 10.730880737304688,
			"Relative Velocity Y" : 0.59674215316772461,
			"Relative Velocity Z" : -0.36999449133872986,
			"Truncated" : 0
		},
		{
			"Absolute Acceleration X" : 0.05410003662109375,
			"Absolute Acceleration Y" : -0.078690618276596069,
			"Absolute Acceleration Z" : -0.030350983142852783,
			"Absolute Velocity X" : 32.095989227294922,
			"Absolute Velocity Y" : -0.62455898523330688,
			"Absolute Velocity Z" : -0.18115778267383575,
			"ActorName" : "CAR 05",
			"BoundingBox3D Extent X" : 4.0999999046325684,
			"BoundingBox3D Extent Y" : 1.8871970176696777,
			"BoundingBox3D Extent Z" : 1.9245541095733643,
			"BoundingBox3D Orientation Quat W" : -0.99996346235275269,
			"BoundingBox3D Orientation Quat X" : -0.0018392927013337612,
			"BoundingBox3D Orientation Quat Y" : -0.0032202873844653368,
			"BoundingBox3D Orientation Quat Z" : 0.0065145106054842472,
			"BoundingBox3D Origin X" : 170.19058227539062,
			"BoundingBox3D Origin Y" : 5.153019905090332,
			"BoundingBox3D Origin Z" : -0.063661515712738037,
			"ObjectId" : 5,
			"ObjectType" : "CAR",
			"Occluded" : 0.0,
			"Relative Acceleration X" : 0.45416069030761719,
			"Relative Acceleration Y" : 0.30943390727043152,
			"Relative Acceleration Z" : -0.34039837121963501,
			"Relative Velocity X" : 11.075868606567383,
			"Relative Velocity Y" : 0.95657902956008911,
			"Relative Velocity Z" : -0.50140577554702759,
			"Truncated" : 0
		},
		{
			"Absolute Acceleration X" : 0.34467124938964844,
			"Absolute Acceleration Y" : 0.14544303715229034,
			"Absolute Acceleration Z" : 0.020580217242240906,
			"Absolute Velocity X" : 25.339651107788086,
			"Absolute Velocity Y" : -0.37082758545875549,
			"Absolute Velocity Z" : -0.15901756286621094,
			"ActorName" : "CAR 06",
			"BoundingBox3D Extent X" : 4.0999999046325684,
			"BoundingBox3D Extent Y" : 1.9416749477386475,
			"BoundingBox3D Extent Z" : 1.5827196836471558,
			"BoundingBox3D Orientation Quat W" : 0.99994772672653198,
			"BoundingBox3D Orientation Quat X" : 0.0079272715374827385,
			"BoundingBox3D Orientation Quat Y" : 0.0027091554366052151,
			"BoundingBox3D Orientation Quat Z" : -0.005345967598259449,
			"BoundingBox3D Origin X" : 110.47104644775391,
			"BoundingBox3D Origin Y" : 1.8850100040435791,
			"BoundingBox3D Origin Z" : 0.089429467916488647,
			"ObjectId" : 6,
			"ObjectType" : "CAR",
			"Occluded" : 0.0,
			"Relative Acceleration X" : 0.74782896041870117,
			"Relative Acceleration Y" : 0.42480522394180298,
			"Relative Acceleration Z" : -0.18519330024719238,
			"Relative Velocity X" : 4.3469653129577637,
			"Relative Velocity Y" : 0.71037143468856812,
			"Relative Velocity Z" : -0.31787100434303284,
			"Truncated" : 0
		},
		{
			"Absolute Acceleration X" : -0.05121612548828125,
			"Absolute Acceleration Y" : -0.04103773832321167,
			"Absolute Acceleration Z" : 0.0028145834803581238,
			"Absolute Velocity X" : 20.813077926635742,
			"Absolute Velocity Y" : -0.14745935797691345,
			"Absolute Velocity Z" : -0.12440714985132217,
			"ActorName" : "CAR 07",
			"BoundingBox3D Extent X" : 4.1580929756164551,
			"BoundingBox3D Extent Y" : 1.6662228107452393,
			"BoundingBox3D Extent Z" : 1.5035252571105957,
			"BoundingBox3D Orientation Quat W" : 0.99997937679290771,
			"BoundingBox3D Orientation Quat X" : 0.00087091635214164853,
			"BoundingBox3D Orientation Quat Y" : 0.0024627738166600466,
			"BoundingBox3D Orientation Quat Z" : -0.0044993031769990921,
			"BoundingBox3D Origin X" : 25.989248275756836,
			"BoundingBox3D Origin Y" : -0.51149475574493408,
			"BoundingBox3D Origin Z" : 0.53882980346679688,
			"ObjectId" : 7,
			"ObjectType" : "CAR",
			"Occluded" : 0.0,
			"Relative Acceleration X" : 0.35561889410018921,
			"Relative Acceleration Y" : 0.11559946089982986,
			"Relative Acceleration Z" : -0.053005483001470566,
			"Relative Velocity X" : -0.15765504539012909,
			"Relative Velocity Y" : 0.21984229981899261,
			"Relative Velocity Z" : -0.064458414912223816,
			"Truncated" : 0
		},
		{
			"Absolute Acceleration X" : -0.10619735717773438,
			"Absolute Acceleration Y" : 0.10552918910980225,
			"Absolute Acceleration Z" : -0.00017896294593811035,
			"Absolute Velocity X" : 25.79559326171875,
			"Absolute Velocity Y" : -0.3575933575630188,
			"Absolute Velocity Z" : -0.17115706205368042,