{
	"CapturedObjects" : 
	[
		{
			"Absolute Acceleration X" : -0.21178627014160156,
			"Absolute Acceleration Y" : 0.11714234948158264,
			"Absolute Acceleration Z" : -0.011484622955322266,
			"Absolute Velocity X" : 22.874507904052734,
			"Absolute Velocity Y" : 0.32283878326416016,
			"Absolute Velocity Z" : -0.20525060594081879,
			"ActorName" : "CAR 00",
			"BoundingBox3D Extent X" : 5.0962448120117188,
			"BoundingBox3D Extent Y" : 1.9460623264312744,
			"BoundingBox3D Extent Z" : 1.7667186260223389,
			"BoundingBox3D Orientation Quat W" : 0.99964576959609985,
			"BoundingBox3D Orientation Quat X" : -0.024254094809293747,
			"BoundingBox3D Orientation Quat Y" : 0.0040022027678787708,
			"BoundingBox3D Orientation Quat Z" : 0.0080732349306344986,
			"BoundingBox3D Origin X" : 8.9252796173095703,
			"BoundingBox3D Origin Y" : 11.51400089263916,
			"BoundingBox3D Origin Z" : 0.78524243831634521,
			"ObjectId" : 0,
			"ObjectType" : "CAR",
			"Occluded" : 0.0,
			"Relative Acceleration X" : -0.16991794109344482,
			"Relative Acceleration Y" : -0.19710072875022888,
			"Relative Acceleration Z" : -0.096975646913051605,
			"Relative Velocity X" : 1.4477638006210327,
			"Relative Velocity Y" : 0.42100143432617188,
			"Relative Velocity Z" : -0.028918420895934105,
			"Truncated" : 0
		},
		{
			"Absolute Acceleration X" : -0.017030715942382812,
			"Absolute Acceleration Y" : 0.20731353759765625,
			"Absolute Acceleration Z" : -0.0043669342994689941,
			"Absolute Velocity X" : 22.709300994873047,
			"Absolute Velocity Y" : 0.6946948766708374,
			"Absolute Velocity Z" : -0.22023816406726837,
			"ActorName" : "TRUCK 02",
			"BoundingBox3D Extent X" : 11.0,
			"BoundingBox3D Extent Y" : 2.8361189365386963,
			"BoundingBox3D Extent Z" : 3.5865716934204102,
			"BoundingBox3D Orientation Quat W" : 0.99936884641647339,
			"BoundingBox3D Orientation Quat X" : -0.030417511239647865,
			"BoundingBox3D Orientation Quat Y" : 0.00460412772372365,
			"BoundingBox3D Orientation Quat Z" : 0.017487641423940659,
			"BoundingBox3D Origin X" : 41.189418792724609,
			"BoundingBox3D Origin Y" : 12.449525833129883,
			"BoundingBox3D Origin Z" : 1.3757747411727905,
			"ObjectId" : 2,
			"ObjectType" : "TRUCK",
			"Occluded" : 0.0,
			"Relative Acceleration X" : 0.033035635948181152,
			"Relative Acceleration Y" : -0.21863207221031189,
			"Relative Acceleration Z" : -0.10847488045692444,
			"Relative Velocity X" : 1.2934355735778809,
			"Relative Velocity Y" : 0.40246948599815369,
			"Relative Velocity Z" : -0.0095926569774746895,
			"Truncated" : 0
		},
		{
			"Absolute Acceleration X" : -0.56783103942871094,
			"Absolute Acceleration Y" : 0.28386086225509644,
			"Absolute Acceleration Z" : -0.012902364134788513,
			"Absolute Velocity X" : 21.611236572265625,
			"Absolute Velocity Y" : 0.14325270056724548,
			"Absolute Velocity Z" : -0.15206238627433777,
			"ActorName" : "CAR 04",
			"BoundingBox3D Extent X" : 4.1754417419433594,
			"BoundingBox3D Extent Y" : 1.7123286724090576,
			"BoundingBox3D Extent Z" : 1.4943684339523315,
			"BoundingBox3D Orientation Quat W" : 0.99997758865356445,
			"BoundingBox3D Orientation Quat X" : 0.0018375153886154294,
			"BoundingBox3D Orientation Quat Y" : 0.0031419254373759031,
			"BoundingBox3D Orientation Quat Z" : 0.0046811359934508801,
			"BoundingBox3D Origin X" : 29.430812835693359,
			"BoundingBox3D Origin Y" : 0.26440238952636719,
			"BoundingBox3D Origin Z" : 0.4572155773639679,
			"ObjectId" : 4,
			"ObjectType" : "CAR",
			"Occluded" : 0.0,
			"Relative Acceleration X" : -0.57399266958236694,
			"Relative Acceleration Y" : -0.075405389070510864,
			"Relative Acceleration Z" : -0.033251259475946426,
			"Relative Velocity X" : 0.048533473163843155,
			"Relative Velocity Y" : -0.0057842168025672436,
			"Relative Velocity Z" : 0.059993647038936615,
			"Truncated" : 0
		},
		{
			"Absolute Acceleration X" : 0.14664459228515625,
			"Absolute Acceleration Y" : 0.2295762300491333,
			"Absolute Acceleration Z" : -0.019809216260910034,
			"Absolute Velocity X" : 25.083316802978516,
			"Absolute Velocity Y" : -1.2067956924438477,
			"Absolute Velocity Z" : -0.27249929308891296,
			"ActorName" : "TRUCK 05",
			"BoundingBox3D Extent X" : 11.0,
			"BoundingBox3D Extent Y" : 2.847881555557251,
			"BoundingBox3D Extent Z" : 1.9118857383728027,
			"BoundingBox3D Orientation Quat W" : -0.99853837490081787,
			"BoundingBox3D Orientation Quat X" : 0.047848671674728394,
			"BoundingBox3D Orientation Quat Y" : -0.0042528356425464153,
			"BoundingBox3D Orientation Quat Z" : 0.02358514815568924,
			"BoundingBox3D Origin X" : -155.78392028808594,
			"BoundingBox3D Origin Y" : 15.751548767089844,
			"BoundingBox3D Origin Z" : 2.2672073841094971,
			"ObjectId" : 5,
			"ObjectType" : "TRUCK",
			"Occluded" : 0.0,
			"Relative Acceleration X" : 0.1925663948059082,
			"Relative Acceleration Y" : 0.47267115116119385,
			"Relative Acceleration Z" : -0.072669506072998047,
			"Relative Velocity X" : 3.7076942920684814,
			"Relative Velocity Y" : 0.88605177402496338,
			"Relative Velocity Z" : -0.28218075633049011,
			"Truncated" : 0
		},
		{
			"Absolute Acceleration X" : -0.020038604736328125,
			"Absolute Acceleration Y" : 0.29752302169799805,
			"Absolute Acceleration Z" : -0.0086042881011962891,
			"Absolute Velocity X" : 22.707826614379883,
			"Absolute Velocity Y" : 0.82092165946960449,
			"Absolute Velocity Z" : -0.22819527983665466,
			"ActorName" : "TRUCK 12",
			"BoundingBox3D Extent X" : 11.0,
			"BoundingBox3D Extent Y" : 2.2660648822784424,
			"BoundingBox3D Extent Z" : 3.9199919700622559,
			"BoundingBox3D Orientation Quat W" : 0.99949526786804199,
			"BoundingBox3D Orientation Quat X" : -0.026030538603663445,
			"BoundingBox3D Orientation Quat Y" : 0.004318916704505682,
			"BoundingBox3D Orientation Quat Z" : 0.01643620990216732,
			"BoundingBox3D Origin X" : 51.27734375,
			"BoundingBox3D Origin Y" : 12.283268928527832,
			"BoundingBox3D Origin Z" : 1.4718893766403198,
			"ObjectId" : 12,
			"ObjectType" : "TRUCK",
			"Occluded" : 0.0,
			"Relative Acceleration X" : 0.030664324760437012,
			"Relative Acceleration Y" : -0.16512233018875122,
			"Relative Acceleration Z" : -0.11592280864715576,
			"Relative Velocity X" : 1.2900353670120239,
			"Relative Velocity Y" : 0.40652835369110107,
			"Relative Velocity Z" : -0.0063536129891872406,
			"Truncated" : 0
		},
		{
			"Absolute Acceleration X" : 0.033033978193998337,
			"Absolute Acceleration Y" : 0.27207162976264954,
			"Absolute Acceleration Z" : -0.029521524906158447,
			"Absolute Velocity X" : 24.355072021484375,
			"Absolute Velocity Y" : -1.153449535369873,
			"Absolute Velocity Z" : -0.030129872262477875,
			"ActorName" : "CAR 15",
			"BoundingBox3D Extent X" : 5.2638630867004395,
			"BoundingBox3D Extent Y" : 2.1990036964416504,
			"BoundingBox3D Extent Z" : 1.6135897636413574,
			"BoundingBox3D Orientation Quat W" : -0.99764353036880493,
			"BoundingBox3D Orientation Quat X" : 0.064002297818660736,
			"BoundingBox3D Orientation Quat Y" : -0.0022525964304804802,
			"BoundingBox3D Orientation Quat Z" : 0.022399069741368294,
			"BoundingBox3D Origin X" : -98.525558471679688,
			"BoundingBox3D Origin Y" : 13.470882415771484,
			"BoundingBox3D Origin Z" : 1.8460547924041748,
			"ObjectId" : 15,
			"ObjectType" : "CAR",
			"Occluded" : 0.0,
			"Relative Acceleration X" : 0.035358261317014694,
			"Relative Acceleration Y" : 0.23448008298873901,
			"Relative Acceleration Z" : -0.030713105574250221,
			"Relative Velocity X" : 2.9505338668823242,
			"Relative Velocity Y" : 0.24662837386131287,
			"Relative Velocity Z" : 0.026596596464514732,
			"Truncated" : 0
		},
		{
			"Absolute Acceleration X" : -0.28888893127441406,
			"Absolute Acceleration Y" : 0.51840710639953613,
			"Absolute Acceleration Z" : -0.058845072984695435,
			"Absolute Velocity X" : 29.138404846191406,
			"Absolute Velocity Y" : 2.4680092334747314,
			"Absolute Velocity Z" : -0.2696998119354248,
			"ActorName" : "CAR 19",