{
	"CapturedObjects" : 
	[
		{
			"Absolute Acceleration X" : -0.031139373779296875,
			"Absolute Acceleration Y" : -0.11157318204641342,
			"Absolute Acceleration Z" : 0.011847078800201416,
			"Absolute Velocity X" : 22.138740539550781,
			"Absolute Velocity Y" : -0.19137446582317352,
			"Absolute Velocity Z" : -0.18418131768703461,
			"ActorName" : "CAR 01",
			"BoundingBox3D Extent X" : 4.334075927734375,
			"BoundingBox3D Extent Y" : 2.0256328582763672,
			"BoundingBox3D Extent Z" : 1.5192403793334961,
			"BoundingBox3D Orientation Quat W" : 0.99998533725738525,
			"BoundingBox3D Orientation Quat X" : 0.0030749253928661346,
			"BoundingBox3D Orientation Quat Y" : 0.0038222966250032187,
			"BoundingBox3D Orientation Quat Z" : 0.0014770572306588292,
			"BoundingBox3D Origin X" : -21.541275024414062,
			"BoundingBox3D Origin Y" : 0.64398133754730225,
			"BoundingBox3D Origin Z" : 0.87105697393417358,
			"ObjectId" : 1,
			"ObjectType" : "CAR",
			"Occluded" : 0.0,
			"Relative Acceleration X" : -0.054650314152240753,
			"Relative Acceleration Y" : -0.15267106890678406,
			"Relative Acceleration Z" : 0.035185478627681732,
			"Relative Velocity X" : -0.14322198927402496,
			"Relative Velocity Y" : 0.071498498320579529,
			"Relative Velocity Z" : 0.049397677183151245,
			"Truncated" : 0
		},
		{
			"Absolute Acceleration X" : -0.14594078063964844,
			"Absolute Acceleration Y" : -0.086420461535453796,
			"Absolute Acceleration Z" : 0.052113883197307587,
			"Absolute Velocity X" : 26.50653076171875,
			"Absolute Velocity Y" : -0.044103797525167465,
			"Absolute Velocity Z" : -0.13143861293792725,
			"ActorName" : "TRUCK 02",
			"BoundingBox3D Extent X" : 11.0,
			"BoundingBox3D Extent Y" : 2.6529262065887451,
			"BoundingBox3D Extent Z" : 3.0765602588653564,
			"BoundingBox3D Orientation Quat W" : 0.99991631507873535,
			"BoundingBox3D Orientation Quat X" : -0.0021025696769356728,
			"BoundingBox3D Orientation Quat Y" : 0.0015842047287151217,
			"BoundingBox3D Orientation Quat Z" : -0.0042555350810289383,
			"BoundingBox3D Origin X" : 87.744491577148438,
			"BoundingBox3D Origin Y" : 15.766547203063965,
			"BoundingBox3D Origin Z" : 0.54472249746322632,
			"ObjectId" : 2,
			"ObjectType" : "TRUCK",
			"Occluded" : 0.0,
			"Relative Acceleration X" : -0.17312097549438477,
			"Relative Acceleration Y" : -0.12080512940883636,
			"Relative Acceleration Z" : -0.1171429306268692,
			"Relative Velocity X" : 4.2527227401733398,
			"Relative Velocity Y" : 0.011150005273520947,
			"Relative Velocity Z" : -0.093240998685359955,
			"Truncated" : 0
		},
		{
			"Absolute Acceleration X" : -0.040464401245117188,
			"Absolute Acceleration Y" : -0.074127346277236938,
			"Absolute Acceleration Z" : 0.014973118901252747,
			"Absolute Velocity X" : 23.141778945922852,
			"Absolute Velocity Y" : -0.39800170063972473,
			"Absolute Velocity Z" : -0.19449084997177124,
			"ActorName" : "CAR 04",
			"BoundingBox3D Extent X" : 4.1162319183349609,
			"BoundingBox3D Extent Y" : 1.7154102325439453,
			"BoundingBox3D Extent Z" : 1.4888672828674316,
			"BoundingBox3D Orientation Quat W" : -0.99996262788772583,
			"BoundingBox3D Orientation Quat X" : -0.0031119461636990309,
			"BoundingBox3D Orientation Quat Y" : -0.0044407187961041927,
			"BoundingBox3D Orientation Quat Z" : 0.0064098499715328217,
			"BoundingBox3D Origin X" : 42.652927398681641,
			"BoundingBox3D Origin Y" : 0.0082864025607705116,
			"BoundingBox3D Origin Z" : 0.36768737435340881,
			"ObjectId" : 4,
			"ObjectType" : "CAR",
			"Occluded" : 0.0,
			"Relative Acceleration X" : -0.06538468599319458,
			"Relative Acceleration Y" : -0.10712264478206635,
			"Relative Acceleration Z" : -0.039070222526788712,
			"Relative Velocity X" : 0.85753583908081055,
			"Relative Velocity Y" : -0.25648021697998047,
			"Relative Velocity Z" : -0.09275875985622406,
			"Truncated" : 0
		},
		{
			"Absolute Acceleration X" : -0.36924171447753906,
			"Absolute Acceleration Y" : 0.18521493673324585,
			"Absolute Acceleration Z" : 0.09420400857925415,
			"Absolute Velocity X" : 26.977659225463867,
			"Absolute Velocity Y" : -0.39854815602302551,
			"Absolute Velocity Z" : -0.19134773313999176,
			"ActorName" : "CAR 12",
			"BoundingBox3D Extent X" : 4.5750732421875,
			"BoundingBox3D Extent Y" : 1.8780477046966553,
			"BoundingBox3D Extent Z" : 1.9186064004898071,
			"BoundingBox3D Orientation Quat W" : 0.99995625019073486,
			"BoundingBox3D Orientation Quat X" : -0.0036236732266843319,
			"BoundingBox3D Orientation Quat Y" : 0.0039450726471841335,
			"BoundingBox3D Orientation Quat Z" : -0.0068436684086918831,
			"BoundingBox3D Origin X" : 63.973587036132812,
			"BoundingBox3D Origin Y" : 15.385892868041992,
			"BoundingBox3D Origin Z" : 0.11328228563070297,
			"ObjectId" : 12,
			"ObjectType" : "CAR",
			"Occluded" : 0.0,
			"Relative Acceleration X" : -0.39771223068237305,
			"Relative Acceleration Y" : 0.14306923747062683,
			"Relative Acceleration Z" : -0.045780189335346222,
			"Relative Velocity X" : 4.7223796844482422,
			"Relative Velocity Y" : -0.29692751169204712,
			"Relative Velocity Z" : -0.10704802721738815,
			"Truncated" : 0
		},
		{
			"Absolute Acceleration X" : -0.5553436279296875,
			"Absolute Acceleration Y" : 0.018705695867538452,
			"Absolute Acceleration Z" : 0.069067180156707764,
			"Absolute Velocity X" : 23.266704559326172,
			"Absolute Velocity Y" : -0.38105082511901855,
			"Absolute Velocity Z" : -0.3116784393787384,
			"ActorName" : "CAR 14",
			"BoundingBox3D Extent X" : 4.102569580078125,
			"BoundingBox3D Extent Y" : 2.0015368461608887,
			"BoundingBox3D Extent Z" : 0.78410714864730835,
			"BoundingBox3D Orientation Quat W" : 0.99994015693664551,
			"BoundingBox3D Orientation Quat X" : -0.0019536465406417847,
			"BoundingBox3D Orientation Quat Y" : 0.0066793463192880154,
			"BoundingBox3D Orientation Quat Z" : -0.0073583782650530338,
			"BoundingBox3D Origin X" : -108.66878509521484,
			"BoundingBox3D Origin Y" : -2.0918474197387695,
			"BoundingBox3D Origin Z" : 1.3739278316497803,
			"ObjectId" : 14,
			"ObjectType" : "CAR",
			"Occluded" : 0.0,
			"Relative Acceleration X" : -0.57803976535797119,
			"Relative Acceleration Y" : -0.041609432548284531,
			"Relative Acceleration Z" : 0.21004331111907959,
			"Relative Velocity X" : 0.98059266805648804,
			"Relative Velocity Y" : 0.047539480030536652,
			"Relative Velocity Z" : 0.091104552149772644,
			"Truncated" : 0
		},
		{
			"Absolute Acceleration X" : -3.4460558891296387,
			"Absolute Acceleration Y" : -0.26729586720466614,
			"Absolute Acceleration Z" : 0.0063308603130280972,
			"Absolute Velocity X" : 19.069719314575195,
			"Absolute Velocity Y" : -0.42330944538116455,
			"Absolute Velocity Z" : -0.16209819912910461,
			"ActorName" : "CAR 15",
			"BoundingBox3D Extent X" : 4.2353057861328125,
			"BoundingBox3D Extent Y" : 1.4286812543869019,
			"BoundingBox3D Extent Z" : 1.6798857450485229,
			"BoundingBox3D Orientation Quat W" : -0.99992257356643677,
			"BoundingBox3D Orientation Quat X" : -0.0037453663535416126,
			"BoundingBox3D Orientation Quat Y" : -0.0034827545750886202,
			"BoundingBox3D Orientation Quat Z" : 0.011174272745847702,
			"BoundingBox3D Origin X" : 72.205574035644531,
			"BoundingBox3D Origin Y" : -0.32026535272598267,
			"BoundingBox3D Origin Z" : 0.23092652857303619,
			"ObjectId" : 15,
			"ObjectType" : "CAR",
			"Occluded" : 0.0,
			"Relative Acceleration X" : -3.4796726703643799,
			"Relative Acceleration Y" : -0.29502138495445251,
			"Relative Acceleration Z" : 0.27363094687461853,
			"Relative Velocity X" : -3.2107529640197754,
			"Relative Velocity Y" : -0.31048399209976196,
			"Relative Velocity Z" : 0.021319795399904251,
			"Truncated" : 0
		},
		{
			"Absolute Acceleration X" : 0.099374771118164062,
			"Absolute Acceleration Y" : 0.21593481302261353,
			"Absolute Acceleration Z" : -0.071051403880119324,
			"Absolute Velocity X" : 24.956365585327148,
			"Absolute Velocity Y" : -0.6840587854385376,