{
	"CapturedObjects" : 
	[
		{
			"Absolute Acceleration X" : 0.16449593007564545,
			"Absolute Acceleration Y" : 0.099885806441307068,
			"Absolute Acceleration Z" : -0.0030374203342944384,
			"Absolute Velocity X" : 32.009914398193359,
			"Absolute Velocity Y" : -0.59069669246673584,
			"Absolute Velocity Z" : -0.33945164084434509,
			"ActorName" : "CAR 01",
			"BoundingBox3D Extent X" : 4.0999999046325684,
			"BoundingBox3D Extent Y" : 2.0434176921844482,
			"BoundingBox3D Extent Z" : 1.7555222511291504,
			"BoundingBox3D Orientation Quat W" : -0.99993163347244263,
			"BoundingBox3D Orientation Quat X" : 0.0017272199038416147,
			"BoundingBox3D Orientation Quat Y" : -0.0037383611779659986,
			"BoundingBox3D Orientation Quat Z" : 0.010256320238113403,
			"BoundingBox3D Origin X" : 133.60108947753906,
			"BoundingBox3D Origin Y" : 1.8361890316009521,
			"BoundingBox3D Origin Z" : -0.51237303018569946,
			"ObjectId" : 1,
			"ObjectType" : "CAR",
			"Occluded" : 0.0,
			"Relative Acceleration X" : 0.082118138670921326,
			"Relative Acceleration Y" : -0.6782231330871582,
			"Relative Acceleration Z" : 0.065264523029327393,
			"Relative Velocity X" : 12.637660026550293,
			"Relative Velocity Y" : -0.44878154993057251,
			"Relative Velocity Z" : -0.16428156197071075,
			"Truncated" : 0
		},
		{
			"Absolute Acceleration X" : 0.46886599063873291,
			"Absolute Acceleration Y" : -0.071723327040672302,
			"Absolute Acceleration Z" : -0.006557853426784277,
			"Absolute Velocity X" : 20.032106399536133,
			"Absolute Velocity Y" : -0.15246972441673279,
			"Absolute Velocity Z" : -0.17904886603355408,
			"ActorName" : "CAR 07",
			"BoundingBox3D Extent X" : 4.1580929756164551,
			"BoundingBox3D Extent Y" : 1.6662228107452393,
			"BoundingBox3D Extent Z" : 1.5035252571105957,
			"BoundingBox3D Orientation Quat W" : 0.9999547004699707,
			"BoundingBox3D Orientation Quat X" : -0.00027760633383877575,
			"BoundingBox3D Orientation Quat Y" : 0.0046744844876229763,
			"BoundingBox3D Orientation Quat Z" : -0.0072530475445091724,
			"BoundingBox3D Origin X" : 23.260433197021484,
			"BoundingBox3D Origin Y" : -0.78014111518859863,
			"BoundingBox3D Origin Z" : 0.55916494131088257,
			"ObjectId" : 7,
			"ObjectType" : "CAR",
			"Occluded" : 0.0,
			"Relative Acceleration X" : 0.36212334036827087,
			"Relative Acceleration Y" : -0.1463858038187027,
			"Relative Acceleration Z" : -0.0093450602144002914,
			"Relative Velocity X" : 0.65596991777420044,
			"Relative Velocity Y" : 0.0043565914966166019,
			"Relative Velocity Z" : 0.0052068335935473442,
			"Truncated" : 0
		},
		{
			"Absolute Acceleration X" : -1.7386695146560669,
			"Absolute Acceleration Y" : -0.041650041937828064,
			"Absolute Acceleration Z" : -0.069213420152664185,
			"Absolute Velocity X" : 26.285585403442383,
			"Absolute Velocity Y" : -0.39968007802963257,
			"Absolute Velocity Z" : -0.31452736258506775,
			"ActorName" : "CAR 10",
			"BoundingBox3D Extent X" : 4.8711099624633789,
			"BoundingBox3D Extent Y" : 2.1350860595703125,
			"BoundingBox3D Extent Z" : 1.4998629093170166,
			"BoundingBox3D Orientation Quat W" : -0.99994832277297974,
			"BoundingBox3D Orientation Quat X" : 0.0049085612408816814,
			"BoundingBox3D Orientation Quat Y" : 0.0047433581203222275,
			"BoundingBox3D Orientation Quat Z" : 0.0063827554695308208,
			"BoundingBox3D Origin X" : 87.4271240234375,
			"BoundingBox3D Origin Y" : 2.4039719104766846,
			"BoundingBox3D Origin Z" : -0.042167164385318756,
			"ObjectId" : 10,
			"ObjectType" : "CAR",
			"Occluded" : 0.0,
			"Relative Acceleration X" : -1.8186764717102051,
			"Relative Acceleration Y" : -0.51944822072982788,
			"Relative Acceleration Z" : -0.033141501247882843,
			"Relative Velocity X" : 6.9135384559631348,
			"Relative Velocity Y" : -0.24970734119415283,
			"Relative Velocity Z" : -0.13574279844760895,
			"Truncated" : 0
		},
		{
			"Absolute Acceleration X" : -0.12801383435726166,
			"Absolute Acceleration Y" : 0.05380026251077652,
			"Absolute Acceleration Z" : 0.063927114009857178,
			"Absolute Velocity X" : 22.795190811157227,
			"Absolute Velocity Y" : -0.12360444664955139,
			"Absolute Velocity Z" : -0.20551685988903046,
			"ActorName" : "CAR 18",
			"BoundingBox3D Extent X" : 4.1515731811523438,
			"BoundingBox3D Extent Y" : 1.9043769836425781,
			"BoundingBox3D Extent Z" : 1.6695989370346069,
			"BoundingBox3D Orientation Quat W" : 0.99998629093170166,
			"BoundingBox3D Orientation Quat X" : -0.00079411797923967242,
			"BoundingBox3D Orientation Quat Y" : 0.0046425121836364269,
			"BoundingBox3D Orientation Quat Z" : 0.00020915326604153961,
			"BoundingBox3D Origin X" : -37.910991668701172,
			"BoundingBox3D Origin Y" : 3.1447060108184814,
			"BoundingBox3D Origin Z" : 1.082400918006897,
			"ObjectId" : 18,
			"ObjectType" : "CAR",
			"Occluded" : 0.0,
			"Relative Acceleration X" : -0.20030811429023743,
			"Relative Acceleration Y" : 0.47599300742149353,
			"Relative Acceleration Z" : 0.0070452466607093811,
			"Relative Velocity X" : 3.4262294769287109,
			"Relative Velocity Y" : 0.038928434252738953,
			"Relative Velocity Z" : -0.025304704904556274,
			"Truncated" : 0
		},
		{
			"Absolute Acceleration X" : 0.2650393545627594,
			"Absolute Acceleration Y" : 0.29314523935317993,
			"Absolute Acceleration Z" : -0.15040437877178192,
			"Absolute Velocity X" : 31.951541900634766,
			"Absolute Velocity Y" : -0.098453551530838013,
			"Absolute Velocity Z" : -0.49782249331474304,
			"ActorName" : "TRUCK 21",
			"BoundingBox3D Extent X" : 11.0,
			"BoundingBox3D Extent Y" : 2.7573165893554688,
			"BoundingBox3D Extent Z" : 3.5830585956573486,
			"BoundingBox3D Orientation Quat W" : 0.99994766712188721,
			"BoundingBox3D Orientation Quat X" : 0.000548970652744174,
			"BoundingBox3D Orientation Quat Y" : 0.003615622641518712,
			"BoundingBox3D Orientation Quat Z" : -0.0080172782763838768,
			"BoundingBox3D Origin X" : 168.90437316894531,
			"BoundingBox3D Origin Y" : 5.4417190551757812,
			"BoundingBox3D Origin Z" : 0.160561203956604,
			"ObjectId" : 21,
			"ObjectType" : "TRUCK",
			"Occluded" : 0.0,
			"Relative Acceleration X" : 0.20123673975467682,
			"Relative Acceleration Y" : -0.70102590322494507,
			"Relative Acceleration Z" : -0.073918737471103668,
			"Relative Velocity X" : 12.576909065246582,
			"Relative Velocity Y" : 0.017237016931176186,
			"Relative Velocity Z" : -0.38709574937820435,
			"Truncated" : 0
		},
		{
			"Absolute Acceleration X" : -0.012645017355680466,
			"Absolute Acceleration Y" : -0.20894184708595276,
			"Absolute Acceleration Z" : 0.00071678298991173506,
			"Absolute Velocity X" : -0.017303824424743652,
			"Absolute Velocity Y" : -0.047115873545408249,
			"Absolute Velocity Z" : 0.00042371466406621039,
			"ActorName" : "TRUCK 27",
			"BoundingBox3D Extent X" : 4.5553836822509766,
			"BoundingBox3D Extent Y" : 3.0,
			"BoundingBox3D Extent Z" : 2.8009350299835205,
			"BoundingBox3D Orientation Quat W" : 0.69773638248443604,
			"BoundingBox3D Orientation Quat X" : -0.0020501716062426567,
			"BoundingBox3D Orientation Quat Y" : -0.00070789089659228921,
			"BoundingBox3D Orientation Quat Z" : -0.71635210514068604,
			"BoundingBox3D Origin X" : 122.18769073486328,
			"BoundingBox3D Origin Y" : 27.050352096557617,
			"BoundingBox3D Origin Z" : 1.2770071029663086,
			"ObjectId" : 27,
			"ObjectType" : "TRUCK",
			"Occluded" : 0.0,
			"Relative Acceleration X" : 0.073670625686645508,
			"Relative Acceleration Y" : -1.1953177452087402,
			"Relative Acceleration Z" : 0.11934242397546768,
			"Relative Velocity X" : -19.38670539855957,
			"Relative Velocity Y" : 0.10045827925205231,
			"Relative Velocity Z" : 0.090723559260368347,
			"Truncated" : 0
		},
		{
			"Absolute Acceleration X" : 0.51589483022689819,
			"Absolute Acceleration Y" : -0.08489120751619339,
			"Absolute Acceleration Z" : 0.0062996707856655121,
			"Absolute Velocity X" : 22.661565780639648,
			"Absolute Velocity Y" : -0.069653049111366272,