{
	"CapturedObjects" : 
	[
		{
			"Absolute Acceleration X" : 0.76133632659912109,
			"Absolute Acceleration Y" : -2.1071083545684814,
			"Absolute Acceleration Z" : 0.13204696774482727,
			"Absolute Velocity X" : 11.241875648498535,
			"Absolute Velocity Y" : 3.3313138484954834,
			"Absolute Velocity Z" : -0.2066776305437088,
			"ActorName" : "CAR 00",
			"BoundingBox3D Extent X" : 4.3430695533752441,
			"BoundingBox3D Extent Y" : 2.040806770324707,
			"BoundingBox3D Extent Z" : 1.5222905874252319,
			"BoundingBox3D Orientation Quat W" : 0.99019581079483032,
			"BoundingBox3D Orientation Quat X" : 0.0064016077667474747,
			"BoundingBox3D Orientation Quat Y" : 0.0097094336524605751,
			"BoundingBox3D Orientation Quat Z" : 0.13907274603843689,
			"BoundingBox3D Origin X" : -20.419281005859375,
			"BoundingBox3D Origin Y" : -1.6821154356002808,
			"BoundingBox3D Origin Z" : 0.97188037633895874,
			"ObjectId" : 0,
			"ObjectType" : "CAR",
			"Occluded" : 0.0,
			"Relative Acceleration X" : -0.2010427713394165,
			"Relative Acceleration Y" : -0.14248347282409668,
			"Relative Acceleration Z" : 0.45293349027633667,
			"Relative Velocity X" : -0.91942983865737915,
			"Relative Velocity Y" : -1.5832737684249878,
			"Relative Velocity Z" : 0.14683157205581665,
			"Truncated" : 0
		},
		{
			"Absolute Acceleration X" : -2.6791605949401855,
			"Absolute Acceleration Y" : -2.0051479339599609,
			"Absolute Acceleration Z" : 0.011173725128173828,
			"Absolute Velocity X" : 8.744598388671875,
			"Absolute Velocity Y" : -11.20576000213623,
			"Absolute Velocity Z" : 0.29835593700408936,
			"ActorName" : "CAR 13",
			"BoundingBox3D Extent X" : 4.2246856689453125,
			"BoundingBox3D Extent Y" : 1.7600514888763428,
			"BoundingBox3D Extent Z" : 1.5527822971343994,
			"BoundingBox3D Orientation Quat W" : -0.89877068996429443,
			"BoundingBox3D Orientation Quat X" : -0.024992063641548157,
			"BoundingBox3D Orientation Quat Y" : 0.023276466876268387,
			"BoundingBox3D Orientation Quat Z" : 0.43703538179397583,
			"BoundingBox3D Origin X" : 42.764675140380859,
			"BoundingBox3D Origin Y" : -23.41856575012207,
			"BoundingBox3D Origin Z" : 1.2937216758728027,
			"ObjectId" : 13,
			"ObjectType" : "CAR",
			"Occluded" : 0.0,
			"Relative Acceleration X" : 0.16048705577850342,
			"Relative Acceleration Y" : 1.5507547855377197,
			"Relative Acceleration Z" : -0.52213144302368164,
			"Relative Velocity X" : 1.816636323928833,
			"Relative Velocity Y" : -0.96339637041091919,
			"Relative Velocity Z" : -0.054984483867883682,
			"Truncated" : 0
		},
		{
			"Absolute Acceleration X" : 1.7913012504577637,
			"Absolute Acceleration Y" : -1.0709104537963867,
			"Absolute Acceleration Z" : 0.039201676845550537,
			"Absolute Velocity X" : 7.3774566650390625,
			"Absolute Velocity Y" : 9.2966957092285156,
			"Absolute Velocity Z" : -0.68364143371582031,
			"ActorName" : "CAR 27",
			"BoundingBox3D Extent X" : 4.2054839134216309,
			"BoundingBox3D Extent Y" : 1.5256390571594238,
			"BoundingBox3D Extent Z" : 0.84883880615234375,
			"BoundingBox3D Orientation Quat W" : 0.90330147743225098,
			"BoundingBox3D Orientation Quat X" : -0.012824567034840584,
			"BoundingBox3D Orientation Quat Y" : 0.024733267724514008,
			"BoundingBox3D Orientation Quat Z" : 0.42802157998085022,
			"BoundingBox3D Origin X" : -52.191219329833984,
			"BoundingBox3D Origin Y" : -22.545499801635742,
			"BoundingBox3D Origin Z" : 2.1099808216094971,
			"ObjectId" : 27,
			"ObjectType" : "CAR",
			"Occluded" : 0.0,
			"Relative Acceleration X" : 0.49299925565719604,
			"Relative Acceleration Y" : -0.6724240779876709,
			"Relative Acceleration Z" : 1.3812863826751709,
			"Relative Velocity X" : 0.2252831757068634,
			"Relative Velocity Y" : -3.2614696025848389,
			"Relative Velocity Z" : 0.084968484938144684,
			"Truncated" : 0
		}
	],
	"FrameId" : 19393,
	"Timestamp" : 1676040124515390352,
	"TimestampMiddle" : 1676040124498390352
}