{
	"CapturedObjects" : 
	[
		{
			"Absolute Acceleration X" : 0.44031143188476562,
			"Absolute Acceleration Y" : -0.37369740009307861,
			"Absolute Acceleration Z" : 0.034858644008636475,
			"Absolute Velocity X" : 32.306640625,
			"Absolute Velocity Y" : -0.85200327634811401,
			"Absolute Velocity Z" : -0.29938873648643494,
			"ActorName" : "CAR 00",
			"BoundingBox3D Extent X" : 4.1676054000854492,
			"BoundingBox3D Extent Y" : 2.0217900276184082,
			"BoundingBox3D Extent Z" : 1.4507161378860474,
			"BoundingBox3D Orientation Quat W" : -0.99988740682601929,
			"BoundingBox3D Orientation Quat X" : -0.004069196991622448,
			"BoundingBox3D Orientation Quat Y" : -0.004586770199239254,
			"BoundingBox3D Orientation Quat Z" : 0.013534870930016041,
			"BoundingBox3D Origin X" : 30.650352478027344,
			"BoundingBox3D Origin Y" : 2.7760045528411865,
			"BoundingBox3D Origin Z" : 0.39046400785446167,
			"ObjectId" : 0,
			"ObjectType" : "CAR",
			"Occluded" : 0.0,
			"Relative Acceleration X" : 0.45095205307006836,
			"Relative Acceleration Y" : 0.32782855629920959,
			"Relative Acceleration Z" : 0.17269422113895416,
			"Relative Velocity X" : 5.2070355415344238,
			"Relative Velocity Y" : -0.19425719976425171,
			"Relative Velocity Z" : -0.20643064379692078,
			"Truncated" : 0
		},
		{
			"Absolute Acceleration X" : -0.874542236328125,
			"Absolute Acceleration Y" : -0.23397588729858398,
			"Absolute Acceleration Z" : 0.029731601476669312,
			"Absolute Velocity X" : 27.268880844116211,
			"Absolute Velocity Y" : -0.080643154680728912,
			"Absolute Velocity Z" : -0.24653878808021545,
			"ActorName" : "CAR 01",
			"BoundingBox3D Extent X" : 4.7093315124511719,
			"BoundingBox3D Extent Y" : 2.1400377750396729,
			"BoundingBox3D Extent Z" : 1.7339202165603638,
			"BoundingBox3D Orientation Quat W" : 0.99998033046722412,
			"BoundingBox3D Orientation Quat X" : 0.0033949201460927725,
			"BoundingBox3D Orientation Quat Y" : 0.0047304253093898296,
			"BoundingBox3D Orientation Quat Z" : -4.2849574128922541e-06,
			"BoundingBox3D Origin X" : -8.6613054275512695,
			"BoundingBox3D Origin Y" : 2.6824707984924316,
			"BoundingBox3D Origin Z" : 0.91095590591430664,
			"ObjectId" : 1,
			"ObjectType" : "CAR",
			"Occluded" : 0.0,
			"Relative Acceleration X" : -0.87863469123840332,
			"Relative Acceleration Y" : 0.097335584461688995,
			"Relative Acceleration Z" : 0.031182976439595222,
			"Relative Velocity X" : 0.17267332971096039,
			"Relative Velocity Y" : -0.0081606712192296982,
			"Relative Velocity Z" : 0.079170770943164825,
			"Truncated" : 0
		},
		{
			"Absolute Acceleration X" : -0.090358734130859375,
			"Absolute Acceleration Y" : -0.19206607341766357,
			"Absolute Acceleration Z" : 0.010977566242218018,
			"Absolute Velocity X" : 26.397272109985352,
			"Absolute Velocity Y" : -0.94490611553192139,
			"Absolute Velocity Z" : -0.24807724356651306,
			"ActorName" : "CAR 02",
			"BoundingBox3D Extent X" : 4.1892967224121094,
			"BoundingBox3D Extent Y" : 1.8758935928344727,
			"BoundingBox3D Extent Z" : 2.1399004459381104,
			"BoundingBox3D Orientation Quat W" : -0.99979871511459351,
			"BoundingBox3D Orientation Quat X" : 0.0013136948691681027,
			"BoundingBox3D Orientation Quat Y" : -0.0059624905698001385,
			"BoundingBox3D Orientation Quat Z" : 0.018879463896155357,
			"BoundingBox3D Origin X" : 83.301551818847656,
			"BoundingBox3D Origin Y" : -2.8853225708007812,
			"BoundingBox3D Origin Z" : 0.2197740226984024,
			"ObjectId" : 2,
			"ObjectType" : "CAR",
			"Occluded" : 0.0,
			"Relative Acceleration X" : -0.053643524646759033,
			"Relative Acceleration Y" : 0.64683681726455688,
			"Relative Acceleration Z" : 0.30715811252593994,
			"Relative Velocity X" : -0.61964195966720581,
			"Relative Velocity Y" : 0.48841354250907898,
			"Relative Velocity Z" : -0.49816590547561646,
			"Truncated" : 0
		},
		{
			"Absolute Acceleration X" : -0.41942024230957031,
			"Absolute Acceleration Y" : -0.33667451143264771,
			"Absolute Acceleration Z" : 0.056054413318634033,
			"Absolute Velocity X" : 28.234354019165039,
			"Absolute Velocity Y" : 0.33770734071731567,
			"Absolute Velocity Z" : -0.28215473890304565,
			"ActorName" : "CAR 03",
			"BoundingBox3D Extent X" : 4.2396087646484375,
			"BoundingBox3D Extent Y" : 2.1024894714355469,
			"BoundingBox3D Extent Z" : 1.6439502239227295,
			"BoundingBox3D Orientation Quat W" : 0.99996763467788696,
			"BoundingBox3D Orientation Quat X" : 0.0065543153323233128,
			"BoundingBox3D Orientation Quat Y" : 0.0033371762838214636,
			"BoundingBox3D Orientation Quat Z" : 0.002419216325506568,
			"BoundingBox3D Origin X" : -23.638702392578125,
			"BoundingBox3D Origin Y" : 1.2887305021286011,
			"BoundingBox3D Origin Z" : 0.96972638368606567,
			"ObjectId" : 3,
			"ObjectType" : "CAR",
			"Occluded" : 0.0,
			"Relative Acceleration X" : -0.42195630073547363,
			"Relative Acceleration Y" : -0.065583616495132446,
			"Relative Acceleration Z" : 0.00073172210250049829,
			"Relative Velocity X" : 1.1590131521224976,
			"Relative Velocity Y" : 0.19022960960865021,
			"Relative Velocity Z" : 0.13914400339126587,
			"Truncated" : 0
		},
		{
			"Absolute Acceleration X" : -0.023641586303710938,
			"Absolute Acceleration Y" : -0.070631504058837891,
			"Absolute Acceleration Z" : 0.069727689027786255,
			"Absolute Velocity X" : 28.920581817626953,
			"Absolute Velocity Y" : -1.0749605894088745,
			"Absolute Velocity Z" : -0.24545791745185852,
			"ActorName" : "CAR 04",
			"BoundingBox3D Extent X" : 4.246734619140625,
			"BoundingBox3D Extent Y" : 1.9392895698547363,
			"BoundingBox3D Extent Z" : 1.4446032047271729,
			"BoundingBox3D Orientation Quat W" : -0.99983060359954834,
			"BoundingBox3D Orientation Quat X" : -0.0013161263195797801,
			"BoundingBox3D Orientation Quat Y" : -0.0048436815850436687,
			"BoundingBox3D Orientation Quat Z" : 0.017996637150645256,
			"BoundingBox3D Origin X" : 34.275588989257812,
			"BoundingBox3D Origin Y" : -0.77598357200622559,
			"BoundingBox3D Origin Z" : 0.31488466262817383,
			"ObjectId" : 4,
			"ObjectType" : "CAR",
			"Occluded" : 0.0,
			"Relative Acceleration X" : 0.012375950813293457,
			"Relative Acceleration Y" : 0.55666559934616089,
			"Relative Acceleration Z" : 0.20977783203125,
			"Relative Velocity X" : 1.8722158670425415,
			"Relative Velocity Y" : -0.36540272831916809,
			"Relative Velocity Z" : -0.18288740515708923,
			"Truncated" : 0
		},
		{
			"Absolute Acceleration X" : 0.11114501953125,
			"Absolute Acceleration Y" : -0.4967191219329834,
			"Absolute Acceleration Z" : -0.099267765879631042,
			"Absolute Velocity X" : 25.959644317626953,
			"Absolute Velocity Y" : 2.0986900329589844,
			"Absolute Velocity Z" : -0.27792924642562866,
			"ActorName" : "CAR 09",
			"BoundingBox3D Extent X" : 4.0999999046325684,
			"BoundingBox3D Extent Y" : 2.0588500499725342,
			"BoundingBox3D Extent Z" : 1.1443734169006348,
			"BoundingBox3D Orientation Quat W" : 0.99918669462203979,
			"BoundingBox3D Orientation Quat X" : 0.00011637475108727813,
			"BoundingBox3D Orientation Quat Y" : 0.0057260794565081596,
			"BoundingBox3D Orientation Quat Z" : 0.039660245180130005,
			"BoundingBox3D Origin X" : -185.52520751953125,
			"BoundingBox3D Origin Y" : -6.5728564262390137,
			"BoundingBox3D Origin Z" : 1.9928766489028931,
			"ObjectId" : 9,
			"ObjectType" : "CAR",
			"Occluded" : 0.0,
			"Relative Acceleration X" : 0.12988895177841187,
			"Relative Acceleration Y" : -1.2129583358764648,
			"Relative Acceleration Z" : -0.73287379741668701,
			"Relative Velocity X" : -0.99513745307922363,
			"Relative Velocity Y" : -0.44125202298164368,
			"Relative Velocity Z" : 1.14857017993927,
			"Truncated" : 0
		},
		{
			"Absolute Acceleration X" : 0.067422866821289062,
			"Absolute Acceleration Y" : -0.28797364234924316,
			"Absolute Acceleration Z" : 0.060220658779144287,
			"Absolute Velocity X" : 25.782163619995117,
			"Absolute Velocity Y" : 1.2419102191925049,
			"Absolute Velocity Z" : -0.2922656238079071,