{
	"CapturedObjects" : 
	[
		{
			"Absolute Acceleration X" : 0.26784515380859375,
			"Absolute Acceleration Y" : 0.013699918985366821,
			"Absolute Acceleration Z" : 0.02334807813167572,
			"Absolute Velocity X" : 33.798831939697266,
			"Absolute Velocity Y" : -0.29966273903846741,
			"Absolute Velocity Z" : -0.16248355805873871,
			"ActorName" : "CAR 00",
			"BoundingBox3D Extent X" : 4.8987493515014648,
			"BoundingBox3D Extent Y" : 2.3346810340881348,
			"BoundingBox3D Extent Z" : 1.7911391258239746,
			"BoundingBox3D Orientation Quat W" : 0.99998033046722412,
			"BoundingBox3D Orientation Quat X" : 0.0004099628422409296,
			"BoundingBox3D Orientation Quat Y" : 0.0025253368075937033,
			"BoundingBox3D Orientation Quat Z" : -0.0051684938371181488,
			"BoundingBox3D Origin X" : 53.766983032226562,
			"BoundingBox3D Origin Y" : 3.7338325977325439,
			"BoundingBox3D Origin Z" : 0.53802484273910522,
			"ObjectId" : 0,
			"ObjectType" : "CAR",
			"Occluded" : 0.0,
			"Relative Acceleration X" : 0.1755528450012207,
			"Relative Acceleration Y" : 0.07271210104227066,
			"Relative Acceleration Z" : -0.21449726819992065,
			"Relative Velocity X" : 7.3692703247070312,
			"Relative Velocity Y" : 0.12557129561901093,
			"Relative Velocity Z" : -0.16469484567642212,
			"Truncated" : 0
		},
		{
			"Absolute Acceleration X" : 0.26699256896972656,
			"Absolute Acceleration Y" : -0.030358359217643738,
			"Absolute Acceleration Z" : 0.11583086848258972,
			"Absolute Velocity X" : 30.175603866577148,
			"Absolute Velocity Y" : -0.21782083809375763,
			"Absolute Velocity Z" : -0.24391278624534607,
			"ActorName" : "CAR 01",
			"BoundingBox3D Extent X" : 4.692725658416748,
			"BoundingBox3D Extent Y" : 2.1507890224456787,
			"BoundingBox3D Extent Z" : 1.6784391403198242,
			"BoundingBox3D Orientation Quat W" : 0.99998384714126587,
			"BoundingBox3D Orientation Quat X" : -0.00059150467859581113,
			"BoundingBox3D Orientation Quat Y" : 0.0041690897196531296,
			"BoundingBox3D Orientation Quat Z" : -0.0015928548527881503,
			"BoundingBox3D Origin X" : 12.724038124084473,
			"BoundingBox3D Origin Y" : 3.938016414642334,
			"BoundingBox3D Origin Z" : 0.7048448920249939,
			"ObjectId" : 1,
			"ObjectType" : "CAR",
			"Occluded" : 0.0,
			"Relative Acceleration X" : 0.1755521297454834,
			"Relative Acceleration Y" : 0.078797720372676849,
			"Relative Acceleration Z" : 0.0063700787723064423,
			"Relative Velocity X" : 3.746333122253418,
			"Relative Velocity Y" : 0.043514858931303024,
			"Relative Velocity Z" : -0.034872319549322128,
			"Truncated" : 0
		},
		{
			"Absolute Acceleration X" : -0.21061897277832031,
			"Absolute Acceleration Y" : -0.034999027848243713,
			"Absolute Acceleration Z" : -0.054627850651741028,
			"Absolute Velocity X" : 27.001680374145508,
			"Absolute Velocity Y" : -0.11775890737771988,
			"Absolute Velocity Z" : -0.23324009776115417,
			"ActorName" : "CAR 03",
			"BoundingBox3D Extent X" : 4.3168878555297852,
			"BoundingBox3D Extent Y" : 2.1278455257415771,
			"BoundingBox3D Extent Z" : 1.6856460571289062,
			"BoundingBox3D Orientation Quat W" : 0.99996274709701538,
			"BoundingBox3D Orientation Quat X" : 0.0067040431313216686,
			"BoundingBox3D Orientation Quat Y" : 0.0042387298308312893,
			"BoundingBox3D Orientation Quat Z" : -0.0019119286444038153,
			"BoundingBox3D Origin X" : -23.062620162963867,
			"BoundingBox3D Origin Y" : 1.0435454845428467,
			"BoundingBox3D Origin Z" : 0.99443405866622925,
			"ObjectId" : 3,
			"ObjectType" : "CAR",
			"Occluded" : 0.0,
			"Relative Acceleration X" : -0.30631360411643982,
			"Relative Acceleration Y" : 0.11798390001058578,
			"Relative Acceleration Z" : -0.034695204347372055,
			"Relative Velocity X" : 0.58542770147323608,
			"Relative Velocity Y" : 0.00031265770667232573,
			"Relative Velocity Z" : 0.1467750072479248,
			"Truncated" : 0
		},
		{
			"Absolute Acceleration X" : -0.15055261552333832,
			"Absolute Acceleration Y" : -0.19824022054672241,
			"Absolute Acceleration Z" : 0.084189951419830322,
			"Absolute Velocity X" : 35.193565368652344,
			"Absolute Velocity Y" : -0.3778190016746521,
			"Absolute Velocity Z" : -0.28680878877639771,
			"ActorName" : "CAR 04",
			"BoundingBox3D Extent X" : 4.0999999046325684,
			"BoundingBox3D Extent Y" : 1.8915352821350098,
			"BoundingBox3D Extent Z" : 1.5626697540283203,
			"BoundingBox3D Orientation Quat W" : 0.99996346235275269,
			"BoundingBox3D Orientation Quat X" : 0.0051277242600917816,
			"BoundingBox3D Orientation Quat Y" : 0.0028544568922370672,
			"BoundingBox3D Orientation Quat Z" : -0.005645042285323143,
			"BoundingBox3D Origin X" : 168.74911499023438,
			"BoundingBox3D Origin Y" : 2.8266303539276123,
			"BoundingBox3D Origin Z" : -0.40848106145858765,
			"ObjectId" : 4,
			"ObjectType" : "CAR",
			"Occluded" : 0.0,
			"Relative Acceleration X" : -0.25261104106903076,
			"Relative Acceleration Y" : 0.030326174572110176,
			"Relative Acceleration Z" : -1.0607179403305054,
			"Relative Velocity X" : 8.7628021240234375,
			"Relative Velocity Y" : 0.50953418016433716,
			"Relative Velocity Z" : -0.87554502487182617,
			"Truncated" : 0
		},
		{
			"Absolute Acceleration X" : -0.25249671936035156,
			"Absolute Acceleration Y" : -0.022969037294387817,
			"Absolute Acceleration Z" : -0.016530595719814301,
			"Absolute Velocity X" : 26.465547561645508,
			"Absolute Velocity Y" : -0.17919100821018219,
			"Absolute Velocity Z" : -0.10525792092084885,
			"ActorName" : "CAR 13",
			"BoundingBox3D Extent X" : 4.2157607078552246,
			"BoundingBox3D Extent Y" : 1.7754096984863281,
			"BoundingBox3D Extent Z" : 2.0899450778961182,
			"BoundingBox3D Orientation Quat W" : 0.99999183416366577,
			"BoundingBox3D Orientation Quat X" : 0.0019106961553916335,
			"BoundingBox3D Orientation Quat Y" : 0.0016979651991277933,
			"BoundingBox3D Orientation Quat Z" : -0.0021116051357239485,
			"BoundingBox3D Origin X" : 73.450874328613281,
			"BoundingBox3D Origin Y" : -0.41740688681602478,
			"BoundingBox3D Origin Z" : 0.56808161735534668,
			"ObjectId" : 13,
			"ObjectType" : "CAR",
			"Occluded" : 0.0,
			"Relative Acceleration X" : -0.3533962070941925,
			"Relative Acceleration Y" : -0.049558877944946289,
			"Relative Acceleration Z" : -0.24883727729320526,
			"Relative Velocity X" : 0.052825041115283966,
			"Relative Velocity Y" : 0.32694771885871887,
			"Relative Velocity Z" : -0.21971188485622406,
			"Truncated" : 0
		},
		{
			"Absolute Acceleration X" : 0.496856689453125,
			"Absolute Acceleration Y" : 0.2340390682220459,
			"Absolute Acceleration Z" : -0.076493807137012482,
			"Absolute Velocity X" : 24.825389862060547,
			"Absolute Velocity Y" : 0.099020272493362427,
			"Absolute Velocity Z" : -0.016804292798042297,
			"ActorName" : "CAR 17",
			"BoundingBox3D Extent X" : 4.0999999046325684,
			"BoundingBox3D Extent Y" : 1.6638205051422119,
			"BoundingBox3D Extent Z" : 1.9409711360931396,
			"BoundingBox3D Orientation Quat W" : 0.99998366832733154,
			"BoundingBox3D Orientation Quat X" : 0.0049723871052265167,
			"BoundingBox3D Orientation Quat Y" : 0.00067953334655612707,
			"BoundingBox3D Orientation Quat Z" : 0.0016170003218576312,
			"BoundingBox3D Origin X" : -128.89198303222656,
			"BoundingBox3D Origin Y" : 1.5401544570922852,
			"BoundingBox3D Origin Z" : 1.7871025800704956,
			"ObjectId" : 17,
			"ObjectType" : "CAR",
			"Occluded" : 0.0,
			"Relative Acceleration X" : 0.40591233968734741,
			"Relative Acceleration Y" : 0.56887620687484741,
			"Relative Acceleration Z" : 0.23583114147186279,
			"Relative Velocity X" : -1.5886017084121704,
			"Relative Velocity Y" : -0.20763154327869415,
			"Relative Velocity Z" : 0.90217524766921997,
			"Truncated" : 0
		},
		{
			"Absolute Acceleration X" : 0.057598114013671875,
			"Absolute Acceleration Y" : -0.050292890518903732,
			"Absolute Acceleration Z" : 0.041800312697887421,
			"Absolute Velocity X" : 27.015769958496094,
			"Absolute Velocity Y" : -0.0015732686733826995,