{
	"CapturedObjects" : 
	[
		{
			"Absolute Acceleration X" : 0.74833488464355469,
			"Absolute Acceleration Y" : -1.9250473976135254,
			"Absolute Acceleration Z" : 0.15669654309749603,
			"Absolute Velocity X" : 11.257978439331055,
			"Absolute Velocity Y" : 3.0641641616821289,
			"Absolute Velocity Z" : -0.25054997205734253,
			"ActorName" : "CAR 00",
			"BoundingBox3D Extent X" : 4.3430695533752441,
			"BoundingBox3D Extent Y" : 2.040806770324707,
			"BoundingBox3D Extent Z" : 1.5222905874252319,
			"BoundingBox3D Orientation Quat W" : 0.9918372631072998,
			"BoundingBox3D Orientation Quat X" : 0.0011967276223003864,
			"BoundingBox3D Orientation Quat Y" : 0.011418359354138374,
			"BoundingBox3D Orientation Quat Z" : 0.12684981524944305,
			"BoundingBox3D Origin X" : -20.081377029418945,
			"BoundingBox3D Origin Y" : -1.0295267105102539,
			"BoundingBox3D Origin Z" : 0.97111380100250244,
			"ObjectId" : 0,
			"ObjectType" : "CAR",
			"Occluded" : 0.0,
			"Relative Acceleration X" : -0.053057193756103516,
			"Relative Acceleration Y" : -1.6096274852752686,
			"Relative Acceleration Z" : 0.20850764214992523,
			"Relative Velocity X" : -0.81962454319000244,
			"Relative Velocity Y" : -1.5860648155212402,
			"Relative Velocity Z" : -0.069601215422153473,
			"Truncated" : 0
		},
		{
			"Absolute Acceleration X" : -2.530552864074707,
			"Absolute Acceleration Y" : -2.1674175262451172,
			"Absolute Acceleration Z" : 0.07799103856086731,
			"Absolute Velocity X" : 8.7193393707275391,
			"Absolute Velocity Y" : -11.216374397277832,
			"Absolute Velocity Z" : 0.29262170195579529,
			"ActorName" : "CAR 13",
			"BoundingBox3D Extent X" : 4.2246856689453125,
			"BoundingBox3D Extent Y" : 1.7600514888763428,
			"BoundingBox3D Extent Z" : 1.5527822971343994,
			"BoundingBox3D Orientation Quat W" : -0.8981824517250061,
			"BoundingBox3D Orientation Quat X" : -0.02290615625679493,
			"BoundingBox3D Orientation Quat Y" : 0.022328127175569534,
			"BoundingBox3D Orientation Quat Z" : 0.43840497732162476,
			"BoundingBox3D Origin X" : 42.009979248046875,
			"BoundingBox3D Origin Y" : -22.965999603271484,
			"BoundingBox3D Origin Z" : 1.2575274705886841,
			"ObjectId" : 13,
			"ObjectType" : "CAR",
			"Occluded" : 0.0,
			"Relative Acceleration X" : 1.7968428134918213,
			"Relative Acceleration Y" : 3.9539799690246582,
			"Relative Acceleration Z" : -0.29233202338218689,
			"Relative Velocity X" : 1.7409284114837646,
			"Relative Velocity Y" : -1.4930636882781982,
			"Relative Velocity Z" : 0.14544200897216797,
			"Truncated" : 0
		},
		{
			"Absolute Acceleration X" : 2.6621384620666504,
			"Absolute Acceleration Y" : -0.46784305572509766,
			"Absolute Acceleration Z" : -0.069893360137939453,
			"Absolute Velocity X" : 7.2549004554748535,
			"Absolute Velocity Y" : 8.7431049346923828,
			"Absolute Velocity Z" : -0.66104823350906372,
			"ActorName" : "CAR 27",
			"BoundingBox3D Extent X" : 4.2054839134216309,
			"BoundingBox3D Extent Y" : 1.5256390571594238,
			"BoundingBox3D Extent Z" : 0.84883880615234375,
			"BoundingBox3D Orientation Quat W" : 0.90437418222427368,
			"BoundingBox3D Orientation Quat X" : -0.012542856857180595,
			"BoundingBox3D Orientation Quat Y" : 0.026630332693457603,
			"BoundingBox3D Orientation Quat Z" : 0.42564401030540466,
			"BoundingBox3D Origin X" : -52.414737701416016,
			"BoundingBox3D Origin Y" : -21.189611434936523,
			"BoundingBox3D Origin Z" : 2.2729995250701904,
			"ObjectId" : 27,
			"ObjectType" : "CAR",
			"Occluded" : 0.0,
			"Relative Acceleration X" : 2.8407871723175049,
			"Relative Acceleration Y" : -3.9981520175933838,
			"Relative Acceleration Z" : 0.031082421541213989,
			"Relative Velocity X" : -0.17920362949371338,
			"Relative Velocity Y" : -3.3374314308166504,
			"Relative Velocity Z" : -0.4288727343082428,
			"Truncated" : 0
		}
	],
	"FrameId" : 19387,
	"Timestamp" : 1676040124115407288,
	"TimestampMiddle" : 1676040124098407288
}