{
	"CapturedObjects" : 
	[
		{
			"Absolute Acceleration X" : -0.045801162719726562,
			"Absolute Acceleration Y" : -0.95586049556732178,
			"Absolute Acceleration Z" : 0.15061816573143005,
			"Absolute Velocity X" : 25.300079345703125,
			"Absolute Velocity Y" : -0.94168424606323242,
			"Absolute Velocity Z" : -0.13966906070709229,
			"ActorName" : "TRUCK 00",
			"BoundingBox3D Extent X" : 11.0,
			"BoundingBox3D Extent Y" : 2.7633500099182129,
			"BoundingBox3D Extent Z" : 3.5429394245147705,
			"BoundingBox3D Orientation Quat W" : -0.9998699426651001,
			"BoundingBox3D Orientation Quat X" : -0.00067633390426635742,
			"BoundingBox3D Orientation Quat Y" : -0.0018354860367253423,
			"BoundingBox3D Orientation Quat Z" : 0.01593063585460186,
			"BoundingBox3D Origin X" : 15.900131225585938,
			"BoundingBox3D Origin Y" : -3.7949905395507812,
			"BoundingBox3D Origin Z" : 1.5860236883163452,
			"ObjectId" : 0,
			"ObjectType" : "TRUCK",
			"Occluded" : 0.0,
			"Relative Acceleration X" : 0.14829432964324951,
			"Relative Acceleration Y" : 0.1219046413898468,
			"Relative Acceleration Z" : -0.017638500779867172,
			"Relative Velocity X" : -1.9458726644515991,
			"Relative Velocity Y" : -0.069602355360984802,
			"Relative Velocity Z" : 0.0059231086634099483,
			"Truncated" : 0
		},
		{
			"Absolute Acceleration X" : 0.093814849853515625,
			"Absolute Acceleration Y" : -1.1948833465576172,
			"Absolute Acceleration Z" : 0.11055195331573486,
			"Absolute Velocity X" : 27.569345474243164,
			"Absolute Velocity Y" : 0.59822416305541992,
			"Absolute Velocity Z" : -0.29914125800132751,
			"ActorName" : "CAR 01",
			"BoundingBox3D Extent X" : 4.303131103515625,
			"BoundingBox3D Extent Y" : 2.0774104595184326,
			"BoundingBox3D Extent Z" : 1.457223653793335,
			"BoundingBox3D Orientation Quat W" : 0.99993079900741577,
			"BoundingBox3D Orientation Quat X" : 0.0049615781754255295,
			"BoundingBox3D Orientation Quat Y" : 0.0047707678750157356,
			"BoundingBox3D Orientation Quat Z" : 0.0091977063566446304,
			"BoundingBox3D Origin X" : -18.351005554199219,
			"BoundingBox3D Origin Y" : -0.39816638827323914,
			"BoundingBox3D Origin Z" : 0.84911978244781494,
			"ObjectId" : 1,
			"ObjectType" : "CAR",
			"Occluded" : 0.0,
			"Relative Acceleration X" : 0.20190942287445068,
			"Relative Acceleration Y" : -0.070014871656894684,
			"Relative Acceleration Z" : 0.056743677705526352,
			"Relative Velocity X" : 0.17011655867099762,
			"Relative Velocity Y" : -0.040431082248687744,
			"Relative Velocity Z" : 0.02829420380294323,
			"Truncated" : 0
		},
		{
			"Absolute Acceleration X" : -0.33623313903808594,
			"Absolute Acceleration Y" : -1.1111158132553101,
			"Absolute Acceleration Z" : 0.11863920092582703,
			"Absolute Velocity X" : 27.825279235839844,
			"Absolute Velocity Y" : -2.4373278617858887,
			"Absolute Velocity Z" : 0.0023308349773287773,
			"ActorName" : "CAR 02",
			"BoundingBox3D Extent X" : 4.4205107688903809,
			"BoundingBox3D Extent Y" : 1.9659700393676758,
			"BoundingBox3D Extent Z" : 2.0693130493164062,
			"BoundingBox3D Orientation Quat W" : -0.99903172254562378,
			"BoundingBox3D Orientation Quat X" : 0.0015213747974485159,
			"BoundingBox3D Orientation Quat Y" : 7.1718517574481666e-05,
			"BoundingBox3D Orientation Quat Z" : 0.043968688696622849,
			"BoundingBox3D Origin X" : 45.167587280273438,
			"BoundingBox3D Origin Y" : -5.4384241104125977,
			"BoundingBox3D Origin Z" : 0.80211436748504639,
			"ObjectId" : 2,
			"ObjectType" : "CAR",
			"Occluded" : 0.0,
			"Relative Acceleration X" : -0.057836234569549561,
			"Relative Acceleration Y" : 0.32349666953086853,
			"Relative Acceleration Z" : -0.18544510006904602,
			"Relative Velocity X" : 0.64857953786849976,
			"Relative Velocity Y" : -0.26665997505187988,
			"Relative Velocity Z" : -0.0053090900182723999,
			"Truncated" : 0
		},
		{
			"Absolute Acceleration X" : -0.0080585479736328125,
			"Absolute Acceleration Y" : -1.5158668756484985,
			"Absolute Acceleration Z" : 0.16186031699180603,
			"Absolute Velocity X" : 31.008022308349609,
			"Absolute Velocity Y" : 2.2311046123504639,
			"Absolute Velocity Z" : -0.4712471067905426,
			"ActorName" : "CAR 05",
			"BoundingBox3D Extent X" : 4.2242927551269531,
			"BoundingBox3D Extent Y" : 2.1238579750061035,
			"BoundingBox3D Extent Z" : 1.4662171602249146,
			"BoundingBox3D Orientation Quat W" : 0.99929225444793701,
			"BoundingBox3D Orientation Quat X" : 0.0038828989490866661,
			"BoundingBox3D Orientation Quat Y" : 0.0076017826795578003,
			"BoundingBox3D Orientation Quat Z" : 0.036480166018009186,
			"BoundingBox3D Origin X" : -43.101799011230469,
			"BoundingBox3D Origin Y" : -8.3221216201782227,
			"BoundingBox3D Origin Z" : 1.0966780185699463,
			"ObjectId" : 5,
			"ObjectType" : "CAR",
			"Occluded" : 0.0,
			"Relative Acceleration X" : 0.036790370941162109,
			"Relative Acceleration Y" : -0.19117045402526855,
			"Relative Acceleration Z" : 0.14174121618270874,
			"Relative Velocity X" : 3.9610970020294189,
			"Relative Velocity Y" : 0.49928957223892212,
			"Relative Velocity Z" : -0.038994718343019485,
			"Truncated" : 0
		},
		{
			"Absolute Acceleration X" : -0.29521751403808594,
			"Absolute Acceleration Y" : -1.1576302051544189,
			"Absolute Acceleration Z" : 0.13761237263679504,
			"Absolute Velocity X" : 27.352615356445312,
			"Absolute Velocity Y" : 1.0898822546005249,
			"Absolute Velocity Z" : -0.35248452425003052,
			"ActorName" : "CAR 10",
			"BoundingBox3D Extent X" : 4.2271699905395508,
			"BoundingBox3D Extent Y" : 1.8717023134231567,
			"BoundingBox3D Extent Z" : 1.641459584236145,
			"BoundingBox3D Orientation Quat W" : 0.99979209899902344,
			"BoundingBox3D Orientation Quat X" : 3.8257890992099419e-05,
			"BoundingBox3D Orientation Quat Y" : 0.0059892861172556877,
			"BoundingBox3D Orientation Quat Z" : 0.019394952803850174,
			"BoundingBox3D Origin X" : -29.085168838500977,
			"BoundingBox3D Origin Y" : 0.30832153558731079,
			"BoundingBox3D Origin Z" : 1.106727123260498,
			"ObjectId" : 10,
			"ObjectType" : "CAR",
			"Occluded" : 0.0,
			"Relative Acceleration X" : -0.2134644091129303,
			"Relative Acceleration Y" : -0.10754324495792389,
			"Relative Acceleration Z" : 0.12871284782886505,
			"Relative Velocity X" : -0.077511906623840332,
			"Relative Velocity Y" : -0.027443287894129753,
			"Relative Velocity Z" : 0.03166542574763298,
			"Truncated" : 0
		},
		{
			"Absolute Acceleration X" : 0.060588836669921875,
			"Absolute Acceleration Y" : -1.074608325958252,
			"Absolute Acceleration Z" : 0.10172957181930542,
			"Absolute Velocity X" : 25.112672805786133,
			"Absolute Velocity Y" : 1.7492475509643555,
			"Absolute Velocity Z" : -0.39999538660049438,
			"ActorName" : "CAR 11",
			"BoundingBox3D Extent X" : 5.221282958984375,
			"BoundingBox3D Extent Y" : 2.5728745460510254,
			"BoundingBox3D Extent Z" : 2.0236544609069824,
			"BoundingBox3D Orientation Quat W" : 0.99940741062164307,
			"BoundingBox3D Orientation Quat X" : 0.0018645684467628598,
			"BoundingBox3D Orientation Quat Y" : 0.0083500845357775688,
			"BoundingBox3D Orientation Quat Z" : 0.033227313309907913,
			"BoundingBox3D Origin X" : -46.995433807373047,
			"BoundingBox3D Origin Y" : -5.073601245880127,
			"BoundingBox3D Origin Z" : 1.4446674585342407,
			"ObjectId" : 11,
			"ObjectType" : "CAR",
			"Occluded" : 0.0,
			"Relative Acceleration X" : 0.14688360691070557,
			"Relative Acceleration Y" : -0.28595083951950073,
			"Relative Acceleration Z" : 0.15991783142089844,
			"Relative Velocity X" : -2.0777997970581055,
			"Relative Velocity Y" : -0.16147708892822266,
			"Relative Velocity Z" : 0.061767678707838058,
			"Truncated" : 0
		},
		{
			"Absolute Acceleration X" : 0.0011054603382945061,
			"Absolute Acceleration Y" : -0.78069007396697998,
			"Absolute Acceleration Z" : 0.10035966336727142,
			"Absolute Velocity X" : -27.769098281860352,
			"Absolute Velocity Y" : -2.833472728729248,
			"Absolute Velocity Z" : 0.60426443815231323,