{
	"CapturedObjects" : 
	[
		{
			"Absolute Acceleration X" : -0.1574784517288208,
			"Absolute Acceleration Y" : 0.27746430039405823,
			"Absolute Acceleration Z" : -0.0050602122209966183,
			"Absolute Velocity X" : 14.196871757507324,
			"Absolute Velocity Y" : -0.53355848789215088,
			"Absolute Velocity Z" : -0.061929669231176376,
			"ActorName" : "CAR 00",
			"BoundingBox3D Extent X" : 4.235842227935791,
			"BoundingBox3D Extent Y" : 2.0896267890930176,
			"BoundingBox3D Extent Z" : 1.5755466222763062,
			"BoundingBox3D Orientation Quat W" : -0.99968487024307251,
			"BoundingBox3D Orientation Quat X" : 0.0043161530047655106,
			"BoundingBox3D Orientation Quat Y" : -0.0020080949179828167,
			"BoundingBox3D Orientation Quat Z" : 0.023844433948397636,
			"BoundingBox3D Origin X" : -24.705175399780273,
			"BoundingBox3D Origin Y" : 0.26621431112289429,
			"BoundingBox3D Origin Z" : 0.85346692800521851,
			"ObjectId" : 0,
			"ObjectType" : "CAR",
			"Occluded" : 0.0,
			"Relative Acceleration X" : -0.35399949550628662,
			"Relative Acceleration Y" : 0.12752078473567963,
			"Relative Acceleration Z" : 0.065223105251789093,
			"Relative Velocity X" : 1.0389461517333984,
			"Relative Velocity Y" : -0.26350453495979309,
			"Relative Velocity Z" : -0.016109326854348183,
			"Truncated" : 0
		},
		{
			"Absolute Acceleration X" : 1.5007988214492798,
			"Absolute Acceleration Y" : -0.083862423896789551,
			"Absolute Acceleration Z" : -0.13277812302112579,
			"Absolute Velocity X" : 33.006282806396484,
			"Absolute Velocity Y" : -0.76722049713134766,
			"Absolute Velocity Z" : -0.20467184484004974,
			"ActorName" : "CAR 01",
			"BoundingBox3D Extent X" : 4.264348030090332,
			"BoundingBox3D Extent Y" : 1.8931920528411865,
			"BoundingBox3D Extent Z" : 1.3021485805511475,
			"BoundingBox3D Orientation Quat W" : -0.99985164403915405,
			"BoundingBox3D Orientation Quat X" : -0.0078395623713731766,
			"BoundingBox3D Orientation Quat Y" : -0.00016468291869387031,
			"BoundingBox3D Orientation Quat Z" : 0.01074370089918375,
			"BoundingBox3D Origin X" : 13.268240928649902,
			"BoundingBox3D Origin Y" : 21.838722229003906,
			"BoundingBox3D Origin Z" : 0.2796400785446167,
			"ObjectId" : 1,
			"ObjectType" : "CAR",
			"Occluded" : 0.0,
			"Relative Acceleration X" : 1.2131404876708984,
			"Relative Acceleration Y" : -0.18835318088531494,
			"Relative Acceleration Z" : -0.28379365801811218,
			"Relative Velocity X" : 19.965061187744141,
			"Relative Velocity Y" : -0.70852303504943848,
			"Relative Velocity Z" : -0.21421341598033905,
			"Truncated" : 0
		},
		{
			"Absolute Acceleration X" : 0.65513700246810913,
			"Absolute Acceleration Y" : -0.09863494336605072,
			"Absolute Acceleration Z" : -0.13608108460903168,
			"Absolute Velocity X" : 31.931344985961914,
			"Absolute Velocity Y" : -0.60773462057113647,
			"Absolute Velocity Z" : 0.035105105489492416,
			"ActorName" : "CAR 02",
			"BoundingBox3D Extent X" : 4.6198415756225586,
			"BoundingBox3D Extent Y" : 1.8999999761581421,
			"BoundingBox3D Extent Z" : 1.3687719106674194,
			"BoundingBox3D Orientation Quat W" : -0.99995976686477661,
			"BoundingBox3D Orientation Quat X" : 0.0012659025378525257,
			"BoundingBox3D Orientation Quat Y" : 0.00069664267357438803,
			"BoundingBox3D Orientation Quat Z" : 0.008412250317633152,
			"BoundingBox3D Origin X" : -32.629646301269531,
			"BoundingBox3D Origin Y" : 23.010402679443359,
			"BoundingBox3D Origin Z" : 0.41895216703414917,
			"ObjectId" : 2,
			"ObjectType" : "CAR",
			"Occluded" : 0.0,
			"Relative Acceleration X" : 0.36560571193695068,
			"Relative Acceleration Y" : -0.37286573648452759,
			"Relative Acceleration Z" : -0.18098439276218414,
			"Relative Velocity X" : 18.89741325378418,
			"Relative Velocity Y" : -0.29968699812889099,
			"Relative Velocity Z" : 0.03886089101433754,
			"Truncated" : 0
		},
		{
			"Absolute Acceleration X" : 0.37832039594650269,
			"Absolute Acceleration Y" : -0.31055241823196411,
			"Absolute Acceleration Z" : -0.022618506103754044,
			"Absolute Velocity X" : 12.998700141906738,
			"Absolute Velocity Y" : -0.66958683729171753,
			"Absolute Velocity Z" : -0.026385726407170296,
			"ActorName" : "CAR 03",
			"BoundingBox3D Extent X" : 4.3967618942260742,
			"BoundingBox3D Extent Y" : 1.8588123321533203,
			"BoundingBox3D Extent Z" : 1.4206863641738892,
			"BoundingBox3D Orientation Quat W" : -0.99966198205947876,
			"BoundingBox3D Orientation Quat X" : -0.00043161373469047248,
			"BoundingBox3D Orientation Quat Y" : -0.0014208046486601233,
			"BoundingBox3D Orientation Quat Z" : 0.025533789768815041,
			"BoundingBox3D Origin X" : -37.571483612060547,
			"BoundingBox3D Origin Y" : 4.1708660125732422,
			"BoundingBox3D Origin Z" : 0.76874440908432007,
			"ObjectId" : 3,
			"ObjectType" : "CAR",
			"Occluded" : 0.0,
			"Relative Acceleration X" : 0.16351097822189331,
			"Relative Acceleration Y" : -0.50740885734558105,
			"Relative Acceleration Z" : 0.064266011118888855,
			"Relative Velocity X" : -0.13824142515659332,
			"Relative Velocity Y" : -0.32904016971588135,
			"Relative Velocity Z" : 0.029937703162431717,
			"Truncated" : 0
		},
		{
			"Absolute Acceleration X" : 0.028405649587512016,
			"Absolute Acceleration Y" : -0.20794601738452911,
			"Absolute Acceleration Z" : -2.0568215847015381,
			"Absolute Velocity X" : 31.214754104614258,
			"Absolute Velocity Y" : -0.77923732995986938,
			"Absolute Velocity Z" : -0.7359083890914917,
			"ActorName" : "CAR 04",
			"BoundingBox3D Extent X" : 4.0999999046325684,
			"BoundingBox3D Extent Y" : 1.6731479167938232,
			"BoundingBox3D Extent Z" : 0.97772371768951416,
			"BoundingBox3D Orientation Quat W" : -0.99964803457260132,
			"BoundingBox3D Orientation Quat X" : 0.0010473472066223621,
			"BoundingBox3D Orientation Quat Y" : -0.018114101141691208,
			"BoundingBox3D Orientation Quat Z" : 0.013316554948687553,
			"BoundingBox3D Origin X" : 35.888401031494141,
			"BoundingBox3D Origin Y" : 21.903167724609375,
			"BoundingBox3D Origin Z" : 0.094977617263793945,
			"ObjectId" : 4,
			"ObjectType" : "CAR",
			"Occluded" : 0.0,
			"Relative Acceleration X" : -0.36531493067741394,
			"Relative Acceleration Y" : 0.2051243782043457,
			"Relative Acceleration Z" : 4.4488468170166016,
			"Relative Velocity X" : 18.191272735595703,
			"Relative Velocity Y" : -0.85328942537307739,
			"Relative Velocity Z" : -1.0439536571502686,
			"Truncated" : 0
		},
		{
			"Absolute Acceleration X" : -1.3141355514526367,
			"Absolute Acceleration Y" : -0.28798094391822815,
			"Absolute Acceleration Z" : -0.00060139945708215237,
			"Absolute Velocity X" : 14.997293472290039,
			"Absolute Velocity Y" : -0.8196755051612854,
			"Absolute Velocity Z" : -0.017826318740844727,
			"ActorName" : "CAR 05",
			"BoundingBox3D Extent X" : 4.2034134864807129,
			"BoundingBox3D Extent Y" : 1.8194049596786499,
			"BoundingBox3D Extent Z" : 1.486355185508728,
			"BoundingBox3D Orientation Quat W" : -0.99964684247970581,
			"BoundingBox3D Orientation Quat X" : 0.0014850122388452291,
			"BoundingBox3D Orientation Quat Y" : 0.00031828085775487125,
			"BoundingBox3D Orientation Quat Z" : 0.026284951716661453,
			"BoundingBox3D Origin X" : -53.605247497558594,
			"BoundingBox3D Origin Y" : 3.5893247127532959,
			"BoundingBox3D Origin Z" : 0.85910302400588989,
			"ObjectId" : 5,
			"ObjectType" : "CAR",
			"Occluded" : 0.0,
			"Relative Acceleration X" : -1.5267314910888672,
			"Relative Acceleration Y" : -0.55040985345840454,
			"Relative Acceleration Z" : 0.12725949287414551,
			"Relative Velocity X" : 1.8572267293930054,
			"Relative Velocity Y" : -0.39156389236450195,
			"Relative Velocity Z" : 0.031791999936103821,
			"Truncated" : 0
		},
		{
			"Absolute Acceleration X" : -0.29608771204948425,
			"Absolute Acceleration Y" : 0.46639296412467957,
			"Absolute Acceleration Z" : -0.0006899207946844399,
			"Absolute Velocity X" : 17.245273590087891,
			"Absolute Velocity Y" : -1.3085861206054688,