{
	"CapturedObjects" : 
	[
		{
			"Absolute Acceleration X" : 0.053195953369140625,
			"Absolute Acceleration Y" : 0.088946118950843811,
			"Absolute Acceleration Z" : 0.011499367654323578,
			"Absolute Velocity X" : 33.860176086425781,
			"Absolute Velocity Y" : -0.2651735246181488,
			"Absolute Velocity Z" : -0.049262203276157379,
			"ActorName" : "CAR 00",
			"BoundingBox3D Extent X" : 4.8987493515014648,
			"BoundingBox3D Extent Y" : 2.3346810340881348,
			"BoundingBox3D Extent Z" : 1.7911391258239746,
			"BoundingBox3D Orientation Quat W" : 0.99999195337295532,
			"BoundingBox3D Orientation Quat X" : 0.00071089545963332057,
			"BoundingBox3D Orientation Quat Y" : 0.00045440011308528483,
			"BoundingBox3D Orientation Quat Z" : -0.0029107888694852591,
			"BoundingBox3D Origin X" : 56.245063781738281,
			"BoundingBox3D Origin Y" : 3.7669742107391357,
			"BoundingBox3D Origin Z" : 0.70590668916702271,
			"ObjectId" : 0,
			"ObjectType" : "CAR",
			"Occluded" : 0.0,
			"Relative Acceleration X" : -0.040500640869140625,
			"Relative Acceleration Y" : 0.13568612933158875,
			"Relative Acceleration Z" : -0.31866449117660522,
			"Relative Velocity X" : 7.4011874198913574,
			"Relative Velocity Y" : 0.10749466717243195,
			"Relative Velocity Z" : -0.10120170563459396,
			"Truncated" : 0
		},
		{
			"Absolute Acceleration X" : 0.265869140625,
			"Absolute Acceleration Y" : -0.030056208372116089,
			"Absolute Acceleration Z" : 0.11602887511253357,
			"Absolute Velocity X" : 30.267927169799805,
			"Absolute Velocity Y" : -0.19542056322097778,
			"Absolute Velocity Z" : -0.11872980743646622,
			"ActorName" : "CAR 01",
			"BoundingBox3D Extent X" : 4.692725658416748,
			"BoundingBox3D Extent Y" : 2.1507890224456787,
			"BoundingBox3D Extent Z" : 1.6784391403198242,
			"BoundingBox3D Orientation Quat W" : 0.99999129772186279,
			"BoundingBox3D Orientation Quat X" : -0.0012030972866341472,
			"BoundingBox3D Orientation Quat Y" : 0.0019857233855873346,
			"BoundingBox3D Orientation Quat Z" : -0.00036002282286062837,
			"BoundingBox3D Origin X" : 13.9793701171875,
			"BoundingBox3D Origin Y" : 3.9620428085327148,
			"BoundingBox3D Origin Z" : 0.7488676905632019,
			"ObjectId" : 1,
			"ObjectType" : "CAR",
			"Occluded" : 0.0,
			"Relative Acceleration X" : 0.17303371429443359,
			"Relative Acceleration Y" : 0.062963664531707764,
			"Relative Acceleration Z" : -0.052187196910381317,
			"Relative Velocity X" : 3.8086256980895996,
			"Relative Velocity Y" : 0.056430727243423462,
			"Relative Velocity Z" : -0.024607231840491295,
			"Truncated" : 0
		},
		{
			"Absolute Acceleration X" : -0.20867156982421875,
			"Absolute Acceleration Y" : -0.1120159775018692,
			"Absolute Acceleration Z" : -0.043539941310882568,
			"Absolute Velocity X" : 26.929237365722656,
			"Absolute Velocity Y" : -0.10811224579811096,
			"Absolute Velocity Z" : -0.17773014307022095,
			"ActorName" : "CAR 03",
			"BoundingBox3D Extent X" : 4.3168878555297852,
			"BoundingBox3D Extent Y" : 2.1278455257415771,
			"BoundingBox3D Extent Z" : 1.6856460571289062,
			"BoundingBox3D Orientation Quat W" : 0.99997329711914062,
			"BoundingBox3D Orientation Quat X" : 0.0060635297559201717,
			"BoundingBox3D Orientation Quat Y" : 0.0028644588310271502,
			"BoundingBox3D Orientation Quat Z" : 0.00041371124098077416,
			"BoundingBox3D Origin X" : -22.882022857666016,
			"BoundingBox3D Origin Y" : 1.0551602840423584,
			"BoundingBox3D Origin Z" : 0.92410218715667725,
			"ObjectId" : 3,
			"ObjectType" : "CAR",
			"Occluded" : 0.0,
			"Relative Acceleration X" : -0.30566418170928955,
			"Relative Acceleration Y" : 0.0201402697712183,
			"Relative Acceleration Z" : -0.048274029046297073,
			"Relative Velocity X" : 0.47902199625968933,
			"Relative Velocity Y" : 0.038543306291103363,
			"Relative Velocity Z" : 0.051810771226882935,
			"Truncated" : 0
		},
		{
			"Absolute Acceleration X" : -0.30860099196434021,
			"Absolute Acceleration Y" : -0.38336852192878723,
			"Absolute Acceleration Z" : 0.068556420505046844,
			"Absolute Velocity X" : 35.102931976318359,
			"Absolute Velocity Y" : -0.4522060751914978,
			"Absolute Velocity Z" : -0.17468518018722534,
			"ActorName" : "CAR 04",
			"BoundingBox3D Extent X" : 4.0999999046325684,
			"BoundingBox3D Extent Y" : 1.8915352821350098,
			"BoundingBox3D Extent Z" : 1.5626697540283203,
			"BoundingBox3D Orientation Quat W" : 0.99995982646942139,
			"BoundingBox3D Orientation Quat X" : 0.0047624693252146244,
			"BoundingBox3D Orientation Quat Y" : 0.0014534799847751856,
			"BoundingBox3D Orientation Quat Z" : -0.0069649564102292061,
			"BoundingBox3D Origin X" : 171.62814331054688,
			"BoundingBox3D Origin Y" : 2.967400074005127,
			"BoundingBox3D Origin Z" : 0.062081083655357361,
			"ObjectId" : 4,
			"ObjectType" : "CAR",
			"Occluded" : 0.0,
			"Relative Acceleration X" : -0.40871387720108032,
			"Relative Acceleration Y" : -0.44429510831832886,
			"Relative Acceleration Z" : -1.1138087511062622,
			"Relative Velocity X" : 8.6474523544311523,
			"Relative Velocity Y" : 0.31412816047668457,
			"Relative Velocity Z" : -1.1807401180267334,
			"Truncated" : 0
		},
		{
			"Absolute Acceleration X" : -0.33259963989257812,
			"Absolute Acceleration Y" : -0.069492064416408539,
			"Absolute Acceleration Z" : -0.041112512350082397,
			"Absolute Velocity X" : 26.354721069335938,
			"Absolute Velocity Y" : -0.14406885206699371,
			"Absolute Velocity Z" : -0.042029816657304764,
			"ActorName" : "CAR 13",
			"BoundingBox3D Extent X" : 4.2157607078552246,
			"BoundingBox3D Extent Y" : 1.7754096984863281,
			"BoundingBox3D Extent Z" : 2.0899450778961182,
			"BoundingBox3D Orientation Quat W" : 0.99999433755874634,
			"BoundingBox3D Orientation Quat X" : 0.0012853206135332584,
			"BoundingBox3D Orientation Quat Y" : 0.00051141198491677642,
			"BoundingBox3D Orientation Quat Z" : -0.0019096112810075283,
			"BoundingBox3D Origin X" : 73.458419799804688,
			"BoundingBox3D Origin Y" : -0.27230557799339294,
			"BoundingBox3D Origin Z" : 0.81984174251556396,
			"ObjectId" : 13,
			"ObjectType" : "CAR",
			"Occluded" : 0.0,
			"Relative Acceleration X" : -0.43363893032073975,
			"Relative Acceleration Y" : -0.10239085555076599,
			"Relative Acceleration Z" : -0.38110506534576416,
			"Relative Velocity X" : -0.091951921582221985,
			"Relative Velocity Y" : 0.28378191590309143,
			"Relative Velocity Z" : -0.13783493638038635,
			"Truncated" : 0
		},
		{
			"Absolute Acceleration X" : 1.1197338104248047,
			"Absolute Acceleration Y" : 0.11720068007707596,
			"Absolute Acceleration Z" : -0.061154123395681381,
			"Absolute Velocity X" : 25.256755828857422,
			"Absolute Velocity Y" : 0.22705776989459991,
			"Absolute Velocity Z" : 0.021561162546277046,
			"ActorName" : "CAR 17",
			"BoundingBox3D Extent X" : 4.0999999046325684,
			"BoundingBox3D Extent Y" : 1.6638205051422119,
			"BoundingBox3D Extent Z" : 1.9409711360931396,
			"BoundingBox3D Orientation Quat W" : 0.9999811053276062,
			"BoundingBox3D Orientation Quat X" : 0.0042540859431028366,
			"BoundingBox3D Orientation Quat Y" : -0.00043110043043270707,
			"BoundingBox3D Orientation Quat Z" : 0.0037744443397969007,
			"BoundingBox3D Origin X" : -129.44427490234375,
			"BoundingBox3D Origin Y" : 1.5179526805877686,
			"BoundingBox3D Origin Z" : 1.4810155630111694,
			"ObjectId" : 17,
			"ObjectType" : "CAR",
			"Occluded" : 0.0,
			"Relative Acceleration X" : 1.0263142585754395,
			"Relative Acceleration Y" : 0.41726073622703552,
			"Relative Acceleration Z" : 0.31664198637008667,
			"Relative Velocity X" : -1.1926546096801758,
			"Relative Velocity Y" : 0.066802337765693665,
			"Relative Velocity Z" : 0.61330705881118774,
			"Truncated" : 0
		},
		{
			"Absolute Acceleration X" : -0.036714553833007812,
			"Absolute Acceleration Y" : -0.025911860167980194,
			"Absolute Acceleration Z" : 0.039129979908466339,
			"Absolute Velocity X" : 27.042861938476562,
			"Absolute Velocity Y" : 0.0096707800403237343,