{
	"CapturedObjects" : 
	[
		{
			"Absolute Acceleration X" : -0.044099807739257812,
			"Absolute Acceleration Y" : -0.12659767270088196,
			"Absolute Acceleration Z" : 0.054050207138061523,
			"Absolute Velocity X" : 26.632408142089844,
			"Absolute Velocity Y" : -0.14166717231273651,
			"Absolute Velocity Z" : -0.32716289162635803,
			"ActorName" : "CAR 00",
			"BoundingBox3D Extent X" : 4.3256669044494629,
			"BoundingBox3D Extent Y" : 2.2182471752166748,
			"BoundingBox3D Extent Z" : 1.6845625638961792,
			"BoundingBox3D Orientation Quat W" : 0.99993562698364258,
			"BoundingBox3D Orientation Quat X" : 0.0035158088430762291,
			"BoundingBox3D Orientation Quat Y" : 0.0058150803670287132,
			"BoundingBox3D Orientation Quat Z" : -0.0088337715715169907,
			"BoundingBox3D Origin X" : -23.021034240722656,
			"BoundingBox3D Origin Y" : 0.97324466705322266,
			"BoundingBox3D Origin Z" : 1.0389765501022339,
			"ObjectId" : 0,
			"ObjectType" : "CAR",
			"Occluded" : 0.0,
			"Relative Acceleration X" : -0.069912999868392944,
			"Relative Acceleration Y" : 0.15076561272144318,
			"Relative Acceleration Z" : -0.25228613615036011,
			"Relative Velocity X" : -0.20579583942890167,
			"Relative Velocity Y" : -0.019732514396309853,
			"Relative Velocity Z" : -0.008771158754825592,
			"Truncated" : 0
		},
		{
			"Absolute Acceleration X" : -0.40517044067382812,
			"Absolute Acceleration Y" : 0.044354557991027832,
			"Absolute Acceleration Z" : -0.036839842796325684,
			"Absolute Velocity X" : 25.88068962097168,
			"Absolute Velocity Y" : -0.3475397527217865,
			"Absolute Velocity Z" : -0.39155083894729614,
			"ActorName" : "CAR 01",
			"BoundingBox3D Extent X" : 4.0999999046325684,
			"BoundingBox3D Extent Y" : 1.6430835723876953,
			"BoundingBox3D Extent Z" : 1.4837304353713989,
			"BoundingBox3D Orientation Quat W" : 0.99995112419128418,
			"BoundingBox3D Orientation Quat X" : -0.00013482506619766355,
			"BoundingBox3D Orientation Quat Y" : 0.0075990976765751839,
			"BoundingBox3D Orientation Quat Z" : -0.0058157672174274921,
			"BoundingBox3D Origin X" : 49.417903900146484,
			"BoundingBox3D Origin Y" : 0.20718812942504883,
			"BoundingBox3D Origin Z" : 0.073180705308914185,
			"ObjectId" : 1,
			"ObjectType" : "CAR",
			"Occluded" : 0.0,
			"Relative Acceleration X" : -0.42695993185043335,
			"Relative Acceleration Y" : -0.15439414978027344,
			"Relative Acceleration Z" : 0.48176848888397217,
			"Relative Velocity X" : -0.95456439256668091,
			"Relative Velocity Y" : 0.030623422935605049,
			"Relative Velocity Z" : -0.056193850934505463,
			"Truncated" : 0
		},
		{
			"Absolute Acceleration X" : 0.9769744873046875,
			"Absolute Acceleration Y" : -0.10363183915615082,
			"Absolute Acceleration Z" : -0.12267154455184937,
			"Absolute Velocity X" : 31.851718902587891,
			"Absolute Velocity Y" : -0.27401989698410034,
			"Absolute Velocity Z" : -0.46318840980529785,
			"ActorName" : "CAR 02",
			"BoundingBox3D Extent X" : 4.2486448287963867,
			"BoundingBox3D Extent Y" : 2.080385684967041,
			"BoundingBox3D Extent Z" : 1.7102546691894531,
			"BoundingBox3D Orientation Quat W" : 0.99995744228363037,
			"BoundingBox3D Orientation Quat X" : -0.0007934673922136426,
			"BoundingBox3D Orientation Quat Y" : 0.0068276491947472095,
			"BoundingBox3D Orientation Quat Z" : -0.0057737026363611221,
			"BoundingBox3D Origin X" : 34.381393432617188,
			"BoundingBox3D Origin Y" : 3.7298319339752197,
			"BoundingBox3D Origin Z" : 0.40745195746421814,
			"ObjectId" : 2,
			"ObjectType" : "CAR",
			"Occluded" : 0.0,
			"Relative Acceleration X" : 0.97484683990478516,
			"Relative Acceleration Y" : -0.15889015793800354,
			"Relative Acceleration Z" : 0.26144453883171082,
			"Relative Velocity X" : 5.0041275024414062,
			"Relative Velocity Y" : 0.0420999675989151,
			"Relative Velocity Z" : -0.13040193915367126,
			"Truncated" : 0
		},
		{
			"Absolute Acceleration X" : -0.13629341125488281,
			"Absolute Acceleration Y" : 0.11874674260616302,
			"Absolute Acceleration Z" : -0.1069280207157135,
			"Absolute Velocity X" : 25.706489562988281,
			"Absolute Velocity Y" : -0.18495059013366699,
			"Absolute Velocity Z" : -0.45570111274719238,
			"ActorName" : "CAR 03",
			"BoundingBox3D Extent X" : 4.277015209197998,
			"BoundingBox3D Extent Y" : 1.7916508913040161,
			"BoundingBox3D Extent Z" : 2.0896675586700439,
			"BoundingBox3D Orientation Quat W" : 0.99994492530822754,
			"BoundingBox3D Orientation Quat X" : 0.0012786498991772532,
			"BoundingBox3D Orientation Quat Y" : 0.0085176024585962296,
			"BoundingBox3D Orientation Quat Z" : -0.0055688340216875076,
			"BoundingBox3D Origin X" : 70.686767578125,
			"BoundingBox3D Origin Y" : -0.60301631689071655,
			"BoundingBox3D Origin Z" : 0.039300695061683655,
			"ObjectId" : 3,
			"ObjectType" : "CAR",
			"Occluded" : 0.0,
			"Relative Acceleration X" : -0.16416549682617188,
			"Relative Acceleration Y" : -0.22062903642654419,
			"Relative Acceleration Z" : 0.65654075145721436,
			"Relative Velocity X" : -1.1254631280899048,
			"Relative Velocity Y" : 0.26897740364074707,
			"Relative Velocity Z" : -0.1142982691526413,
			"Truncated" : 0
		},
		{
			"Absolute Acceleration X" : -0.081121444702148438,
			"Absolute Acceleration Y" : -0.88081127405166626,
			"Absolute Acceleration Z" : 0.36582276225090027,
			"Absolute Velocity X" : -24.305103302001953,
			"Absolute Velocity Y" : -0.038265969604253769,
			"Absolute Velocity Z" : -0.13090223073959351,
			"ActorName" : "CAR 05",
			"BoundingBox3D Extent X" : 7.6262812614440918,
			"BoundingBox3D Extent Y" : 2.7959113121032715,
			"BoundingBox3D Extent Z" : 1.086590051651001,
			"BoundingBox3D Orientation Quat W" : -0.0023441002704203129,
			"BoundingBox3D Orientation Quat X" : 2.8381438823998906e-05,
			"BoundingBox3D Orientation Quat Y" : 0.0010433694114908576,
			"BoundingBox3D Orientation Quat Z" : 0.99997586011886597,
			"BoundingBox3D Origin X" : 101.63022613525391,
			"BoundingBox3D Origin Y" : 11.175841331481934,
			"BoundingBox3D Origin Z" : 1.0580871105194092,
			"ObjectId" : 5,
			"ObjectType" : "CAR",
			"Occluded" : 0.0,
			"Relative Acceleration X" : -0.0573883056640625,
			"Relative Acceleration Y" : -1.8365159034729004,
			"Relative Acceleration Z" : 1.1620266437530518,
			"Relative Velocity X" : -51.177776336669922,
			"Relative Velocity Y" : 0.61120414733886719,
			"Relative Velocity Z" : 0.13570846617221832,
			"Truncated" : 0
		}
	],
	"FrameId" : 15169,
	"Timestamp" : 1676039842915409160,
	"TimestampMiddle" : 1676039842898409160
}