{
	"CapturedObjects" : 
	[
		{
			"Absolute Acceleration X" : 0.15638351440429688,
			"Absolute Acceleration Y" : 0.006671123206615448,
			"Absolute Acceleration Z" : 0.031666457653045654,
			"Absolute Velocity X" : 22.127254486083984,
			"Absolute Velocity Y" : -0.046998608857393265,
			"Absolute Velocity Z" : -0.22529084980487823,
			"ActorName" : "CAR 01",
			"BoundingBox3D Extent X" : 4.334075927734375,
			"BoundingBox3D Extent Y" : 2.0256328582763672,
			"BoundingBox3D Extent Z" : 1.5192403793334961,
			"BoundingBox3D Orientation Quat W" : 0.9999849796295166,
			"BoundingBox3D Orientation Quat X" : 0.00028879873570986092,
			"BoundingBox3D Orientation Quat Y" : 0.0050543299876153469,
			"BoundingBox3D Orientation Quat Z" : -0.0010479892371222377,
			"BoundingBox3D Origin X" : -21.422159194946289,
			"BoundingBox3D Origin Y" : 0.48632630705833435,
			"BoundingBox3D Origin Z" : 0.897286057472229,
			"ObjectId" : 1,
			"ObjectType" : "CAR",
			"Occluded" : 0.0,
			"Relative Acceleration X" : 0.11392311006784439,
			"Relative Acceleration Y" : 0.010740935802459717,
			"Relative Acceleration Z" : 0.015867559239268303,
			"Relative Velocity X" : -0.12228816747665405,
			"Relative Velocity Y" : 0.20112217962741852,
			"Relative Velocity Z" : -0.065545901656150818,
			"Truncated" : 0
		},
		{
			"Absolute Acceleration X" : -0.10199165344238281,
			"Absolute Acceleration Y" : 0.18783317506313324,
			"Absolute Acceleration Z" : 0.13026978075504303,
			"Absolute Velocity X" : 26.637371063232422,
			"Absolute Velocity Y" : -0.13271006941795349,
			"Absolute Velocity Z" : -0.22740781307220459,
			"ActorName" : "TRUCK 02",
			"BoundingBox3D Extent X" : 11.0,
			"BoundingBox3D Extent Y" : 2.6529262065887451,
			"BoundingBox3D Extent Z" : 3.0765602588653564,
			"BoundingBox3D Orientation Quat W" : 0.99989825487136841,
			"BoundingBox3D Orientation Quat X" : -0.0056465626694262028,
			"BoundingBox3D Orientation Quat Y" : 0.0049333465285599232,
			"BoundingBox3D Orientation Quat Z" : -0.0026095588691532612,
			"BoundingBox3D Origin X" : 83.391853332519531,
			"BoundingBox3D Origin Y" : 15.720650672912598,
			"BoundingBox3D Origin Z" : 0.39177024364471436,
			"ObjectId" : 2,
			"ObjectType" : "TRUCK",
			"Occluded" : 0.0,
			"Relative Acceleration X" : -0.12320375442504883,
			"Relative Acceleration Y" : 0.040314406156539917,
			"Relative Acceleration Z" : 0.29690319299697876,
			"Relative Velocity X" : 4.407618522644043,
			"Relative Velocity Y" : -0.015569111332297325,
			"Relative Velocity Z" : 0.13647954165935516,
			"Truncated" : 0
		},
		{
			"Absolute Acceleration X" : 0.021839141845703125,
			"Absolute Acceleration Y" : -0.20756450295448303,
			"Absolute Acceleration Z" : -0.0019873231649398804,
			"Absolute Velocity X" : 23.147491455078125,
			"Absolute Velocity Y" : -0.21941946446895599,
			"Absolute Velocity Z" : -0.19421155750751495,
			"ActorName" : "CAR 04",
			"BoundingBox3D Extent X" : 4.1162319183349609,
			"BoundingBox3D Extent Y" : 1.7154102325439453,
			"BoundingBox3D Extent Z" : 1.4888672828674316,
			"BoundingBox3D Orientation Quat W" : 0.99998283386230469,
			"BoundingBox3D Orientation Quat X" : -0.001817986136302352,
			"BoundingBox3D Orientation Quat Y" : 0.0041141947731375694,
			"BoundingBox3D Orientation Quat Z" : -0.0032814210280776024,
			"BoundingBox3D Origin X" : 41.760818481445312,
			"BoundingBox3D Origin Y" : 0.19691680371761322,
			"BoundingBox3D Origin Z" : 0.34433349967002869,
			"ObjectId" : 4,
			"ObjectType" : "CAR",
			"Occluded" : 0.0,
			"Relative Acceleration X" : -0.021294593811035156,
			"Relative Acceleration Y" : -0.28876391053199768,
			"Relative Acceleration Z" : 0.012416429817676544,
			"Relative Velocity X" : 0.89841943979263306,
			"Relative Velocity Y" : -0.049589846283197403,
			"Relative Velocity Z" : 0.067994736135005951,
			"Truncated" : 0
		},
		{
			"Absolute Acceleration X" : -0.22900962829589844,
			"Absolute Acceleration Y" : -0.06974068284034729,
			"Absolute Acceleration Z" : 0.043223053216934204,
			"Absolute Velocity X" : 27.307670593261719,
			"Absolute Velocity Y" : -0.4058799147605896,
			"Absolute Velocity Z" : -0.32766783237457275,
			"ActorName" : "CAR 12",
			"BoundingBox3D Extent X" : 4.5750732421875,
			"BoundingBox3D Extent Y" : 1.8780477046966553,
			"BoundingBox3D Extent Z" : 1.9186064004898071,
			"BoundingBox3D Orientation Quat W" : -0.99993699789047241,
			"BoundingBox3D Orientation Quat X" : 0.0049371197819709778,
			"BoundingBox3D Orientation Quat Y" : -0.0046932646073400974,
			"BoundingBox3D Orientation Quat Z" : 0.0081275636330246925,
			"BoundingBox3D Origin X" : 59.051788330078125,
			"BoundingBox3D Origin Y" : 15.715808868408203,
			"BoundingBox3D Origin Z" : 0.079552322626113892,
			"ObjectId" : 12,
			"ObjectType" : "CAR",
			"Occluded" : 0.0,
			"Relative Acceleration X" : -0.25073528289794922,
			"Relative Acceleration Y" : -0.18183976411819458,
			"Relative Acceleration Z" : 0.19680805504322052,
			"Relative Velocity X" : 5.0783796310424805,
			"Relative Velocity Y" : -0.2570936381816864,
			"Relative Velocity Z" : -0.0051661017350852489,
			"Truncated" : 0
		},
		{
			"Absolute Acceleration X" : -0.48117256164550781,
			"Absolute Acceleration Y" : 0.034585326910018921,
			"Absolute Acceleration Z" : 0.034286022186279297,
			"Absolute Velocity X" : 23.756338119506836,
			"Absolute Velocity Y" : -0.45194095373153687,
			"Absolute Velocity Z" : -0.39097610116004944,
			"ActorName" : "CAR 14",
			"BoundingBox3D Extent X" : 4.102569580078125,
			"BoundingBox3D Extent Y" : 2.0015368461608887,
			"BoundingBox3D Extent Z" : 0.78410714864730835,
			"BoundingBox3D Orientation Quat W" : 0.99992644786834717,
			"BoundingBox3D Orientation Quat X" : -0.0059021762572228909,
			"BoundingBox3D Orientation Quat Y" : 0.008885030634701252,
			"BoundingBox3D Orientation Quat Z" : -0.0039786002598702908,
			"BoundingBox3D Origin X" : -109.92122650146484,
			"BoundingBox3D Origin Y" : -2.1191871166229248,
			"BoundingBox3D Origin Z" : 1.6417955160140991,
			"ObjectId" : 14,
			"ObjectType" : "CAR",
			"Occluded" : 0.0,
			"Relative Acceleration X" : -0.52789986133575439,
			"Relative Acceleration Y" : 0.15236176550388336,
			"Relative Acceleration Z" : -0.046421170234680176,
			"Relative Velocity X" : 1.5023406744003296,
			"Relative Velocity Y" : -0.093682140111923218,
			"Relative Velocity Z" : -0.38396492600440979,
			"Truncated" : 0
		},
		{
			"Absolute Acceleration X" : -2.2659740447998047,
			"Absolute Acceleration Y" : -0.17707936465740204,
			"Absolute Acceleration Z" : 0.014102235436439514,
			"Absolute Velocity X" : 23.206655502319336,
			"Absolute Velocity Y" : -0.18429176509380341,
			"Absolute Velocity Z" : -0.19984327256679535,
			"ActorName" : "CAR 15",
			"BoundingBox3D Extent X" : 4.2353057861328125,
			"BoundingBox3D Extent Y" : 1.4286812543869019,
			"BoundingBox3D Extent Z" : 1.6798857450485229,
			"BoundingBox3D Orientation Quat W" : 0.99997895956039429,
			"BoundingBox3D Orientation Quat X" : 0.001816926640458405,
			"BoundingBox3D Orientation Quat Y" : 0.0041839089244604111,
			"BoundingBox3D Orientation Quat Z" : -0.00422678142786026,
			"BoundingBox3D Origin X" : 73.353187561035156,
			"BoundingBox3D Origin Y" : -0.12722304463386536,
			"BoundingBox3D Origin Z" : 0.1645829975605011,
			"ObjectId" : 15,
			"ObjectType" : "CAR",
			"Occluded" : 0.0,
			"Relative Acceleration X" : -2.3094508647918701,
			"Relative Acceleration Y" : -0.29723262786865234,
			"Relative Acceleration Z" : 0.040713869035243988,
			"Relative Velocity X" : 0.95750612020492554,
			"Relative Velocity Y" : -0.053609889000654221,
			"Relative Velocity Z" : 0.11376426368951797,
			"Truncated" : 0
		},
		{
			"Absolute Acceleration X" : 0.14892196655273438,
			"Absolute Acceleration Y" : 0.11045414209365845,
			"Absolute Acceleration Z" : 0.09044349193572998,
			"Absolute Velocity X" : 24.834648132324219,
			"Absolute Velocity Y" : -0.79938268661499023,