{
	"CapturedObjects" : 
	[
		{
			"Absolute Acceleration X" : -0.2781982421875,
			"Absolute Acceleration Y" : -1.0857033729553223,
			"Absolute Acceleration Z" : 0.1823798269033432,
			"Absolute Velocity X" : 31.708705902099609,
			"Absolute Velocity Y" : 0.051184799522161484,
			"Absolute Velocity Z" : -0.24722672998905182,
			"ActorName" : "CAR 00",
			"BoundingBox3D Extent X" : 4.5042562484741211,
			"BoundingBox3D Extent Y" : 1.9098014831542969,
			"BoundingBox3D Extent Z" : 1.5026005506515503,
			"BoundingBox3D Orientation Quat W" : 0.99998193979263306,
			"BoundingBox3D Orientation Quat X" : -0.0015379474498331547,
			"BoundingBox3D Orientation Quat Y" : 0.0042954427190124989,
			"BoundingBox3D Orientation Quat Z" : 0.0014170975191518664,
			"BoundingBox3D Origin X" : -3.8252427577972412,
			"BoundingBox3D Origin Y" : 4.7822360992431641,
			"BoundingBox3D Origin Z" : 0.76090484857559204,
			"ObjectId" : 0,
			"ObjectType" : "CAR",
			"Occluded" : 0.0,
			"Relative Acceleration X" : -0.044439315795898438,
			"Relative Acceleration Y" : -0.17950266599655151,
			"Relative Acceleration Z" : 0.010135956108570099,
			"Relative Velocity X" : 3.8766212463378906,
			"Relative Velocity Y" : 0.14790241420269012,
			"Relative Velocity Z" : -0.00098943628836423159,
			"Truncated" : 0
		},
		{
			"Absolute Acceleration X" : -0.12692642211914062,
			"Absolute Acceleration Y" : -1.0734803676605225,
			"Absolute Acceleration Z" : 0.18572127819061279,
			"Absolute Velocity X" : 32.552028656005859,
			"Absolute Velocity Y" : -0.81154876947402954,
			"Absolute Velocity Z" : -0.12181133776903152,
			"ActorName" : "CAR 01",
			"BoundingBox3D Extent X" : 4.5348529815673828,
			"BoundingBox3D Extent Y" : 1.9780007600784302,
			"BoundingBox3D Extent Z" : 1.5060240030288696,
			"BoundingBox3D Orientation Quat W" : -0.99992078542709351,
			"BoundingBox3D Orientation Quat X" : 0.00011487387382658198,
			"BoundingBox3D Orientation Quat Y" : -0.0022103353403508663,
			"BoundingBox3D Orientation Quat Z" : 0.011974629946053028,
			"BoundingBox3D Origin X" : 19.918676376342773,
			"BoundingBox3D Origin Y" : 4.0364794731140137,
			"BoundingBox3D Origin Z" : 0.62571507692337036,
			"ObjectId" : 1,
			"ObjectType" : "CAR",
			"Occluded" : 0.0,
			"Relative Acceleration X" : 0.13307094573974609,
			"Relative Acceleration Y" : -0.14827951788902283,
			"Relative Acceleration Z" : 0.017045069485902786,
			"Relative Velocity X" : 4.7373490333557129,
			"Relative Velocity Y" : -0.11722357571125031,
			"Relative Velocity Z" : -0.049330055713653564,
			"Truncated" : 0
		},
		{
			"Absolute Acceleration X" : 0.11485099792480469,
			"Absolute Acceleration Y" : -2.0093564987182617,
			"Absolute Acceleration Z" : 0.047671288251876831,
			"Absolute Velocity X" : 17.359203338623047,
			"Absolute Velocity Y" : -0.43278047442436218,
			"Absolute Velocity Z" : 0.16254064440727234,
			"ActorName" : "TRUCK 02",
			"BoundingBox3D Extent X" : 11.0,
			"BoundingBox3D Extent Y" : 2.815864086151123,
			"BoundingBox3D Extent Z" : 3.5491955280303955,
			"BoundingBox3D Orientation Quat W" : 0.99998056888580322,
			"BoundingBox3D Orientation Quat X" : -0.0021102570462971926,
			"BoundingBox3D Orientation Quat Y" : -0.00423392653465271,
			"BoundingBox3D Orientation Quat Z" : 0.001729692448861897,
			"BoundingBox3D Origin X" : 79.799507141113281,
			"BoundingBox3D Origin Y" : -7.5231409072875977,
			"BoundingBox3D Origin Z" : 1.8066310882568359,
			"ObjectId" : 2,
			"ObjectType" : "TRUCK",
			"Occluded" : 0.0,
			"Relative Acceleration X" : 0.29245853424072266,
			"Relative Acceleration Y" : -1.9295556545257568,
			"Relative Acceleration Z" : 0.02115301787853241,
			"Relative Velocity X" : -10.14928150177002,
			"Relative Velocity Y" : 1.7792898416519165,
			"Relative Velocity Z" : -0.16654108464717865,
			"Truncated" : 0
		},
		{
			"Absolute Acceleration X" : -0.1604156494140625,
			"Absolute Acceleration Y" : -0.78087466955184937,
			"Absolute Acceleration Z" : 0.14821255207061768,
			"Absolute Velocity X" : 26.530946731567383,
			"Absolute Velocity Y" : -1.0593560934066772,
			"Absolute Velocity Z" : 0.03758670762181282,
			"ActorName" : "CAR 04",
			"BoundingBox3D Extent X" : 4.1167516708374023,
			"BoundingBox3D Extent Y" : 1.7308224439620972,
			"BoundingBox3D Extent Z" : 1.4999700784683228,
			"BoundingBox3D Orientation Quat W" : -0.99967259168624878,
			"BoundingBox3D Orientation Quat X" : -0.0016771304653957486,
			"BoundingBox3D Orientation Quat Y" : 0.0011075311340391636,
			"BoundingBox3D Orientation Quat Z" : 0.025430271402001381,
			"BoundingBox3D Origin X" : 45.007976531982422,
			"BoundingBox3D Origin Y" : -0.49864882230758667,
			"BoundingBox3D Origin Z" : 0.56464225053787231,
			"ObjectId" : 4,
			"ObjectType" : "CAR",
			"Occluded" : 0.0,
			"Relative Acceleration X" : 0.092415571212768555,
			"Relative Acceleration Y" : -0.1890396773815155,
			"Relative Acceleration Z" : 0.043266773223876953,
			"Relative Velocity X" : -1.1700875759124756,
			"Relative Velocity Y" : 0.26883193850517273,
			"Relative Velocity Z" : -0.059812404215335846,
			"Truncated" : 0
		},
		{
			"Absolute Acceleration X" : -0.0734100341796875,
			"Absolute Acceleration Y" : -0.56249284744262695,
			"Absolute Acceleration Z" : 0.095565915107727051,
			"Absolute Velocity X" : 24.79443359375,
			"Absolute Velocity Y" : -3.3489623069763184,
			"Absolute Velocity Z" : 0.44248306751251221,
			"ActorName" : "CAR 05",
			"BoundingBox3D Extent X" : 4.0999999046325684,
			"BoundingBox3D Extent Y" : 1.8278701305389404,
			"BoundingBox3D Extent Z" : 1.5071696043014526,
			"BoundingBox3D Orientation Quat W" : -0.99758398532867432,
			"BoundingBox3D Orientation Quat X" : 0.000530571851413697,
			"BoundingBox3D Orientation Quat Y" : 0.0080855656415224075,
			"BoundingBox3D Orientation Quat Z" : 0.068951316177845001,
			"BoundingBox3D Origin X" : 127.30548095703125,
			"BoundingBox3D Origin Y" : -7.9471554756164551,
			"BoundingBox3D Origin Z" : 1.3656584024429321,
			"ObjectId" : 5,
			"ObjectType" : "CAR",
			"Occluded" : 0.0,
			"Relative Acceleration X" : 0.23371410369873047,
			"Relative Acceleration Y" : -0.15481197834014893,
			"Relative Acceleration Z" : 0.022389635443687439,
			"Relative Velocity X" : -2.7134137153625488,
			"Relative Velocity Y" : 0.054744791239500046,
			"Relative Velocity Z" : -0.2413901686668396,
			"Truncated" : 0
		},
		{
			"Absolute Acceleration X" : 0.83706444501876831,
			"Absolute Acceleration Y" : -0.64628028869628906,
			"Absolute Acceleration Z" : -0.057972557842731476,
			"Absolute Velocity X" : -32.101959228515625,
			"Absolute Velocity Y" : -1.2825298309326172,
			"Absolute Velocity Z" : 0.34716752171516418,
			"ActorName" : "CAR 08",
			"BoundingBox3D Extent X" : 4.242802619934082,
			"BoundingBox3D Extent Y" : 1.8973687887191772,
			"BoundingBox3D Extent Z" : 1.1037278175354004,
			"BoundingBox3D Orientation Quat W" : -0.017642725259065628,
			"BoundingBox3D Orientation Quat X" : 0.004832160659134388,
			"BoundingBox3D Orientation Quat Y" : 0.0023379907943308353,
			"BoundingBox3D Orientation Quat Z" : 0.9998282790184021,
			"BoundingBox3D Origin X" : -57.017459869384766,
			"BoundingBox3D Origin Y" : 10.185091018676758,
			"BoundingBox3D Origin Z" : 1.5882761478424072,
			"ObjectId" : 8,
			"ObjectType" : "CAR",
			"Occluded" : 0.0,
			"Relative Acceleration X" : 1.1084654331207275,
			"Relative Acceleration Y" : -3.049379825592041,
			"Relative Acceleration Z" : 0.50109368562698364,
			"Relative Velocity X" : -60.060440063476562,
			"Relative Velocity Y" : -2.4967899322509766,
			"Relative Velocity Z" : 0.99651563167572021,
			"Truncated" : 0
		},
		{
			"Absolute Acceleration X" : 0.48909950256347656,
			"Absolute Acceleration Y" : -0.61888235807418823,
			"Absolute Acceleration Z" : -0.02427615225315094,
			"Absolute Velocity X" : -31.591636657714844,
			"Absolute Velocity Y" : -0.79627180099487305,
			"Absolute Velocity Z" : 0.32294335961341858,
			"ActorName" : "CAR 09",