{
	"CapturedObjects" : 
	[
		{
			"Absolute Acceleration X" : 0.13961982727050781,
			"Absolute Acceleration Y" : 0.24311566352844238,
			"Absolute Acceleration Z" : -0.029626592993736267,
			"Absolute Velocity X" : 22.727872848510742,
			"Absolute Velocity Y" : 0.45355021953582764,
			"Absolute Velocity Z" : -0.23132108151912689,
			"ActorName" : "CAR 01",
			"BoundingBox3D Extent X" : 4.9576702117919922,
			"BoundingBox3D Extent Y" : 1.8935643434524536,
			"BoundingBox3D Extent Z" : 1.7944116592407227,
			"BoundingBox3D Orientation Quat W" : 0.99962961673736572,
			"BoundingBox3D Orientation Quat X" : -0.026266250759363174,
			"BoundingBox3D Orientation Quat Y" : 0.004685581661760807,
			"BoundingBox3D Orientation Quat Z" : 0.0044052307493984699,
			"BoundingBox3D Origin X" : 23.169729232788086,
			"BoundingBox3D Origin Y" : 16.833990097045898,
			"BoundingBox3D Origin Z" : 0.45866316556930542,
			"ObjectId" : 1,
			"ObjectType" : "CAR",
			"Occluded" : 0.0,
			"Relative Acceleration X" : 0.099303603172302246,
			"Relative Acceleration Y" : -0.12922185659408569,
			"Relative Acceleration Z" : -0.016075646504759789,
			"Relative Velocity X" : 0.98467534780502319,
			"Relative Velocity Y" : 0.3374825119972229,
			"Relative Velocity Z" : -0.00062056619208306074,
			"Truncated" : 0
		},
		{
			"Absolute Acceleration X" : -0.18307113647460938,
			"Absolute Acceleration Y" : 0.18982356786727905,
			"Absolute Acceleration Z" : 0.0016159266233444214,
			"Absolute Velocity X" : 22.240381240844727,
			"Absolute Velocity Y" : 0.21208888292312622,
			"Absolute Velocity Z" : -0.2377115786075592,
			"ActorName" : "CAR 04",
			"BoundingBox3D Extent X" : 4.2017726898193359,
			"BoundingBox3D Extent Y" : 1.6525812149047852,
			"BoundingBox3D Extent Z" : 1.5048118829727173,
			"BoundingBox3D Orientation Quat W" : 0.99996852874755859,
			"BoundingBox3D Orientation Quat X" : -0.001474610180594027,
			"BoundingBox3D Orientation Quat Y" : 0.0050595416687428951,
			"BoundingBox3D Orientation Quat Z" : 0.004222014918923378,
			"BoundingBox3D Origin X" : 30.502798080444336,
			"BoundingBox3D Origin Y" : 1.3008830547332764,
			"BoundingBox3D Origin Z" : 0.40205764770507812,
			"ObjectId" : 4,
			"ObjectType" : "CAR",
			"Occluded" : 0.0,
			"Relative Acceleration X" : -0.24238371849060059,
			"Relative Acceleration Y" : -0.16904711723327637,
			"Relative Acceleration Z" : 0.011898580007255077,
			"Relative Velocity X" : 0.26294729113578796,
			"Relative Velocity Y" : -0.013705145567655563,
			"Relative Velocity Z" : 0.0072171036154031754,
			"Truncated" : 0
		},
		{
			"Absolute Acceleration X" : -0.11937522888183594,
			"Absolute Acceleration Y" : 0.33946233987808228,
			"Absolute Acceleration Z" : 0.0023664385080337524,
			"Absolute Velocity X" : 21.919193267822266,
			"Absolute Velocity Y" : 0.61387592554092407,
			"Absolute Velocity Z" : -0.21042381227016449,
			"ActorName" : "CAR 05",
			"BoundingBox3D Extent X" : 4.2343549728393555,
			"BoundingBox3D Extent Y" : 1.528878927230835,
			"BoundingBox3D Extent Z" : 1.693412184715271,
			"BoundingBox3D Orientation Quat W" : 0.99990779161453247,
			"BoundingBox3D Orientation Quat X" : -0.0005436449428088963,
			"BoundingBox3D Orientation Quat Y" : 0.0050658653490245342,
			"BoundingBox3D Orientation Quat Z" : 0.011751247569918633,
			"BoundingBox3D Origin X" : 56.947494506835938,
			"BoundingBox3D Origin Y" : 1.2639095783233643,
			"BoundingBox3D Origin Z" : 0.21782936155796051,
			"ObjectId" : 5,
			"ObjectType" : "CAR",
			"Occluded" : 0.0,
			"Relative Acceleration X" : -0.17466780543327332,
			"Relative Acceleration Y" : -0.032257959246635437,
			"Relative Acceleration Z" : -0.0053077628836035728,
			"Relative Velocity X" : -0.058586440980434418,
			"Relative Velocity Y" : -0.01075394731014967,
			"Relative Velocity Z" : 0.068894006311893463,
			"Truncated" : 0
		},
		{
			"Absolute Acceleration X" : -0.038394927978515625,
			"Absolute Acceleration Y" : 0.2063976526260376,
			"Absolute Acceleration Z" : 0.014237403869628906,
			"Absolute Velocity X" : 24.605361938476562,
			"Absolute Velocity Y" : -0.7027207612991333,
			"Absolute Velocity Z" : -0.20560675859451294,
			"ActorName" : "TRUCK 06",
			"BoundingBox3D Extent X" : 11.0,
			"BoundingBox3D Extent Y" : 2.2770223617553711,
			"BoundingBox3D Extent Z" : 2.3187522888183594,
			"BoundingBox3D Orientation Quat W" : -0.99952703714370728,
			"BoundingBox3D Orientation Quat X" : 0.02756478451192379,
			"BoundingBox3D Orientation Quat Y" : -0.0044982847757637501,
			"BoundingBox3D Orientation Quat Z" : 0.012569262646138668,
			"BoundingBox3D Origin X" : -65.787643432617188,
			"BoundingBox3D Origin Y" : 18.163059234619141,
			"BoundingBox3D Origin Z" : 1.4408426284790039,
			"ObjectId" : 6,
			"ObjectType" : "TRUCK",
			"Occluded" : 0.0,
			"Relative Acceleration X" : -0.090449333190917969,
			"Relative Acceleration Y" : -0.15471085906028748,
			"Relative Acceleration Z" : 0.088117413222789764,
			"Relative Velocity X" : 2.8809170722961426,
			"Relative Velocity Y" : 0.52250105142593384,
			"Relative Velocity Z" : -0.090155795216560364,
			"Truncated" : 0
		},
		{
			"Absolute Acceleration X" : 0.34264945983886719,
			"Absolute Acceleration Y" : 0.28934037685394287,
			"Absolute Acceleration Z" : -0.081971272826194763,
			"Absolute Velocity X" : 23.118320465087891,
			"Absolute Velocity Y" : 0.62941068410873413,
			"Absolute Velocity Z" : -0.19556108117103577,
			"ActorName" : "TRUCK 09",
			"BoundingBox3D Extent X" : 11.0,
			"BoundingBox3D Extent Y" : 0.74468886852264404,
			"BoundingBox3D Extent Z" : 3.1286568641662598,
			"BoundingBox3D Orientation Quat W" : 0.99962896108627319,
			"BoundingBox3D Orientation Quat X" : -0.020051352679729462,
			"BoundingBox3D Orientation Quat Y" : 0.0035877840127795935,
			"BoundingBox3D Orientation Quat Z" : 0.014024158008396626,
			"BoundingBox3D Origin X" : 65.199478149414062,
			"BoundingBox3D Origin Y" : 16.808744430541992,
			"BoundingBox3D Origin Z" : 0.80751031637191772,
			"ObjectId" : 9,
			"ObjectType" : "TRUCK",
			"Occluded" : 0.0,
			"Relative Acceleration X" : 0.3003242015838623,
			"Relative Acceleration Y" : -0.12767218053340912,
			"Relative Acceleration Z" : -0.097157180309295654,
			"Relative Velocity X" : 1.3739538192749023,
			"Relative Velocity Y" : -0.12087414413690567,
			"Relative Velocity Z" : 0.092079170048236847,
			"Truncated" : 0
		},
		{
			"Absolute Acceleration X" : 0.12807083129882812,
			"Absolute Acceleration Y" : 0.7850804328918457,
			"Absolute Acceleration Z" : 0.10654662549495697,
			"Absolute Velocity X" : 26.475170135498047,
			"Absolute Velocity Y" : -2.6338043212890625,
			"Absolute Velocity Z" : 0.20253047347068787,
			"ActorName" : "CAR 12",
			"BoundingBox3D Extent X" : 4.0999999046325684,
			"BoundingBox3D Extent Y" : 1.973698616027832,
			"BoundingBox3D Extent Z" : 0.78355199098587036,
			"BoundingBox3D Orientation Quat W" : -0.99882179498672485,
			"BoundingBox3D Orientation Quat X" : 0.0035876384936273098,
			"BoundingBox3D Orientation Quat Y" : 0.0032093827612698078,
			"BoundingBox3D Orientation Quat Z" : 0.048192102462053299,
			"BoundingBox3D Origin X" : -185.15357971191406,
			"BoundingBox3D Origin Y" : 10.61359691619873,
			"BoundingBox3D Origin Z" : 1.3981263637542725,
			"ObjectId" : 12,
			"ObjectType" : "CAR",
			"Occluded" : 0.0,
			"Relative Acceleration X" : 0.039385318756103516,
			"Relative Acceleration Y" : 0.45852074027061462,
			"Relative Acceleration Z" : 0.26190203428268433,
			"Relative Velocity X" : 4.6380629539489746,
			"Relative Velocity Y" : 0.39069357514381409,
			"Relative Velocity Z" : 0.16601495444774628,
			"Truncated" : 0
		},
		{
			"Absolute Acceleration X" : -0.81749266386032104,
			"Absolute Acceleration Y" : 0.1763751208782196,
			"Absolute Acceleration Z" : 0.082899391651153564,
			"Absolute Velocity X" : -25.021739959716797,
			"Absolute Velocity Y" : 0.3101731538772583,
			"Absolute Velocity Z" : -0.064024314284324646,