{
	"CapturedObjects" : 
	[
		{
			"Absolute Acceleration X" : -0.36828422546386719,
			"Absolute Acceleration Y" : 0.33817446231842041,
			"Absolute Acceleration Z" : -0.058668360114097595,
			"Absolute Velocity X" : 23.410369873046875,
			"Absolute Velocity Y" : 0.41057455539703369,
			"Absolute Velocity Z" : -0.15888525545597076,
			"ActorName" : "CAR 00",
			"BoundingBox3D Extent X" : 5.0962448120117188,
			"BoundingBox3D Extent Y" : 1.9460623264312744,
			"BoundingBox3D Extent Z" : 1.7667186260223389,
			"BoundingBox3D Orientation Quat W" : 0.99947130680084229,
			"BoundingBox3D Orientation Quat X" : -0.029910944402217865,
			"BoundingBox3D Orientation Quat Y" : 0.0045770169235765934,
			"BoundingBox3D Orientation Quat Z" : 0.010090959258377552,
			"BoundingBox3D Origin X" : 5.5484147071838379,
			"BoundingBox3D Origin Y" : 10.406291961669922,
			"BoundingBox3D Origin Z" : 0.79040414094924927,
			"ObjectId" : 0,
			"ObjectType" : "CAR",
			"Occluded" : 0.0,
			"Relative Acceleration X" : -0.39059865474700928,
			"Relative Acceleration Y" : 0.065530091524124146,
			"Relative Acceleration Z" : -0.0014020745875313878,
			"Relative Velocity X" : 2.0026428699493408,
			"Relative Velocity Y" : 0.56315451860427856,
			"Relative Velocity Z" : 0.014955860562622547,
			"Truncated" : 0
		},
		{
			"Absolute Acceleration X" : -0.009456634521484375,
			"Absolute Acceleration Y" : 0.28348487615585327,
			"Absolute Acceleration Z" : -0.016559869050979614,
			"Absolute Velocity X" : 22.712505340576172,
			"Absolute Velocity Y" : 0.75174921751022339,
			"Absolute Velocity Z" : -0.19239963591098785,
			"ActorName" : "TRUCK 02",
			"BoundingBox3D Extent X" : 11.0,
			"BoundingBox3D Extent Y" : 2.8361189365386963,
			"BoundingBox3D Extent Z" : 3.5865716934204102,
			"BoundingBox3D Orientation Quat W" : 0.99946063756942749,
			"BoundingBox3D Orientation Quat X" : -0.028358384966850281,
			"BoundingBox3D Orientation Quat Y" : 0.0034910477697849274,
			"BoundingBox3D Orientation Quat Z" : 0.015859087929129601,
			"BoundingBox3D Origin X" : 38.529815673828125,
			"BoundingBox3D Origin Y" : 11.317477226257324,
			"BoundingBox3D Origin Z" : 1.4269490242004395,
			"ObjectId" : 2,
			"ObjectType" : "TRUCK",
			"Occluded" : 0.0,
			"Relative Acceleration X" : -0.028181195259094238,
			"Relative Acceleration Y" : 0.053554952144622803,
			"Relative Acceleration Z" : 0.024382751435041428,
			"Relative Velocity X" : 1.3151051998138428,
			"Relative Velocity Y" : 0.5308525562286377,
			"Relative Velocity Z" : -0.022311177104711533,
			"Truncated" : 0
		},
		{
			"Absolute Acceleration X" : 0.068384170532226562,
			"Absolute Acceleration Y" : 0.2475607842206955,
			"Absolute Acceleration Z" : -0.00089471042156219482,
			"Absolute Velocity X" : 22.317844390869141,
			"Absolute Velocity Y" : 0.11747246235609055,
			"Absolute Velocity Z" : -0.18528649210929871,
			"ActorName" : "CAR 04",
			"BoundingBox3D Extent X" : 4.1754417419433594,
			"BoundingBox3D Extent Y" : 1.7123286724090576,
			"BoundingBox3D Extent Z" : 1.4943684339523315,
			"BoundingBox3D Orientation Quat W" : 0.99998164176940918,
			"BoundingBox3D Orientation Quat X" : -0.0025947364047169685,
			"BoundingBox3D Orientation Quat Y" : 0.0037825515028089285,
			"BoundingBox3D Orientation Quat Z" : -0.0022828592918813229,
			"BoundingBox3D Origin X" : 28.276618957519531,
			"BoundingBox3D Origin Y" : 0.15695694088935852,
			"BoundingBox3D Origin Z" : 0.46437263488769531,
			"ObjectId" : 4,
			"ObjectType" : "CAR",
			"Occluded" : 0.0,
			"Relative Acceleration X" : 0.048089265823364258,
			"Relative Acceleration Y" : 0.022126153111457825,
			"Relative Acceleration Z" : 0.0058470191434025764,
			"Relative Velocity X" : 0.7947002649307251,
			"Relative Velocity Y" : 0.013247575610876083,
			"Relative Velocity Z" : -0.030979350209236145,
			"Truncated" : 0
		},
		{
			"Absolute Acceleration X" : 0.054708480834960938,
			"Absolute Acceleration Y" : 0.35321414470672607,
			"Absolute Acceleration Z" : -0.095771372318267822,
			"Absolute Velocity X" : 24.988033294677734,
			"Absolute Velocity Y" : -0.93409645557403564,
			"Absolute Velocity Z" : -0.062042105942964554,
			"ActorName" : "TRUCK 05",
			"BoundingBox3D Extent X" : 11.0,
			"BoundingBox3D Extent Y" : 2.847881555557251,
			"BoundingBox3D Extent Z" : 1.9118857383728027,
			"BoundingBox3D Orientation Quat W" : -0.99926108121871948,
			"BoundingBox3D Orientation Quat X" : 0.031372629106044769,
			"BoundingBox3D Orientation Quat Y" : -0.002674563555046916,
			"BoundingBox3D Orientation Quat Z" : 0.020743861794471741,
			"BoundingBox3D Origin X" : -163.27975463867188,
			"BoundingBox3D Origin Y" : 14.313637733459473,
			"BoundingBox3D Origin Z" : 1.9871799945831299,
			"ObjectId" : 5,
			"ObjectType" : "TRUCK",
			"Occluded" : 0.0,
			"Relative Acceleration X" : 0.018923044204711914,
			"Relative Acceleration Y" : -0.11740070581436157,
			"Relative Acceleration Z" : 0.072249516844749451,
			"Relative Velocity X" : 3.6251204013824463,
			"Relative Velocity Y" : 1.1188974380493164,
			"Relative Velocity Z" : 0.14937765896320343,
			"Truncated" : 0
		},
		{
			"Absolute Acceleration X" : -0.028921127319335938,
			"Absolute Acceleration Y" : 0.26739829778671265,
			"Absolute Acceleration Z" : -0.0084726959466934204,
			"Absolute Velocity X" : 22.734333038330078,
			"Absolute Velocity Y" : 0.8235594630241394,
			"Absolute Velocity Z" : -0.20512785017490387,
			"ActorName" : "TRUCK 12",
			"BoundingBox3D Extent X" : 11.0,
			"BoundingBox3D Extent Y" : 2.2660648822784424,
			"BoundingBox3D Extent Z" : 3.9199919700622559,
			"BoundingBox3D Orientation Quat W" : 0.99952167272567749,
			"BoundingBox3D Orientation Quat X" : -0.025884984061121941,
			"BoundingBox3D Orientation Quat Y" : 0.0041813771240413189,
			"BoundingBox3D Orientation Quat Z" : 0.015008279122412205,
			"BoundingBox3D Origin X" : 48.5994873046875,
			"BoundingBox3D Origin Y" : 11.225526809692383,
			"BoundingBox3D Origin Z" : 1.5271856784820557,
			"ObjectId" : 12,
			"ObjectType" : "TRUCK",
			"Occluded" : 0.0,
			"Relative Acceleration X" : -0.046960592269897461,
			"Relative Acceleration Y" : 0.046387016773223877,
			"Relative Acceleration Z" : 0.026459828019142151,
			"Relative Velocity X" : 1.3357996940612793,
			"Relative Velocity Y" : 0.48915925621986389,
			"Relative Velocity Z" : -0.037330511957406998,
			"Truncated" : 0
		},
		{
			"Absolute Acceleration X" : 0.096891403198242188,
			"Absolute Acceleration Y" : 0.39027929306030273,
			"Absolute Acceleration Z" : -0.0040497630834579468,
			"Absolute Velocity X" : 24.419015884399414,
			"Absolute Velocity Y" : -0.69698065519332886,
			"Absolute Velocity Z" : -0.17587636411190033,
			"ActorName" : "CAR 15",
			"BoundingBox3D Extent X" : 5.2638630867004395,
			"BoundingBox3D Extent Y" : 2.1990036964416504,
			"BoundingBox3D Extent Z" : 1.6135897636413574,
			"BoundingBox3D Orientation Quat W" : -0.99880135059356689,
			"BoundingBox3D Orientation Quat X" : 0.045035082846879959,
			"BoundingBox3D Orientation Quat Y" : -0.003324955003336072,
			"BoundingBox3D Orientation Quat Z" : 0.01586432196199894,
			"BoundingBox3D Origin X" : -104.64701080322266,
			"BoundingBox3D Origin Y" : 12.907295227050781,
			"BoundingBox3D Origin Z" : 1.5138318538665771,
			"ObjectId" : 15,
			"ObjectType" : "CAR",
			"Occluded" : 0.0,
			"Relative Acceleration X" : 0.060978174209594727,
			"Relative Acceleration Y" : -0.010932445526123047,
			"Relative Acceleration Z" : 0.12564833462238312,
			"Relative Velocity X" : 3.0407702922821045,
			"Relative Velocity Y" : 0.69587075710296631,
			"Relative Velocity Z" : 0.021994289010763168,
			"Truncated" : 0
		},
		{
			"Absolute Acceleration X" : -0.072347640991210938,
			"Absolute Acceleration Y" : 0.26817941665649414,
			"Absolute Acceleration Z" : -0.023706704378128052,
			"Absolute Velocity X" : 28.910852432250977,
			"Absolute Velocity Y" : 2.1579859256744385,
			"Absolute Velocity Z" : -0.29641690850257874,
			"ActorName" : "CAR 19",