{
	"CapturedObjects" : 
	[
		{
			"Absolute Acceleration X" : 0.35597610473632812,
			"Absolute Acceleration Y" : 0.027845710515975952,
			"Absolute Acceleration Z" : -0.096570804715156555,
			"Absolute Velocity X" : 22.438129425048828,
			"Absolute Velocity Y" : 0.36412590742111206,
			"Absolute Velocity Z" : -0.16871502995491028,
			"ActorName" : "CAR 00",
			"BoundingBox3D Extent X" : 5.0962448120117188,
			"BoundingBox3D Extent Y" : 1.9460623264312744,
			"BoundingBox3D Extent Z" : 1.7667186260223389,
			"BoundingBox3D Orientation Quat W" : 0.99986392259597778,
			"BoundingBox3D Orientation Quat X" : 0.015093155205249786,
			"BoundingBox3D Orientation Quat Y" : 0.00036347866989672184,
			"BoundingBox3D Orientation Quat Z" : 0.0022582416422665119,
			"BoundingBox3D Origin X" : -2.9399611949920654,
			"BoundingBox3D Origin Y" : 8.833949089050293,
			"BoundingBox3D Origin Z" : 1.2336896657943726,
			"ObjectId" : 0,
			"ObjectType" : "CAR",
			"Occluded" : 0.0,
			"Relative Acceleration X" : 0.38843715190887451,
			"Relative Acceleration Y" : 0.014589369297027588,
			"Relative Acceleration Z" : -0.1606307327747345,
			"Relative Velocity X" : 1.0346355438232422,
			"Relative Velocity Y" : 0.55318254232406616,
			"Relative Velocity Z" : -0.035181097686290741,
			"Truncated" : 0
		},
		{
			"Absolute Acceleration X" : -0.001804351806640625,
			"Absolute Acceleration Y" : 0.24732786417007446,
			"Absolute Acceleration Z" : -0.0040643960237503052,
			"Absolute Velocity X" : 30.599332809448242,
			"Absolute Velocity Y" : 0.48786386847496033,
			"Absolute Velocity Z" : -0.22111189365386963,
			"ActorName" : "CAR 01",
			"BoundingBox3D Extent X" : 4.4746065139770508,
			"BoundingBox3D Extent Y" : 1.9185318946838379,
			"BoundingBox3D Extent Z" : 1.4291298389434814,
			"BoundingBox3D Orientation Quat W" : 0.99934154748916626,
			"BoundingBox3D Orientation Quat X" : -0.034746907651424408,
			"BoundingBox3D Orientation Quat Y" : 0.0033835917711257935,
			"BoundingBox3D Orientation Quat Z" : 0.0070187035016715527,
			"BoundingBox3D Origin X" : 21.302215576171875,
			"BoundingBox3D Origin Y" : 13.032219886779785,
			"BoundingBox3D Origin Z" : 0.53094255924224854,
			"ObjectId" : 1,
			"ObjectType" : "CAR",
			"Occluded" : 0.0,
			"Relative Acceleration X" : 0.061837196350097656,
			"Relative Acceleration Y" : -0.013065218925476074,
			"Relative Acceleration Z" : -0.15825897455215454,
			"Relative Velocity X" : 9.2037382125854492,
			"Relative Velocity Y" : 0.61135661602020264,
			"Relative Velocity Z" : -0.16475775837898254,
			"Truncated" : 0
		},
		{
			"Absolute Acceleration X" : 0.035266876220703125,
			"Absolute Acceleration Y" : 0.078438609838485718,
			"Absolute Acceleration Z" : 0.1382104754447937,
			"Absolute Velocity X" : 22.679752349853516,
			"Absolute Velocity Y" : 0.29263913631439209,
			"Absolute Velocity Z" : -0.36404389142990112,
			"ActorName" : "TRUCK 02",
			"BoundingBox3D Extent X" : 11.0,
			"BoundingBox3D Extent Y" : 2.8361189365386963,
			"BoundingBox3D Extent Z" : 3.5865716934204102,
			"BoundingBox3D Orientation Quat W" : 0.99949318170547485,
			"BoundingBox3D Orientation Quat X" : -0.030365057289600372,
			"BoundingBox3D Orientation Quat Y" : 0.0015398371033370495,
			"BoundingBox3D Orientation Quat Z" : 0.0088929096236824989,
			"BoundingBox3D Origin X" : 32.031482696533203,
			"BoundingBox3D Origin Y" : 9.4873218536376953,
			"BoundingBox3D Origin Z" : 1.6483522653579712,
			"ObjectId" : 2,
			"ObjectType" : "TRUCK",
			"Occluded" : 0.0,
			"Relative Acceleration X" : 0.072763204574584961,
			"Relative Acceleration Y" : -0.19158485531806946,
			"Relative Acceleration Z" : -0.0034230798482894897,
			"Relative Velocity X" : 1.2779926061630249,
			"Relative Velocity Y" : 0.40441566705703735,
			"Relative Velocity Z" : -0.30249148607254028,
			"Truncated" : 0
		},
		{
			"Absolute Acceleration X" : 0.1434173583984375,
			"Absolute Acceleration Y" : 0.16602613031864166,
			"Absolute Acceleration Z" : 0.00045593082904815674,
			"Absolute Velocity X" : 21.140932083129883,
			"Absolute Velocity Y" : -0.13890989124774933,
			"Absolute Velocity Z" : -0.13847427070140839,
			"ActorName" : "CAR 04",
			"BoundingBox3D Extent X" : 4.1754417419433594,
			"BoundingBox3D Extent Y" : 1.7123286724090576,
			"BoundingBox3D Extent Z" : 1.4943684339523315,
			"BoundingBox3D Orientation Quat W" : 0.99998575448989868,
			"BoundingBox3D Orientation Quat X" : 0.0015650884015485644,
			"BoundingBox3D Orientation Quat Y" : 0.0030847105663269758,
			"BoundingBox3D Orientation Quat Z" : 0.0028333773370832205,
			"BoundingBox3D Origin X" : 27.033651351928711,
			"BoundingBox3D Origin Y" : 0.18494066596031189,
			"BoundingBox3D Origin Z" : 0.50958114862442017,
			"ObjectId" : 4,
			"ObjectType" : "CAR",
			"Occluded" : 0.0,
			"Relative Acceleration X" : 0.10577774047851562,
			"Relative Acceleration Y" : -0.070722281932830811,
			"Relative Acceleration Z" : -0.017383445054292679,
			"Relative Velocity X" : -0.28383332490921021,
			"Relative Velocity Y" : -0.018006192520260811,
			"Relative Velocity Z" : -0.027558408677577972,
			"Truncated" : 0
		},
		{
			"Absolute Acceleration X" : 0.0048809051513671875,
			"Absolute Acceleration Y" : 0.10035544633865356,
			"Absolute Acceleration Z" : 0.02036285400390625,
			"Absolute Velocity X" : 25.304803848266602,
			"Absolute Velocity Y" : -0.30882889032363892,
			"Absolute Velocity Z" : -0.1034100279211998,
			"ActorName" : "TRUCK 05",
			"BoundingBox3D Extent X" : 11.0,
			"BoundingBox3D Extent Y" : 2.847881555557251,
			"BoundingBox3D Extent Z" : 1.9118857383728027,
			"BoundingBox3D Orientation Quat W" : -0.9999384880065918,
			"BoundingBox3D Orientation Quat X" : -0.0015478468267247081,
			"BoundingBox3D Orientation Quat Y" : 0.0038623989094048738,
			"BoundingBox3D Orientation Quat Z" : 0.0070478799752891064,
			"BoundingBox3D Origin X" : -181.85789489746094,
			"BoundingBox3D Origin Y" : 9.9533891677856445,
			"BoundingBox3D Origin Z" : 1.5800985097885132,
			"ObjectId" : 5,
			"ObjectType" : "TRUCK",
			"Occluded" : 0.0,
			"Relative Acceleration X" : 0.046969413757324219,
			"Relative Acceleration Y" : 1.4183785915374756,
			"Relative Acceleration Z" : 0.30196374654769897,
			"Relative Velocity X" : 3.9048342704772949,
			"Relative Velocity Y" : 0.278901606798172,
			"Relative Velocity Z" : 0.37829166650772095,
			"Truncated" : 0
		},
		{
			"Absolute Acceleration X" : 0.024164199829101562,
			"Absolute Acceleration Y" : 0.3350868821144104,
			"Absolute Acceleration Z" : -0.59198683500289917,
			"Absolute Velocity X" : 30.320817947387695,
			"Absolute Velocity Y" : 0.74448400735855103,
			"Absolute Velocity Z" : -0.24153447151184082,
			"ActorName" : "CAR 07",
			"BoundingBox3D Extent X" : 4.0999999046325684,
			"BoundingBox3D Extent Y" : 1.5773113965988159,
			"BoundingBox3D Extent Z" : 1.3718448877334595,
			"BoundingBox3D Orientation Quat W" : 0.9998822808265686,
			"BoundingBox3D Orientation Quat X" : 0.003434391226619482,
			"BoundingBox3D Orientation Quat Y" : 0.0075185489840805531,
			"BoundingBox3D Orientation Quat Z" : 0.012238606810569763,
			"BoundingBox3D Origin X" : 82.905906677246094,
			"BoundingBox3D Origin Y" : 11.393582344055176,
			"BoundingBox3D Origin Z" : 0.66632699966430664,
			"ObjectId" : 7,
			"ObjectType" : "CAR",
			"Occluded" : 0.0,
			"Relative Acceleration X" : 0.075690269470214844,
			"Relative Acceleration Y" : -0.38767102360725403,
			"Relative Acceleration Z" : -0.84914398193359375,
			"Relative Velocity X" : 8.9216022491455078,
			"Relative Velocity Y" : 0.73058146238327026,
			"Relative Velocity Z" : -0.30145812034606934,
			"Truncated" : 0
		},
		{
			"Absolute Acceleration X" : -2.2993240356445312,
			"Absolute Acceleration Y" : 0.78080999851226807,
			"Absolute Acceleration Z" : 0.11177922785282135,
			"Absolute Velocity X" : -30.855262756347656,
			"Absolute Velocity Y" : 0.84447693824768066,
			"Absolute Velocity Z" : 0.21567396819591522,
			"ActorName" : "CAR 08",