{
	"CapturedObjects" : 
	[
		{
			"Absolute Acceleration X" : -0.3572235107421875,
			"Absolute Acceleration Y" : -0.66074138879776001,
			"Absolute Acceleration Z" : -0.079972647130489349,
			"Absolute Velocity X" : 18.001623153686523,
			"Absolute Velocity Y" : 0.82801723480224609,
			"Absolute Velocity Z" : -0.046929523348808289,
			"ActorName" : "CAR 03",
			"BoundingBox3D Extent X" : 4.2844457626342773,
			"BoundingBox3D Extent Y" : 2.0036630630493164,
			"BoundingBox3D Extent Z" : 1.5117292404174805,
			"BoundingBox3D Orientation Quat W" : 0.99945580959320068,
			"BoundingBox3D Orientation Quat X" : 0.0063465377315878868,
			"BoundingBox3D Orientation Quat Y" : 0.0013647315790876746,
			"BoundingBox3D Orientation Quat Z" : 0.032179497182369232,
			"BoundingBox3D Origin X" : -15.361874580383301,
			"BoundingBox3D Origin Y" : 1.3044427633285522,
			"BoundingBox3D Origin Z" : 0.77812379598617554,
			"ObjectId" : 3,
			"ObjectType" : "CAR",
			"Occluded" : 0.0,
			"Relative Acceleration X" : 0.19084662199020386,
			"Relative Acceleration Y" : -0.094625473022460938,
			"Relative Acceleration Z" : -0.10893290489912033,
			"Relative Velocity X" : 1.0423635244369507,
			"Relative Velocity Y" : 1.3395528793334961,
			"Relative Velocity Z" : 0.029647434130311012,
			"Truncated" : 0
		},
		{
			"Absolute Acceleration X" : -0.28894615173339844,
			"Absolute Acceleration Y" : 0.35571068525314331,
			"Absolute Acceleration Z" : 0.027474045753479004,
			"Absolute Velocity X" : 19.563009262084961,
			"Absolute Velocity Y" : 0.89800578355789185,
			"Absolute Velocity Z" : -0.14887595176696777,
			"ActorName" : "CAR 07",
			"BoundingBox3D Extent X" : 4.1126194000244141,
			"BoundingBox3D Extent Y" : 1.693389892578125,
			"BoundingBox3D Extent Z" : 1.4968762397766113,
			"BoundingBox3D Orientation Quat W" : 0.99981170892715454,
			"BoundingBox3D Orientation Quat X" : 0.0020358054898679256,
			"BoundingBox3D Orientation Quat Y" : 0.0037213410250842571,
			"BoundingBox3D Orientation Quat Z" : 0.018578618764877319,
			"BoundingBox3D Origin X" : 38.382495880126953,
			"BoundingBox3D Origin Y" : 1.4429320096969604,
			"BoundingBox3D Origin Z" : 0.437827467918396,
			"ObjectId" : 7,
			"ObjectType" : "CAR",
			"Occluded" : 0.0,
			"Relative Acceleration X" : 0.22955799102783203,
			"Relative Acceleration Y" : -2.4541974067687988,
			"Relative Acceleration Z" : 0.059886392205953598,
			"Relative Velocity X" : 2.59806227684021,
			"Relative Velocity Y" : 0.1009252667427063,
			"Relative Velocity Z" : -0.056312210857868195,
			"Truncated" : 0
		},
		{
			"Absolute Acceleration X" : -0.073427200317382812,
			"Absolute Acceleration Y" : -0.30639278888702393,
			"Absolute Acceleration Z" : -0.10488513112068176,
			"Absolute Velocity X" : 20.340984344482422,
			"Absolute Velocity Y" : 1.4833664894104004,
			"Absolute Velocity Z" : -0.21162454783916473,
			"ActorName" : "CAR 21",
			"BoundingBox3D Extent X" : 4.1060667037963867,
			"BoundingBox3D Extent Y" : 1.8591775894165039,
			"BoundingBox3D Extent Z" : 1.6200253963470459,
			"BoundingBox3D Orientation Quat W" : 0.99929457902908325,
			"BoundingBox3D Orientation Quat X" : -0.0043057329021394253,
			"BoundingBox3D Orientation Quat Y" : 0.0050391773693263531,
			"BoundingBox3D Orientation Quat Z" : 0.036534436047077179,
			"BoundingBox3D Origin X" : 62.906898498535156,
			"BoundingBox3D Origin Y" : 6.3798413276672363,
			"BoundingBox3D Origin Z" : 0.30104255676269531,
			"ObjectId" : 21,
			"ObjectType" : "CAR",
			"Occluded" : 0.0,
			"Relative Acceleration X" : 0.71795868873596191,
			"Relative Acceleration Y" : -4.6775960922241211,
			"Relative Acceleration Z" : -0.02199944481253624,
			"Relative Velocity X" : 3.4931917190551758,
			"Relative Velocity Y" : 0.086103633046150208,
			"Relative Velocity Z" : -0.15380010008811951,
			"Truncated" : 0
		},
		{
			"Absolute Acceleration X" : -0.0884857177734375,
			"Absolute Acceleration Y" : 0.23597037792205811,
			"Absolute Acceleration Z" : -0.038114264607429504,
			"Absolute Velocity X" : 22.927103042602539,
			"Absolute Velocity Y" : 1.36137855052948,
			"Absolute Velocity Z" : -0.03101397305727005,
			"ActorName" : "CAR 22",
			"BoundingBox3D Extent X" : 5.1646766662597656,
			"BoundingBox3D Extent Y" : 3.4275400638580322,
			"BoundingBox3D Extent Z" : 3.260582447052002,
			"BoundingBox3D Orientation Quat W" : 0.99943965673446655,
			"BoundingBox3D Orientation Quat X" : -0.00072132184868678451,
			"BoundingBox3D Orientation Quat Y" : 0.0021867554169148207,
			"BoundingBox3D Orientation Quat Z" : 0.029599076136946678,
			"BoundingBox3D Origin X" : 125.74674987792969,
			"BoundingBox3D Origin Y" : 23.326597213745117,
			"BoundingBox3D Origin Z" : 0.79603397846221924,
			"ObjectId" : 22,
			"ObjectType" : "CAR",
			"Occluded" : 0.0,
			"Relative Acceleration X" : 1.6665787696838379,
			"Relative Acceleration Y" : -8.1442947387695312,
			"Relative Acceleration Z" : 0.22644467651844025,
			"Relative Velocity X" : 6.4724164009094238,
			"Relative Velocity Y" : -1.5695300102233887,
			"Relative Velocity Z" : -0.10285795480012894,
			"Truncated" : 0
		},
		{
			"Absolute Acceleration X" : 0.067134857177734375,
			"Absolute Acceleration Y" : 0.3603360652923584,
			"Absolute Acceleration Z" : -0.081282168626785278,
			"Absolute Velocity X" : 25.937278747558594,
			"Absolute Velocity Y" : 1.8651933670043945,
			"Absolute Velocity Z" : -0.3405156135559082,
			"ActorName" : "TRUCK 26",
			"BoundingBox3D Extent X" : 11.0,
			"BoundingBox3D Extent Y" : 3.2488958835601807,
			"BoundingBox3D Extent Z" : 4.1303305625915527,
			"BoundingBox3D Orientation Quat W" : 0.9992978572845459,
			"BoundingBox3D Orientation Quat X" : -0.0024677116889506578,
			"BoundingBox3D Orientation Quat Y" : 0.0019524442031979561,
			"BoundingBox3D Orientation Quat Z" : 0.037158027291297913,
			"BoundingBox3D Origin X" : 120.67613983154297,
			"BoundingBox3D Origin Y" : 26.498769760131836,
			"BoundingBox3D Origin Z" : 1.134852409362793,
			"ObjectId" : 26,
			"ObjectType" : "TRUCK",
			"Occluded" : 0.0,
			"Relative Acceleration X" : 2.0436420440673828,
			"Relative Acceleration Y" : -7.8559689521789551,
			"Relative Acceleration Z" : 0.19787211716175079,
			"Relative Velocity X" : 9.562840461730957,
			"Relative Velocity Y" : -0.97212076187133789,
			"Relative Velocity Z" : -0.44657239317893982,
			"Truncated" : 0
		},
		{
			"Absolute Acceleration X" : -0.37307167053222656,
			"Absolute Acceleration Y" : -0.099784493446350098,
			"Absolute Acceleration Z" : -0.096402525901794434,
			"Absolute Velocity X" : 19.475690841674805,
			"Absolute Velocity Y" : 1.4348406791687012,
			"Absolute Velocity Z" : 0.05333264172077179,
			"ActorName" : "CAR 39",
			"BoundingBox3D Extent X" : 4.139188289642334,
			"BoundingBox3D Extent Y" : 1.8111178874969482,
			"BoundingBox3D Extent Z" : 1.2038553953170776,
			"BoundingBox3D Orientation Quat W" : 0.99934440851211548,
			"BoundingBox3D Orientation Quat X" : 0.0058690253645181656,
			"BoundingBox3D Orientation Quat Y" : -0.0010289244819432497,
			"BoundingBox3D Orientation Quat Z" : 0.035518720746040344,
			"BoundingBox3D Origin X" : -71.496055603027344,
			"BoundingBox3D Origin Y" : -2.7966911792755127,
			"BoundingBox3D Origin Z" : 0.69828552007675171,
			"ObjectId" : 39,
			"ObjectType" : "CAR",
			"Occluded" : 0.0,
			"Relative Acceleration X" : 0.046044111251831055,
			"Relative Acceleration Y" : 3.8630969524383545,
			"Relative Acceleration Z" : -0.21502816677093506,
			"Relative Velocity X" : 2.4395740032196045,
			"Relative Velocity Y" : 3.280465841293335,
			"Relative Velocity Z" : 0.1409873366355896,
			"Truncated" : 0
		},
		{
			"Absolute Acceleration X" : -0.34844779968261719,
			"Absolute Acceleration Y" : -0.22313821315765381,
			"Absolute Acceleration Z" : 0.021723665297031403,
			"Absolute Velocity X" : -23.290422439575195,
			"Absolute Velocity Y" : -1.0879136323928833,
			"Absolute Velocity Z" : -0.016413291916251183,
			"ActorName" : "TRUCK 41",