{
	"CapturedObjects" : 
	[
		{
			"Absolute Acceleration X" : -0.16552925109863281,
			"Absolute Acceleration Y" : 1.5397622585296631,
			"Absolute Acceleration Z" : 0.074163615703582764,
			"Absolute Velocity X" : 28.310386657714844,
			"Absolute Velocity Y" : -1.892525315284729,
			"Absolute Velocity Z" : -0.29513761401176453,
			"ActorName" : "CAR 03",
			"BoundingBox3D Extent X" : 4.1893835067749023,
			"BoundingBox3D Extent Y" : 2.0180788040161133,
			"BoundingBox3D Extent Z" : 1.4492391347885132,
			"BoundingBox3D Orientation Quat W" : -0.99922001361846924,
			"BoundingBox3D Orientation Quat X" : 0.0051086950115859509,
			"BoundingBox3D Orientation Quat Y" : -0.0055131684057414532,
			"BoundingBox3D Orientation Quat Z" : 0.038613386452198029,
			"BoundingBox3D Origin X" : -28.891794204711914,
			"BoundingBox3D Origin Y" : 0.74183249473571777,
			"BoundingBox3D Origin Z" : 0.90079724788665771,
			"ObjectId" : 3,
			"ObjectType" : "CAR",
			"Occluded" : 0.0,
			"Relative Acceleration X" : -0.17181873321533203,
			"Relative Acceleration Y" : 0.046765528619289398,
			"Relative Acceleration Z" : 0.021031688898801804,
			"Relative Velocity X" : 1.5046573877334595,
			"Relative Velocity Y" : -0.011042456142604351,
			"Relative Velocity Z" : -0.046168625354766846,
			"Truncated" : 0
		},
		{
			"Absolute Acceleration X" : -0.1104888916015625,
			"Absolute Acceleration Y" : 1.2504851818084717,
			"Absolute Acceleration Z" : 0.010325521230697632,
			"Absolute Velocity X" : 25.503902435302734,
			"Absolute Velocity Y" : 1.3507959842681885,
			"Absolute Velocity Z" : -0.13307815790176392,
			"ActorName" : "CAR 16",
			"BoundingBox3D Extent X" : 4.8952207565307617,
			"BoundingBox3D Extent Y" : 2.0622305870056152,
			"BoundingBox3D Extent Z" : 2.0487320423126221,
			"BoundingBox3D Orientation Quat W" : 0.99970012903213501,
			"BoundingBox3D Orientation Quat X" : -0.0052561406046152115,
			"BoundingBox3D Orientation Quat Y" : 0.0032858415506780148,
			"BoundingBox3D Orientation Quat Z" : 0.023562144488096237,
			"BoundingBox3D Origin X" : 31.250207901000977,
			"BoundingBox3D Origin Y" : -3.3944931030273438,
			"BoundingBox3D Origin Z" : 0.8277733325958252,
			"ObjectId" : 16,
			"ObjectType" : "CAR",
			"Occluded" : 0.0,
			"Relative Acceleration X" : 0.047580480575561523,
			"Relative Acceleration Y" : -0.13510169088840485,
			"Relative Acceleration Z" : -0.04821966215968132,
			"Relative Velocity X" : -1.5263961553573608,
			"Relative Velocity Y" : -0.011630051769316196,
			"Relative Velocity Z" : 0.0090412888675928116,
			"Truncated" : 0
		},
		{
			"Absolute Acceleration X" : -0.19784164428710938,
			"Absolute Acceleration Y" : 1.3809335231781006,
			"Absolute Acceleration Z" : 0.022408716380596161,
			"Absolute Velocity X" : 25.441730499267578,
			"Absolute Velocity Y" : 2.9320304393768311,
			"Absolute Velocity Z" : -0.11056657135486603,
			"ActorName" : "CAR 24",
			"BoundingBox3D Extent X" : 4.0999999046325684,
			"BoundingBox3D Extent Y" : 2.1239211559295654,
			"BoundingBox3D Extent Z" : 1.7171030044555664,
			"BoundingBox3D Orientation Quat W" : 0.99839448928833008,
			"BoundingBox3D Orientation Quat X" : -0.0065034264698624611,
			"BoundingBox3D Orientation Quat Y" : 0.0027920582797378302,
			"BoundingBox3D Orientation Quat Z" : 0.056150566786527634,
			"BoundingBox3D Origin X" : 61.851390838623047,
			"BoundingBox3D Origin Y" : -0.37044021487236023,
			"BoundingBox3D Origin Z" : 0.50243961811065674,
			"ObjectId" : 24,
			"ObjectType" : "CAR",
			"Occluded" : 0.0,
			"Relative Acceleration X" : 0.054832696914672852,
			"Relative Acceleration Y" : -0.11156678199768066,
			"Relative Acceleration Z" : -0.043229091912508011,
			"Relative Velocity X" : -1.4234812259674072,
			"Relative Velocity Y" : -0.080610647797584534,
			"Relative Velocity Z" : -0.031472384929656982,
			"Truncated" : 0
		},
		{
			"Absolute Acceleration X" : 0.64998435974121094,
			"Absolute Acceleration Y" : 1.467581033706665,
			"Absolute Acceleration Z" : 0.09113900363445282,
			"Absolute Velocity X" : -22.767467498779297,
			"Absolute Velocity Y" : 1.1607013940811157,
			"Absolute Velocity Z" : 0.15276379883289337,
			"ActorName" : "CAR 28",
			"BoundingBox3D Extent X" : 5.8536577224731445,
			"BoundingBox3D Extent Y" : 2.2410135269165039,
			"BoundingBox3D Extent Z" : 2.5090641975402832,
			"BoundingBox3D Orientation Quat W" : 0.025482261553406715,
			"BoundingBox3D Orientation Quat X" : 0.0055038533173501492,
			"BoundingBox3D Orientation Quat Y" : 0.024853052571415901,
			"BoundingBox3D Orientation Quat Z" : 0.99931228160858154,
			"BoundingBox3D Origin X" : -18.485649108886719,
			"BoundingBox3D Origin Y" : 11.220256805419922,
			"BoundingBox3D Origin Z" : 1.3959064483642578,
			"ObjectId" : 28,
			"ObjectType" : "CAR",
			"Occluded" : 0.0,
			"Relative Acceleration X" : 0.98995208740234375,
			"Relative Acceleration Y" : 5.4556851387023926,
			"Relative Acceleration Z" : 0.2204245924949646,
			"Relative Velocity X" : -48.985733032226562,
			"Relative Velocity Y" : 2.4792442321777344,
			"Relative Velocity Z" : 0.38962778449058533,
			"Truncated" : 0
		},
		{
			"Absolute Acceleration X" : -0.26407051086425781,
			"Absolute Acceleration Y" : 1.4524779319763184,
			"Absolute Acceleration Z" : 0.017725482583045959,
			"Absolute Velocity X" : 27.650747299194336,
			"Absolute Velocity Y" : 2.8186869621276855,
			"Absolute Velocity Z" : -0.11336945742368698,
			"ActorName" : "CAR 34",
			"BoundingBox3D Extent X" : 4.1537046432495117,
			"BoundingBox3D Extent Y" : 1.5900887250900269,
			"BoundingBox3D Extent Z" : 1.5009759664535522,
			"BoundingBox3D Orientation Quat W" : 0.99866843223571777,
			"BoundingBox3D Orientation Quat X" : -0.0065895640291273594,
			"BoundingBox3D Orientation Quat Y" : 0.0017201366135850549,
			"BoundingBox3D Orientation Quat Z" : 0.051094468683004379,
			"BoundingBox3D Origin X" : 58.462417602539062,
			"BoundingBox3D Origin Y" : 2.8038017749786377,
			"BoundingBox3D Origin Z" : 0.36626771092414856,
			"ObjectId" : 34,
			"ObjectType" : "CAR",
			"Occluded" : 0.0,
			"Relative Acceleration X" : -0.0070450305938720703,
			"Relative Acceleration Y" : -0.27267283201217651,
			"Relative Acceleration Z" : -0.054059501737356186,
			"Relative Velocity X" : 0.95482659339904785,
			"Relative Velocity Y" : -0.012572102248668671,
			"Relative Velocity Z" : -0.033951256424188614,
			"Truncated" : 0
		},
		{
			"Absolute Acceleration X" : 0.80578804016113281,
			"Absolute Acceleration Y" : 0.91206586360931396,
			"Absolute Acceleration Z" : 0.26492995023727417,
			"Absolute Velocity X" : -23.578126907348633,
			"Absolute Velocity Y" : -2.3903498649597168,
			"Absolute Velocity Z" : -0.54739987850189209,
			"ActorName" : "TRUCK 35",
			"BoundingBox3D Extent X" : 16.204853057861328,
			"BoundingBox3D Extent Y" : 2.9663267135620117,
			"BoundingBox3D Extent Z" : 2.5175161361694336,
			"BoundingBox3D Orientation Quat W" : -0.041594114154577255,
			"BoundingBox3D Orientation Quat X" : -0.011062811128795147,
			"BoundingBox3D Orientation Quat Y" : -0.031544260680675507,
			"BoundingBox3D Orientation Quat Z" : 0.99851638078689575,
			"BoundingBox3D Origin X" : 53.204597473144531,
			"BoundingBox3D Origin Y" : 13.591787338256836,
			"BoundingBox3D Origin Z" : 1.7379478216171265,
			"ObjectId" : 35,
			"ObjectType" : "TRUCK",
			"Occluded" : 0.0,
			"Relative Acceleration X" : 0.59233856201171875,
			"Relative Acceleration Y" : 4.6697921752929688,
			"Relative Acceleration Z" : 0.35118600726127625,
			"Relative Velocity X" : -49.671836853027344,
			"Relative Velocity Y" : -4.9190239906311035,
			"Relative Velocity Z" : -0.44261154532432556,
			"Truncated" : 0
		},
		{
			"Absolute Acceleration X" : 1.7451572418212891,
			"Absolute Acceleration Y" : -0.11173725128173828,
			"Absolute Acceleration Z" : -0.18290112912654877,
			"Absolute Velocity X" : 14.646618843078613,
			"Absolute Velocity Y" : 9.4624404907226562,
			"Absolute Velocity Z" : -0.22692757844924927,