{
	"CapturedObjects" : 
	[
		{
			"Absolute Acceleration X" : -1.0999126434326172,
			"Absolute Acceleration Y" : 0.061780065298080444,
			"Absolute Acceleration Z" : 0.016235079616308212,
			"Absolute Velocity X" : 15.961478233337402,
			"Absolute Velocity Y" : -0.31013390421867371,
			"Absolute Velocity Z" : -0.051930457353591919,
			"ActorName" : "CAR 00",
			"BoundingBox3D Extent X" : 4.3430695533752441,
			"BoundingBox3D Extent Y" : 2.040806770324707,
			"BoundingBox3D Extent Z" : 1.5222905874252319,
			"BoundingBox3D Orientation Quat W" : -0.99994546175003052,
			"BoundingBox3D Orientation Quat X" : -0.0017333788564428687,
			"BoundingBox3D Orientation Quat Y" : -0.0021387625019997358,
			"BoundingBox3D Orientation Quat Z" : 0.0085993353277444839,
			"BoundingBox3D Origin X" : -11.486916542053223,
			"BoundingBox3D Origin Y" : 0.71939957141876221,
			"BoundingBox3D Origin Z" : 0.78211700916290283,
			"ObjectId" : 0,
			"ObjectType" : "CAR",
			"Occluded" : 0.0,
			"Relative Acceleration X" : -0.4576418399810791,
			"Relative Acceleration Y" : 0.035739988088607788,
			"Relative Acceleration Z" : -0.047480367124080658,
			"Relative Velocity X" : 0.77133315801620483,
			"Relative Velocity Y" : -0.1817166656255722,
			"Relative Velocity Z" : -0.10985887795686722,
			"Truncated" : 0
		},
		{
			"Absolute Acceleration X" : 0.61484402418136597,
			"Absolute Acceleration Y" : -0.12311668694019318,
			"Absolute Acceleration Z" : -0.051300730556249619,
			"Absolute Velocity X" : 23.095640182495117,
			"Absolute Velocity Y" : -0.026491912081837654,
			"Absolute Velocity Z" : -0.21009749174118042,
			"ActorName" : "TRUCK 01",
			"BoundingBox3D Extent X" : 11.0,
			"BoundingBox3D Extent Y" : 2.7292671203613281,
			"BoundingBox3D Extent Z" : 4.2488150596618652,
			"BoundingBox3D Orientation Quat W" : 0.99992626905441284,
			"BoundingBox3D Orientation Quat X" : -0.0089668277651071548,
			"BoundingBox3D Orientation Quat Y" : 0.0040849978104233742,
			"BoundingBox3D Orientation Quat Z" : -0.00077206466812640429,
			"BoundingBox3D Origin X" : 73.422126770019531,
			"BoundingBox3D Origin Y" : 15.098796844482422,
			"BoundingBox3D Origin Z" : 0.72463685274124146,
			"ObjectId" : 1,
			"ObjectType" : "TRUCK",
			"Occluded" : 0.0,
			"Relative Acceleration X" : 0.97025096416473389,
			"Relative Acceleration Y" : 0.42051506042480469,
			"Relative Acceleration Z" : 1.0524107217788696,
			"Relative Velocity X" : 7.8606758117675781,
			"Relative Velocity Y" : 0.33517977595329285,
			"Relative Velocity Z" : 0.97826522588729858,
			"Truncated" : 0
		},
		{
			"Absolute Acceleration X" : -0.031259536743164062,
			"Absolute Acceleration Y" : -0.064258724451065063,
			"Absolute Acceleration Z" : -0.2203359454870224,
			"Absolute Velocity X" : 25.880317687988281,
			"Absolute Velocity Y" : 0.27359321713447571,
			"Absolute Velocity Z" : -0.24475769698619843,
			"ActorName" : "TRUCK 02",
			"BoundingBox3D Extent X" : 11.0,
			"BoundingBox3D Extent Y" : 3.4651203155517578,
			"BoundingBox3D Extent Z" : 3.2009532451629639,
			"BoundingBox3D Orientation Quat W" : 0.99992328882217407,
			"BoundingBox3D Orientation Quat X" : -9.9354649137239903e-05,
			"BoundingBox3D Orientation Quat Y" : 0.0044152173213660717,
			"BoundingBox3D Orientation Quat Z" : 0.0059818853624165058,
			"BoundingBox3D Origin X" : 162.58250427246094,
			"BoundingBox3D Origin Y" : 19.950830459594727,
			"BoundingBox3D Origin Z" : 0.19588801264762878,
			"ObjectId" : 2,
			"ObjectType" : "TRUCK",
			"Occluded" : 0.0,
			"Relative Acceleration X" : 0.51494693756103516,
			"Relative Acceleration Y" : 0.78768044710159302,
			"Relative Acceleration Z" : 1.3067964315414429,
			"Relative Velocity X" : 10.63288402557373,
			"Relative Velocity Y" : 0.883991539478302,
			"Relative Velocity Z" : 2.1472642421722412,
			"Truncated" : 0
		},
		{
			"Absolute Acceleration X" : 0.098186492919921875,
			"Absolute Acceleration Y" : -0.068139046430587769,
			"Absolute Acceleration Z" : 0.10004502534866333,
			"Absolute Velocity X" : 22.919452667236328,
			"Absolute Velocity Y" : 0.080916605889797211,
			"Absolute Velocity Z" : -0.2208947092294693,
			"ActorName" : "TRUCK 03",
			"BoundingBox3D Extent X" : 11.0,
			"BoundingBox3D Extent Y" : 3.1800446510314941,
			"BoundingBox3D Extent Z" : 3.1347098350524902,
			"BoundingBox3D Orientation Quat W" : 0.99994814395904541,
			"BoundingBox3D Orientation Quat X" : -9.0670320787467062e-05,
			"BoundingBox3D Orientation Quat Y" : 0.0055739916861057281,
			"BoundingBox3D Orientation Quat Z" : 0.0036909435875713825,
			"BoundingBox3D Origin X" : 157.02131652832031,
			"BoundingBox3D Origin Y" : 15.796311378479004,
			"BoundingBox3D Origin Z" : -0.3247147798538208,
			"ObjectId" : 3,
			"ObjectType" : "TRUCK",
			"Occluded" : 0.0,
			"Relative Acceleration X" : 0.66815042495727539,
			"Relative Acceleration Y" : 0.74465274810791016,
			"Relative Acceleration Z" : 1.5645380020141602,
			"Relative Velocity X" : 7.6899147033691406,
			"Relative Velocity Y" : 0.67999112606048584,
			"Relative Velocity Z" : 2.051771879196167,
			"Truncated" : 0
		},
		{
			"Absolute Acceleration X" : 0.20456695556640625,
			"Absolute Acceleration Y" : 0.084898650646209717,
			"Absolute Acceleration Z" : 0.21024283766746521,
			"Absolute Velocity X" : 32.015438079833984,
			"Absolute Velocity Y" : -0.57394701242446899,
			"Absolute Velocity Z" : -0.42051827907562256,
			"ActorName" : "CAR 04",
			"BoundingBox3D Extent X" : 4.0999999046325684,
			"BoundingBox3D Extent Y" : 1.7672991752624512,
			"BoundingBox3D Extent Z" : 1.7015149593353271,
			"BoundingBox3D Orientation Quat W" : -0.99971014261245728,
			"BoundingBox3D Orientation Quat X" : 0.0035600950941443443,
			"BoundingBox3D Orientation Quat Y" : 0.0024038152769207954,
			"BoundingBox3D Orientation Quat Z" : 0.0080759162083268166,
			"BoundingBox3D Origin X" : 10.535916328430176,
			"BoundingBox3D Origin Y" : 19.467073440551758,
			"BoundingBox3D Origin Z" : -0.048932068049907684,
			"ObjectId" : 4,
			"ObjectType" : "CAR",
			"Occluded" : 0.0,
			"Relative Acceleration X" : 0.76516151428222656,
			"Relative Acceleration Y" : 0.22584621608257294,
			"Relative Acceleration Z" : 0.44779986143112183,
			"Relative Velocity X" : 16.782690048217773,
			"Relative Velocity Y" : -0.38090997934341431,
			"Relative Velocity Z" : 0.034795541316270828,
			"Truncated" : 0
		},
		{
			"Absolute Acceleration X" : -0.012681961059570312,
			"Absolute Acceleration Y" : -0.27858304977416992,
			"Absolute Acceleration Z" : 0.098543524742126465,
			"Absolute Velocity X" : 22.001575469970703,
			"Absolute Velocity Y" : 0.24250316619873047,
			"Absolute Velocity Z" : -0.15827177464962006,
			"ActorName" : "CAR 05",
			"BoundingBox3D Extent X" : 4.0999999046325684,
			"BoundingBox3D Extent Y" : 2.0698511600494385,
			"BoundingBox3D Extent Z" : 1.4278992414474487,
			"BoundingBox3D Orientation Quat W" : 0.99992883205413818,
			"BoundingBox3D Orientation Quat X" : -8.9038112491834909e-05,
			"BoundingBox3D Orientation Quat Y" : 0.0034783941227942705,
			"BoundingBox3D Orientation Quat Z" : 0.0061388947069644928,
			"BoundingBox3D Origin X" : 111.52649688720703,
			"BoundingBox3D Origin Y" : 15.326436042785645,
			"BoundingBox3D Origin Z" : -0.62647318840026855,
			"ObjectId" : 5,
			"ObjectType" : "CAR",
			"Occluded" : 0.0,
			"Relative Acceleration X" : 0.56385374069213867,
			"Relative Acceleration Y" : 0.30989205837249756,
			"Relative Acceleration Z" : 1.1462205648422241,
			"Relative Velocity X" : 6.780146598815918,
			"Relative Velocity Y" : 0.71874326467514038,
			"Relative Velocity Z" : 1.5180448293685913,
			"Truncated" : 0
		},
		{
			"Absolute Acceleration X" : -0.11754989624023438,
			"Absolute Acceleration Y" : 0.15960140526294708,
			"Absolute Acceleration Z" : -0.066647529602050781,
			"Absolute Velocity X" : 22.40289306640625,
			"Absolute Velocity Y" : -0.30715930461883545,
			"Absolute Velocity Z" : -0.2778649628162384,
			"ActorName" : "CAR 06",