{
	"CapturedObjects" : 
	[
		{
			"Absolute Acceleration X" : 0.073606491088867188,
			"Absolute Acceleration Y" : -0.93560683727264404,
			"Absolute Acceleration Z" : 0.049865558743476868,
			"Absolute Velocity X" : 24.403810501098633,
			"Absolute Velocity Y" : 0.74894940853118896,
			"Absolute Velocity Z" : -0.24534870684146881,
			"ActorName" : "TRUCK 00",
			"BoundingBox3D Extent X" : 6.6553831100463867,
			"BoundingBox3D Extent Y" : 3.0,
			"BoundingBox3D Extent Z" : 2.1005990505218506,
			"BoundingBox3D Orientation Quat W" : 0.99986094236373901,
			"BoundingBox3D Orientation Quat X" : -0.0030324524268507957,
			"BoundingBox3D Orientation Quat Y" : 0.0048609408549964428,
			"BoundingBox3D Orientation Quat Z" : 0.015495205298066139,
			"BoundingBox3D Origin X" : -23.672157287597656,
			"BoundingBox3D Origin Y" : -3.7285079956054688,
			"BoundingBox3D Origin Z" : 1.2249516248703003,
			"ObjectId" : 0,
			"ObjectType" : "TRUCK",
			"Occluded" : 0.0,
			"Relative Acceleration X" : 0.076403617858886719,
			"Relative Acceleration Y" : -0.061200708150863647,
			"Relative Acceleration Z" : 0.0044980142265558243,
			"Relative Velocity X" : -3.267625093460083,
			"Relative Velocity Y" : -0.077744394540786743,
			"Relative Velocity Z" : 0.045425653457641602,
			"Truncated" : 0
		},
		{
			"Absolute Acceleration X" : -0.026796340942382812,
			"Absolute Acceleration Y" : -1.331682562828064,
			"Absolute Acceleration Z" : 0.06611943244934082,
			"Absolute Velocity X" : 28.347404479980469,
			"Absolute Velocity Y" : 0.60170578956604004,
			"Absolute Velocity Z" : -0.26807144284248352,
			"ActorName" : "CAR 02",
			"BoundingBox3D Extent X" : 4.3166317939758301,
			"BoundingBox3D Extent Y" : 2.0303733348846436,
			"BoundingBox3D Extent Z" : 1.4497169256210327,
			"BoundingBox3D Orientation Quat W" : 0.99986064434051514,
			"BoundingBox3D Orientation Quat X" : 0.0047739585861563683,
			"BoundingBox3D Orientation Quat Y" : 0.0058188936673104763,
			"BoundingBox3D Orientation Quat Z" : 0.014698865823447704,
			"BoundingBox3D Origin X" : -20.271377563476562,
			"BoundingBox3D Origin Y" : -0.096819214522838593,
			"BoundingBox3D Origin Z" : 0.8407820463180542,
			"ObjectId" : 2,
			"ObjectType" : "CAR",
			"Occluded" : 0.0,
			"Relative Acceleration X" : -0.023782312870025635,
			"Relative Acceleration Y" : -0.099370449781417847,
			"Relative Acceleration Z" : 0.030208254233002663,
			"Relative Velocity X" : 0.52224045991897583,
			"Relative Velocity Y" : -0.080253258347511292,
			"Relative Velocity Z" : 0.024459145963191986,
			"Truncated" : 0
		},
		{
			"Absolute Acceleration X" : 0.26880645751953125,
			"Absolute Acceleration Y" : -0.88088762760162354,
			"Absolute Acceleration Z" : 0.05389365553855896,
			"Absolute Velocity X" : 23.473291397094727,
			"Absolute Velocity Y" : 1.7002362012863159,
			"Absolute Velocity Z" : -0.29855519533157349,
			"ActorName" : "CAR 03",
			"BoundingBox3D Extent X" : 5.0730719566345215,
			"BoundingBox3D Extent Y" : 2.2716178894042969,
			"BoundingBox3D Extent Z" : 1.5020607709884644,
			"BoundingBox3D Orientation Quat W" : 0.9992557168006897,
			"BoundingBox3D Orientation Quat X" : -0.0045658298768103123,
			"BoundingBox3D Orientation Quat Y" : 0.0052649895660579205,
			"BoundingBox3D Orientation Quat Z" : 0.037834513932466507,
			"BoundingBox3D Origin X" : -47.367610931396484,
			"BoundingBox3D Origin Y" : -5.0606775283813477,
			"BoundingBox3D Origin Z" : 1.1945109367370605,
			"ObjectId" : 3,
			"ObjectType" : "CAR",
			"Occluded" : 0.0,
			"Relative Acceleration X" : 0.22989225387573242,
			"Relative Acceleration Y" : -0.11153854429721832,
			"Relative Acceleration Z" : 0.012314326129853725,
			"Relative Velocity X" : -4.1422014236450195,
			"Relative Velocity Y" : -0.13026879727840424,
			"Relative Velocity Z" : 0.041621189564466476,
			"Truncated" : 0
		},
		{
			"Absolute Acceleration X" : -0.27882575988769531,
			"Absolute Acceleration Y" : -1.664563775062561,
			"Absolute Acceleration Z" : 0.064110830426216125,
			"Absolute Velocity X" : 28.36829948425293,
			"Absolute Velocity Y" : -2.21929931640625,
			"Absolute Velocity Z" : -0.14606843888759613,
			"ActorName" : "CAR 28",
			"BoundingBox3D Extent X" : 4.5207657814025879,
			"BoundingBox3D Extent Y" : 2.0078058242797852,
			"BoundingBox3D Extent Z" : 2.0496177673339844,
			"BoundingBox3D Orientation Quat W" : -0.99925541877746582,
			"BoundingBox3D Orientation Quat X" : 0.00019525868992786855,
			"BoundingBox3D Orientation Quat Y" : -0.0027904859744012356,
			"BoundingBox3D Orientation Quat Z" : 0.038636133074760437,
			"BoundingBox3D Origin X" : 40.189739227294922,
			"BoundingBox3D Origin Y" : -0.7699134349822998,
			"BoundingBox3D Origin Z" : 0.71227848529815674,
			"ObjectId" : 28,
			"ObjectType" : "CAR",
			"Occluded" : 0.0,
			"Relative Acceleration X" : -0.13978296518325806,
			"Relative Acceleration Y" : -0.35643979907035828,
			"Relative Acceleration Z" : -0.0027662240900099277,
			"Relative Velocity X" : 0.57307815551757812,
			"Relative Velocity Y" : -0.34180065989494324,
			"Relative Velocity Z" : 0.011243091896176338,
			"Truncated" : 0
		},
		{
			"Absolute Acceleration X" : 0.54501533508300781,
			"Absolute Acceleration Y" : -1.1442937850952148,
			"Absolute Acceleration Z" : 0.039787918329238892,
			"Absolute Velocity X" : 25.962133407592773,
			"Absolute Velocity Y" : 4.6239175796508789,
			"Absolute Velocity Z" : -0.4616129994392395,
			"ActorName" : "CAR 36",
			"BoundingBox3D Extent X" : 4.0999999046325684,
			"BoundingBox3D Extent Y" : 1.7466938495635986,
			"BoundingBox3D Extent Z" : 0.78176331520080566,
			"BoundingBox3D Orientation Quat W" : 0.99623888731002808,
			"BoundingBox3D Orientation Quat X" : 0.0033264618832617998,
			"BoundingBox3D Orientation Quat Y" : 0.0085239764302968979,
			"BoundingBox3D Orientation Quat Z" : 0.08613971620798111,
			"BoundingBox3D Origin X" : -110.93708038330078,
			"BoundingBox3D Origin Y" : -8.8846149444580078,
			"BoundingBox3D Origin Z" : 1.6214452981948853,
			"ObjectId" : 36,
			"ObjectType" : "CAR",
			"Occluded" : 0.0,
			"Relative Acceleration X" : 0.37588858604431152,
			"Relative Acceleration Y" : -0.22390592098236084,
			"Relative Acceleration Z" : -0.0084439516067504883,
			"Relative Velocity X" : -1.4871636629104614,
			"Relative Velocity Y" : 0.10579515993595123,
			"Relative Velocity Z" : 0.017961867153644562,
			"Truncated" : 0
		},
		{
			"Absolute Acceleration X" : 0.7761993408203125,
			"Absolute Acceleration Y" : -1.9648833274841309,
			"Absolute Acceleration Z" : 0.080361396074295044,
			"Absolute Velocity X" : 36.227237701416016,
			"Absolute Velocity Y" : -0.10752425342798233,
			"Absolute Velocity Z" : -0.3052116334438324,
			"ActorName" : "CAR 39",
			"BoundingBox3D Extent X" : 4.470184326171875,
			"BoundingBox3D Extent Y" : 1.8999999761581421,
			"BoundingBox3D Extent Z" : 1.4449340105056763,
			"BoundingBox3D Orientation Quat W" : 0.99996453523635864,
			"BoundingBox3D Orientation Quat X" : 0.0055936700664460659,
			"BoundingBox3D Orientation Quat Y" : 0.0041302475146949291,
			"BoundingBox3D Orientation Quat Z" : -0.0037579999770969152,
			"BoundingBox3D Origin X" : -1.8932443857192993,
			"BoundingBox3D Origin Y" : -7.1225590705871582,
			"BoundingBox3D Origin Z" : 0.67419379949569702,
			"ObjectId" : 39,
			"ObjectType" : "CAR",
			"Occluded" : 0.0,
			"Relative Acceleration X" : 0.81590461730957031,
			"Relative Acceleration Y" : 0.017446551471948624,
			"Relative Acceleration Z" : -0.034686610102653503,
			"Relative Velocity X" : 8.70159912109375,
			"Relative Velocity Y" : -0.0045239189639687538,
			"Relative Velocity Z" : -0.051946885883808136,
			"Truncated" : 0
		},
		{
			"Absolute Acceleration X" : 0.48751944303512573,
			"Absolute Acceleration Y" : -0.5895380973815918,
			"Absolute Acceleration Z" : 0.3337409496307373,
			"Absolute Velocity X" : -27.635160446166992,
			"Absolute Velocity Y" : -0.52049511671066284,
			"Absolute Velocity Z" : -0.0091664725914597511,