{
	"CapturedObjects" : 
	[
		{
			"Absolute Acceleration X" : -0.22188568115234375,
			"Absolute Acceleration Y" : 0.179790198802948,
			"Absolute Acceleration Z" : -0.035715505480766296,
			"Absolute Velocity X" : 26.581375122070312,
			"Absolute Velocity Y" : -0.95695114135742188,
			"Absolute Velocity Z" : -0.16224373877048492,
			"ActorName" : "CAR 00",
			"BoundingBox3D Extent X" : 4.3256669044494629,
			"BoundingBox3D Extent Y" : 2.2182471752166748,
			"BoundingBox3D Extent Z" : 1.6845625638961792,
			"BoundingBox3D Orientation Quat W" : -0.99986416101455688,
			"BoundingBox3D Orientation Quat X" : 0.0032358651515096426,
			"BoundingBox3D Orientation Quat Y" : -0.0031158074270933867,
			"BoundingBox3D Orientation Quat Z" : 0.015758300200104713,
			"BoundingBox3D Origin X" : -26.284807205200195,
			"BoundingBox3D Origin Y" : -0.44364285469055176,
			"BoundingBox3D Origin Z" : 0.95753288269042969,
			"ObjectId" : 0,
			"ObjectType" : "CAR",
			"Occluded" : 0.0,
			"Relative Acceleration X" : -0.34852331876754761,
			"Relative Acceleration Y" : 0.42879593372344971,
			"Relative Acceleration Z" : -0.11246852576732635,
			"Relative Velocity X" : -0.87073701620101929,
			"Relative Velocity Y" : -0.66815459728240967,
			"Relative Velocity Z" : -0.10124219954013824,
			"Truncated" : 0
		},
		{
			"Absolute Acceleration X" : 0.25693893432617188,
			"Absolute Acceleration Y" : -0.15210349857807159,
			"Absolute Acceleration Z" : 0.053733706474304199,
			"Absolute Velocity X" : 28.069290161132812,
			"Absolute Velocity Y" : 0.1732264906167984,
			"Absolute Velocity Z" : -0.18386942148208618,
			"ActorName" : "CAR 01",
			"BoundingBox3D Extent X" : 4.0999999046325684,
			"BoundingBox3D Extent Y" : 1.6430835723876953,
			"BoundingBox3D Extent Z" : 1.4837304353713989,
			"BoundingBox3D Orientation Quat W" : 0.9999854564666748,
			"BoundingBox3D Orientation Quat X" : -0.00031569489510729909,
			"BoundingBox3D Orientation Quat Y" : 0.0027865907177329063,
			"BoundingBox3D Orientation Quat Z" : 0.0039275838062167168,
			"BoundingBox3D Origin X" : 46.06439208984375,
			"BoundingBox3D Origin Y" : 3.369255542755127,
			"BoundingBox3D Origin Z" : 0.38226744532585144,
			"ObjectId" : 1,
			"ObjectType" : "CAR",
			"Occluded" : 0.0,
			"Relative Acceleration X" : 0.1826179027557373,
			"Relative Acceleration Y" : -0.78521513938903809,
			"Relative Acceleration Z" : 0.11074258387088776,
			"Relative Velocity X" : 0.62828373908996582,
			"Relative Velocity Y" : 0.31309136748313904,
			"Relative Velocity Z" : 0.22391977906227112,
			"Truncated" : 0
		},
		{
			"Absolute Acceleration X" : 0.66506195068359375,
			"Absolute Acceleration Y" : -0.19946056604385376,
			"Absolute Acceleration Z" : -0.081288576126098633,
			"Absolute Velocity X" : 42.871540069580078,
			"Absolute Velocity Y" : -0.29574525356292725,
			"Absolute Velocity Z" : -0.25161924958229065,
			"ActorName" : "CAR 07",
			"BoundingBox3D Extent X" : 4.2486448287963867,
			"BoundingBox3D Extent Y" : 1.8063856363296509,
			"BoundingBox3D Extent Z" : 2.1072132587432861,
			"BoundingBox3D Orientation Quat W" : 0.99999600648880005,
			"BoundingBox3D Orientation Quat X" : 0.00053393782582134008,
			"BoundingBox3D Orientation Quat Y" : -0.00096976186614483595,
			"BoundingBox3D Orientation Quat Z" : -0.0023545799776911736,
			"BoundingBox3D Origin X" : 138.41468811035156,
			"BoundingBox3D Origin Y" : 3.3110849857330322,
			"BoundingBox3D Origin Z" : 0.36964124441146851,
			"ObjectId" : 7,
			"ObjectType" : "CAR",
			"Occluded" : 0.0,
			"Relative Acceleration X" : 0.57452106475830078,
			"Relative Acceleration Y" : -2.1330447196960449,
			"Relative Acceleration Z" : 0.20048458874225616,
			"Relative Velocity X" : 15.430992126464844,
			"Relative Velocity Y" : -0.34559327363967896,
			"Relative Velocity Z" : 0.58340650796890259,
			"Truncated" : 0
		},
		{
			"Absolute Acceleration X" : 0.0592193603515625,
			"Absolute Acceleration Y" : 0.042425155639648438,
			"Absolute Acceleration Z" : -0.15982463955879211,
			"Absolute Velocity X" : 29.889102935791016,
			"Absolute Velocity Y" : -0.25399741530418396,
			"Absolute Velocity Z" : -0.046008683741092682,
			"ActorName" : "CAR 08",
			"BoundingBox3D Extent X" : 4.1717782020568848,
			"BoundingBox3D Extent Y" : 1.7863059043884277,
			"BoundingBox3D Extent Z" : 1.2831528186798096,
			"BoundingBox3D Orientation Quat W" : 0.99998956918716431,
			"BoundingBox3D Orientation Quat X" : 0.0017396119656041265,
			"BoundingBox3D Orientation Quat Y" : 0.00092351913917809725,
			"BoundingBox3D Orientation Quat Z" : -0.0029601778369396925,
			"BoundingBox3D Origin X" : -65.080009460449219,
			"BoundingBox3D Origin Y" : 4.9646439552307129,
			"BoundingBox3D Origin Z" : 0.91697162389755249,
			"ObjectId" : 8,
			"ObjectType" : "CAR",
			"Occluded" : 0.0,
			"Relative Acceleration X" : 0.0071234703063964844,
			"Relative Acceleration Y" : 0.69989651441574097,
			"Relative Acceleration Z" : -0.36179196834564209,
			"Relative Velocity X" : 2.4482355117797852,
			"Relative Velocity Y" : 0.11406058073043823,
			"Relative Velocity Z" : -0.18635144829750061,
			"Truncated" : 0
		},
		{
			"Absolute Acceleration X" : 0.32279059290885925,
			"Absolute Acceleration Y" : 0.41095167398452759,
			"Absolute Acceleration Z" : -0.10436145961284637,
			"Absolute Velocity X" : 26.533807754516602,
			"Absolute Velocity Y" : -0.70941191911697388,
			"Absolute Velocity Z" : -0.068869717419147491,
			"ActorName" : "CAR 12",
			"BoundingBox3D Extent X" : 4.0999999046325684,
			"BoundingBox3D Extent Y" : 1.7240885496139526,
			"BoundingBox3D Extent Z" : 1.3480678796768188,
			"BoundingBox3D Orientation Quat W" : -0.99988859891891479,
			"BoundingBox3D Orientation Quat X" : 0.00061776238726451993,
			"BoundingBox3D Orientation Quat Y" : -0.0012980070896446705,
			"BoundingBox3D Orientation Quat Z" : 0.014503274112939835,
			"BoundingBox3D Origin X" : -60.467868804931641,
			"BoundingBox3D Origin Y" : 1.669116735458374,
			"BoundingBox3D Origin Z" : 0.90409594774246216,
			"ObjectId" : 12,
			"ObjectType" : "CAR",
			"Occluded" : 0.0,
			"Relative Acceleration X" : 0.27723884582519531,
			"Relative Acceleration Y" : 1.5240006446838379,
			"Relative Acceleration Z" : 0.34793350100517273,
			"Relative Velocity X" : -0.91351449489593506,
			"Relative Velocity Y" : -0.35089117288589478,
			"Relative Velocity Z" : -0.17688646912574768,
			"Truncated" : 0
		},
		{
			"Absolute Acceleration X" : 0.039882659912109375,
			"Absolute Acceleration Y" : 0.057791516184806824,
			"Absolute Acceleration Z" : 0.039856769144535065,
			"Absolute Velocity X" : 26.039566040039062,
			"Absolute Velocity Y" : -0.24389302730560303,
			"Absolute Velocity Z" : -0.14158694446086884,
			"ActorName" : "CAR 15",
			"BoundingBox3D Extent X" : 4.277015209197998,
			"BoundingBox3D Extent Y" : 1.781888484954834,
			"BoundingBox3D Extent Z" : 1.9821367263793945,
			"BoundingBox3D Orientation Quat W" : 0.99998325109481812,
			"BoundingBox3D Orientation Quat X" : -0.0011754523729905486,
			"BoundingBox3D Orientation Quat Y" : 0.002539739478379488,
			"BoundingBox3D Orientation Quat Z" : -0.0047417753376066685,
			"BoundingBox3D Origin X" : 57.871871948242188,
			"BoundingBox3D Origin Y" : 0.14968021214008331,
			"BoundingBox3D Origin Z" : 0.56809705495834351,
			"ObjectId" : 15,
			"ObjectType" : "CAR",
			"Occluded" : 0.0,
			"Relative Acceleration X" : -0.077726244926452637,
			"Relative Acceleration Y" : -0.68242174386978149,
			"Relative Acceleration Z" : 0.14547812938690186,
			"Relative Velocity X" : -1.4086953401565552,
			"Relative Velocity Y" : -0.12789624929428101,
			"Relative Velocity Z" : 0.33099555969238281,
			"Truncated" : 0
		}
	],
	"FrameId" : 15313,
	"Timestamp" : 1676039852515395000,
	"TimestampMiddle" : 1676039852498395000
}