{
	"CapturedObjects" : 
	[
		{
			"Absolute Acceleration X" : -0.00606536865234375,
			"Absolute Acceleration Y" : -0.0060582160949707031,
			"Absolute Acceleration Z" : 0.096589371562004089,
			"Absolute Velocity X" : 22.578424453735352,
			"Absolute Velocity Y" : 0.65637612342834473,
			"Absolute Velocity Z" : -0.19860103726387024,
			"ActorName" : "TRUCK 00",
			"BoundingBox3D Extent X" : 15.675508499145508,
			"BoundingBox3D Extent Y" : 2.846585750579834,
			"BoundingBox3D Extent Z" : 2.7976827621459961,
			"BoundingBox3D Orientation Quat W" : 0.99978941679000854,
			"BoundingBox3D Orientation Quat X" : -0.0019328956259414554,
			"BoundingBox3D Orientation Quat Y" : 0.0038716834969818592,
			"BoundingBox3D Orientation Quat Z" : 0.018973361700773239,
			"BoundingBox3D Origin X" : 16.750957489013672,
			"BoundingBox3D Origin Y" : 4.2620487213134766,
			"BoundingBox3D Origin Z" : 1.1457393169403076,
			"ObjectId" : 0,
			"ObjectType" : "TRUCK",
			"Occluded" : 0.0,
			"Relative Acceleration X" : -0.058773398399353027,
			"Relative Acceleration Y" : 0.00082999467849731445,
			"Relative Acceleration Z" : 0.18827982246875763,
			"Relative Velocity X" : 1.6005281209945679,
			"Relative Velocity Y" : 0.97290593385696411,
			"Relative Velocity Z" : 0.023255392909049988,
			"Truncated" : 0
		},
		{
			"Absolute Acceleration X" : -0.13286590576171875,
			"Absolute Acceleration Y" : 0.0186348557472229,
			"Absolute Acceleration Z" : -0.01198539137840271,
			"Absolute Velocity X" : 23.180168151855469,
			"Absolute Velocity Y" : 0.59766948223114014,
			"Absolute Velocity Z" : -0.22184102237224579,
			"ActorName" : "CAR 02",
			"BoundingBox3D Extent X" : 4.6524553298950195,
			"BoundingBox3D Extent Y" : 2.1059317588806152,
			"BoundingBox3D Extent Z" : 1.7193666696548462,
			"BoundingBox3D Orientation Quat W" : 0.99985569715499878,
			"BoundingBox3D Orientation Quat X" : -0.0010947678238153458,
			"BoundingBox3D Orientation Quat Y" : 0.0049474122934043407,
			"BoundingBox3D Orientation Quat Z" : 0.015402989462018013,
			"BoundingBox3D Origin X" : -12.910004615783691,
			"BoundingBox3D Origin Y" : 3.0882349014282227,
			"BoundingBox3D Origin Z" : 0.94097369909286499,
			"ObjectId" : 2,
			"ObjectType" : "CAR",
			"Occluded" : 0.0,
			"Relative Acceleration X" : -0.19672226905822754,
			"Relative Acceleration Y" : 0.53476172685623169,
			"Relative Acceleration Z" : -0.059987455606460571,
			"Relative Velocity X" : 2.2138228416442871,
			"Relative Velocity Y" : 0.60478627681732178,
			"Relative Velocity Z" : -0.03529851883649826,
			"Truncated" : 0
		},
		{
			"Absolute Acceleration X" : -0.4100341796875,
			"Absolute Acceleration Y" : 0.17447507381439209,
			"Absolute Acceleration Z" : 0.016114234924316406,
			"Absolute Velocity X" : 32.392948150634766,
			"Absolute Velocity Y" : 1.3848199844360352,
			"Absolute Velocity Z" : -0.31781455874443054,
			"ActorName" : "CAR 07",
			"BoundingBox3D Extent X" : 4.1769990921020508,
			"BoundingBox3D Extent Y" : 1.9059116840362549,
			"BoundingBox3D Extent Z" : 1.6264179944992065,
			"BoundingBox3D Orientation Quat W" : 0.99905771017074585,
			"BoundingBox3D Orientation Quat X" : -0.03764105960726738,
			"BoundingBox3D Orientation Quat Y" : 0.0042232531122863293,
			"BoundingBox3D Orientation Quat Z" : 0.020351869985461235,
			"BoundingBox3D Origin X" : 139.55332946777344,
			"BoundingBox3D Origin Y" : 12.07548999786377,
			"BoundingBox3D Origin Z" : -0.56616818904876709,
			"ObjectId" : 7,
			"ObjectType" : "CAR",
			"Occluded" : 0.0,
			"Relative Acceleration X" : -0.36441135406494141,
			"Relative Acceleration Y" : -1.6213290691375732,
			"Relative Acceleration Z" : 0.70078206062316895,
			"Relative Velocity X" : 11.340808868408203,
			"Relative Velocity Y" : 2.9438567161560059,
			"Relative Velocity Z" : 0.073947899043560028,
			"Truncated" : 0
		},
		{
			"Absolute Acceleration X" : -0.16538047790527344,
			"Absolute Acceleration Y" : -0.033455252647399902,
			"Absolute Acceleration Z" : 0.069391295313835144,
			"Absolute Velocity X" : 20.966306686401367,
			"Absolute Velocity Y" : -0.11372050642967224,
			"Absolute Velocity Z" : -0.17724542319774628,
			"ActorName" : "CAR 08",
			"BoundingBox3D Extent X" : 4.203056812286377,
			"BoundingBox3D Extent Y" : 1.7073705196380615,
			"BoundingBox3D Extent Z" : 1.5064666271209717,
			"BoundingBox3D Orientation Quat W" : 0.99997460842132568,
			"BoundingBox3D Orientation Quat X" : -0.0019133505411446095,
			"BoundingBox3D Orientation Quat Y" : 0.004381917417049408,
			"BoundingBox3D Orientation Quat Z" : -0.002679410157725215,
			"BoundingBox3D Origin X" : 27.998788833618164,
			"BoundingBox3D Origin Y" : -0.15697100758552551,
			"BoundingBox3D Origin Z" : 0.42014282941818237,
			"ObjectId" : 8,
			"ObjectType" : "CAR",
			"Occluded" : 0.0,
			"Relative Acceleration X" : -0.27431249618530273,
			"Relative Acceleration Y" : -0.24259097874164581,
			"Relative Acceleration Z" : 0.17536486685276031,
			"Relative Velocity X" : 0.033374849706888199,
			"Relative Velocity Y" : 0.32117900252342224,
			"Relative Velocity Z" : 0.063837632536888123,
			"Truncated" : 0
		},
		{
			"Absolute Acceleration X" : -0.0076580047607421875,
			"Absolute Acceleration Y" : -0.015238523483276367,
			"Absolute Acceleration Z" : 0.058342218399047852,
			"Absolute Velocity X" : 30.261924743652344,
			"Absolute Velocity Y" : 0.94140905141830444,
			"Absolute Velocity Z" : -0.33311194181442261,
			"ActorName" : "CAR 10",
			"BoundingBox3D Extent X" : 4.6715030670166016,
			"BoundingBox3D Extent Y" : 1.8999999761581421,
			"BoundingBox3D Extent Z" : 1.5655958652496338,
			"BoundingBox3D Orientation Quat W" : 0.99979895353317261,
			"BoundingBox3D Orientation Quat X" : 0.0056146634742617607,
			"BoundingBox3D Orientation Quat Y" : 0.0045179682783782482,
			"BoundingBox3D Orientation Quat Z" : 0.018451245501637459,
			"BoundingBox3D Origin X" : 14.840539932250977,
			"BoundingBox3D Origin Y" : 7.8042445182800293,
			"BoundingBox3D Origin Z" : 0.55774348974227905,
			"ObjectId" : 10,
			"ObjectType" : "CAR",
			"Occluded" : 0.0,
			"Relative Acceleration X" : -0.00368499755859375,
			"Relative Acceleration Y" : 0.19984698295593262,
			"Relative Acceleration Z" : 0.16400334239006042,
			"Relative Velocity X" : 9.248931884765625,
			"Relative Velocity Y" : 1.2174290418624878,
			"Relative Velocity Z" : -0.10304642468690872,
			"Truncated" : 0
		},
		{
			"Absolute Acceleration X" : -0.053478311747312546,
			"Absolute Acceleration Y" : 0.01832851767539978,
			"Absolute Acceleration Z" : 0.18850624561309814,
			"Absolute Velocity X" : 32.739730834960938,
			"Absolute Velocity Y" : 1.2515956163406372,
			"Absolute Velocity Z" : -0.17779156565666199,
			"ActorName" : "CAR 14",
			"BoundingBox3D Extent X" : 4.0999999046325684,
			"BoundingBox3D Extent Y" : 2.1644284725189209,
			"BoundingBox3D Extent Z" : 1.5971190929412842,
			"BoundingBox3D Orientation Quat W" : 0.99884951114654541,
			"BoundingBox3D Orientation Quat X" : -0.042887918651103973,
			"BoundingBox3D Orientation Quat Y" : 0.0021829574834555387,
			"BoundingBox3D Orientation Quat Z" : 0.019765947014093399,
			"BoundingBox3D Origin X" : 207.34320068359375,
			"BoundingBox3D Origin Y" : 15.406996726989746,
			"BoundingBox3D Origin Z" : -1.1893199682235718,
			"ObjectId" : 14,
			"ObjectType" : "CAR",
			"Occluded" : 0.0,
			"Relative Acceleration X" : -0.10383117198944092,
			"Relative Acceleration Y" : -1.6279892921447754,
			"Relative Acceleration Z" : -1.0815740823745728,
			"Relative Velocity X" : 11.633302688598633,
			"Relative Velocity Y" : 3.8774762153625488,
			"Relative Velocity Z" : -0.66603279113769531,
			"Truncated" : 0
		},
		{
			"Absolute Acceleration X" : 0.035343170166015625,
			"Absolute Acceleration Y" : 0.035027980804443359,
			"Absolute Acceleration Z" : 0.10562380403280258,
			"Absolute Velocity X" : 22.709854125976562,
			"Absolute Velocity Y" : 0.6660192608833313,
			"Absolute Velocity Z" : -0.17743740975856781,