{
	"CapturedObjects" : 
	[
		{
			"Absolute Acceleration X" : 0.27462959289550781,
			"Absolute Acceleration Y" : -0.54088360071182251,
			"Absolute Acceleration Z" : -0.058127105236053467,
			"Absolute Velocity X" : 22.130731582641602,
			"Absolute Velocity Y" : 0.12332106381654739,
			"Absolute Velocity Z" : -0.19196575880050659,
			"ActorName" : "TRUCK 00",
			"BoundingBox3D Extent X" : 11.0,
			"BoundingBox3D Extent Y" : 2.8261775970458984,
			"BoundingBox3D Extent Z" : 2.7759857177734375,
			"BoundingBox3D Orientation Quat W" : 0.99992656707763672,
			"BoundingBox3D Orientation Quat X" : -0.010317664593458176,
			"BoundingBox3D Orientation Quat Y" : 0.0048929788172245026,
			"BoundingBox3D Orientation Quat Z" : 0.00091191066894680262,
			"BoundingBox3D Origin X" : -9.7994289398193359,
			"BoundingBox3D Origin Y" : -3.81512451171875,
			"BoundingBox3D Origin Z" : 1.4435998201370239,
			"ObjectId" : 0,
			"ObjectType" : "TRUCK",
			"Occluded" : 0.0,
			"Relative Acceleration X" : 0.2590630054473877,
			"Relative Acceleration Y" : 0.039337500929832458,
			"Relative Acceleration Z" : -0.021971520036458969,
			"Relative Velocity X" : -3.2231831550598145,
			"Relative Velocity Y" : 0.012449657544493675,
			"Relative Velocity Z" : -0.096236385405063629,
			"Truncated" : 0
		},
		{
			"Absolute Acceleration X" : 0.58564567565917969,
			"Absolute Acceleration Y" : -0.52088147401809692,
			"Absolute Acceleration Z" : -0.056991882622241974,
			"Absolute Velocity X" : 22.64079475402832,
			"Absolute Velocity Y" : 1.2177591323852539,
			"Absolute Velocity Z" : -0.049825336784124374,
			"ActorName" : "CAR 01",
			"BoundingBox3D Extent X" : 4.0999999046325684,
			"BoundingBox3D Extent Y" : 1.8643006086349487,
			"BoundingBox3D Extent Z" : 1.5256708860397339,
			"BoundingBox3D Orientation Quat W" : 0.99965912103652954,
			"BoundingBox3D Orientation Quat X" : 0.0015638098120689392,
			"BoundingBox3D Orientation Quat Y" : 0.0011609388748183846,
			"BoundingBox3D Orientation Quat Z" : 0.025865327566862106,
			"BoundingBox3D Origin X" : -58.572593688964844,
			"BoundingBox3D Origin Y" : -2.174790620803833,
			"BoundingBox3D Origin Z" : 1.0622866153717041,
			"ObjectId" : 1,
			"ObjectType" : "CAR",
			"Occluded" : 0.0,
			"Relative Acceleration X" : 0.55703067779541016,
			"Relative Acceleration Y" : 0.41619777679443359,
			"Relative Acceleration Z" : 0.0065506510436534882,
			"Relative Velocity X" : -2.750373363494873,
			"Relative Velocity Y" : -0.18967008590698242,
			"Relative Velocity Z" : -0.5329323410987854,
			"Truncated" : 0
		},
		{
			"Absolute Acceleration X" : -0.10845565795898438,
			"Absolute Acceleration Y" : -1.0588361024856567,
			"Absolute Acceleration Z" : -0.11705227196216583,
			"Absolute Velocity X" : 30.994688034057617,
			"Absolute Velocity Y" : 0.72199684381484985,
			"Absolute Velocity Z" : -0.23900599777698517,
			"ActorName" : "CAR 03",
			"BoundingBox3D Extent X" : 4.3612446784973145,
			"BoundingBox3D Extent Y" : 2.5543322563171387,
			"BoundingBox3D Extent Z" : 1.4967716932296753,
			"BoundingBox3D Orientation Quat W" : 0.99986892938613892,
			"BoundingBox3D Orientation Quat X" : 0.0026176567189395428,
			"BoundingBox3D Orientation Quat Y" : 0.0038414462469518185,
			"BoundingBox3D Orientation Quat Z" : 0.015205866657197475,
			"BoundingBox3D Origin X" : -29.042642593383789,
			"BoundingBox3D Origin Y" : 3.5514111518859863,
			"BoundingBox3D Origin Z" : 0.95719307661056519,
			"ObjectId" : 3,
			"ObjectType" : "CAR",
			"Occluded" : 0.0,
			"Relative Acceleration X" : -0.091802120208740234,
			"Relative Acceleration Y" : 0.12923790514469147,
			"Relative Acceleration Z" : -0.00077387690544128418,
			"Relative Velocity X" : 5.4534063339233398,
			"Relative Velocity Y" : 0.083491407334804535,
			"Relative Velocity Z" : -0.33517429232597351,
			"Truncated" : 0
		},
		{
			"Absolute Acceleration X" : 0.5010986328125,
			"Absolute Acceleration Y" : -0.93464112281799316,
			"Absolute Acceleration Z" : -0.087086915969848633,
			"Absolute Velocity X" : 33.110507965087891,
			"Absolute Velocity Y" : -2.9518601894378662,
			"Absolute Velocity Z" : -0.4242127537727356,
			"ActorName" : "CAR 04",
			"BoundingBox3D Extent X" : 4.0999999046325684,
			"BoundingBox3D Extent Y" : 1.6322613954544067,
			"BoundingBox3D Extent Z" : 1.5688607692718506,
			"BoundingBox3D Orientation Quat W" : -0.99899297952651978,
			"BoundingBox3D Orientation Quat X" : -0.00073310150764882565,
			"BoundingBox3D Orientation Quat Y" : -0.0064748111180961132,
			"BoundingBox3D Orientation Quat Z" : 0.044280808418989182,
			"BoundingBox3D Origin X" : 80.044334411621094,
			"BoundingBox3D Origin Y" : -1.0525764226913452,
			"BoundingBox3D Origin Z" : -0.12749955058097839,
			"ObjectId" : 4,
			"ObjectType" : "CAR",
			"Occluded" : 0.0,
			"Relative Acceleration X" : 0.60513734817504883,
			"Relative Acceleration Y" : -0.36235404014587402,
			"Relative Acceleration Z" : -0.029978537932038307,
			"Relative Velocity X" : 7.6961236000061035,
			"Relative Velocity Y" : -0.69387751817703247,
			"Relative Velocity Z" : 0.79201298952102661,
			"Truncated" : 0
		},
		{
			"Absolute Acceleration X" : 0.20630455017089844,
			"Absolute Acceleration Y" : -0.56572914123535156,
			"Absolute Acceleration Z" : -0.10805659741163254,
			"Absolute Velocity X" : 22.533168792724609,
			"Absolute Velocity Y" : 3.604468822479248,
			"Absolute Velocity Z" : 0.034030403941869736,
			"ActorName" : "CAR 06",
			"BoundingBox3D Extent X" : 4.0999999046325684,
			"BoundingBox3D Extent Y" : 2.4307396411895752,
			"BoundingBox3D Extent Z" : 3.0618698596954346,
			"BoundingBox3D Orientation Quat W" : 0.99746090173721313,
			"BoundingBox3D Orientation Quat X" : -0.0005300272605381906,
			"BoundingBox3D Orientation Quat Y" : -0.00062193465419113636,
			"BoundingBox3D Orientation Quat Z" : 0.071111202239990234,
			"BoundingBox3D Origin X" : -153.20361328125,
			"BoundingBox3D Origin Y" : -11.478706359863281,
			"BoundingBox3D Origin Z" : 1.6789889335632324,
			"ObjectId" : 6,
			"ObjectType" : "CAR",
			"Occluded" : 0.0,
			"Relative Acceleration X" : 0.064086437225341797,
			"Relative Acceleration Y" : 1.012721061706543,
			"Relative Acceleration Z" : -0.064626611769199371,
			"Relative Velocity X" : -2.6099185943603516,
			"Relative Velocity Y" : -0.3187166154384613,
			"Relative Velocity Z" : -1.5613911151885986,
			"Truncated" : 0
		},
		{
			"Absolute Acceleration X" : 0.048694610595703125,
			"Absolute Acceleration Y" : -0.72966188192367554,
			"Absolute Acceleration Z" : 0.0031353235244750977,
			"Absolute Velocity X" : 24.883155822753906,
			"Absolute Velocity Y" : -0.93170756101608276,
			"Absolute Velocity Z" : -0.26793181896209717,
			"ActorName" : "CAR 07",
			"BoundingBox3D Extent X" : 4.1408395767211914,
			"BoundingBox3D Extent Y" : 1.8945406675338745,
			"BoundingBox3D Extent Z" : 1.469247579574585,
			"BoundingBox3D Orientation Quat W" : -0.99974656105041504,
			"BoundingBox3D Orientation Quat X" : 0.0069725788198411465,
			"BoundingBox3D Orientation Quat Y" : -0.0052319779060781002,
			"BoundingBox3D Orientation Quat Z" : 0.02080870233476162,
			"BoundingBox3D Origin X" : 35.484317779541016,
			"BoundingBox3D Origin Y" : -4.8178091049194336,
			"BoundingBox3D Origin Z" : 0.34700614213943481,
			"ObjectId" : 7,
			"ObjectType" : "CAR",
			"Occluded" : 0.0,
			"Relative Acceleration X" : 0.047598779201507568,
			"Relative Acceleration Y" : -0.29736113548278809,
			"Relative Acceleration Z" : 0.028626386076211929,
			"Relative Velocity X" : -0.4324057400226593,
			"Relative Velocity Y" : 0.15458455681800842,
			"Relative Velocity Z" : 0.38203790783882141,
			"Truncated" : 0
		},
		{
			"Absolute Acceleration X" : 0.12384986877441406,
			"Absolute Acceleration Y" : -0.53066790103912354,
			"Absolute Acceleration Z" : -0.042755484580993652,
			"Absolute Velocity X" : 24.665014266967773,
			"Absolute Velocity Y" : -1.6706126928329468,
			"Absolute Velocity Z" : -0.27776768803596497,