{
	"CapturedObjects" : 
	[
		{
			"Absolute Acceleration X" : -0.24566078186035156,
			"Absolute Acceleration Y" : 0.31294256448745728,
			"Absolute Acceleration Z" : -0.0029157400131225586,
			"Absolute Velocity X" : 14.137561798095703,
			"Absolute Velocity Y" : -0.49910756945610046,
			"Absolute Velocity Z" : -0.22274947166442871,
			"ActorName" : "CAR 00",
			"BoundingBox3D Extent X" : 4.235842227935791,
			"BoundingBox3D Extent Y" : 2.0896267890930176,
			"BoundingBox3D Extent Z" : 1.5755466222763062,
			"BoundingBox3D Orientation Quat W" : -0.9999159574508667,
			"BoundingBox3D Orientation Quat X" : 0.0027484092861413956,
			"BoundingBox3D Orientation Quat Y" : -0.0078759985044598579,
			"BoundingBox3D Orientation Quat Z" : 0.0077599473297595978,
			"BoundingBox3D Origin X" : -24.443386077880859,
			"BoundingBox3D Origin Y" : 0.21191558241844177,
			"BoundingBox3D Origin Z" : 1.1462129354476929,
			"ObjectId" : 0,
			"ObjectType" : "CAR",
			"Occluded" : 0.0,
			"Relative Acceleration X" : -0.43435245752334595,
			"Relative Acceleration Y" : 0.14394955337047577,
			"Relative Acceleration Z" : -0.41288238763809204,
			"Relative Velocity X" : 0.93562519550323486,
			"Relative Velocity Y" : -0.19536645710468292,
			"Relative Velocity Z" : 0.041699573397636414,
			"Truncated" : 0
		},
		{
			"Absolute Acceleration X" : 1.2109489440917969,
			"Absolute Acceleration Y" : -0.11313962936401367,
			"Absolute Acceleration Z" : -0.14616698026657104,
			"Absolute Velocity X" : 33.083347320556641,
			"Absolute Velocity Y" : -0.88461554050445557,
			"Absolute Velocity Z" : -0.60135424137115479,
			"ActorName" : "CAR 01",
			"BoundingBox3D Extent X" : 4.264348030090332,
			"BoundingBox3D Extent Y" : 1.8931920528411865,
			"BoundingBox3D Extent Z" : 1.3021485805511475,
			"BoundingBox3D Orientation Quat W" : -0.9998093843460083,
			"BoundingBox3D Orientation Quat X" : -0.0092372484505176544,
			"BoundingBox3D Orientation Quat Y" : -0.0058784889988601208,
			"BoundingBox3D Orientation Quat Z" : 0.01194488164037466,
			"BoundingBox3D Origin X" : 18.640594482421875,
			"BoundingBox3D Origin Y" : 21.625814437866211,
			"BoundingBox3D Origin Z" : 0.096608482301235199,
			"ObjectId" : 1,
			"ObjectType" : "CAR",
			"Occluded" : 0.0,
			"Relative Acceleration X" : 0.94734001159667969,
			"Relative Acceleration Y" : -0.26608425378799438,
			"Relative Acceleration Z" : 0.033285170793533325,
			"Relative Velocity X" : 20.006427764892578,
			"Relative Velocity Y" : -0.80587178468704224,
			"Relative Velocity Z" : -0.39506256580352783,
			"Truncated" : 0
		},
		{
			"Absolute Acceleration X" : 0.62491226196289062,
			"Absolute Acceleration Y" : -0.13783037662506104,
			"Absolute Acceleration Z" : -0.12691023945808411,
			"Absolute Velocity X" : 32.098720550537109,
			"Absolute Velocity Y" : -0.73710370063781738,
			"Absolute Velocity Z" : -0.35159289836883545,
			"ActorName" : "CAR 02",
			"BoundingBox3D Extent X" : 4.6198415756225586,
			"BoundingBox3D Extent Y" : 1.8999999761581421,
			"BoundingBox3D Extent Z" : 1.3687719106674194,
			"BoundingBox3D Orientation Quat W" : -0.99989873170852661,
			"BoundingBox3D Orientation Quat X" : -0.00012838940892834216,
			"BoundingBox3D Orientation Quat Y" : -0.004938127938657999,
			"BoundingBox3D Orientation Quat Z" : 0.013119582086801529,
			"BoundingBox3D Origin X" : -27.572586059570312,
			"BoundingBox3D Origin Y" : 22.936832427978516,
			"BoundingBox3D Origin Z" : 0.83075344562530518,
			"ObjectId" : 2,
			"ObjectType" : "CAR",
			"Occluded" : 0.0,
			"Relative Acceleration X" : 0.35051918029785156,
			"Relative Acceleration Y" : -0.46589234471321106,
			"Relative Acceleration Z" : -0.64276760816574097,
			"Relative Velocity X" : 19.027807235717773,
			"Relative Velocity Y" : -0.39127764105796814,
			"Relative Velocity Z" : -0.061304017901420593,
			"Truncated" : 0
		},
		{
			"Absolute Acceleration X" : 0.16512870788574219,
			"Absolute Acceleration Y" : -0.34660595655441284,
			"Absolute Acceleration Z" : -0.005561336874961853,
			"Absolute Velocity X" : 13.024541854858398,
			"Absolute Velocity Y" : -0.77249139547348022,
			"Absolute Velocity Z" : -0.17295975983142853,
			"ActorName" : "CAR 03",
			"BoundingBox3D Extent X" : 4.3967618942260742,
			"BoundingBox3D Extent Y" : 1.8588123321533203,
			"BoundingBox3D Extent Z" : 1.4206863641738892,
			"BoundingBox3D Orientation Quat W" : -0.99946647882461548,
			"BoundingBox3D Orientation Quat X" : -0.0014405306428670883,
			"BoundingBox3D Orientation Quat Y" : -0.0072104837745428085,
			"BoundingBox3D Orientation Quat Z" : 0.031503558158874512,
			"BoundingBox3D Origin X" : -37.625274658203125,
			"BoundingBox3D Origin Y" : 4.108635425567627,
			"BoundingBox3D Origin Z" : 1.2420313358306885,
			"ObjectId" : 3,
			"ObjectType" : "CAR",
			"Occluded" : 0.0,
			"Relative Acceleration X" : -0.04047895222902298,
			"Relative Acceleration Y" : -0.55954492092132568,
			"Relative Acceleration Z" : -0.60999739170074463,
			"Relative Velocity X" : -0.1553674191236496,
			"Relative Velocity Y" : -0.39445763826370239,
			"Relative Velocity Z" : 0.092411525547504425,
			"Truncated" : 0
		},
		{
			"Absolute Acceleration X" : -0.063072331249713898,
			"Absolute Acceleration Y" : -0.073924198746681213,
			"Absolute Acceleration Z" : -1.415937066078186,
			"Absolute Velocity X" : 31.187625885009766,
			"Absolute Velocity Y" : -0.87343329191207886,
			"Absolute Velocity Z" : -1.3127464056015015,
			"ActorName" : "CAR 04",
			"BoundingBox3D Extent X" : 4.0999999046325684,
			"BoundingBox3D Extent Y" : 1.6731479167938232,
			"BoundingBox3D Extent Z" : 0.97772371768951416,
			"BoundingBox3D Orientation Quat W" : -0.99912101030349731,
			"BoundingBox3D Orientation Quat X" : -0.00053073721937835217,
			"BoundingBox3D Orientation Quat Y" : -0.035991590470075607,
			"BoundingBox3D Orientation Quat Z" : 0.016308080404996872,
			"BoundingBox3D Origin X" : 40.712291717529297,
			"BoundingBox3D Origin Y" : 21.606807708740234,
			"BoundingBox3D Origin Z" : -0.56615382432937622,
			"ObjectId" : 4,
			"ObjectType" : "CAR",
			"Occluded" : 0.0,
			"Relative Acceleration X" : -0.14424443244934082,
			"Relative Acceleration Y" : -0.40253886580467224,
			"Relative Acceleration Z" : -2.6173892021179199,
			"Relative Velocity X" : 18.180532455444336,
			"Relative Velocity Y" : -0.93789768218994141,
			"Relative Velocity Z" : -1.509318470954895,
			"Truncated" : 0
		},
		{
			"Absolute Acceleration X" : -1.3416604995727539,
			"Absolute Acceleration Y" : -0.31884169578552246,
			"Absolute Acceleration Z" : 0.022455096244812012,
			"Absolute Velocity X" : 14.650735855102539,
			"Absolute Velocity Y" : -0.96848589181900024,
			"Absolute Velocity Z" : -0.19957661628723145,
			"ActorName" : "CAR 05",
			"BoundingBox3D Extent X" : 4.2034134864807129,
			"BoundingBox3D Extent Y" : 1.8194049596786499,
			"BoundingBox3D Extent Z" : 1.486355185508728,
			"BoundingBox3D Orientation Quat W" : -0.99948221445083618,
			"BoundingBox3D Orientation Quat X" : -0.00080429221270605922,
			"BoundingBox3D Orientation Quat Y" : -0.006071723997592926,
			"BoundingBox3D Orientation Quat Z" : 0.031401727348566055,
			"BoundingBox3D Origin X" : -53.145954132080078,
			"BoundingBox3D Origin Y" : 3.5392904281616211,
			"BoundingBox3D Origin Z" : 1.5056321620941162,
			"ObjectId" : 5,
			"ObjectType" : "CAR",
			"Occluded" : 0.0,
			"Relative Acceleration X" : -1.5492614507675171,
			"Relative Acceleration Y" : -0.60875064134597778,
			"Relative Acceleration Z" : -0.82978415489196777,
			"Relative Velocity X" : 1.4680100679397583,
			"Relative Velocity Y" : -0.49636179208755493,
			"Relative Velocity Z" : 0.11333630979061127,
			"Truncated" : 0
		},
		{
			"Absolute Acceleration X" : -0.31698989868164062,
			"Absolute Acceleration Y" : 0.43117684125900269,
			"Absolute Acceleration Z" : 0.0052821636199951172,
			"Absolute Velocity X" : 17.170293807983398,
			"Absolute Velocity Y" : -1.2380821704864502,