{
	"CapturedObjects" : 
	[
		{
			"Absolute Acceleration X" : 0.32888603210449219,
			"Absolute Acceleration Y" : 0.017155870795249939,
			"Absolute Acceleration Z" : 0.0068621635437011719,
			"Absolute Velocity X" : 30.645906448364258,
			"Absolute Velocity Y" : -0.2302144318819046,
			"Absolute Velocity Z" : -0.25867480039596558,
			"ActorName" : "CAR 01",
			"BoundingBox3D Extent X" : 4.0999999046325684,
			"BoundingBox3D Extent Y" : 2.0434176921844482,
			"BoundingBox3D Extent Z" : 1.7555222511291504,
			"BoundingBox3D Orientation Quat W" : 0.99996739625930786,
			"BoundingBox3D Orientation Quat X" : -0.0056702625006437302,
			"BoundingBox3D Orientation Quat Y" : 0.0040364796295762062,
			"BoundingBox3D Orientation Quat Z" : -0.00026560298283584416,
			"BoundingBox3D Origin X" : 16.352413177490234,
			"BoundingBox3D Origin Y" : 6.6451382637023926,
			"BoundingBox3D Origin Z" : 0.66167533397674561,
			"ObjectId" : 1,
			"ObjectType" : "CAR",
			"Occluded" : 0.0,
			"Relative Acceleration X" : 0.48102760314941406,
			"Relative Acceleration Y" : -0.038094468414783478,
			"Relative Acceleration Z" : 0.094770193099975586,
			"Relative Velocity X" : 10.185717582702637,
			"Relative Velocity Y" : -0.07467140257358551,
			"Relative Velocity Z" : -0.094106994569301605,
			"Truncated" : 0
		},
		{
			"Absolute Acceleration X" : 0.11130782216787338,
			"Absolute Acceleration Y" : -0.0064576771110296249,
			"Absolute Acceleration Z" : -0.0042357482016086578,
			"Absolute Velocity X" : 31.812675476074219,
			"Absolute Velocity Y" : -0.36030867695808411,
			"Absolute Velocity Z" : -0.26311242580413818,
			"ActorName" : "CAR 04",
			"BoundingBox3D Extent X" : 4.0999999046325684,
			"BoundingBox3D Extent Y" : 1.6868230104446411,
			"BoundingBox3D Extent Z" : 1.6394811868667603,
			"BoundingBox3D Orientation Quat W" : 0.99996435642242432,
			"BoundingBox3D Orientation Quat X" : -0.0029349953401833773,
			"BoundingBox3D Orientation Quat Y" : 0.0049165538512170315,
			"BoundingBox3D Orientation Quat Z" : -0.0061033423990011215,
			"BoundingBox3D Origin X" : 134.39019775390625,
			"BoundingBox3D Origin Y" : 5.7103719711303711,
			"BoundingBox3D Origin Z" : -0.36124429106712341,
			"ObjectId" : 4,
			"ObjectType" : "CAR",
			"Occluded" : 0.0,
			"Relative Acceleration X" : 0.37971606850624084,
			"Relative Acceleration Y" : -0.50444495677947998,
			"Relative Acceleration Z" : 0.080783545970916748,
			"Relative Velocity X" : 11.350949287414551,
			"Relative Velocity Y" : -0.36872011423110962,
			"Relative Velocity Z" : -0.12997749447822571,
			"Truncated" : 0
		},
		{
			"Absolute Acceleration X" : 0.2158072292804718,
			"Absolute Acceleration Y" : 0.36172646284103394,
			"Absolute Acceleration Z" : 0.02704981341958046,
			"Absolute Velocity X" : 32.310821533203125,
			"Absolute Velocity Y" : -0.03607814759016037,
			"Absolute Velocity Z" : -0.23221167922019958,
			"ActorName" : "CAR 05",
			"BoundingBox3D Extent X" : 4.0999999046325684,
			"BoundingBox3D Extent Y" : 1.8871970176696777,
			"BoundingBox3D Extent Z" : 1.9245541095733643,
			"BoundingBox3D Orientation Quat W" : 0.99997437000274658,
			"BoundingBox3D Orientation Quat X" : -0.0030000661499798298,
			"BoundingBox3D Orientation Quat Y" : 0.0030536907725036144,
			"BoundingBox3D Orientation Quat Z" : -0.0040832306258380413,
			"BoundingBox3D Origin X" : 189.26472473144531,
			"BoundingBox3D Origin Y" : 5.4217934608459473,
			"BoundingBox3D Origin Z" : -0.63502204418182373,
			"ObjectId" : 5,
			"ObjectType" : "CAR",
			"Occluded" : 0.0,
			"Relative Acceleration X" : 0.48411238193511963,
			"Relative Acceleration Y" : -0.36972370743751526,
			"Relative Acceleration Z" : 0.20959894359111786,
			"Relative Velocity X" : 11.847452163696289,
			"Relative Velocity Y" : -0.1262487918138504,
			"Relative Velocity Z" : -0.10700900107622147,
			"Truncated" : 0
		},
		{
			"Absolute Acceleration X" : 0.043207168579101562,
			"Absolute Acceleration Y" : -0.029947951436042786,
			"Absolute Acceleration Z" : -0.0010886341333389282,
			"Absolute Velocity X" : 25.719161987304688,
			"Absolute Velocity Y" : -0.2163437157869339,
			"Absolute Velocity Z" : -0.21480247378349304,
			"ActorName" : "CAR 06",
			"BoundingBox3D Extent X" : 4.0999999046325684,
			"BoundingBox3D Extent Y" : 1.9416749477386475,
			"BoundingBox3D Extent Z" : 1.5827196836471558,
			"BoundingBox3D Orientation Quat W" : 0.99996525049209595,
			"BoundingBox3D Orientation Quat X" : 0.0042896000668406487,
			"BoundingBox3D Orientation Quat Y" : 0.0043638641946017742,
			"BoundingBox3D Orientation Quat Z" : -0.0054937866516411304,
			"BoundingBox3D Origin X" : 118.70278930664062,
			"BoundingBox3D Origin Y" : 2.2038328647613525,
			"BoundingBox3D Origin Z" : -0.26173096895217896,
			"ObjectId" : 6,
			"ObjectType" : "CAR",
			"Occluded" : 0.0,
			"Relative Acceleration X" : 0.19401168823242188,
			"Relative Acceleration Y" : -0.14470018446445465,
			"Relative Acceleration Z" : 0.28528898954391479,
			"Relative Velocity X" : 5.2525620460510254,
			"Relative Velocity Y" : -0.20257356762886047,
			"Relative Velocity Z" : -0.081089846789836884,
			"Truncated" : 0
		},
		{
			"Absolute Acceleration X" : -0.46211051940917969,
			"Absolute Acceleration Y" : -0.024609580636024475,
			"Absolute Acceleration Z" : 0.018192276358604431,
			"Absolute Velocity X" : 20.569587707519531,
			"Absolute Velocity Y" : -0.24406906962394714,
			"Absolute Velocity Z" : -0.16082602739334106,
			"ActorName" : "CAR 07",
			"BoundingBox3D Extent X" : 4.1580929756164551,
			"BoundingBox3D Extent Y" : 1.6662228107452393,
			"BoundingBox3D Extent Z" : 1.5035252571105957,
			"BoundingBox3D Orientation Quat W" : 0.99995267391204834,
			"BoundingBox3D Orientation Quat X" : -0.0042196516878902912,
			"BoundingBox3D Orientation Quat Y" : 0.0039502996951341629,
			"BoundingBox3D Orientation Quat Z" : -0.0067449924536049366,
			"BoundingBox3D Origin X" : 26.151943206787109,
			"BoundingBox3D Origin Y" : -0.41046434640884399,
			"BoundingBox3D Origin Z" : 0.47441691160202026,
			"ObjectId" : 7,
			"ObjectType" : "CAR",
			"Occluded" : 0.0,
			"Relative Acceleration X" : -0.314677894115448,
			"Relative Acceleration Y" : -0.071024894714355469,
			"Relative Acceleration Z" : 0.060684237629175186,
			"Relative Velocity X" : 0.099481411278247833,
			"Relative Velocity Y" : -0.10147225856781006,
			"Relative Velocity Z" : -0.0056496155448257923,
			"Truncated" : 0
		},
		{
			"Absolute Acceleration X" : -0.054977081716060638,
			"Absolute Acceleration Y" : 0.10203076899051666,
			"Absolute Acceleration Z" : -0.037798695266246796,
			"Absolute Velocity X" : 25.714670181274414,
			"Absolute Velocity Y" : -0.10166691243648529,
			"Absolute Velocity Z" : -0.24434088170528412,
			"ActorName" : "CAR 09",
			"BoundingBox3D Extent X" : 4.0999999046325684,
			"BoundingBox3D Extent Y" : 1.2738440036773682,
			"BoundingBox3D Extent Z" : 1.609076976776123,
			"BoundingBox3D Orientation Quat W" : 0.99997586011886597,
			"BoundingBox3D Orientation Quat X" : -0.0018625163938850164,
			"BoundingBox3D Orientation Quat Y" : 0.0031000527087599039,
			"BoundingBox3D Orientation Quat Z" : -0.0013356106355786324,
			"BoundingBox3D Origin X" : 153.16949462890625,
			"BoundingBox3D Origin Y" : 1.3176243305206299,
			"BoundingBox3D Origin Z" : -0.53796142339706421,
			"ObjectId" : 9,
			"ObjectType" : "CAR",
			"Occluded" : 0.0,
			"Relative Acceleration X" : 0.1963748037815094,
			"Relative Acceleration Y" : -0.50158911943435669,
			"Relative Acceleration Z" : 0.11555545032024384,
			"Relative Velocity X" : 5.2455687522888184,
			"Relative Velocity Y" : -0.14005488157272339,
			"Relative Velocity Z" : -0.11423157155513763,
			"Truncated" : 0
		},
		{
			"Absolute Acceleration X" : -0.3254547119140625,
			"Absolute Acceleration Y" : -0.048147678375244141,
			"Absolute Acceleration Z" : -0.010110154747962952,
			"Absolute Velocity X" : 31.634889602661133,
			"Absolute Velocity Y" : -1.2770246267318726,