{
	"CapturedObjects" : 
	[
		{
			"Absolute Acceleration X" : 0.063291899859905243,
			"Absolute Acceleration Y" : -0.94649511575698853,
			"Absolute Acceleration Z" : 0.17549321055412292,
			"Absolute Velocity X" : 31.943069458007812,
			"Absolute Velocity Y" : 0.1437772810459137,
			"Absolute Velocity Z" : -0.26032155752182007,
			"ActorName" : "CAR 00",
			"BoundingBox3D Extent X" : 4.5042562484741211,
			"BoundingBox3D Extent Y" : 1.9098014831542969,
			"BoundingBox3D Extent Z" : 1.5026005506515503,
			"BoundingBox3D Orientation Quat W" : 0.99997401237487793,
			"BoundingBox3D Orientation Quat X" : 0.0022939457558095455,
			"BoundingBox3D Orientation Quat Y" : 0.0036365031264722347,
			"BoundingBox3D Orientation Quat Z" : 0.0040756114758551121,
			"BoundingBox3D Origin X" : -12.166803359985352,
			"BoundingBox3D Origin Y" : 4.5831642150878906,
			"BoundingBox3D Origin Z" : 0.81661170721054077,
			"ObjectId" : 0,
			"ObjectType" : "CAR",
			"Occluded" : 0.0,
			"Relative Acceleration X" : 0.22713939845561981,
			"Relative Acceleration Y" : 0.025962634012103081,
			"Relative Acceleration Z" : -0.01039495412260294,
			"Relative Velocity X" : 3.7142953872680664,
			"Relative Velocity Y" : 0.028892392292618752,
			"Relative Velocity Z" : -0.026043877005577087,
			"Truncated" : 0
		},
		{
			"Absolute Acceleration X" : -0.0066747656092047691,
			"Absolute Acceleration Y" : -1.0329908132553101,
			"Absolute Acceleration Z" : 0.20180492103099823,
			"Absolute Velocity X" : 32.580410003662109,
			"Absolute Velocity Y" : -0.55350023508071899,
			"Absolute Velocity Z" : -0.12750662863254547,
			"ActorName" : "CAR 01",
			"BoundingBox3D Extent X" : 4.5348529815673828,
			"BoundingBox3D Extent Y" : 1.9780007600784302,
			"BoundingBox3D Extent Z" : 1.5060240030288696,
			"BoundingBox3D Orientation Quat W" : -0.99995744228363037,
			"BoundingBox3D Orientation Quat X" : -0.0014599051792174578,
			"BoundingBox3D Orientation Quat Y" : -0.00077997642802074552,
			"BoundingBox3D Orientation Quat Z" : 0.0081765530630946159,
			"BoundingBox3D Origin X" : 10.211779594421387,
			"BoundingBox3D Origin Y" : 4.1930241584777832,
			"BoundingBox3D Origin Z" : 0.68921679258346558,
			"ObjectId" : 1,
			"ObjectType" : "CAR",
			"Occluded" : 0.0,
			"Relative Acceleration X" : 0.18292313814163208,
			"Relative Acceleration Y" : -0.0037814194802194834,
			"Relative Acceleration Z" : -0.0032224170863628387,
			"Relative Velocity X" : 4.3617405891418457,
			"Relative Velocity Y" : -0.06781063973903656,
			"Relative Velocity Z" : -0.055219240486621857,
			"Truncated" : 0
		},
		{
			"Absolute Acceleration X" : 1.3897097110748291,
			"Absolute Acceleration Y" : -1.7419469356536865,
			"Absolute Acceleration Z" : 0.01346596609801054,
			"Absolute Velocity X" : 15.752881050109863,
			"Absolute Velocity Y" : 2.7484550476074219,
			"Absolute Velocity Z" : 0.29441815614700317,
			"ActorName" : "TRUCK 02",
			"BoundingBox3D Extent X" : 11.0,
			"BoundingBox3D Extent Y" : 2.815864086151123,
			"BoundingBox3D Extent Z" : 3.5491955280303955,
			"BoundingBox3D Orientation Quat W" : 0.99587273597717285,
			"BoundingBox3D Orientation Quat X" : 0.0047338362783193588,
			"BoundingBox3D Orientation Quat Y" : -0.008729858323931694,
			"BoundingBox3D Orientation Quat Z" : 0.090140223503112793,
			"BoundingBox3D Origin X" : 102.62782287597656,
			"BoundingBox3D Origin Y" : -16.088747024536133,
			"BoundingBox3D Origin Z" : 2.0477907657623291,
			"ObjectId" : 2,
			"ObjectType" : "TRUCK",
			"Occluded" : 0.0,
			"Relative Acceleration X" : 1.3949266672134399,
			"Relative Acceleration Y" : -1.4856795072555542,
			"Relative Acceleration Z" : -0.090995989739894867,
			"Relative Velocity X" : -11.908912658691406,
			"Relative Velocity Y" : 5.7251157760620117,
			"Relative Velocity Z" : -0.19043700397014618,
			"Truncated" : 0
		},
		{
			"Absolute Acceleration X" : 1.5344876050949097,
			"Absolute Acceleration Y" : -1.1896064281463623,
			"Absolute Acceleration Z" : -0.078724369406700134,
			"Absolute Velocity X" : 17.999374389648438,
			"Absolute Velocity Y" : -8.0279016494750977,
			"Absolute Velocity Z" : -0.067335218191146851,
			"ActorName" : "CAR 03",
			"BoundingBox3D Extent X" : 3.7058279514312744,
			"BoundingBox3D Extent Y" : 1.8999999761581421,
			"BoundingBox3D Extent Z" : 1.3479548692703247,
			"BoundingBox3D Orientation Quat W" : -0.97799640893936157,
			"BoundingBox3D Orientation Quat X" : -0.0011853160103783011,
			"BoundingBox3D Orientation Quat Y" : -0.001463139895349741,
			"BoundingBox3D Orientation Quat Z" : 0.20859535038471222,
			"BoundingBox3D Origin X" : -96.282096862792969,
			"BoundingBox3D Origin Y" : -40.611057281494141,
			"BoundingBox3D Origin Z" : 3.5183119773864746,
			"ObjectId" : 3,
			"ObjectType" : "CAR",
			"Occluded" : 0.0,
			"Relative Acceleration X" : 2.3400084972381592,
			"Relative Acceleration Y" : -1.0660876035690308,
			"Relative Acceleration Z" : 1.8420256376266479,
			"Relative Velocity X" : -8.9961996078491211,
			"Relative Velocity Y" : -10.41515064239502,
			"Relative Velocity Z" : 1.0072903633117676,
			"Truncated" : 0
		},
		{
			"Absolute Acceleration X" : -0.48056593537330627,
			"Absolute Acceleration Y" : -0.60851377248764038,
			"Absolute Acceleration Z" : 0.093693040311336517,
			"Absolute Velocity X" : 27.201433181762695,
			"Absolute Velocity Y" : -1.4377015829086304,
			"Absolute Velocity Z" : 0.11079590767621994,
			"ActorName" : "CAR 04",
			"BoundingBox3D Extent X" : 4.1167516708374023,
			"BoundingBox3D Extent Y" : 1.7308224439620972,
			"BoundingBox3D Extent Z" : 1.4999700784683228,
			"BoundingBox3D Orientation Quat W" : -0.99975448846817017,
			"BoundingBox3D Orientation Quat X" : -0.0034620927181094885,
			"BoundingBox3D Orientation Quat Y" : 0.0016715748934075236,
			"BoundingBox3D Orientation Quat Z" : 0.021682772785425186,
			"BoundingBox3D Origin X" : 47.393054962158203,
			"BoundingBox3D Origin Y" : -0.93877232074737549,
			"BoundingBox3D Origin Z" : 0.63014817237854004,
			"ObjectId" : 4,
			"ObjectType" : "CAR",
			"Occluded" : 0.0,
			"Relative Acceleration X" : -0.27572375535964966,
			"Relative Acceleration Y" : 0.14571358263492584,
			"Relative Acceleration Z" : -0.062206391245126724,
			"Relative Velocity X" : -0.88006263971328735,
			"Relative Velocity Y" : 0.045205187052488327,
			"Relative Velocity Z" : -0.055147908627986908,
			"Truncated" : 0
		},
		{
			"Absolute Acceleration X" : 0.17252245545387268,
			"Absolute Acceleration Y" : -0.70255225896835327,
			"Absolute Acceleration Z" : 0.10297603160142899,
			"Absolute Velocity X" : 24.399639129638672,
			"Absolute Velocity Y" : -3.3865864276885986,
			"Absolute Velocity Z" : 0.4930158257484436,
			"ActorName" : "CAR 05",
			"BoundingBox3D Extent X" : 4.0999999046325684,
			"BoundingBox3D Extent Y" : 1.8278701305389404,
			"BoundingBox3D Extent Z" : 1.5071696043014526,
			"BoundingBox3D Orientation Quat W" : -0.99758654832839966,
			"BoundingBox3D Orientation Quat X" : -0.0024912024382501841,
			"BoundingBox3D Orientation Quat Y" : 0.010625520721077919,
			"BoundingBox3D Orientation Quat Z" : 0.068531125783920288,
			"BoundingBox3D Origin X" : 133.85299682617188,
			"BoundingBox3D Origin Y" : -8.7786540985107422,
			"BoundingBox3D Origin Z" : 1.6049306392669678,
			"ObjectId" : 5,
			"ObjectType" : "CAR",
			"Occluded" : 0.0,
			"Relative Acceleration X" : 0.42141163349151611,
			"Relative Acceleration Y" : -0.049276601523160934,
			"Relative Acceleration Z" : -0.24508754909038544,
			"Relative Velocity X" : -3.451923131942749,
			"Relative Velocity Y" : 0.49336701631546021,
			"Relative Velocity Z" : -0.10713917762041092,
			"Truncated" : 0
		},
		{
			"Absolute Acceleration X" : 0.99387562274932861,
			"Absolute Acceleration Y" : -1.5902167558670044,
			"Absolute Acceleration Z" : 0.032632231712341309,
			"Absolute Velocity X" : 15.954976081848145,
			"Absolute Velocity Y" : 1.5548967123031616,
			"Absolute Velocity Z" : 0.301505446434021,