{
	"CapturedObjects" : 
	[
		{
			"Absolute Acceleration X" : 0.22557640075683594,
			"Absolute Acceleration Y" : 0.04026949405670166,
			"Absolute Acceleration Z" : 0.041555225849151611,
			"Absolute Velocity X" : 22.062135696411133,
			"Absolute Velocity Y" : -0.056091036647558212,
			"Absolute Velocity Z" : -0.24769115447998047,
			"ActorName" : "CAR 01",
			"BoundingBox3D Extent X" : 4.334075927734375,
			"BoundingBox3D Extent Y" : 2.0256328582763672,
			"BoundingBox3D Extent Z" : 1.5192403793334961,
			"BoundingBox3D Orientation Quat W" : 0.9999772310256958,
			"BoundingBox3D Orientation Quat X" : 0.00052934710402041674,
			"BoundingBox3D Orientation Quat Y" : 0.0055093932896852493,
			"BoundingBox3D Orientation Quat Z" : -0.003274714108556509,
			"BoundingBox3D Origin X" : -21.390659332275391,
			"BoundingBox3D Origin Y" : 0.44789224863052368,
			"BoundingBox3D Origin Z" : 0.90914219617843628,
			"ObjectId" : 1,
			"ObjectType" : "CAR",
			"Occluded" : 0.0,
			"Relative Acceleration X" : 0.17973175644874573,
			"Relative Acceleration Y" : 0.065385222434997559,
			"Relative Acceleration Z" : 0.039148598909378052,
			"Relative Velocity X" : -0.17747108638286591,
			"Relative Velocity Y" : 0.18136149644851685,
			"Relative Velocity Z" : 0.0075305751524865627,
			"Truncated" : 0
		},
		{
			"Absolute Acceleration X" : -0.12399673461914062,
			"Absolute Acceleration Y" : 0.15458936989307404,
			"Absolute Acceleration Z" : 0.13797107338905334,
			"Absolute Velocity X" : 26.66697883605957,
			"Absolute Velocity Y" : -0.18407762050628662,
			"Absolute Velocity Z" : -0.26837587356567383,
			"ActorName" : "TRUCK 02",
			"BoundingBox3D Extent X" : 11.0,
			"BoundingBox3D Extent Y" : 2.6529262065887451,
			"BoundingBox3D Extent Z" : 3.0765602588653564,
			"BoundingBox3D Orientation Quat W" : 0.99989789724349976,
			"BoundingBox3D Orientation Quat X" : -0.0056414543651044369,
			"BoundingBox3D Orientation Quat Y" : 0.0048848027363419533,
			"BoundingBox3D Orientation Quat Z" : -0.0024699943605810404,
			"BoundingBox3D Origin X" : 82.519668579101562,
			"BoundingBox3D Origin Y" : 15.728507995605469,
			"BoundingBox3D Origin Z" : 0.37908348441123962,
			"ObjectId" : 2,
			"ObjectType" : "TRUCK",
			"Occluded" : 0.0,
			"Relative Acceleration X" : -0.14150762557983398,
			"Relative Acceleration Y" : -0.018270354717969894,
			"Relative Acceleration Z" : 0.20352497696876526,
			"Relative Velocity X" : 4.4384293556213379,
			"Relative Velocity Y" : -0.027321832254528999,
			"Relative Velocity Z" : -0.23146702349185944,
			"Truncated" : 0
		},
		{
			"Absolute Acceleration X" : 0.037778854370117188,
			"Absolute Acceleration Y" : -0.11703483760356903,
			"Absolute Acceleration Z" : 0.0056510120630264282,
			"Absolute Velocity X" : 23.146705627441406,
			"Absolute Velocity Y" : -0.17282530665397644,
			"Absolute Velocity Z" : -0.21419404447078705,
			"ActorName" : "CAR 04",
			"BoundingBox3D Extent X" : 4.1162319183349609,
			"BoundingBox3D Extent Y" : 1.7154102325439453,
			"BoundingBox3D Extent Z" : 1.4888672828674316,
			"BoundingBox3D Orientation Quat W" : 0.99998146295547485,
			"BoundingBox3D Orientation Quat X" : -0.0017347348621115088,
			"BoundingBox3D Orientation Quat Y" : 0.004695346113294363,
			"BoundingBox3D Orientation Quat Z" : -0.0026508583687245846,
			"BoundingBox3D Origin X" : 41.578212738037109,
			"BoundingBox3D Origin Y" : 0.17682571709156036,
			"BoundingBox3D Origin Z" : 0.32103314995765686,
			"ObjectId" : 4,
			"ObjectType" : "CAR",
			"Occluded" : 0.0,
			"Relative Acceleration X" : -0.0089006423950195312,
			"Relative Acceleration Y" : -0.20814672112464905,
			"Relative Acceleration Z" : 0.0066879782825708389,
			"Relative Velocity X" : 0.90581637620925903,
			"Relative Velocity Y" : 0.015348698012530804,
			"Relative Velocity Z" : -0.079130612313747406,
			"Truncated" : 0
		},
		{
			"Absolute Acceleration X" : -0.1823577880859375,
			"Absolute Acceleration Y" : -0.050471991300582886,
			"Absolute Acceleration Z" : -0.013715207576751709,
			"Absolute Velocity X" : 27.357120513916016,
			"Absolute Velocity Y" : -0.37982654571533203,
			"Absolute Velocity Z" : -0.35022321343421936,
			"ActorName" : "CAR 12",
			"BoundingBox3D Extent X" : 4.5750732421875,
			"BoundingBox3D Extent Y" : 1.8780477046966553,
			"BoundingBox3D Extent Z" : 1.9186064004898071,
			"BoundingBox3D Orientation Quat W" : 0.99996227025985718,
			"BoundingBox3D Orientation Quat X" : -0.0040320772677659988,
			"BoundingBox3D Orientation Quat Y" : 0.0047376579605042934,
			"BoundingBox3D Orientation Quat Z" : -0.0046767056919634342,
			"BoundingBox3D Origin X" : 58.027912139892578,
			"BoundingBox3D Origin Y" : 15.741976737976074,
			"BoundingBox3D Origin Z" : 0.093406952917575836,
			"ObjectId" : 12,
			"ObjectType" : "CAR",
			"Occluded" : 0.0,
			"Relative Acceleration X" : -0.20039272308349609,
			"Relative Acceleration Y" : -0.17698289453983307,
			"Relative Acceleration Z" : 0.047493994235992432,
			"Relative Velocity X" : 5.1279969215393066,
			"Relative Velocity Y" : -0.20465964078903198,
			"Relative Velocity Z" : -0.26567164063453674,
			"Truncated" : 0
		},
		{
			"Absolute Acceleration X" : -0.54506492614746094,
			"Absolute Acceleration Y" : -0.089683473110198975,
			"Absolute Acceleration Z" : 0.041932553052902222,
			"Absolute Velocity X" : 23.852689743041992,
			"Absolute Velocity Y" : -0.43371370434761047,
			"Absolute Velocity Z" : -0.41114386916160583,
			"ActorName" : "CAR 14",
			"BoundingBox3D Extent X" : 4.102569580078125,
			"BoundingBox3D Extent Y" : 2.0015368461608887,
			"BoundingBox3D Extent Z" : 0.78410714864730835,
			"BoundingBox3D Orientation Quat W" : 0.99992728233337402,
			"BoundingBox3D Orientation Quat X" : -0.0050336020067334175,
			"BoundingBox3D Orientation Quat Y" : 0.0091330697759985924,
			"BoundingBox3D Orientation Quat Z" : -0.0042202547192573547,
			"BoundingBox3D Origin X" : -110.21498870849609,
			"BoundingBox3D Origin Y" : -2.0813477039337158,
			"BoundingBox3D Origin Z" : 1.7392914295196533,
			"ObjectId" : 14,
			"ObjectType" : "CAR",
			"Occluded" : 0.0,
			"Relative Acceleration X" : -0.59637606143951416,
			"Relative Acceleration Y" : 0.095800966024398804,
			"Relative Acceleration Z" : 0.015661858022212982,
			"Relative Velocity X" : 1.612645149230957,
			"Relative Velocity Y" : -0.12679445743560791,
			"Relative Velocity Z" : 0.020893527194857597,
			"Truncated" : 0
		},
		{
			"Absolute Acceleration X" : -1.7647628784179688,
			"Absolute Acceleration Y" : -0.10286995023488998,
			"Absolute Acceleration Z" : 0.018706455826759338,
			"Absolute Velocity X" : 23.365266799926758,
			"Absolute Velocity Y" : -0.11742629855871201,
			"Absolute Velocity Z" : -0.21616995334625244,
			"ActorName" : "CAR 15",
			"BoundingBox3D Extent X" : 4.2353057861328125,
			"BoundingBox3D Extent Y" : 1.4286812543869019,
			"BoundingBox3D Extent Z" : 1.6798857450485229,
			"BoundingBox3D Orientation Quat W" : 0.99997830390930176,
			"BoundingBox3D Orientation Quat X" : 0.0023947299923747778,
			"BoundingBox3D Orientation Quat Y" : 0.0045240744948387146,
			"BoundingBox3D Orientation Quat Z" : -0.003654303727671504,
			"BoundingBox3D Origin X" : 73.125709533691406,
			"BoundingBox3D Origin Y" : -0.14825518429279327,
			"BoundingBox3D Origin Z" : 0.12500740587711334,
			"ObjectId" : 15,
			"ObjectType" : "CAR",
			"Occluded" : 0.0,
			"Relative Acceleration X" : -1.8119679689407349,
			"Relative Acceleration Y" : -0.24939367175102234,
			"Relative Acceleration Z" : 0.022859793156385422,
			"Relative Velocity X" : 1.1238515377044678,
			"Relative Velocity Y" : 0.046283982694149017,
			"Relative Velocity Z" : -0.14121650159358978,
			"Truncated" : 0
		},
		{
			"Absolute Acceleration X" : 0.1566619873046875,
			"Absolute Acceleration Y" : 0.084604859352111816,
			"Absolute Acceleration Z" : 0.026587948203086853,
			"Absolute Velocity X" : 24.809103012084961,
			"Absolute Velocity Y" : -0.80864351987838745,