{
	"CapturedObjects" : 
	[
		{
			"Absolute Acceleration X" : -0.37670516967773438,
			"Absolute Acceleration Y" : -0.037510782480239868,
			"Absolute Acceleration Z" : -0.0069707036018371582,
			"Absolute Velocity X" : 33.629718780517578,
			"Absolute Velocity Y" : -0.073659166693687439,
			"Absolute Velocity Z" : -0.20600786805152893,
			"ActorName" : "CAR 00",
			"BoundingBox3D Extent X" : 4.8987493515014648,
			"BoundingBox3D Extent Y" : 2.3346810340881348,
			"BoundingBox3D Extent Z" : 1.7911391258239746,
			"BoundingBox3D Orientation Quat W" : 0.99995917081832886,
			"BoundingBox3D Orientation Quat X" : -0.0014592818915843964,
			"BoundingBox3D Orientation Quat Y" : 0.0033455875236541033,
			"BoundingBox3D Orientation Quat Z" : -0.0078637739643454552,
			"BoundingBox3D Origin X" : 63.053253173828125,
			"BoundingBox3D Origin Y" : 3.9750640392303467,
			"BoundingBox3D Origin Z" : 0.51343673467636108,
			"ObjectId" : 0,
			"ObjectType" : "CAR",
			"Occluded" : 0.0,
			"Relative Acceleration X" : -0.4462432861328125,
			"Relative Acceleration Y" : -0.20433714985847473,
			"Relative Acceleration Z" : 0.25761419534683228,
			"Relative Velocity X" : 7.0906991958618164,
			"Relative Velocity Y" : 0.16924451291561127,
			"Relative Velocity Z" : -0.093101128935813904,
			"Truncated" : 0
		},
		{
			"Absolute Acceleration X" : 0.26406478881835938,
			"Absolute Acceleration Y" : 0.02409614622592926,
			"Absolute Acceleration Z" : 0.016052559018135071,
			"Absolute Velocity X" : 30.509492874145508,
			"Absolute Velocity Y" : -0.092283681035041809,
			"Absolute Velocity Z" : -0.17459943890571594,
			"ActorName" : "CAR 01",
			"BoundingBox3D Extent X" : 4.692725658416748,
			"BoundingBox3D Extent Y" : 2.1507890224456787,
			"BoundingBox3D Extent Z" : 1.6784391403198242,
			"BoundingBox3D Orientation Quat W" : 0.99998646974563599,
			"BoundingBox3D Orientation Quat X" : -0.00073952128877863288,
			"BoundingBox3D Orientation Quat Y" : 0.0027615814469754696,
			"BoundingBox3D Orientation Quat Z" : 0.0026390624698251486,
			"BoundingBox3D Origin X" : 17.609142303466797,
			"BoundingBox3D Origin Y" : 4.0520801544189453,
			"BoundingBox3D Origin Z" : 0.71762597560882568,
			"ObjectId" : 1,
			"ObjectType" : "CAR",
			"Occluded" : 0.0,
			"Relative Acceleration X" : 0.19429636001586914,
			"Relative Acceleration Y" : 0.0028962492942810059,
			"Relative Acceleration Z" : 0.055643811821937561,
			"Relative Velocity X" : 3.9705138206481934,
			"Relative Velocity Y" : 0.12203114479780197,
			"Relative Velocity Z" : -0.020168621093034744,
			"Truncated" : 0
		},
		{
			"Absolute Acceleration X" : -0.15813064575195312,
			"Absolute Acceleration Y" : -0.070672199130058289,
			"Absolute Acceleration Z" : 0.092062577605247498,
			"Absolute Velocity X" : 26.784875869750977,
			"Absolute Velocity Y" : -0.20253337919712067,
			"Absolute Velocity Z" : -0.25005576014518738,
			"ActorName" : "CAR 03",
			"BoundingBox3D Extent X" : 4.3168878555297852,
			"BoundingBox3D Extent Y" : 2.1278455257415771,
			"BoundingBox3D Extent Z" : 1.6856460571289062,
			"BoundingBox3D Orientation Quat W" : 0.99998271465301514,
			"BoundingBox3D Orientation Quat X" : 0.0034125561360269785,
			"BoundingBox3D Orientation Quat Y" : 0.0040177125483751297,
			"BoundingBox3D Orientation Quat Z" : -0.00022593160974793136,
			"BoundingBox3D Origin X" : -22.562356948852539,
			"BoundingBox3D Origin Y" : 1.0378168821334839,
			"BoundingBox3D Origin Z" : 0.93207550048828125,
			"ObjectId" : 3,
			"ObjectType" : "CAR",
			"Occluded" : 0.0,
			"Relative Acceleration X" : -0.23909634351730347,
			"Relative Acceleration Y" : 0.036230091005563736,
			"Relative Acceleration Z" : -0.071553654968738556,
			"Relative Velocity X" : 0.24813972413539886,
			"Relative Velocity Y" : -0.012305238284170628,
			"Relative Velocity Z" : -0.054612953215837479,
			"Truncated" : 0
		},
		{
			"Absolute Acceleration X" : -0.18988609313964844,
			"Absolute Acceleration Y" : 0.075390934944152832,
			"Absolute Acceleration Z" : 0.0154142826795578,
			"Absolute Velocity X" : 26.045282363891602,
			"Absolute Velocity Y" : -0.095570951700210571,
			"Absolute Velocity Z" : -0.17123872041702271,
			"ActorName" : "CAR 13",
			"BoundingBox3D Extent X" : 4.2157607078552246,
			"BoundingBox3D Extent Y" : 1.7754096984863281,
			"BoundingBox3D Extent Z" : 2.0899450778961182,
			"BoundingBox3D Orientation Quat W" : 0.9999927282333374,
			"BoundingBox3D Orientation Quat X" : -5.0492333684815094e-05,
			"BoundingBox3D Orientation Quat Y" : 0.0029504115227609873,
			"BoundingBox3D Orientation Quat Z" : -0.0011065154103562236,
			"BoundingBox3D Origin X" : 73.153556823730469,
			"BoundingBox3D Origin Y" : -0.028777891770005226,
			"BoundingBox3D Origin Z" : 0.58151036500930786,
			"ObjectId" : 13,
			"ObjectType" : "CAR",
			"Occluded" : 0.0,
			"Relative Acceleration X" : -0.27334743738174438,
			"Relative Acceleration Y" : -0.14106982946395874,
			"Relative Acceleration Z" : 0.34372338652610779,
			"Relative Velocity X" : -0.49077218770980835,
			"Relative Velocity Y" : 0.16480985283851624,
			"Relative Velocity Z" : -0.062501303851604462,
			"Truncated" : 0
		},
		{
			"Absolute Acceleration X" : -8.1915512084960938,
			"Absolute Acceleration Y" : -0.51547467708587646,
			"Absolute Acceleration Z" : -0.038449510931968689,
			"Absolute Velocity X" : 21.986310958862305,
			"Absolute Velocity Y" : 0.022882197052240372,
			"Absolute Velocity Z" : -0.11485148221254349,
			"ActorName" : "CAR 17",
			"BoundingBox3D Extent X" : 4.0999999046325684,
			"BoundingBox3D Extent Y" : 1.6638205051422119,
			"BoundingBox3D Extent Z" : 1.9409711360931396,
			"BoundingBox3D Orientation Quat W" : 0.99999123811721802,
			"BoundingBox3D Orientation Quat X" : 0.0025198329240083694,
			"BoundingBox3D Orientation Quat Y" : 0.0025049017276614904,
			"BoundingBox3D Orientation Quat Z" : 0.00069656444247812033,
			"BoundingBox3D Origin X" : -129.87019348144531,
			"BoundingBox3D Origin Y" : 1.611572265625,
			"BoundingBox3D Origin Z" : 2.0619111061096191,
			"ObjectId" : 17,
			"ObjectType" : "CAR",
			"Occluded" : 0.0,
			"Relative Acceleration X" : -8.2756309509277344,
			"Relative Acceleration Y" : -0.044065538793802261,
			"Relative Acceleration Z" : -0.76368248462677002,
			"Relative Velocity X" : -4.5495696067810059,
			"Relative Velocity Y" : 0.14148089289665222,
			"Relative Velocity Z" : 0.18019989132881165,
			"Truncated" : 0
		},
		{
			"Absolute Acceleration X" : -0.19485855102539062,
			"Absolute Acceleration Y" : -0.074762210249900818,
			"Absolute Acceleration Z" : -0.043178528547286987,
			"Absolute Velocity X" : 26.890016555786133,
			"Absolute Velocity Y" : -0.16472163796424866,
			"Absolute Velocity Z" : -0.14818432927131653,
			"ActorName" : "CAR 19",
			"BoundingBox3D Extent X" : 4.0999999046325684,
			"BoundingBox3D Extent Y" : 1.5119377374649048,
			"BoundingBox3D Extent Z" : 1.4438908100128174,
			"BoundingBox3D Orientation Quat W" : 0.99998080730438232,
			"BoundingBox3D Orientation Quat X" : 0.0021455923561006784,
			"BoundingBox3D Orientation Quat Y" : 0.0027917013503611088,
			"BoundingBox3D Orientation Quat Z" : -0.0046382229775190353,
			"BoundingBox3D Origin X" : 50.265548706054688,
			"BoundingBox3D Origin Y" : 0.72650426626205444,
			"BoundingBox3D Origin Z" : 0.41068306565284729,
			"ObjectId" : 19,
			"ObjectType" : "CAR",
			"Occluded" : 0.0,
			"Relative Acceleration X" : -0.2747577428817749,
			"Relative Acceleration Y" : -0.21215325593948364,
			"Relative Acceleration Z" : 0.16652935743331909,
			"Relative Velocity X" : 0.35312378406524658,
			"Relative Velocity Y" : 0.077681034803390503,
			"Relative Velocity Z" : -0.019313065335154533,
			"Truncated" : 0
		}
	],
	"FrameId" : 15110,
	"Timestamp" : 1676039838982064096,
	"TimestampMiddle" : 1676039838965064096
}