{
	"CapturedObjects" : 
	[
		{
			"Absolute Acceleration X" : 1.3086433410644531,
			"Absolute Acceleration Y" : 1.2631348371505737,
			"Absolute Acceleration Z" : -0.00037842988967895508,
			"Absolute Velocity X" : 25.824581146240234,
			"Absolute Velocity Y" : -1.9802571535110474,
			"Absolute Velocity Z" : -0.35574755072593689,
			"ActorName" : "CAR 00",
			"BoundingBox3D Extent X" : 4.6047258377075195,
			"BoundingBox3D Extent Y" : 2.0758121013641357,
			"BoundingBox3D Extent Z" : 1.6651383638381958,
			"BoundingBox3D Orientation Quat W" : -0.99930477142333984,
			"BoundingBox3D Orientation Quat X" : 0.0034969295375049114,
			"BoundingBox3D Orientation Quat Y" : -0.0069938050583004951,
			"BoundingBox3D Orientation Quat Z" : 0.036297887563705444,
			"BoundingBox3D Origin X" : -34.481735229492188,
			"BoundingBox3D Origin Y" : -5.5790438652038574,
			"BoundingBox3D Origin Z" : 1.2803834676742554,
			"ObjectId" : 0,
			"ObjectType" : "CAR",
			"Occluded" : 0.0,
			"Relative Acceleration X" : 1.0538352727890015,
			"Relative Acceleration Y" : -0.19697785377502441,
			"Relative Acceleration Z" : -0.30600547790527344,
			"Relative Velocity X" : -1.6148581504821777,
			"Relative Velocity Y" : 0.16902025043964386,
			"Relative Velocity Z" : -0.010275724343955517,
			"Truncated" : 0
		},
		{
			"Absolute Acceleration X" : 0.1740264892578125,
			"Absolute Acceleration Y" : 1.4870522022247314,
			"Absolute Acceleration Z" : 0.091566950082778931,
			"Absolute Velocity X" : 27.327169418334961,
			"Absolute Velocity Y" : -1.5126018524169922,
			"Absolute Velocity Z" : -0.39980298280715942,
			"ActorName" : "CAR 02",
			"BoundingBox3D Extent X" : 4.2716598510742188,
			"BoundingBox3D Extent Y" : 2.048614501953125,
			"BoundingBox3D Extent Z" : 1.4430321455001831,
			"BoundingBox3D Orientation Quat W" : -0.99955397844314575,
			"BoundingBox3D Orientation Quat X" : 0.0050845458172261715,
			"BoundingBox3D Orientation Quat Y" : -0.0075722853653132915,
			"BoundingBox3D Orientation Quat Z" : 0.028414048254489899,
			"BoundingBox3D Origin X" : -21.257516860961914,
			"BoundingBox3D Origin Y" : 0.47700843214988708,
			"BoundingBox3D Origin Z" : 0.93466037511825562,
			"ObjectId" : 2,
			"ObjectType" : "CAR",
			"Occluded" : 0.0,
			"Relative Acceleration X" : -0.10531952977180481,
			"Relative Acceleration Y" : -0.078581556677818298,
			"Relative Acceleration Z" : -0.18741881847381592,
			"Relative Velocity X" : 0.2014244943857193,
			"Relative Velocity Y" : -0.035038821399211884,
			"Relative Velocity Z" : -0.096462994813919067,
			"Truncated" : 0
		},
		{
			"Absolute Acceleration X" : 0.61465263366699219,
			"Absolute Acceleration Y" : 1.1767868995666504,
			"Absolute Acceleration Z" : 0.064174026250839233,
			"Absolute Velocity X" : 25.053882598876953,
			"Absolute Velocity Y" : -0.22996863722801208,
			"Absolute Velocity Z" : -0.30945020914077759,
			"ActorName" : "CAR 04",
			"BoundingBox3D Extent X" : 4.4662790298461914,
			"BoundingBox3D Extent Y" : 1.9310622215270996,
			"BoundingBox3D Extent Z" : 1.4250738620758057,
			"BoundingBox3D Orientation Quat W" : 0.99995970726013184,
			"BoundingBox3D Orientation Quat X" : -0.0040249740704894066,
			"BoundingBox3D Orientation Quat Y" : 0.0063188942149281502,
			"BoundingBox3D Orientation Quat Z" : -0.0022969341371208429,
			"BoundingBox3D Origin X" : -15.829959869384766,
			"BoundingBox3D Origin Y" : -4.9948787689208984,
			"BoundingBox3D Origin Z" : 0.89905685186386108,
			"ObjectId" : 4,
			"ObjectType" : "CAR",
			"Occluded" : 0.0,
			"Relative Acceleration X" : 0.4882199764251709,
			"Relative Acceleration Y" : -0.095913052558898926,
			"Relative Acceleration Z" : -0.094863161444664001,
			"Relative Velocity X" : -2.3570592403411865,
			"Relative Velocity Y" : 0.95960623025894165,
			"Relative Velocity Z" : 0.0042528440244495869,
			"Truncated" : 0
		},
		{
			"Absolute Acceleration X" : 2.0647315979003906,
			"Absolute Acceleration Y" : 1.9829336404800415,
			"Absolute Acceleration Z" : 0.042781934142112732,
			"Absolute Velocity X" : 31.233369827270508,
			"Absolute Velocity Y" : 0.92259484529495239,
			"Absolute Velocity Z" : -0.26600074768066406,
			"ActorName" : "CAR 05",
			"BoundingBox3D Extent X" : 4.4287924766540527,
			"BoundingBox3D Extent Y" : 1.9533897638320923,
			"BoundingBox3D Extent Z" : 1.4887608289718628,
			"BoundingBox3D Orientation Quat W" : 0.99984979629516602,
			"BoundingBox3D Orientation Quat X" : 0.0037297578528523445,
			"BoundingBox3D Orientation Quat Y" : 0.0045314677990972996,
			"BoundingBox3D Orientation Quat Z" : 0.015967193990945816,
			"BoundingBox3D Origin X" : 24.073146820068359,
			"BoundingBox3D Origin Y" : -7.3224682807922363,
			"BoundingBox3D Origin Z" : 0.54257261753082275,
			"ObjectId" : 5,
			"ObjectType" : "CAR",
			"Occluded" : 0.0,
			"Relative Acceleration X" : 1.9751002788543701,
			"Relative Acceleration Y" : 0.3144802451133728,
			"Relative Acceleration Z" : 0.17335572838783264,
			"Relative Velocity X" : 3.7060642242431641,
			"Relative Velocity Y" : 0.052129615098237991,
			"Relative Velocity Z" : -0.0014767907559871674,
			"Truncated" : 0
		},
		{
			"Absolute Acceleration X" : -0.021736901253461838,
			"Absolute Acceleration Y" : 1.4537943601608276,
			"Absolute Acceleration Z" : 0.056265201419591904,
			"Absolute Velocity X" : 28.608842849731445,
			"Absolute Velocity Y" : -4.8451876640319824,
			"Absolute Velocity Z" : -0.43805468082427979,
			"ActorName" : "CAR 09",
			"BoundingBox3D Extent X" : 4.1208944320678711,
			"BoundingBox3D Extent Y" : 1.8812837600708008,
			"BoundingBox3D Extent Z" : 1.0401396751403809,
			"BoundingBox3D Orientation Quat W" : -0.99656665325164795,
			"BoundingBox3D Orientation Quat X" : 0.0056182853877544403,
			"BoundingBox3D Orientation Quat Y" : -0.0085995607078075409,
			"BoundingBox3D Orientation Quat Z" : 0.082098565995693207,
			"BoundingBox3D Origin X" : -70.505233764648438,
			"BoundingBox3D Origin Y" : 6.1417298316955566,
			"BoundingBox3D Origin Z" : 1.3976821899414062,
			"ObjectId" : 9,
			"ObjectType" : "CAR",
			"Occluded" : 0.0,
			"Relative Acceleration X" : -0.57108908891677856,
			"Relative Acceleration Y" : -0.49375554919242859,
			"Relative Acceleration Z" : -0.21616901457309723,
			"Relative Velocity X" : 1.7741550207138062,
			"Relative Velocity Y" : -0.81233471632003784,
			"Relative Velocity Z" : -0.074278168380260468,
			"Truncated" : 0
		},
		{
			"Absolute Acceleration X" : 0.91672897338867188,
			"Absolute Acceleration Y" : 0.27695107460021973,
			"Absolute Acceleration Z" : -0.038800954818725586,
			"Absolute Velocity X" : 20.466291427612305,
			"Absolute Velocity Y" : -4.1517553329467773,
			"Absolute Velocity Z" : -0.33609578013420105,
			"ActorName" : "TRUCK 17",
			"BoundingBox3D Extent X" : 11.0,
			"BoundingBox3D Extent Y" : 2.8543477058410645,
			"BoundingBox3D Extent Z" : 3.0383388996124268,
			"BoundingBox3D Orientation Quat W" : -0.99521368741989136,
			"BoundingBox3D Orientation Quat X" : -0.0086315535008907318,
			"BoundingBox3D Orientation Quat Y" : -0.0075645470060408115,
			"BoundingBox3D Orientation Quat Z" : 0.096828050911426544,
			"BoundingBox3D Origin X" : -111.58971405029297,
			"BoundingBox3D Origin Y" : 6.1337637901306152,
			"BoundingBox3D Origin Z" : 3.1990633010864258,
			"ObjectId" : 17,
			"ObjectType" : "TRUCK",
			"Occluded" : 0.0,
			"Relative Acceleration X" : 0.57742547988891602,
			"Relative Acceleration Y" : -1.1102030277252197,
			"Relative Acceleration Z" : -1.0190047025680542,
			"Relative Velocity X" : -6.3735775947570801,
			"Relative Velocity Y" : 1.9792532920837402,
			"Relative Velocity Z" : 0.082274109125137329,
			"Truncated" : 0
		},
		{
			"Absolute Acceleration X" : -0.0902557373046875,
			"Absolute Acceleration Y" : 1.4191958904266357,
			"Absolute Acceleration Z" : 0.043555423617362976,
			"Absolute Velocity X" : 25.159469604492188,
			"Absolute Velocity Y" : 2.4002907276153564,
			"Absolute Velocity Z" : -0.1734405905008316,