{
	"CapturedObjects" : 
	[
		{
			"Absolute Acceleration X" : 0.30871391296386719,
			"Absolute Acceleration Y" : -0.49331566691398621,
			"Absolute Acceleration Z" : -0.028236985206604004,
			"Absolute Velocity X" : 22.044460296630859,
			"Absolute Velocity Y" : 0.091521322727203369,
			"Absolute Velocity Z" : -0.21145938336849213,
			"ActorName" : "TRUCK 00",
			"BoundingBox3D Extent X" : 11.0,
			"BoundingBox3D Extent Y" : 2.8261775970458984,
			"BoundingBox3D Extent Z" : 2.7759857177734375,
			"BoundingBox3D Orientation Quat W" : 0.9999384880065918,
			"BoundingBox3D Orientation Quat X" : -0.0088632674887776375,
			"BoundingBox3D Orientation Quat Y" : 0.0051442999392747879,
			"BoundingBox3D Orientation Quat Z" : -3.7170597352087498e-05,
			"BoundingBox3D Origin X" : -8.9375524520874023,
			"BoundingBox3D Origin Y" : -3.8189554214477539,
			"BoundingBox3D Origin Z" : 1.4332431554794312,
			"ObjectId" : 0,
			"ObjectType" : "TRUCK",
			"Occluded" : 0.0,
			"Relative Acceleration X" : 0.29255485534667969,
			"Relative Acceleration Y" : 0.11449705809354782,
			"Relative Acceleration Z" : 0.056199293583631516,
			"Relative Velocity X" : -3.2903130054473877,
			"Relative Velocity Y" : -0.037799302488565445,
			"Relative Velocity Z" : 0.023507475852966309,
			"Truncated" : 0
		},
		{
			"Absolute Acceleration X" : 0.64076423645019531,
			"Absolute Acceleration Y" : -0.47816115617752075,
			"Absolute Acceleration Z" : -0.0021439418196678162,
			"Absolute Velocity X" : 22.468713760375977,
			"Absolute Velocity Y" : 1.1886589527130127,
			"Absolute Velocity Z" : -0.072588570415973663,
			"ActorName" : "CAR 01",
			"BoundingBox3D Extent X" : 4.0999999046325684,
			"BoundingBox3D Extent Y" : 1.8643006086349487,
			"BoundingBox3D Extent Z" : 1.5256708860397339,
			"BoundingBox3D Orientation Quat W" : 0.99970370531082153,
			"BoundingBox3D Orientation Quat X" : 0.0021617533639073372,
			"BoundingBox3D Orientation Quat Y" : 0.0019854833371937275,
			"BoundingBox3D Orientation Quat Z" : 0.02393312007188797,
			"BoundingBox3D Origin X" : -57.828231811523438,
			"BoundingBox3D Origin Y" : -2.1098029613494873,
			"BoundingBox3D Origin Z" : 1.072251558303833,
			"ObjectId" : 1,
			"ObjectType" : "CAR",
			"Occluded" : 0.0,
			"Relative Acceleration X" : 0.61113643646240234,
			"Relative Acceleration Y" : 0.43144935369491577,
			"Relative Acceleration Z" : 0.094052337110042572,
			"Relative Velocity X" : -2.9171409606933594,
			"Relative Velocity Y" : -0.39025872945785522,
			"Relative Velocity Z" : 0.10642179846763611,
			"Truncated" : 0
		},
		{
			"Absolute Acceleration X" : -0.046632766723632812,
			"Absolute Acceleration Y" : -0.97437036037445068,
			"Absolute Acceleration Z" : -0.15470379590988159,
			"Absolute Velocity X" : 31.007722854614258,
			"Absolute Velocity Y" : 0.74925112724304199,
			"Absolute Velocity Z" : -0.22762364149093628,
			"ActorName" : "CAR 03",
			"BoundingBox3D Extent X" : 4.3612446784973145,
			"BoundingBox3D Extent Y" : 2.5543322563171387,
			"BoundingBox3D Extent Z" : 1.4967716932296753,
			"BoundingBox3D Orientation Quat W" : 0.99981099367141724,
			"BoundingBox3D Orientation Quat X" : 0.0033383332192897797,
			"BoundingBox3D Orientation Quat Y" : 0.0037919103633612394,
			"BoundingBox3D Orientation Quat Z" : 0.018460903316736221,
			"BoundingBox3D Origin X" : -30.489191055297852,
			"BoundingBox3D Origin Y" : 3.5300440788269043,
			"BoundingBox3D Origin Z" : 1.0014647245407104,
			"ObjectId" : 3,
			"ObjectType" : "CAR",
			"Occluded" : 0.0,
			"Relative Acceleration X" : -0.039408206939697266,
			"Relative Acceleration Y" : 0.24048127233982086,
			"Relative Acceleration Z" : -0.040355663746595383,
			"Relative Velocity X" : 5.456336498260498,
			"Relative Velocity Y" : -0.033302765339612961,
			"Relative Velocity Z" : -0.0073688831180334091,
			"Truncated" : 0
		},
		{
			"Absolute Acceleration X" : 0.51872634887695312,
			"Absolute Acceleration Y" : -0.82565021514892578,
			"Absolute Acceleration Z" : -0.081720739603042603,
			"Absolute Velocity X" : 32.969390869140625,
			"Absolute Velocity Y" : -2.9708640575408936,
			"Absolute Velocity Z" : -0.45119214057922363,
			"ActorName" : "CAR 04",
			"BoundingBox3D Extent X" : 4.0999999046325684,
			"BoundingBox3D Extent Y" : 1.6322613954544067,
			"BoundingBox3D Extent Z" : 1.5688607692718506,
			"BoundingBox3D Orientation Quat W" : -0.99894660711288452,
			"BoundingBox3D Orientation Quat X" : -0.0022374799009412527,
			"BoundingBox3D Orientation Quat Y" : -0.007857397198677063,
			"BoundingBox3D Orientation Quat Z" : 0.045039691030979156,
			"BoundingBox3D Origin X" : 78.015495300292969,
			"BoundingBox3D Origin Y" : -0.91421538591384888,
			"BoundingBox3D Origin Z" : -0.17273096740245819,
			"ObjectId" : 4,
			"ObjectType" : "CAR",
			"Occluded" : 0.0,
			"Relative Acceleration X" : 0.62153291702270508,
			"Relative Acceleration Y" : -0.12365871667861938,
			"Relative Acceleration Z" : 0.0033150762319564819,
			"Relative Velocity X" : 7.548436164855957,
			"Relative Velocity Y" : -0.53131711483001709,
			"Relative Velocity Z" : -0.10626205801963806,
			"Truncated" : 0
		},
		{
			"Absolute Acceleration X" : 0.19751930236816406,
			"Absolute Acceleration Y" : -0.3468177318572998,
			"Absolute Acceleration Z" : -0.04238312691450119,
			"Absolute Velocity X" : 22.50419807434082,
			"Absolute Velocity Y" : 3.5069949626922607,
			"Absolute Velocity Z" : 0.049894511699676514,
			"ActorName" : "CAR 06",
			"BoundingBox3D Extent X" : 4.0999999046325684,
			"BoundingBox3D Extent Y" : 2.4307396411895752,
			"BoundingBox3D Extent Z" : 3.0618698596954346,
			"BoundingBox3D Orientation Quat W" : 0.99758219718933105,
			"BoundingBox3D Orientation Quat X" : 0.00034766099997796118,
			"BoundingBox3D Orientation Quat Y" : -0.00050288601778447628,
			"BoundingBox3D Orientation Quat Z" : 0.069380030035972595,
			"BoundingBox3D Origin X" : -152.50114440917969,
			"BoundingBox3D Origin Y" : -11.444035530090332,
			"BoundingBox3D Origin Z" : 1.7673120498657227,
			"ObjectId" : 6,
			"ObjectType" : "CAR",
			"Occluded" : 0.0,
			"Relative Acceleration X" : 0.061517000198364258,
			"Relative Acceleration Y" : 1.1171805858612061,
			"Relative Acceleration Z" : 0.058110371232032776,
			"Relative Velocity X" : -2.6082851886749268,
			"Relative Velocity Y" : -0.88530093431472778,
			"Relative Velocity Z" : 0.10738178342580795,
			"Truncated" : 0
		},
		{
			"Absolute Acceleration X" : 0.033155441284179688,
			"Absolute Acceleration Y" : -0.69265234470367432,
			"Absolute Acceleration Z" : -0.01768377423286438,
			"Absolute Velocity X" : 24.860507965087891,
			"Absolute Velocity Y" : -0.88264036178588867,
			"Absolute Velocity Z" : -0.29279002547264099,
			"ActorName" : "CAR 07",
			"BoundingBox3D Extent X" : 4.1408395767211914,
			"BoundingBox3D Extent Y" : 1.8945406675338745,
			"BoundingBox3D Extent Z" : 1.469247579574585,
			"BoundingBox3D Orientation Quat W" : -0.99981975555419922,
			"BoundingBox3D Orientation Quat X" : 0.0069212685339152813,
			"BoundingBox3D Orientation Quat Y" : -0.0060283229686319828,
			"BoundingBox3D Orientation Quat Z" : 0.016420228406786919,
			"BoundingBox3D Origin X" : 35.607154846191406,
			"BoundingBox3D Origin Y" : -4.8837971687316895,
			"BoundingBox3D Origin Z" : 0.31138849258422852,
			"ObjectId" : 7,
			"ObjectType" : "CAR",
			"Occluded" : 0.0,
			"Relative Acceleration X" : 0.033014625310897827,
			"Relative Acceleration Y" : -0.18119212985038757,
			"Relative Acceleration Z" : 0.061936274170875549,
			"Relative Velocity X" : -0.43990162014961243,
			"Relative Velocity Y" : 0.30623713135719299,
			"Relative Velocity Z" : -0.0051036551594734192,
			"Truncated" : 0
		},
		{
			"Absolute Acceleration X" : 0.091442108154296875,
			"Absolute Acceleration Y" : -0.50367176532745361,
			"Absolute Acceleration Z" : -0.042782783508300781,
			"Absolute Velocity X" : 24.602214813232422,
			"Absolute Velocity Y" : -1.6963609457015991,