{
	"CapturedObjects" : 
	[
		{
			"Absolute Acceleration X" : 0.13775825500488281,
			"Absolute Acceleration Y" : -1.1086691617965698,
			"Absolute Acceleration Z" : 0.033441781997680664,
			"Absolute Velocity X" : 27.032556533813477,
			"Absolute Velocity Y" : 0.4627087414264679,
			"Absolute Velocity Z" : -0.29422655701637268,
			"ActorName" : "CAR 01",
			"BoundingBox3D Extent X" : 4.303131103515625,
			"BoundingBox3D Extent Y" : 2.0774104595184326,
			"BoundingBox3D Extent Z" : 1.457223653793335,
			"BoundingBox3D Orientation Quat W" : 0.99991714954376221,
			"BoundingBox3D Orientation Quat X" : 0.0067801140248775482,
			"BoundingBox3D Orientation Quat Y" : 0.0055498774163424969,
			"BoundingBox3D Orientation Quat Z" : 0.0091222068294882774,
			"BoundingBox3D Origin X" : -17.632915496826172,
			"BoundingBox3D Origin Y" : -0.42401400208473206,
			"BoundingBox3D Origin Z" : 0.86054271459579468,
			"ObjectId" : 1,
			"ObjectType" : "CAR",
			"Occluded" : 0.0,
			"Relative Acceleration X" : 0.13194574415683746,
			"Relative Acceleration Y" : 0.017311438918113708,
			"Relative Acceleration Z" : 0.019196581095457077,
			"Relative Velocity X" : -0.020898807793855667,
			"Relative Velocity Y" : 0.0036682754289358854,
			"Relative Velocity Z" : 0.070081628859043121,
			"Truncated" : 0
		},
		{
			"Absolute Acceleration X" : -0.62841415405273438,
			"Absolute Acceleration Y" : -1.0715422630310059,
			"Absolute Acceleration Z" : -0.0025878399610519409,
			"Absolute Velocity X" : 26.394266128540039,
			"Absolute Velocity Y" : 0.93688094615936279,
			"Absolute Velocity Z" : -0.28751590847969055,
			"ActorName" : "CAR 05",
			"BoundingBox3D Extent X" : 4.2242927551269531,
			"BoundingBox3D Extent Y" : 2.1238579750061035,
			"BoundingBox3D Extent Z" : 1.4662171602249146,
			"BoundingBox3D Orientation Quat W" : 0.99979579448699951,
			"BoundingBox3D Orientation Quat X" : 0.0094588166102766991,
			"BoundingBox3D Orientation Quat Y" : 0.0054224743507802486,
			"BoundingBox3D Orientation Quat Z" : 0.016666268929839134,
			"BoundingBox3D Origin X" : -28.76799201965332,
			"BoundingBox3D Origin Y" : -4.7910947799682617,
			"BoundingBox3D Origin Z" : 0.86630755662918091,
			"ObjectId" : 5,
			"ObjectType" : "CAR",
			"Occluded" : 0.0,
			"Relative Acceleration X" : -0.69148480892181396,
			"Relative Acceleration Y" : 0.10184749215841293,
			"Relative Acceleration Z" : 0.0093391053378582001,
			"Relative Velocity X" : -0.51010990142822266,
			"Relative Velocity Y" : 0.092614166438579559,
			"Relative Velocity Z" : 0.12359665334224701,
			"Truncated" : 0
		},
		{
			"Absolute Acceleration X" : -0.12146377563476562,
			"Absolute Acceleration Y" : -1.0771101713180542,
			"Absolute Acceleration Z" : 0.018706664443016052,
			"Absolute Velocity X" : 24.38304328918457,
			"Absolute Velocity Y" : 2.3203825950622559,
			"Absolute Velocity Z" : -0.12682618200778961,
			"ActorName" : "CAR 11",
			"BoundingBox3D Extent X" : 5.221282958984375,
			"BoundingBox3D Extent Y" : 2.5728745460510254,
			"BoundingBox3D Extent Z" : 2.0236544609069824,
			"BoundingBox3D Orientation Quat W" : 0.99888920783996582,
			"BoundingBox3D Orientation Quat X" : 0.0082583678886294365,
			"BoundingBox3D Orientation Quat Y" : 0.0026819882914423943,
			"BoundingBox3D Orientation Quat Z" : 0.046235166490077972,
			"BoundingBox3D Origin X" : -63.032375335693359,
			"BoundingBox3D Origin Y" : -6.1279778480529785,
			"BoundingBox3D Origin Z" : 1.432792067527771,
			"ObjectId" : 11,
			"ObjectType" : "CAR",
			"Occluded" : 0.0,
			"Relative Acceleration X" : -0.24677848815917969,
			"Relative Acceleration Y" : 0.2328391969203949,
			"Relative Acceleration Z" : 0.02001282200217247,
			"Relative Velocity X" : -2.4725165367126465,
			"Relative Velocity Y" : 0.30635452270507812,
			"Relative Velocity Z" : 0.44911083579063416,
			"Truncated" : 0
		},
		{
			"Absolute Acceleration X" : -1.7276248931884766,
			"Absolute Acceleration Y" : -1.58333420753479,
			"Absolute Acceleration Z" : -0.057931482791900635,
			"Absolute Velocity X" : 20.582475662231445,
			"Absolute Velocity Y" : -3.4933910369873047,
			"Absolute Velocity Z" : -0.24183103442192078,
			"ActorName" : "CAR 15",
			"BoundingBox3D Extent X" : 4.0999999046325684,
			"BoundingBox3D Extent Y" : 1.7401559352874756,
			"BoundingBox3D Extent Z" : 1.5278052091598511,
			"BoundingBox3D Orientation Quat W" : -0.996570885181427,
			"BoundingBox3D Orientation Quat X" : 0.0014279144816100597,
			"BoundingBox3D Orientation Quat Y" : -0.0056770923547446728,
			"BoundingBox3D Orientation Quat Z" : 0.082354165613651276,
			"BoundingBox3D Origin X" : 77.049018859863281,
			"BoundingBox3D Origin Y" : -13.46665096282959,
			"BoundingBox3D Origin Z" : 0.05152423307299614,
			"ObjectId" : 15,
			"ObjectType" : "CAR",
			"Occluded" : 0.0,
			"Relative Acceleration X" : -1.6755328178405762,
			"Relative Acceleration Y" : -1.6936774253845215,
			"Relative Acceleration Z" : 0.055089306086301804,
			"Relative Velocity X" : -6.0262651443481445,
			"Relative Velocity Y" : -0.72220015525817871,
			"Relative Velocity Z" : -0.39782336354255676,
			"Truncated" : 0
		},
		{
			"Absolute Acceleration X" : 0.5439300537109375,
			"Absolute Acceleration Y" : -0.64079141616821289,
			"Absolute Acceleration Z" : 0.044709928333759308,
			"Absolute Velocity X" : 24.238811492919922,
			"Absolute Velocity Y" : 4.7968473434448242,
			"Absolute Velocity Z" : -0.11113594472408295,
			"ActorName" : "CAR 23",
			"BoundingBox3D Extent X" : 4.1327266693115234,
			"BoundingBox3D Extent Y" : 2.3016431331634521,
			"BoundingBox3D Extent Z" : 0.81031769514083862,
			"BoundingBox3D Orientation Quat W" : 0.99506950378417969,
			"BoundingBox3D Orientation Quat X" : 0.0074170995503664017,
			"BoundingBox3D Orientation Quat Y" : 0.0034762457944452763,
			"BoundingBox3D Orientation Quat Z" : 0.098808802664279938,
			"BoundingBox3D Origin X" : -130.30517578125,
			"BoundingBox3D Origin Y" : -16.347415924072266,
			"BoundingBox3D Origin Z" : 1.0632845163345337,
			"ObjectId" : 23,
			"ObjectType" : "CAR",
			"Occluded" : 0.0,
			"Relative Acceleration X" : 0.27081131935119629,
			"Relative Acceleration Y" : 1.107802152633667,
			"Relative Acceleration Z" : 0.07611461728811264,
			"Relative Velocity X" : -2.2653112411499023,
			"Relative Velocity Y" : 0.45136269927024841,
			"Relative Velocity Z" : 0.78841990232467651,
			"Truncated" : 0
		},
		{
			"Absolute Acceleration X" : -0.15339279174804688,
			"Absolute Acceleration Y" : -1.4607956409454346,
			"Absolute Acceleration Z" : -0.038956761360168457,
			"Absolute Velocity X" : 27.223917007446289,
			"Absolute Velocity Y" : 4.2741637229919434,
			"Absolute Velocity Z" : -0.1346312016248703,
			"ActorName" : "CAR 27",
			"BoundingBox3D Extent X" : 4.1449112892150879,
			"BoundingBox3D Extent Y" : 1.5086543560028076,
			"BoundingBox3D Extent Z" : 0.68735587596893311,
			"BoundingBox3D Orientation Quat W" : 0.99685871601104736,
			"BoundingBox3D Orientation Quat X" : 0.01128934882581234,
			"BoundingBox3D Orientation Quat Y" : 0.0034508251119405031,
			"BoundingBox3D Orientation Quat Z" : 0.078287079930305481,
			"BoundingBox3D Origin X" : -108.49079895019531,
			"BoundingBox3D Origin Y" : -8.1798219680786133,
			"BoundingBox3D Origin Z" : 1.1522793769836426,
			"ObjectId" : 27,
			"ObjectType" : "CAR",
			"Occluded" : 0.0,
			"Relative Acceleration X" : -0.39859241247177124,
			"Relative Acceleration Y" : 0.45034047961235046,
			"Relative Acceleration Z" : -0.030399464070796967,
			"Relative Velocity X" : 0.4351314902305603,
			"Relative Velocity Y" : 0.71051144599914551,
			"Relative Velocity Z" : 0.67434853315353394,
			"Truncated" : 0
		},
		{
			"Absolute Acceleration X" : -0.49456843733787537,
			"Absolute Acceleration Y" : -0.76019060611724854,
			"Absolute Acceleration Z" : 0.052210088819265366,
			"Absolute Velocity X" : -30.480205535888672,
			"Absolute Velocity Y" : -3.2894058227539062,
			"Absolute Velocity Z" : 0.25792470574378967,