{
	"CapturedObjects" : 
	[
		{
			"Absolute Acceleration X" : 0.29979324340820312,
			"Absolute Acceleration Y" : -1.1174094676971436,
			"Absolute Acceleration Z" : 0.039122864603996277,
			"Absolute Velocity X" : 23.96782112121582,
			"Absolute Velocity Y" : 0.67562216520309448,
			"Absolute Velocity Z" : -0.25011506676673889,
			"ActorName" : "TRUCK 00",
			"BoundingBox3D Extent X" : 6.6553831100463867,
			"BoundingBox3D Extent Y" : 3.0,
			"BoundingBox3D Extent Z" : 2.1005990505218506,
			"BoundingBox3D Orientation Quat W" : 0.99988478422164917,
			"BoundingBox3D Orientation Quat X" : -0.0051913699135184288,
			"BoundingBox3D Orientation Quat Y" : 0.0045933076180517673,
			"BoundingBox3D Orientation Quat Z" : 0.013342255726456642,
			"BoundingBox3D Origin X" : -12.260528564453125,
			"BoundingBox3D Origin Y" : -3.4305500984191895,
			"BoundingBox3D Origin Z" : 1.125182032585144,
			"ObjectId" : 0,
			"ObjectType" : "TRUCK",
			"Occluded" : 0.0,
			"Relative Acceleration X" : 0.2478172779083252,
			"Relative Acceleration Y" : -0.031148850917816162,
			"Relative Acceleration Z" : -0.0202206801623106,
			"Relative Velocity X" : -3.7653231620788574,
			"Relative Velocity Y" : 0.27643132209777832,
			"Relative Velocity Z" : 0.071823559701442719,
			"Truncated" : 0
		},
		{
			"Absolute Acceleration X" : 0.12218284606933594,
			"Absolute Acceleration Y" : -1.3790903091430664,
			"Absolute Acceleration Z" : 0.038248270750045776,
			"Absolute Velocity X" : 28.273441314697266,
			"Absolute Velocity Y" : 1.0283162593841553,
			"Absolute Velocity Z" : -0.31452938914299011,
			"ActorName" : "CAR 02",
			"BoundingBox3D Extent X" : 4.3166317939758301,
			"BoundingBox3D Extent Y" : 2.0303733348846436,
			"BoundingBox3D Extent Z" : 1.4497169256210327,
			"BoundingBox3D Orientation Quat W" : 0.99980264902114868,
			"BoundingBox3D Orientation Quat X" : 0.0090267034247517586,
			"BoundingBox3D Orientation Quat Y" : 0.0055920165032148361,
			"BoundingBox3D Orientation Quat Z" : 0.016615074127912521,
			"BoundingBox3D Origin X" : -21.921483993530273,
			"BoundingBox3D Origin Y" : -0.081030987203121185,
			"BoundingBox3D Origin Z" : 0.88511842489242554,
			"ObjectId" : 2,
			"ObjectType" : "CAR",
			"Occluded" : 0.0,
			"Relative Acceleration X" : 0.086048871278762817,
			"Relative Acceleration Y" : 0.18589535355567932,
			"Relative Acceleration Z" : -0.058064635843038559,
			"Relative Velocity X" : 0.38325315713882446,
			"Relative Velocity Y" : 0.16993905603885651,
			"Relative Velocity Z" : 0.040595006197690964,
			"Truncated" : 0
		},
		{
			"Absolute Acceleration X" : 0.61476898193359375,
			"Absolute Acceleration Y" : -0.70374351739883423,
			"Absolute Acceleration Z" : 0.0076690018177032471,
			"Absolute Velocity X" : 22.452810287475586,
			"Absolute Velocity Y" : 1.213599681854248,
			"Absolute Velocity Z" : -0.25236043334007263,
			"ActorName" : "CAR 03",
			"BoundingBox3D Extent X" : 5.0730719566345215,
			"BoundingBox3D Extent Y" : 2.2716178894042969,
			"BoundingBox3D Extent Z" : 1.5020607709884644,
			"BoundingBox3D Orientation Quat W" : 0.99860197305679321,
			"BoundingBox3D Orientation Quat X" : -0.0061151222325861454,
			"BoundingBox3D Orientation Quat Y" : 0.0049514113925397396,
			"BoundingBox3D Orientation Quat Z" : 0.052198100835084915,
			"BoundingBox3D Origin X" : -32.454048156738281,
			"BoundingBox3D Origin Y" : -4.4305672645568848,
			"BoundingBox3D Origin Z" : 1.0434949398040771,
			"ObjectId" : 3,
			"ObjectType" : "CAR",
			"Occluded" : 0.0,
			"Relative Acceleration X" : 0.54844760894775391,
			"Relative Acceleration Y" : 0.42025488615036011,
			"Relative Acceleration Z" : -0.043417561799287796,
			"Relative Velocity X" : -5.2375364303588867,
			"Relative Velocity Y" : -0.12040670961141586,
			"Relative Velocity Z" : 0.16682371497154236,
			"Truncated" : 0
		},
		{
			"Absolute Acceleration X" : -0.085578665137290955,
			"Absolute Acceleration Y" : -1.4213434457778931,
			"Absolute Acceleration Z" : 0.096632137894630432,
			"Absolute Velocity X" : 28.753471374511719,
			"Absolute Velocity Y" : 1.8594129085540771,
			"Absolute Velocity Z" : -0.32312491536140442,
			"ActorName" : "CAR 08",
			"BoundingBox3D Extent X" : 4.2066030502319336,
			"BoundingBox3D Extent Y" : 1.8615398406982422,
			"BoundingBox3D Extent Z" : 1.6073957681655884,
			"BoundingBox3D Orientation Quat W" : 0.99934571981430054,
			"BoundingBox3D Orientation Quat X" : 0.0039919540286064148,
			"BoundingBox3D Orientation Quat Y" : 0.0053091030567884445,
			"BoundingBox3D Orientation Quat Z" : 0.035266216844320297,
			"BoundingBox3D Origin X" : -35.133735656738281,
			"BoundingBox3D Origin Y" : -0.13242794573307037,
			"BoundingBox3D Origin Z" : 1.162858247756958,
			"ObjectId" : 8,
			"ObjectType" : "CAR",
			"Occluded" : 0.0,
			"Relative Acceleration X" : -0.20528656244277954,
			"Relative Acceleration Y" : 0.24392041563987732,
			"Relative Acceleration Z" : 0.17376989126205444,
			"Relative Velocity X" : 0.86754214763641357,
			"Relative Velocity Y" : 0.38537496328353882,
			"Relative Velocity Z" : 0.091727703809738159,
			"Truncated" : 0
		},
		{
			"Absolute Acceleration X" : -0.20436859130859375,
			"Absolute Acceleration Y" : -0.33215808868408203,
			"Absolute Acceleration Z" : 0.038184031844139099,
			"Absolute Velocity X" : 23.144750595092773,
			"Absolute Velocity Y" : -5.4658846855163574,
			"Absolute Velocity Z" : 0.0053171385079622269,
			"ActorName" : "CAR 12",
			"BoundingBox3D Extent X" : 4.0999999046325684,
			"BoundingBox3D Extent Y" : 1.8652873039245605,
			"BoundingBox3D Extent Z" : 1.5670369863510132,
			"BoundingBox3D Orientation Quat W" : -0.99313986301422119,
			"BoundingBox3D Orientation Quat X" : -0.0039077266119420528,
			"BoundingBox3D Orientation Quat Y" : 0.00062019639881327748,
			"BoundingBox3D Orientation Quat Z" : 0.1168408989906311,
			"BoundingBox3D Origin X" : 133.44461059570312,
			"BoundingBox3D Origin Y" : -22.557083129882812,
			"BoundingBox3D Origin Z" : 0.097332343459129333,
			"ObjectId" : 12,
			"ObjectType" : "CAR",
			"Occluded" : 0.0,
			"Relative Acceleration X" : -0.1870579719543457,
			"Relative Acceleration Y" : -0.56988066434860229,
			"Relative Acceleration Z" : 0.11967377364635468,
			"Relative Velocity X" : -3.7063999176025391,
			"Relative Velocity Y" : 0.91817200183868408,
			"Relative Velocity Z" : -0.29879510402679443,
			"Truncated" : 0
		},
		{
			"Absolute Acceleration X" : -0.31977081298828125,
			"Absolute Acceleration Y" : -1.0495229959487915,
			"Absolute Acceleration Z" : 0.036964252591133118,
			"Absolute Velocity X" : 25.482070922851562,
			"Absolute Velocity Y" : -1.9293155670166016,
			"Absolute Velocity Z" : -0.18078306317329407,
			"ActorName" : "TRUCK 20",
			"BoundingBox3D Extent X" : 11.0,
			"BoundingBox3D Extent Y" : 2.7777366638183594,
			"BoundingBox3D Extent Z" : 3.5999290943145752,
			"BoundingBox3D Orientation Quat W" : -0.99919295310974121,
			"BoundingBox3D Orientation Quat X" : 0.0026326717343181372,
			"BoundingBox3D Orientation Quat Y" : -0.0026481191162019968,
			"BoundingBox3D Orientation Quat Z" : 0.03992731124162674,
			"BoundingBox3D Origin X" : 40.778804779052734,
			"BoundingBox3D Origin Y" : -4.6094636917114258,
			"BoundingBox3D Origin Z" : 1.4476141929626465,
			"ObjectId" : 20,
			"ObjectType" : "TRUCK",
			"Occluded" : 0.0,
			"Relative Acceleration X" : -0.26276683807373047,
			"Relative Acceleration Y" : -0.2844792902469635,
			"Relative Acceleration Z" : -0.012034396640956402,
			"Relative Velocity X" : -2.1961586475372314,
			"Relative Velocity Y" : 0.13690696656703949,
			"Relative Velocity Z" : -0.1004093736410141,
			"Truncated" : 0
		},
		{
			"Absolute Acceleration X" : -0.11702156066894531,
			"Absolute Acceleration Y" : -0.82384490966796875,
			"Absolute Acceleration Z" : 0.087101370096206665,
			"Absolute Velocity X" : 27.545896530151367,
			"Absolute Velocity Y" : 3.4754643440246582,
			"Absolute Velocity Z" : -0.40668624639511108,
			"ActorName" : "CAR 21",