{
	"CapturedObjects" : 
	[
		{
			"Absolute Acceleration X" : 0.98716354370117188,
			"Absolute Acceleration Y" : 0.1837315559387207,
			"Absolute Acceleration Z" : 0.0077122598886489868,
			"Absolute Velocity X" : 27.42595100402832,
			"Absolute Velocity Y" : -0.33466196060180664,
			"Absolute Velocity Z" : -0.20663411915302277,
			"ActorName" : "CAR 01",
			"BoundingBox3D Extent X" : 4.7093315124511719,
			"BoundingBox3D Extent Y" : 2.1400377750396729,
			"BoundingBox3D Extent Z" : 1.7339202165603638,
			"BoundingBox3D Orientation Quat W" : 0.99997574090957642,
			"BoundingBox3D Orientation Quat X" : 0.0037418277934193611,
			"BoundingBox3D Orientation Quat Y" : 0.0037696026265621185,
			"BoundingBox3D Orientation Quat Z" : -0.0039803599938750267,
			"BoundingBox3D Origin X" : -9.7341127395629883,
			"BoundingBox3D Origin Y" : 2.703831672668457,
			"BoundingBox3D Origin Z" : 0.91812622547149658,
			"ObjectId" : 1,
			"ObjectType" : "CAR",
			"Occluded" : 0.0,
			"Relative Acceleration X" : 0.9984891414642334,
			"Relative Acceleration Y" : 0.1978822648525238,
			"Relative Acceleration Z" : 0.010109281167387962,
			"Relative Velocity X" : 0.40317061543464661,
			"Relative Velocity Y" : -0.098108172416687012,
			"Relative Velocity Z" : 0.031700026243925095,
			"Truncated" : 0
		},
		{
			"Absolute Acceleration X" : -0.15024566650390625,
			"Absolute Acceleration Y" : 0.04877769947052002,
			"Absolute Acceleration Z" : -0.077390357851982117,
			"Absolute Velocity X" : 26.027807235717773,
			"Absolute Velocity Y" : -0.3194834291934967,
			"Absolute Velocity Z" : -0.20364025235176086,
			"ActorName" : "CAR 02",
			"BoundingBox3D Extent X" : 4.1892967224121094,
			"BoundingBox3D Extent Y" : 1.8758935928344727,
			"BoundingBox3D Extent Z" : 2.1399004459381104,
			"BoundingBox3D Orientation Quat W" : 0.99997484683990479,
			"BoundingBox3D Orientation Quat X" : 0.00094892532797530293,
			"BoundingBox3D Orientation Quat Y" : 0.0041690529324114323,
			"BoundingBox3D Orientation Quat Z" : -0.0048411260358989239,
			"BoundingBox3D Origin X" : 80.777290344238281,
			"BoundingBox3D Origin Y" : -1.5801733732223511,
			"BoundingBox3D Origin Z" : 0.5184674859046936,
			"ObjectId" : 2,
			"ObjectType" : "CAR",
			"Occluded" : 0.0,
			"Relative Acceleration X" : -0.15082049369812012,
			"Relative Acceleration Y" : -0.17616745829582214,
			"Relative Acceleration Z" : -0.058574452996253967,
			"Relative Velocity X" : -0.99533677101135254,
			"Relative Velocity Y" : -0.077311307191848755,
			"Relative Velocity Z" : -0.12128453701734543,
			"Truncated" : 0
		},
		{
			"Absolute Acceleration X" : 0.3228607177734375,
			"Absolute Acceleration Y" : -0.049747630953788757,
			"Absolute Acceleration Z" : 0.010351881384849548,
			"Absolute Velocity X" : 25.903348922729492,
			"Absolute Velocity Y" : -0.069602198898792267,
			"Absolute Velocity Z" : -0.20835861563682556,
			"ActorName" : "CAR 03",
			"BoundingBox3D Extent X" : 4.2396087646484375,
			"BoundingBox3D Extent Y" : 2.1024894714355469,
			"BoundingBox3D Extent Z" : 1.6439502239227295,
			"BoundingBox3D Orientation Quat W" : 0.99997764825820923,
			"BoundingBox3D Orientation Quat X" : 0.0046768505126237869,
			"BoundingBox3D Orientation Quat Y" : 0.0041185957379639149,
			"BoundingBox3D Orientation Quat Z" : 0.0010131723247468472,
			"BoundingBox3D Origin X" : -24.53070068359375,
			"BoundingBox3D Origin Y" : 2.3319606781005859,
			"BoundingBox3D Origin Z" : 0.94052046537399292,
			"ObjectId" : 3,
			"ObjectType" : "CAR",
			"Occluded" : 0.0,
			"Relative Acceleration X" : 0.33354878425598145,
			"Relative Acceleration Y" : 0.0076901763677597046,
			"Relative Acceleration Z" : 0.014870963990688324,
			"Relative Velocity X" : -1.1193114519119263,
			"Relative Velocity Y" : 0.16639745235443115,
			"Relative Velocity Z" : 0.055130157619714737,
			"Truncated" : 0
		},
		{
			"Absolute Acceleration X" : -0.38063621520996094,
			"Absolute Acceleration Y" : 0.041613399982452393,
			"Absolute Acceleration Z" : 0.077697679400444031,
			"Absolute Velocity X" : 28.582818984985352,
			"Absolute Velocity Y" : -0.44862344861030579,
			"Absolute Velocity Z" : -0.18513193726539612,
			"ActorName" : "CAR 04",
			"BoundingBox3D Extent X" : 4.246734619140625,
			"BoundingBox3D Extent Y" : 1.9392895698547363,
			"BoundingBox3D Extent Z" : 1.4446032047271729,
			"BoundingBox3D Orientation Quat W" : -0.99997049570083618,
			"BoundingBox3D Orientation Quat X" : 0.00045423497795127332,
			"BoundingBox3D Orientation Quat Y" : -0.0038186877500265837,
			"BoundingBox3D Orientation Quat Z" : 0.0085119027644395828,
			"BoundingBox3D Origin X" : 40.418277740478516,
			"BoundingBox3D Origin Y" : -1.1955381631851196,
			"BoundingBox3D Origin Z" : 0.37489974498748779,
			"ObjectId" : 4,
			"ObjectType" : "CAR",
			"Occluded" : 0.0,
			"Relative Acceleration X" : -0.38028585910797119,
			"Relative Acceleration Y" : -0.07919195294380188,
			"Relative Acceleration Z" : 0.083192557096481323,
			"Relative Velocity X" : 1.5593670606613159,
			"Relative Velocity Y" : -0.20954759418964386,
			"Relative Velocity Z" : -0.031045710667967796,
			"Truncated" : 0
		},
		{
			"Absolute Acceleration X" : -0.011629104614257812,
			"Absolute Acceleration Y" : -0.69955313205718994,
			"Absolute Acceleration Z" : 0.0044191479682922363,
			"Absolute Velocity X" : 26.241567611694336,
			"Absolute Velocity Y" : 1.3744815587997437,
			"Absolute Velocity Z" : -0.21969294548034668,
			"ActorName" : "CAR 09",
			"BoundingBox3D Extent X" : 4.0999999046325684,
			"BoundingBox3D Extent Y" : 2.0588500499725342,
			"BoundingBox3D Extent Z" : 1.1443734169006348,
			"BoundingBox3D Orientation Quat W" : 0.9996722936630249,
			"BoundingBox3D Orientation Quat X" : -0.0005075958906672895,
			"BoundingBox3D Orientation Quat Y" : 0.0041880924254655838,
			"BoundingBox3D Orientation Quat Z" : 0.02486063539981842,
			"BoundingBox3D Origin X" : -188.537353515625,
			"BoundingBox3D Origin Y" : -3.9799458980560303,
			"BoundingBox3D Origin Z" : 1.5267938375473022,
			"ObjectId" : 9,
			"ObjectType" : "CAR",
			"Occluded" : 0.0,
			"Relative Acceleration X" : -0.015595674514770508,
			"Relative Acceleration Y" : -0.20116901397705078,
			"Relative Acceleration Z" : -0.01553034782409668,
			"Relative Velocity X" : -0.77956581115722656,
			"Relative Velocity Y" : 1.6006766557693481,
			"Relative Velocity Z" : 0.33288207650184631,
			"Truncated" : 0
		},
		{
			"Absolute Acceleration X" : -0.2039947509765625,
			"Absolute Acceleration Y" : -0.20801866054534912,
			"Absolute Acceleration Z" : 0.028335928916931152,
			"Absolute Velocity X" : 25.608064651489258,
			"Absolute Velocity Y" : 0.84932291507720947,
			"Absolute Velocity Z" : -0.22614578902721405,
			"ActorName" : "CAR 13",
			"BoundingBox3D Extent X" : 5.0107212066650391,
			"BoundingBox3D Extent Y" : 1.8135536909103394,
			"BoundingBox3D Extent Z" : 2.0355262756347656,
			"BoundingBox3D Orientation Quat W" : 0.99985545873641968,
			"BoundingBox3D Orientation Quat X" : 0.0019584328401833773,
			"BoundingBox3D Orientation Quat Y" : 0.0043084826320409775,
			"BoundingBox3D Orientation Quat Z" : 0.016005862504243851,
			"BoundingBox3D Origin X" : -112.75295257568359,
			"BoundingBox3D Origin Y" : -0.44422054290771484,
			"BoundingBox3D Origin Z" : 1.8853439092636108,
			"ObjectId" : 13,
			"ObjectType" : "CAR",
			"Occluded" : 0.0,
			"Relative Acceleration X" : -0.19916951656341553,
			"Relative Acceleration Y" : 0.088004231452941895,
			"Relative Acceleration Z" : 0.021054849028587341,
			"Relative Velocity X" : -1.4126900434494019,
			"Relative Velocity Y" : 1.0804709196090698,
			"Relative Velocity Z" : 0.19227379560470581,
			"Truncated" : 0
		},
		{
			"Absolute Acceleration X" : -0.78768730163574219,
			"Absolute Acceleration Y" : -0.37854850292205811,
			"Absolute Acceleration Z" : 0.061132341623306274,
			"Absolute Velocity X" : 31.03892707824707,
			"Absolute Velocity Y" : -0.0044598402455449104,