{
	"CapturedObjects" : 
	[
		{
			"Absolute Acceleration X" : 1.3392143249511719,
			"Absolute Acceleration Y" : 0.74904024600982666,
			"Absolute Acceleration Z" : 0.0061577856540679932,
			"Absolute Velocity X" : 23.373142242431641,
			"Absolute Velocity Y" : -1.506945013999939,
			"Absolute Velocity Z" : -0.28346508741378784,
			"ActorName" : "CAR 00",
			"BoundingBox3D Extent X" : 4.6047258377075195,
			"BoundingBox3D Extent Y" : 2.0758121013641357,
			"BoundingBox3D Extent Z" : 1.6651383638381958,
			"BoundingBox3D Orientation Quat W" : -0.99954384565353394,
			"BoundingBox3D Orientation Quat X" : 0.0068273255601525307,
			"BoundingBox3D Orientation Quat Y" : -0.0062399976886808872,
			"BoundingBox3D Orientation Quat Z" : 0.028470367193222046,
			"BoundingBox3D Origin X" : -29.465250015258789,
			"BoundingBox3D Origin Y" : -6.1613426208496094,
			"BoundingBox3D Origin Z" : 1.227313756942749,
			"ObjectId" : 0,
			"ObjectType" : "CAR",
			"Occluded" : 0.0,
			"Relative Acceleration X" : 1.0786752700805664,
			"Relative Acceleration Y" : -0.31062787771224976,
			"Relative Acceleration Z" : -0.22962558269500732,
			"Relative Velocity X" : -3.7468991279602051,
			"Relative Velocity Y" : 0.51380586624145508,
			"Relative Velocity Z" : 0.05686013400554657,
			"Truncated" : 0
		},
		{
			"Absolute Acceleration X" : 0.112823486328125,
			"Absolute Acceleration Y" : 1.5532975196838379,
			"Absolute Acceleration Z" : 0.077181190252304077,
			"Absolute Velocity X" : 27.287500381469727,
			"Absolute Velocity Y" : -1.6163390874862671,
			"Absolute Velocity Z" : -0.30652338266372681,
			"ActorName" : "CAR 02",
			"BoundingBox3D Extent X" : 4.2716598510742188,
			"BoundingBox3D Extent Y" : 2.048614501953125,
			"BoundingBox3D Extent Z" : 1.4430321455001831,
			"BoundingBox3D Orientation Quat W" : -0.99934595823287964,
			"BoundingBox3D Orientation Quat X" : 0.010831947438418865,
			"BoundingBox3D Orientation Quat Y" : -0.0060663907788693905,
			"BoundingBox3D Orientation Quat Z" : 0.033896762877702713,
			"BoundingBox3D Origin X" : -21.933456420898438,
			"BoundingBox3D Origin Y" : 0.4907662570476532,
			"BoundingBox3D Origin Z" : 0.88033014535903931,
			"ObjectId" : 2,
			"ObjectType" : "CAR",
			"Occluded" : 0.0,
			"Relative Acceleration X" : -0.17565423250198364,
			"Relative Acceleration Y" : 0.047389518469572067,
			"Relative Acceleration Z" : 0.015199536457657814,
			"Relative Velocity X" : 0.54342430830001831,
			"Relative Velocity Y" : -0.0095957573503255844,
			"Relative Velocity Z" : -0.024151891469955444,
			"Truncated" : 0
		},
		{
			"Absolute Acceleration X" : 0.82635688781738281,
			"Absolute Acceleration Y" : 1.3654274940490723,
			"Absolute Acceleration Z" : 0.010587424039840698,
			"Absolute Velocity X" : 23.784536361694336,
			"Absolute Velocity Y" : -0.27981141209602356,
			"Absolute Velocity Z" : -0.28039252758026123,
			"ActorName" : "CAR 04",
			"BoundingBox3D Extent X" : 4.4662790298461914,
			"BoundingBox3D Extent Y" : 1.9310622215270996,
			"BoundingBox3D Extent Z" : 1.4250738620758057,
			"BoundingBox3D Orientation Quat W" : 0.99992895126342773,
			"BoundingBox3D Orientation Quat X" : -0.0084965163841843605,
			"BoundingBox3D Orientation Quat Y" : 0.0056071667931973934,
			"BoundingBox3D Orientation Quat Z" : -0.0043861470185220242,
			"BoundingBox3D Origin X" : -10.540060043334961,
			"BoundingBox3D Origin Y" : -6.6535944938659668,
			"BoundingBox3D Origin Z" : 0.88084900379180908,
			"ObjectId" : 4,
			"ObjectType" : "CAR",
			"Occluded" : 0.0,
			"Relative Acceleration X" : 0.6427924633026123,
			"Relative Acceleration Y" : 0.24944663047790527,
			"Relative Acceleration Z" : -0.11876310408115387,
			"Relative Velocity X" : -3.3589322566986084,
			"Relative Velocity Y" : 0.6835293173789978,
			"Relative Velocity Z" : 0.043202780187129974,
			"Truncated" : 0
		},
		{
			"Absolute Acceleration X" : 1.9293460845947266,
			"Absolute Acceleration Y" : 1.483625054359436,
			"Absolute Acceleration Z" : -0.014539152383804321,
			"Absolute Velocity X" : 27.105308532714844,
			"Absolute Velocity Y" : 0.68818897008895874,
			"Absolute Velocity Z" : -0.29539066553115845,
			"ActorName" : "CAR 05",
			"BoundingBox3D Extent X" : 4.4287924766540527,
			"BoundingBox3D Extent Y" : 1.9533897638320923,
			"BoundingBox3D Extent Z" : 1.4887608289718628,
			"BoundingBox3D Orientation Quat W" : 0.99984997510910034,
			"BoundingBox3D Orientation Quat X" : -0.0086745955049991608,
			"BoundingBox3D Orientation Quat Y" : 0.0052931960672140121,
			"BoundingBox3D Orientation Quat Z" : 0.013623851351439953,
			"BoundingBox3D Origin X" : 20.703231811523438,
			"BoundingBox3D Origin Y" : -7.2005481719970703,
			"BoundingBox3D Origin Z" : 0.60655295848846436,
			"ObjectId" : 5,
			"ObjectType" : "CAR",
			"Occluded" : 0.0,
			"Relative Acceleration X" : 1.7636587619781494,
			"Relative Acceleration Y" : -0.033833496272563934,
			"Relative Acceleration Z" : 0.035748705267906189,
			"Relative Velocity X" : -0.069179214537143707,
			"Relative Velocity Y" : -0.1024414449930191,
			"Relative Velocity Z" : 0.0013875319855287671,
			"Truncated" : 0
		},
		{
			"Absolute Acceleration X" : 0.010150909423828125,
			"Absolute Acceleration Y" : 1.7478902339935303,
			"Absolute Acceleration Z" : -0.018892437219619751,
			"Absolute Velocity X" : 29.203012466430664,
			"Absolute Velocity Y" : -4.8924093246459961,
			"Absolute Velocity Z" : -0.35884562134742737,
			"ActorName" : "CAR 09",
			"BoundingBox3D Extent X" : 4.1208944320678711,
			"BoundingBox3D Extent Y" : 1.8812837600708008,
			"BoundingBox3D Extent Z" : 1.0401396751403809,
			"BoundingBox3D Orientation Quat W" : -0.99672478437423706,
			"BoundingBox3D Orientation Quat X" : 0.015342011116445065,
			"BoundingBox3D Orientation Quat Y" : -0.007297552190721035,
			"BoundingBox3D Orientation Quat Z" : 0.079012505710124969,
			"BoundingBox3D Origin X" : -74.814445495605469,
			"BoundingBox3D Origin Y" : 6.7906718254089355,
			"BoundingBox3D Origin Z" : 1.2880196571350098,
			"ObjectId" : 9,
			"ObjectType" : "CAR",
			"Occluded" : 0.0,
			"Relative Acceleration X" : -0.46669173240661621,
			"Relative Acceleration Y" : 0.070927411317825317,
			"Relative Acceleration Z" : -0.27242812514305115,
			"Relative Velocity X" : 2.8119978904724121,
			"Relative Velocity Y" : -0.3285554051399231,
			"Relative Velocity Z" : -0.06606273353099823,
			"Truncated" : 0
		},
		{
			"Absolute Acceleration X" : 0.23141098022460938,
			"Absolute Acceleration Y" : -1.0149157047271729,
			"Absolute Acceleration Z" : -0.22847390174865723,
			"Absolute Velocity X" : 19.685174942016602,
			"Absolute Velocity Y" : -1.0369607210159302,
			"Absolute Velocity Z" : 0.042662233114242554,
			"ActorName" : "TRUCK 17",
			"BoundingBox3D Extent X" : 11.0,
			"BoundingBox3D Extent Y" : 2.8543477058410645,
			"BoundingBox3D Extent Z" : 3.0383388996124268,
			"BoundingBox3D Orientation Quat W" : -0.99925035238265991,
			"BoundingBox3D Orientation Quat X" : -0.019135070964694023,
			"BoundingBox3D Orientation Quat Y" : 0.00013831641990691423,
			"BoundingBox3D Orientation Quat Z" : 0.033022422343492508,
			"BoundingBox3D Origin X" : -98.779212951660156,
			"BoundingBox3D Origin Y" : -0.14314830303192139,
			"BoundingBox3D Origin Z" : 2.6368417739868164,
			"ObjectId" : 17,
			"ObjectType" : "TRUCK",
			"Occluded" : 0.0,
			"Relative Acceleration X" : 0.22653436660766602,
			"Relative Acceleration Y" : -1.6380276679992676,
			"Relative Acceleration Z" : -0.78480976819992065,
			"Relative Velocity X" : -7.1074433326721191,
			"Relative Velocity Y" : 4.8697705268859863,
			"Relative Velocity Z" : 0.4175628125667572,
			"Truncated" : 0
		},
		{
			"Absolute Acceleration X" : -0.071231842041015625,
			"Absolute Acceleration Y" : 1.7503187656402588,
			"Absolute Acceleration Z" : 0.020473912358283997,
			"Absolute Velocity X" : 25.039669036865234,
			"Absolute Velocity Y" : 2.423332691192627,
			"Absolute Velocity Z" : -0.1973482072353363,