{
	"CapturedObjects" : 
	[
		{
			"Absolute Acceleration X" : -1.9780387878417969,
			"Absolute Acceleration Y" : -2.2865839004516602,
			"Absolute Acceleration Z" : 0.084370911121368408,
			"Absolute Velocity X" : 9.0450773239135742,
			"Absolute Velocity Y" : -10.403787612915039,
			"Absolute Velocity Z" : 0.5229179859161377,
			"ActorName" : "CAR 00",
			"BoundingBox3D Extent X" : 4.1457114219665527,
			"BoundingBox3D Extent Y" : 1.86781907081604,
			"BoundingBox3D Extent Z" : 1.567468523979187,
			"BoundingBox3D Orientation Quat W" : -0.90932720899581909,
			"BoundingBox3D Orientation Quat X" : -0.0021552476100623608,
			"BoundingBox3D Orientation Quat Y" : 0.022002018988132477,
			"BoundingBox3D Orientation Quat Z" : 0.41543197631835938,
			"BoundingBox3D Origin X" : 44.837085723876953,
			"BoundingBox3D Origin Y" : -21.341562271118164,
			"BoundingBox3D Origin Z" : 1.6730185747146606,
			"ObjectId" : 0,
			"ObjectType" : "CAR",
			"Occluded" : 0.0,
			"Relative Acceleration X" : 0.91307336091995239,
			"Relative Acceleration Y" : 0.86256015300750732,
			"Relative Acceleration Z" : -0.80981916189193726,
			"Relative Velocity X" : 0.084954686462879181,
			"Relative Velocity Y" : 0.27730643749237061,
			"Relative Velocity Z" : 0.062733866274356842,
			"Truncated" : 0
		},
		{
			"Absolute Acceleration X" : 1.7207365036010742,
			"Absolute Acceleration Y" : -2.3564186096191406,
			"Absolute Acceleration Z" : 0.10473984479904175,
			"Absolute Velocity X" : 11.966785430908203,
			"Absolute Velocity Y" : 5.8521590232849121,
			"Absolute Velocity Z" : -0.48414072394371033,
			"ActorName" : "CAR 01",
			"BoundingBox3D Extent X" : 4.593109130859375,
			"BoundingBox3D Extent Y" : 1.9586663246154785,
			"BoundingBox3D Extent Z" : 1.5214827060699463,
			"BoundingBox3D Orientation Quat W" : 0.9768795371055603,
			"BoundingBox3D Orientation Quat X" : 0.0030223184730857611,
			"BoundingBox3D Orientation Quat Y" : 0.018616130575537682,
			"BoundingBox3D Orientation Quat Z" : 0.21285165846347809,
			"BoundingBox3D Origin X" : -25.704229354858398,
			"BoundingBox3D Origin Y" : -5.5123710632324219,
			"BoundingBox3D Origin Z" : 1.2455340623855591,
			"ObjectId" : 1,
			"ObjectType" : "CAR",
			"Occluded" : 0.0,
			"Relative Acceleration X" : 0.52391856908798218,
			"Relative Acceleration Y" : -0.28726950287818909,
			"Relative Acceleration Z" : 0.30574607849121094,
			"Relative Velocity X" : -0.78973251581192017,
			"Relative Velocity Y" : -0.29329270124435425,
			"Relative Velocity Z" : -0.055918864905834198,
			"Truncated" : 0
		}
	],
	"FrameId" : 19462,
	"Timestamp" : 1676040129115390160,
	"TimestampMiddle" : 1676040129098390160
}