{
	"CapturedObjects" : 
	[
		{
			"Absolute Acceleration X" : 0.096527099609375,
			"Absolute Acceleration Y" : 0.39243572950363159,
			"Absolute Acceleration Z" : -0.039090260863304138,
			"Absolute Velocity X" : 32.161815643310547,
			"Absolute Velocity Y" : -1.0057581663131714,
			"Absolute Velocity Z" : -0.14075987040996552,
			"ActorName" : "CAR 01",
			"BoundingBox3D Extent X" : 4.0999999046325684,
			"BoundingBox3D Extent Y" : 2.0434176921844482,
			"BoundingBox3D Extent Z" : 1.7555222511291504,
			"BoundingBox3D Orientation Quat W" : -0.99983221292495728,
			"BoundingBox3D Orientation Quat X" : 0.00023929310555104166,
			"BoundingBox3D Orientation Quat Y" : -0.0015446987235918641,
			"BoundingBox3D Orientation Quat Z" : 0.01791028305888176,
			"BoundingBox3D Origin X" : 87.748756408691406,
			"BoundingBox3D Origin Y" : 3.7759082317352295,
			"BoundingBox3D Origin Z" : 0.40833798050880432,
			"ObjectId" : 1,
			"ObjectType" : "CAR",
			"Occluded" : 0.0,
			"Relative Acceleration X" : 0.45394229888916016,
			"Relative Acceleration Y" : 0.0045781135559082031,
			"Relative Acceleration Z" : 0.029550366103649139,
			"Relative Velocity X" : 12.749729156494141,
			"Relative Velocity Y" : -1.2128539085388184,
			"Relative Velocity Z" : 0.089812241494655609,
			"Truncated" : 0
		},
		{
			"Absolute Acceleration X" : 0.28271865844726562,
			"Absolute Acceleration Y" : 0.026717588305473328,
			"Absolute Acceleration Z" : -0.063702218234539032,
			"Absolute Velocity X" : 25.816413879394531,
			"Absolute Velocity Y" : -0.25956970453262329,
			"Absolute Velocity Z" : -0.12231786549091339,
			"ActorName" : "CAR 06",
			"BoundingBox3D Extent X" : 4.0999999046325684,
			"BoundingBox3D Extent Y" : 1.9416749477386475,
			"BoundingBox3D Extent Z" : 1.5827196836471558,
			"BoundingBox3D Orientation Quat W" : 0.99996274709701538,
			"BoundingBox3D Orientation Quat X" : -0.0057500540278851986,
			"BoundingBox3D Orientation Quat Y" : 0.0036572313401848078,
			"BoundingBox3D Orientation Quat Z" : -0.0050462926737964153,
			"BoundingBox3D Origin X" : 152.33648681640625,
			"BoundingBox3D Origin Y" : 1.8468904495239258,
			"BoundingBox3D Origin Z" : 0.00077414704719558358,
			"ObjectId" : 6,
			"ObjectType" : "CAR",
			"Occluded" : 0.0,
			"Relative Acceleration X" : 0.63962268829345703,
			"Relative Acceleration Y" : -0.48629698157310486,
			"Relative Acceleration Z" : 0.069975942373275757,
			"Relative Velocity X" : 6.3968920707702637,
			"Relative Velocity Y" : -0.73669850826263428,
			"Relative Velocity Z" : 0.20757238566875458,
			"Truncated" : 0
		},
		{
			"Absolute Acceleration X" : -0.27466011047363281,
			"Absolute Acceleration Y" : 0.066484212875366211,
			"Absolute Acceleration Z" : 0.0053695812821388245,
			"Absolute Velocity X" : 19.952236175537109,
			"Absolute Velocity Y" : -0.094811148941516876,
			"Absolute Velocity Z" : -0.11220847070217133,
			"ActorName" : "CAR 07",
			"BoundingBox3D Extent X" : 4.1580929756164551,
			"BoundingBox3D Extent Y" : 1.6662228107452393,
			"BoundingBox3D Extent Z" : 1.5035252571105957,
			"BoundingBox3D Orientation Quat W" : 0.99998968839645386,
			"BoundingBox3D Orientation Quat X" : -0.00061271776212379336,
			"BoundingBox3D Orientation Quat Y" : 0.0020885146223008633,
			"BoundingBox3D Orientation Quat Z" : -0.0010478610638529062,
			"BoundingBox3D Origin X" : 22.012813568115234,
			"BoundingBox3D Origin Y" : -0.85197657346725464,
			"BoundingBox3D Origin Z" : 0.5651586651802063,
			"ObjectId" : 7,
			"ObjectType" : "CAR",
			"Occluded" : 0.0,
			"Relative Acceleration X" : 0.077174514532089233,
			"Relative Acceleration Y" : -0.070501558482646942,
			"Relative Acceleration Z" : 0.0053073596209287643,
			"Relative Velocity X" : 0.52075177431106567,
			"Relative Velocity Y" : -0.013710169121623039,
			"Relative Velocity Z" : 0.029971243813633919,
			"Truncated" : 0
		},
		{
			"Absolute Acceleration X" : -0.040166854858398438,
			"Absolute Acceleration Y" : 0.024540483951568604,
			"Absolute Acceleration Z" : 0.019062623381614685,
			"Absolute Velocity X" : 28.452268600463867,
			"Absolute Velocity Y" : -0.2504878044128418,
			"Absolute Velocity Z" : -0.10261404514312744,
			"ActorName" : "CAR 10",
			"BoundingBox3D Extent X" : 4.8711099624633789,
			"BoundingBox3D Extent Y" : 2.1350860595703125,
			"BoundingBox3D Extent Z" : 1.4998629093170166,
			"BoundingBox3D Orientation Quat W" : 0.99997639656066895,
			"BoundingBox3D Orientation Quat X" : 0.0012477159034460783,
			"BoundingBox3D Orientation Quat Y" : 0.0015159106114879251,
			"BoundingBox3D Orientation Quat Z" : -0.0040480359457433224,
			"BoundingBox3D Origin X" : 55.373416900634766,
			"BoundingBox3D Origin Y" : 3.1799921989440918,
			"BoundingBox3D Origin Z" : 0.38570117950439453,
			"ObjectId" : 10,
			"ObjectType" : "CAR",
			"Occluded" : 0.0,
			"Relative Acceleration X" : 0.32040214538574219,
			"Relative Acceleration Y" : -0.25586992502212524,
			"Relative Acceleration Z" : 0.054922938346862793,
			"Relative Velocity X" : 9.0380067825317383,
			"Relative Velocity Y" : -0.31728330254554749,
			"Relative Velocity Z" : 0.082905523478984833,
			"Truncated" : 0
		},
		{
			"Absolute Acceleration X" : -0.082607269287109375,
			"Absolute Acceleration Y" : -0.40988540649414062,
			"Absolute Acceleration Z" : 0.037153884768486023,
			"Absolute Velocity X" : 32.339920043945312,
			"Absolute Velocity Y" : -0.57315683364868164,
			"Absolute Velocity Z" : -0.24190013110637665,
			"ActorName" : "CAR 11",
			"BoundingBox3D Extent X" : 4.1233329772949219,
			"BoundingBox3D Extent Y" : 1.9642138481140137,
			"BoundingBox3D Extent Z" : 1.6645832061767578,
			"BoundingBox3D Orientation Quat W" : -0.99991852045059204,
			"BoundingBox3D Orientation Quat X" : 0.0062791947275400162,
			"BoundingBox3D Orientation Quat Y" : -0.0019844751805067062,
			"BoundingBox3D Orientation Quat Z" : 0.010105065070092678,
			"BoundingBox3D Origin X" : 182.07904052734375,
			"BoundingBox3D Origin Y" : 5.3161840438842773,
			"BoundingBox3D Origin Z" : -0.29532113671302795,
			"ObjectId" : 11,
			"ObjectType" : "CAR",
			"Occluded" : 0.0,
			"Relative Acceleration X" : 0.28012180328369141,
			"Relative Acceleration Y" : -1.0420273542404175,
			"Relative Acceleration Z" : 0.20312580466270447,
			"Relative Velocity X" : 12.934782028198242,
			"Relative Velocity Y" : -1.1810257434844971,
			"Relative Velocity Z" : 0.12734761834144592,
			"Truncated" : 0
		},
		{
			"Absolute Acceleration X" : -0.18294525146484375,
			"Absolute Acceleration Y" : -0.041112571954727173,
			"Absolute Acceleration Z" : -0.003563612699508667,
			"Absolute Velocity X" : 22.799240112304688,
			"Absolute Velocity Y" : -0.17534174025058746,
			"Absolute Velocity Z" : -0.13953211903572083,
			"ActorName" : "CAR 18",
			"BoundingBox3D Extent X" : 4.1515731811523438,
			"BoundingBox3D Extent Y" : 1.9043769836425781,
			"BoundingBox3D Extent Z" : 1.6695989370346069,
			"BoundingBox3D Orientation Quat W" : 0.99997031688690186,
			"BoundingBox3D Orientation Quat X" : 0.0064736194908618927,
			"BoundingBox3D Orientation Quat Y" : 0.0014732863055542111,
			"BoundingBox3D Orientation Quat Z" : -0.0034227317664772272,
			"BoundingBox3D Origin X" : -50.7818603515625,
			"BoundingBox3D Origin Y" : 3.4763243198394775,
			"BoundingBox3D Origin Z" : 1.0071704387664795,
			"ObjectId" : 18,
			"ObjectType" : "CAR",
			"Occluded" : 0.0,
			"Relative Acceleration X" : 0.17987346649169922,
			"Relative Acceleration Y" : -0.010170325636863708,
			"Relative Acceleration Z" : -0.0703468918800354,
			"Relative Velocity X" : 3.3854043483734131,
			"Relative Velocity Y" : 0.21296808123588562,
			"Relative Velocity Z" : -0.10550318658351898,
			"Truncated" : 0
		},
		{
			"Absolute Acceleration X" : -0.061956405639648438,
			"Absolute Acceleration Y" : -0.0059833526611328125,
			"Absolute Acceleration Z" : -0.01043739914894104,
			"Absolute Velocity X" : 30.942163467407227,
			"Absolute Velocity Y" : -0.48333290219306946,