{
	"CapturedObjects" : 
	[
		{
			"Absolute Acceleration X" : 0.38309478759765625,
			"Absolute Acceleration Y" : -0.47796118259429932,
			"Absolute Acceleration Z" : -0.0055544078350067139,
			"Absolute Velocity X" : 32.070014953613281,
			"Absolute Velocity Y" : -0.84024202823638916,
			"Absolute Velocity Z" : -0.16691812872886658,
			"ActorName" : "CAR 00",
			"BoundingBox3D Extent X" : 4.1676054000854492,
			"BoundingBox3D Extent Y" : 2.0217900276184082,
			"BoundingBox3D Extent Z" : 1.4507161378860474,
			"BoundingBox3D Orientation Quat W" : -0.99986255168914795,
			"BoundingBox3D Orientation Quat X" : -0.003417611587792635,
			"BoundingBox3D Orientation Quat Y" : -0.002574465237557888,
			"BoundingBox3D Orientation Quat Z" : 0.015857206657528877,
			"BoundingBox3D Origin X" : 27.592935562133789,
			"BoundingBox3D Origin Y" : 2.9336757659912109,
			"BoundingBox3D Origin Z" : 0.59573668241500854,
			"ObjectId" : 0,
			"ObjectType" : "CAR",
			"Occluded" : 0.0,
			"Relative Acceleration X" : 0.39763307571411133,
			"Relative Acceleration Y" : 0.035714074969291687,
			"Relative Acceleration Z" : -0.039827920496463776,
			"Relative Velocity X" : 4.970855712890625,
			"Relative Velocity Y" : -0.3187231719493866,
			"Relative Velocity Z" : -0.1418452262878418,
			"Truncated" : 0
		},
		{
			"Absolute Acceleration X" : -0.55873298645019531,
			"Absolute Acceleration Y" : -0.44475370645523071,
			"Absolute Acceleration Z" : 0.060903526842594147,
			"Absolute Velocity X" : 27.787019729614258,
			"Absolute Velocity Y" : -0.10040430724620819,
			"Absolute Velocity Z" : -0.14162616431713104,
			"ActorName" : "CAR 01",
			"BoundingBox3D Extent X" : 4.7093315124511719,
			"BoundingBox3D Extent Y" : 2.1400377750396729,
			"BoundingBox3D Extent Z" : 1.7339202165603638,
			"BoundingBox3D Orientation Quat W" : 0.99998700618743896,
			"BoundingBox3D Orientation Quat X" : 0.0025081976782530546,
			"BoundingBox3D Orientation Quat Y" : 0.0030058943666517735,
			"BoundingBox3D Orientation Quat Z" : -0.0023150816559791565,
			"BoundingBox3D Origin X" : -8.9489517211914062,
			"BoundingBox3D Origin Y" : 2.7155172824859619,
			"BoundingBox3D Origin Z" : 0.90971159934997559,
			"ObjectId" : 1,
			"ObjectType" : "CAR",
			"Occluded" : 0.0,
			"Relative Acceleration X" : -0.55658984184265137,
			"Relative Acceleration Y" : -0.15916924178600311,
			"Relative Acceleration Z" : 0.049451366066932678,
			"Relative Velocity X" : 0.69170677661895752,
			"Relative Velocity Y" : 0.032626636326313019,
			"Relative Velocity Z" : 0.028837012127041817,
			"Truncated" : 0
		},
		{
			"Absolute Acceleration X" : -0.096967697143554688,
			"Absolute Acceleration Y" : -0.21551167964935303,
			"Absolute Acceleration Z" : 0.0035702139139175415,
			"Absolute Velocity X" : 26.440341949462891,
			"Absolute Velocity Y" : -1.0473583936691284,
			"Absolute Velocity Z" : -0.13122677803039551,
			"ActorName" : "CAR 02",
			"BoundingBox3D Extent X" : 4.1892967224121094,
			"BoundingBox3D Extent Y" : 1.8758935928344727,
			"BoundingBox3D Extent Z" : 2.1399004459381104,
			"BoundingBox3D Orientation Quat W" : -0.99976474046707153,
			"BoundingBox3D Orientation Quat X" : 0.0018417814280837774,
			"BoundingBox3D Orientation Quat Y" : -0.0027961209416389465,
			"BoundingBox3D Orientation Quat Z" : 0.02119862288236618,
			"BoundingBox3D Origin X" : 83.659820556640625,
			"BoundingBox3D Origin Y" : -3.0684611797332764,
			"BoundingBox3D Origin Z" : 0.64198720455169678,
			"ObjectId" : 2,
			"ObjectType" : "CAR",
			"Occluded" : 0.0,
			"Relative Acceleration X" : -0.06768566370010376,
			"Relative Acceleration Y" : 0.33701077103614807,
			"Relative Acceleration Z" : -0.0033251494169235229,
			"Relative Velocity X" : -0.59695166349411011,
			"Relative Velocity Y" : 0.053186103701591492,
			"Relative Velocity Z" : -0.25738599896430969,
			"Truncated" : 0
		},
		{
			"Absolute Acceleration X" : -0.16056251525878906,
			"Absolute Acceleration Y" : -0.086783304810523987,
			"Absolute Acceleration Z" : 0.041602760553359985,
			"Absolute Velocity X" : 28.384090423583984,
			"Absolute Velocity Y" : 0.24730204045772552,
			"Absolute Velocity Z" : -0.17163287103176117,
			"ActorName" : "CAR 03",
			"BoundingBox3D Extent X" : 4.2396087646484375,
			"BoundingBox3D Extent Y" : 2.1024894714355469,
			"BoundingBox3D Extent Z" : 1.6439502239227295,
			"BoundingBox3D Orientation Quat W" : 0.99997580051422119,
			"BoundingBox3D Orientation Quat X" : 0.0061428858898580074,
			"BoundingBox3D Orientation Quat Y" : 0.0023225010372698307,
			"BoundingBox3D Orientation Quat Z" : -4.7052864829311147e-05,
			"BoundingBox3D Origin X" : -24.402338027954102,
			"BoundingBox3D Origin Y" : 1.1612061262130737,
			"BoundingBox3D Origin Z" : 0.86684894561767578,
			"ObjectId" : 3,
			"ObjectType" : "CAR",
			"Occluded" : 0.0,
			"Relative Acceleration X" : -0.15800964832305908,
			"Relative Acceleration Y" : 0.16815254092216492,
			"Relative Acceleration Z" : 0.024465247988700867,
			"Relative Velocity X" : 1.3042088747024536,
			"Relative Velocity Y" : 0.22021211683750153,
			"Relative Velocity Z" : 0.052957262843847275,
			"Truncated" : 0
		},
		{
			"Absolute Acceleration X" : 0.023775100708007812,
			"Absolute Acceleration Y" : -0.15646505355834961,
			"Absolute Acceleration Z" : 0.020610049366950989,
			"Absolute Velocity X" : 28.915447235107422,
			"Absolute Velocity Y" : -1.2240639925003052,
			"Absolute Velocity Z" : -0.1784358024597168,
			"ActorName" : "CAR 04",
			"BoundingBox3D Extent X" : 4.246734619140625,
			"BoundingBox3D Extent Y" : 1.9392895698547363,
			"BoundingBox3D Extent Z" : 1.4446032047271729,
			"BoundingBox3D Orientation Quat W" : -0.99981021881103516,
			"BoundingBox3D Orientation Quat X" : -0.0025435443967580795,
			"BoundingBox3D Orientation Quat Y" : -0.0034217876382172108,
			"BoundingBox3D Orientation Quat Z" : 0.018922578543424606,
			"BoundingBox3D Origin X" : 33.154163360595703,
			"BoundingBox3D Origin Y" : -0.45886904001235962,
			"BoundingBox3D Origin Z" : 0.53030645847320557,
			"ObjectId" : 4,
			"ObjectType" : "CAR",
			"Occluded" : 0.0,
			"Relative Acceleration X" : 0.057132482528686523,
			"Relative Acceleration Y" : 0.29613202810287476,
			"Relative Acceleration Z" : -0.00011096149682998657,
			"Relative Velocity X" : 1.8518078327178955,
			"Relative Velocity Y" : -0.64897805452346802,
			"Relative Velocity Z" : -0.15092645585536957,
			"Truncated" : 0
		},
		{
			"Absolute Acceleration X" : 0.012166976928710938,
			"Absolute Acceleration Y" : -0.61341345310211182,
			"Absolute Acceleration Z" : 0.06843392550945282,
			"Absolute Velocity X" : 25.887933731079102,
			"Absolute Velocity Y" : 2.363595724105835,
			"Absolute Velocity Z" : -0.12622085213661194,
			"ActorName" : "CAR 09",
			"BoundingBox3D Extent X" : 4.0999999046325684,
			"BoundingBox3D Extent Y" : 2.0588500499725342,
			"BoundingBox3D Extent Z" : 1.1443734169006348,
			"BoundingBox3D Orientation Quat W" : 0.99902284145355225,
			"BoundingBox3D Orientation Quat X" : -0.00020085080177523196,
			"BoundingBox3D Orientation Quat Y" : 0.003189087612554431,
			"BoundingBox3D Orientation Quat Z" : 0.043844833970069885,
			"BoundingBox3D Origin X" : -184.87773132324219,
			"BoundingBox3D Origin Y" : -6.5172214508056641,
			"BoundingBox3D Origin Z" : 1.1014189720153809,
			"ObjectId" : 9,
			"ObjectType" : "CAR",
			"Occluded" : 0.0,
			"Relative Acceleration X" : 0.015128850936889648,
			"Relative Acceleration Y" : -0.92806220054626465,
			"Relative Acceleration Z" : 0.050369232892990112,
			"Relative Velocity X" : -1.1076064109802246,
			"Relative Velocity Y" : 0.65448510646820068,
			"Relative Velocity Z" : 0.67808544635772705,
			"Truncated" : 0
		},
		{
			"Absolute Acceleration X" : 0.14004325866699219,
			"Absolute Acceleration Y" : -0.29180574417114258,
			"Absolute Acceleration Z" : -0.024067461490631104,
			"Absolute Velocity X" : 25.745204925537109,
			"Absolute Velocity Y" : 1.2153513431549072,