{
	"CapturedObjects" : 
	[
		{
			"Absolute Acceleration X" : -0.22501373291015625,
			"Absolute Acceleration Y" : 0.18918851017951965,
			"Absolute Acceleration Z" : -0.011902898550033569,
			"Absolute Velocity X" : 23.021463394165039,
			"Absolute Velocity Y" : 0.41073140501976013,
			"Absolute Velocity Z" : -0.18803092837333679,
			"ActorName" : "CAR 00",
			"BoundingBox3D Extent X" : 5.0962448120117188,
			"BoundingBox3D Extent Y" : 1.9460623264312744,
			"BoundingBox3D Extent Z" : 1.7667186260223389,
			"BoundingBox3D Orientation Quat W" : 0.9995269775390625,
			"BoundingBox3D Orientation Quat X" : -0.027817051857709885,
			"BoundingBox3D Orientation Quat Y" : 0.0033171800896525383,
			"BoundingBox3D Orientation Quat Z" : 0.011050458066165447,
			"BoundingBox3D Origin X" : 7.4179086685180664,
			"BoundingBox3D Origin Y" : 11.006298065185547,
			"BoundingBox3D Origin Z" : 0.78895223140716553,
			"ObjectId" : 0,
			"ObjectType" : "CAR",
			"Occluded" : 0.0,
			"Relative Acceleration X" : -0.23004782199859619,
			"Relative Acceleration Y" : -0.05399787425994873,
			"Relative Acceleration Z" : -0.0064922748133540154,
			"Relative Velocity X" : 1.5790326595306396,
			"Relative Velocity Y" : 0.54650163650512695,
			"Relative Velocity Z" : -0.031054204329848289,
			"Truncated" : 0
		},
		{
			"Absolute Acceleration X" : -0.013980865478515625,
			"Absolute Acceleration Y" : 0.17473036050796509,
			"Absolute Acceleration Z" : -0.0048905611038208008,
			"Absolute Velocity X" : 22.718364715576172,
			"Absolute Velocity Y" : 0.74798011779785156,
			"Absolute Velocity Z" : -0.21668320894241333,
			"ActorName" : "TRUCK 02",
			"BoundingBox3D Extent X" : 11.0,
			"BoundingBox3D Extent Y" : 2.8361189365386963,
			"BoundingBox3D Extent Z" : 3.5865716934204102,
			"BoundingBox3D Orientation Quat W" : 0.99949425458908081,
			"BoundingBox3D Orientation Quat X" : -0.026150651276111603,
			"BoundingBox3D Orientation Quat Y" : 0.004042724147439003,
			"BoundingBox3D Orientation Quat Z" : 0.017364781349897385,
			"BoundingBox3D Origin X" : 39.909980773925781,
			"BoundingBox3D Origin Y" : 11.937943458557129,
			"BoundingBox3D Origin Z" : 1.4173767566680908,
			"ObjectId" : 2,
			"ObjectType" : "TRUCK",
			"Occluded" : 0.0,
			"Relative Acceleration X" : -0.014312028884887695,
			"Relative Acceleration Y" : -0.077550232410430908,
			"Relative Acceleration Z" : -0.034423958510160446,
			"Relative Velocity X" : 1.2842628955841064,
			"Relative Velocity Y" : 0.57087934017181396,
			"Relative Velocity Z" : -0.027032101526856422,
			"Truncated" : 0
		},
		{
			"Absolute Acceleration X" : -0.38888168334960938,
			"Absolute Acceleration Y" : 0.19524520635604858,
			"Absolute Acceleration Z" : 0.01365940272808075,
			"Absolute Velocity X" : 22.151006698608398,
			"Absolute Velocity Y" : 0.14554078876972198,
			"Absolute Velocity Z" : -0.1672513484954834,
			"ActorName" : "CAR 04",
			"BoundingBox3D Extent X" : 4.1754417419433594,
			"BoundingBox3D Extent Y" : 1.7123286724090576,
			"BoundingBox3D Extent Z" : 1.4943684339523315,
			"BoundingBox3D Orientation Quat W" : 0.99998128414154053,
			"BoundingBox3D Orientation Quat X" : -0.0021305405534803867,
			"BoundingBox3D Orientation Quat Y" : 0.0037852849345654249,
			"BoundingBox3D Orientation Quat Z" : 0.0031526894308626652,
			"BoundingBox3D Origin X" : 29.083528518676758,
			"BoundingBox3D Origin Y" : 0.23074018955230713,
			"BoundingBox3D Origin Z" : 0.46565607190132141,
			"ObjectId" : 4,
			"ObjectType" : "CAR",
			"Occluded" : 0.0,
			"Relative Acceleration X" : -0.40694636106491089,
			"Relative Acceleration Y" : -0.037910249084234238,
			"Relative Acceleration Z" : -0.0096446117386221886,
			"Relative Velocity X" : 0.60480719804763794,
			"Relative Velocity Y" : 0.071610741317272186,
			"Relative Velocity Z" : 0.032947670668363571,
			"Truncated" : 0
		},
		{
			"Absolute Acceleration X" : 0.0059795379638671875,
			"Absolute Acceleration Y" : 0.095823884010314941,
			"Absolute Acceleration Z" : -0.068942077457904816,
			"Absolute Velocity X" : 25.036750793457031,
			"Absolute Velocity Y" : -1.1703158617019653,
			"Absolute Velocity Z" : -0.024570662528276443,
			"ActorName" : "TRUCK 05",
			"BoundingBox3D Extent X" : 11.0,
			"BoundingBox3D Extent Y" : 2.847881555557251,
			"BoundingBox3D Extent Z" : 1.9118857383728027,
			"BoundingBox3D Orientation Quat W" : -0.99865508079528809,
			"BoundingBox3D Orientation Quat X" : 0.046488005667924881,
			"BoundingBox3D Orientation Quat Y" : -0.0029680677689611912,
			"BoundingBox3D Orientation Quat Z" : 0.021484080702066422,
			"BoundingBox3D Origin X" : -159.40570068359375,
			"BoundingBox3D Origin Y" : 15.126612663269043,
			"BoundingBox3D Origin Z" : 2.0651540756225586,
			"ObjectId" : 5,
			"ObjectType" : "TRUCK",
			"Occluded" : 0.0,
			"Relative Acceleration X" : -0.009349822998046875,
			"Relative Acceleration Y" : -0.10746747255325317,
			"Relative Acceleration Z" : 0.11917219310998917,
			"Relative Velocity X" : 3.6334543228149414,
			"Relative Velocity Y" : 0.5790104866027832,
			"Relative Velocity Z" : -0.052333027124404907,
			"Truncated" : 0
		},
		{
			"Absolute Acceleration X" : -0.0029926300048828125,
			"Absolute Acceleration Y" : 0.17103385925292969,
			"Absolute Acceleration Z" : 0.001925930380821228,
			"Absolute Velocity X" : 22.736818313598633,
			"Absolute Velocity Y" : 0.80914026498794556,
			"Absolute Velocity Z" : -0.20000436902046204,
			"ActorName" : "TRUCK 12",
			"BoundingBox3D Extent X" : 11.0,
			"BoundingBox3D Extent Y" : 2.2660648822784424,
			"BoundingBox3D Extent Z" : 3.9199919700622559,
			"BoundingBox3D Orientation Quat W" : 0.99951314926147461,
			"BoundingBox3D Orientation Quat X" : -0.025353796780109406,
			"BoundingBox3D Orientation Quat Y" : 0.003857363248243928,
			"BoundingBox3D Orientation Quat Z" : 0.016526330262422562,
			"BoundingBox3D Origin X" : 49.983379364013672,
			"BoundingBox3D Origin Y" : 11.814210891723633,
			"BoundingBox3D Origin Z" : 1.5177143812179565,
			"ObjectId" : 12,
			"ObjectType" : "TRUCK",
			"Occluded" : 0.0,
			"Relative Acceleration X" : -0.0030275583267211914,
			"Relative Acceleration Y" : -0.086335569620132446,
			"Relative Acceleration Z" : -0.038756579160690308,
			"Relative Velocity X" : 1.3013089895248413,
			"Relative Velocity Y" : 0.53476732969284058,
			"Relative Velocity Z" : 0.00027152971597388387,
			"Truncated" : 0
		},
		{
			"Absolute Acceleration X" : -0.14192771911621094,
			"Absolute Acceleration Y" : -0.22796154022216797,
			"Absolute Acceleration Z" : 0.12846267223358154,
			"Absolute Velocity X" : 24.335281372070312,
			"Absolute Velocity Y" : -1.1765289306640625,
			"Absolute Velocity Z" : 0.020593121647834778,
			"ActorName" : "CAR 15",
			"BoundingBox3D Extent X" : 5.2638630867004395,
			"BoundingBox3D Extent Y" : 2.1990036964416504,
			"BoundingBox3D Extent Z" : 1.6135897636413574,
			"BoundingBox3D Orientation Quat W" : -0.99852633476257324,
			"BoundingBox3D Orientation Quat X" : 0.046813562512397766,
			"BoundingBox3D Orientation Quat Y" : -0.0015718953218311071,
			"BoundingBox3D Orientation Quat Z" : 0.025452932342886925,
			"BoundingBox3D Origin X" : -101.4095458984375,
			"BoundingBox3D Origin Y" : 13.442897796630859,
			"BoundingBox3D Origin Z" : 1.5507438182830811,
			"ObjectId" : 15,
			"ObjectType" : "CAR",
			"Occluded" : 0.0,
			"Relative Acceleration X" : -0.16138100624084473,
			"Relative Acceleration Y" : -0.44609516859054565,
			"Relative Acceleration Z" : 0.25173300504684448,
			"Relative Velocity X" : 2.9150600433349609,
			"Relative Velocity Y" : 0.011886747553944588,
			"Relative Velocity Z" : 0.056830603629350662,
			"Truncated" : 0
		},
		{
			"Absolute Acceleration X" : 0.13980674743652344,
			"Absolute Acceleration Y" : 0.71250045299530029,
			"Absolute Acceleration Z" : 0.043495446443557739,
			"Absolute Velocity X" : 28.898937225341797,
			"Absolute Velocity Y" : 2.0689003467559814,
			"Absolute Velocity Z" : -0.24291679263114929,