{
	"CapturedObjects" : 
	[
		{
			"Absolute Acceleration X" : -3.3615341186523438,
			"Absolute Acceleration Y" : -0.094067126512527466,
			"Absolute Acceleration Z" : 0.0026484876871109009,
			"Absolute Velocity X" : 21.306575775146484,
			"Absolute Velocity Y" : -0.30916965007781982,
			"Absolute Velocity Z" : -0.17718924582004547,
			"ActorName" : "TRUCK 00",
			"BoundingBox3D Extent X" : 15.675508499145508,
			"BoundingBox3D Extent Y" : 2.846585750579834,
			"BoundingBox3D Extent Z" : 2.7976827621459961,
			"BoundingBox3D Orientation Quat W" : 0.9999459981918335,
			"BoundingBox3D Orientation Quat X" : -0.0013304934836924076,
			"BoundingBox3D Orientation Quat Y" : 0.0038735303096473217,
			"BoundingBox3D Orientation Quat Z" : -0.0069508450105786324,
			"BoundingBox3D Origin X" : 4.2458319664001465,
			"BoundingBox3D Origin Y" : 3.366478443145752,
			"BoundingBox3D Origin Z" : 1.3064182996749878,
			"ObjectId" : 0,
			"ObjectType" : "TRUCK",
			"Occluded" : 0.0,
			"Relative Acceleration X" : -3.5404324531555176,
			"Relative Acceleration Y" : -0.11175033450126648,
			"Relative Acceleration Z" : 0.032674208283424377,
			"Relative Velocity X" : 1.6795711517333984,
			"Relative Velocity Y" : -0.14857906103134155,
			"Relative Velocity Z" : 0.00082854845095425844,
			"Truncated" : 0
		},
		{
			"Absolute Acceleration X" : 0.037912700325250626,
			"Absolute Acceleration Y" : 0.44485437870025635,
			"Absolute Acceleration Z" : 0.0012031142832711339,
			"Absolute Velocity X" : -0.023382194340229034,
			"Absolute Velocity Y" : -0.002967549255117774,
			"Absolute Velocity Z" : -0.0099177882075309753,
			"ActorName" : "TRUCK 01",
			"BoundingBox3D Extent X" : 4.0221352577209473,
			"BoundingBox3D Extent Y" : 3.0,
			"BoundingBox3D Extent Z" : 2.6686220169067383,
			"BoundingBox3D Orientation Quat W" : 0.69540238380432129,
			"BoundingBox3D Orientation Quat X" : 0.00071129103889688849,
			"BoundingBox3D Orientation Quat Y" : 0.00039764636312611401,
			"BoundingBox3D Orientation Quat Z" : -0.71861898899078369,
			"BoundingBox3D Origin X" : 90.984481811523438,
			"BoundingBox3D Origin Y" : 27.10969352722168,
			"BoundingBox3D Origin Z" : 1.7001283168792725,
			"ObjectId" : 1,
			"ObjectType" : "TRUCK",
			"Occluded" : 0.0,
			"Relative Acceleration X" : -0.090857766568660736,
			"Relative Acceleration Y" : 0.35926607251167297,
			"Relative Acceleration Z" : -0.86032581329345703,
			"Relative Velocity X" : -19.586696624755859,
			"Relative Velocity Y" : 0.080576047301292419,
			"Relative Velocity Z" : 0.22155651450157166,
			"Truncated" : 0
		},
		{
			"Absolute Acceleration X" : 0.21059417724609375,
			"Absolute Acceleration Y" : 0.042104855179786682,
			"Absolute Acceleration Z" : 0.0034993141889572144,
			"Absolute Velocity X" : 22.940496444702148,
			"Absolute Velocity Y" : -0.21707728505134583,
			"Absolute Velocity Z" : -0.16098468005657196,
			"ActorName" : "CAR 02",
			"BoundingBox3D Extent X" : 4.6524553298950195,
			"BoundingBox3D Extent Y" : 2.1059317588806152,
			"BoundingBox3D Extent Z" : 1.7193666696548462,
			"BoundingBox3D Orientation Quat W" : 0.99996894598007202,
			"BoundingBox3D Orientation Quat X" : -0.0027770025189965963,
			"BoundingBox3D Orientation Quat Y" : 0.0032905640546232462,
			"BoundingBox3D Orientation Quat Z" : -0.0046128751710057259,
			"BoundingBox3D Origin X" : -32.990276336669922,
			"BoundingBox3D Origin Y" : 3.1824181079864502,
			"BoundingBox3D Origin Z" : 1.0523419380187988,
			"ObjectId" : 2,
			"ObjectType" : "CAR",
			"Occluded" : 0.0,
			"Relative Acceleration X" : 0.031196117401123047,
			"Relative Acceleration Y" : 0.040564313530921936,
			"Relative Acceleration Z" : 0.11402782797813416,
			"Relative Velocity X" : 3.3137648105621338,
			"Relative Velocity Y" : -0.028160365298390388,
			"Relative Velocity Z" : -0.041208062320947647,
			"Truncated" : 0
		},
		{
			"Absolute Acceleration X" : -0.23915672302246094,
			"Absolute Acceleration Y" : -0.080898165702819824,
			"Absolute Acceleration Z" : -0.080974221229553223,
			"Absolute Velocity X" : 24.186540603637695,
			"Absolute Velocity Y" : -0.29482284188270569,
			"Absolute Velocity Z" : -0.22048184275627136,
			"ActorName" : "TRUCK 03",
			"BoundingBox3D Extent X" : 11.0,
			"BoundingBox3D Extent Y" : 2.621239185333252,
			"BoundingBox3D Extent Z" : 2.1748049259185791,
			"BoundingBox3D Orientation Quat W" : 0.99989807605743408,
			"BoundingBox3D Orientation Quat X" : -0.0016823139740154147,
			"BoundingBox3D Orientation Quat Y" : 0.0040645729750394821,
			"BoundingBox3D Orientation Quat Z" : -0.0070760492235422134,
			"BoundingBox3D Origin X" : -95.097496032714844,
			"BoundingBox3D Origin Y" : 4.1303410530090332,
			"BoundingBox3D Origin Z" : 1.8198983669281006,
			"ObjectId" : 3,
			"ObjectType" : "TRUCK",
			"Occluded" : 0.0,
			"Relative Acceleration X" : -0.41643524169921875,
			"Relative Acceleration Y" : -0.055466629564762115,
			"Relative Acceleration Z" : 0.17287833988666534,
			"Relative Velocity X" : 4.5593743324279785,
			"Relative Velocity Y" : -0.057364050298929214,
			"Relative Velocity Z" : -0.20069262385368347,
			"Truncated" : 0
		},
		{
			"Absolute Acceleration X" : 0.19266891479492188,
			"Absolute Acceleration Y" : 0.26250094175338745,
			"Absolute Acceleration Z" : -0.04698103666305542,
			"Absolute Velocity X" : 32.311939239501953,
			"Absolute Velocity Y" : 0.11749906092882156,
			"Absolute Velocity Z" : -0.26662257313728333,
			"ActorName" : "TRUCK 04",
			"BoundingBox3D Extent X" : 11.0,
			"BoundingBox3D Extent Y" : 2.8851497173309326,
			"BoundingBox3D Extent Z" : 3.821077823638916,
			"BoundingBox3D Orientation Quat W" : 0.99995708465576172,
			"BoundingBox3D Orientation Quat X" : 0.00086783035658299923,
			"BoundingBox3D Orientation Quat Y" : 0.0029264041222631931,
			"BoundingBox3D Orientation Quat Z" : 0.0023258579894900322,
			"BoundingBox3D Origin X" : 189.365478515625,
			"BoundingBox3D Origin Y" : 5.234161376953125,
			"BoundingBox3D Origin Z" : 0.21948076784610748,
			"ObjectId" : 4,
			"ObjectType" : "TRUCK",
			"Occluded" : 0.0,
			"Relative Acceleration X" : 0.012442588806152344,
			"Relative Acceleration Y" : 0.14676287770271301,
			"Relative Acceleration Z" : -0.42565014958381653,
			"Relative Velocity X" : 12.688191413879395,
			"Relative Velocity Y" : 0.13287341594696045,
			"Relative Velocity Z" : 0.21218122541904449,
			"Truncated" : 0
		},
		{
			"Absolute Acceleration X" : -1.6898918151855469,
			"Absolute Acceleration Y" : -0.19344174861907959,
			"Absolute Acceleration Z" : 0.030463367700576782,
			"Absolute Velocity X" : 22.975431442260742,
			"Absolute Velocity Y" : -1.0014441013336182,
			"Absolute Velocity Z" : -0.20061904191970825,
			"ActorName" : "CAR 05",
			"BoundingBox3D Extent X" : 4.1084246635437012,
			"BoundingBox3D Extent Y" : 1.5117851495742798,
			"BoundingBox3D Extent Z" : 1.6608535051345825,
			"BoundingBox3D Orientation Quat W" : -0.99972772598266602,
			"BoundingBox3D Orientation Quat X" : -0.0020734022837132215,
			"BoundingBox3D Orientation Quat Y" : -0.0048925806768238544,
			"BoundingBox3D Orientation Quat Z" : 0.022304406389594078,
			"BoundingBox3D Origin X" : 95.297080993652344,
			"BoundingBox3D Origin Y" : 1.2392337322235107,
			"BoundingBox3D Origin Z" : -0.076241850852966309,
			"ObjectId" : 5,
			"ObjectType" : "CAR",
			"Occluded" : 0.0,
			"Relative Acceleration X" : -1.8737485408782959,
			"Relative Acceleration Y" : -0.2534947395324707,
			"Relative Acceleration Z" : -0.15343588590621948,
			"Relative Velocity X" : 3.3489530086517334,
			"Relative Velocity Y" : -0.91245466470718384,
			"Relative Velocity Z" : 0.12509022653102875,
			"Truncated" : 0
		},
		{
			"Absolute Acceleration X" : -0.048257827758789062,
			"Absolute Acceleration Y" : -0.11214149743318558,
			"Absolute Acceleration Z" : -0.010363131761550903,
			"Absolute Velocity X" : 31.03436279296875,
			"Absolute Velocity Y" : -0.12650443613529205,
			"Absolute Velocity Z" : -0.24460110068321228,