{
	"CapturedObjects" : 
	[
		{
			"Absolute Acceleration X" : 0.7386322021484375,
			"Absolute Acceleration Y" : 0.066703051328659058,
			"Absolute Acceleration Z" : 0.018465638160705566,
			"Absolute Velocity X" : 19.158239364624023,
			"Absolute Velocity Y" : -0.29907882213592529,
			"Absolute Velocity Z" : -0.19280326366424561,
			"ActorName" : "TRUCK 00",
			"BoundingBox3D Extent X" : 15.675508499145508,
			"BoundingBox3D Extent Y" : 2.846585750579834,
			"BoundingBox3D Extent Z" : 2.7976827621459961,
			"BoundingBox3D Orientation Quat W" : 0.99994778633117676,
			"BoundingBox3D Orientation Quat X" : 0.0017698670271784067,
			"BoundingBox3D Orientation Quat Y" : 0.0044845729134976864,
			"BoundingBox3D Orientation Quat Z" : -0.0062459199689328671,
			"BoundingBox3D Origin X" : 4.053924560546875,
			"BoundingBox3D Origin Y" : 3.1926302909851074,
			"BoundingBox3D Origin Z" : 1.3084225654602051,
			"ObjectId" : 0,
			"ObjectType" : "TRUCK",
			"Occluded" : 0.0,
			"Relative Acceleration X" : 0.51825040578842163,
			"Relative Acceleration Y" : 0.059239394962787628,
			"Relative Acceleration Z" : 0.010467585176229477,
			"Relative Velocity X" : -0.65819042921066284,
			"Relative Velocity Y" : -0.14614705741405487,
			"Relative Velocity Z" : 0.010352658107876778,
			"Truncated" : 0
		},
		{
			"Absolute Acceleration X" : -0.25280570983886719,
			"Absolute Acceleration Y" : -0.013687074184417725,
			"Absolute Acceleration Z" : -0.028142914175987244,
			"Absolute Velocity X" : 22.987817764282227,
			"Absolute Velocity Y" : -0.18084689974784851,
			"Absolute Velocity Z" : -0.21244508028030396,
			"ActorName" : "CAR 02",
			"BoundingBox3D Extent X" : 4.6524553298950195,
			"BoundingBox3D Extent Y" : 2.1059317588806152,
			"BoundingBox3D Extent Z" : 1.7193666696548462,
			"BoundingBox3D Orientation Quat W" : 0.99996215105056763,
			"BoundingBox3D Orientation Quat X" : -0.00038462140946649015,
			"BoundingBox3D Orientation Quat Y" : 0.0047643436118960381,
			"BoundingBox3D Orientation Quat Z" : -0.0051198904402554035,
			"BoundingBox3D Origin X" : -29.659957885742188,
			"BoundingBox3D Origin Y" : 3.1774075031280518,
			"BoundingBox3D Origin Z" : 1.0967569351196289,
			"ObjectId" : 2,
			"ObjectType" : "CAR",
			"Occluded" : 0.0,
			"Relative Acceleration X" : -0.47274684906005859,
			"Relative Acceleration Y" : -0.073080733418464661,
			"Relative Acceleration Z" : -0.084635406732559204,
			"Relative Velocity X" : 3.1707885265350342,
			"Relative Velocity Y" : 0.0071132960729300976,
			"Relative Velocity Z" : 0.076206237077713013,
			"Truncated" : 0
		},
		{
			"Absolute Acceleration X" : -0.18548248708248138,
			"Absolute Acceleration Y" : 0.023506753146648407,
			"Absolute Acceleration Z" : 0.02391660213470459,
			"Absolute Velocity X" : 24.001552581787109,
			"Absolute Velocity Y" : -0.28870865702629089,
			"Absolute Velocity Z" : -0.2190687358379364,
			"ActorName" : "TRUCK 03",
			"BoundingBox3D Extent X" : 11.0,
			"BoundingBox3D Extent Y" : 2.621239185333252,
			"BoundingBox3D Extent Z" : 2.1748049259185791,
			"BoundingBox3D Orientation Quat W" : 0.99987339973449707,
			"BoundingBox3D Orientation Quat X" : -0.0083643924444913864,
			"BoundingBox3D Orientation Quat Y" : 0.0036196950823068619,
			"BoundingBox3D Orientation Quat Z" : -0.0057289688847959042,
			"BoundingBox3D Origin X" : -90.724960327148438,
			"BoundingBox3D Origin Y" : 4.0376968383789062,
			"BoundingBox3D Origin Z" : 1.8270817995071411,
			"ObjectId" : 3,
			"ObjectType" : "TRUCK",
			"Occluded" : 0.0,
			"Relative Acceleration X" : -0.37303557991981506,
			"Relative Acceleration Y" : 0.017124578356742859,
			"Relative Acceleration Z" : 0.4246494472026825,
			"Relative Velocity X" : 4.1879196166992188,
			"Relative Velocity Y" : -0.039590548723936081,
			"Relative Velocity Z" : 0.22396776080131531,
			"Truncated" : 0
		},
		{
			"Absolute Acceleration X" : 0.26009818911552429,
			"Absolute Acceleration Y" : 0.32958143949508667,
			"Absolute Acceleration Z" : 0.0089060021564364433,
			"Absolute Velocity X" : 32.571983337402344,
			"Absolute Velocity Y" : 0.42337721586227417,
			"Absolute Velocity Z" : -0.28594377636909485,
			"ActorName" : "TRUCK 04",
			"BoundingBox3D Extent X" : 11.0,
			"BoundingBox3D Extent Y" : 2.8851497173309326,
			"BoundingBox3D Extent Z" : 3.821077823638916,
			"BoundingBox3D Orientation Quat W" : 0.99985718727111816,
			"BoundingBox3D Orientation Quat X" : -0.013999305665493011,
			"BoundingBox3D Orientation Quat Y" : 0.0028942758217453957,
			"BoundingBox3D Orientation Quat Z" : 0.002930821618065238,
			"BoundingBox3D Origin X" : 202.0865478515625,
			"BoundingBox3D Origin Y" : 5.5335884094238281,
			"BoundingBox3D Origin Z" : -0.065038695931434631,
			"ObjectId" : 4,
			"ObjectType" : "TRUCK",
			"Occluded" : 0.0,
			"Relative Acceleration X" : 0.066704697906970978,
			"Relative Acceleration Y" : 0.23861587047576904,
			"Relative Acceleration Z" : -0.77557587623596191,
			"Relative Velocity X" : 12.754977226257324,
			"Relative Velocity Y" : 0.37120795249938965,
			"Relative Velocity Z" : -0.56297469139099121,
			"Truncated" : 0
		},
		{
			"Absolute Acceleration X" : -1.0963302850723267,
			"Absolute Acceleration Y" : 0.11625202745199203,
			"Absolute Acceleration Z" : 0.037959102541208267,
			"Absolute Velocity X" : 21.878818511962891,
			"Absolute Velocity Y" : -0.90116840600967407,
			"Absolute Velocity Z" : -0.18577742576599121,
			"ActorName" : "CAR 05",
			"BoundingBox3D Extent X" : 4.1084246635437012,
			"BoundingBox3D Extent Y" : 1.5117851495742798,
			"BoundingBox3D Extent Z" : 1.6608535051345825,
			"BoundingBox3D Orientation Quat W" : -0.99981397390365601,
			"BoundingBox3D Orientation Quat X" : -0.0011661323951557279,
			"BoundingBox3D Orientation Quat Y" : -0.0043962066993117332,
			"BoundingBox3D Orientation Quat Z" : 0.018181448802351952,
			"BoundingBox3D Origin X" : 97.822761535644531,
			"BoundingBox3D Origin Y" : 0.26414760947227478,
			"BoundingBox3D Origin Z" : -0.16881285607814789,
			"ObjectId" : 5,
			"ObjectType" : "CAR",
			"Occluded" : 0.0,
			"Relative Acceleration X" : -1.2938286066055298,
			"Relative Acceleration Y" : 0.069733016192913055,
			"Relative Acceleration Z" : -0.34892004728317261,
			"Relative Velocity X" : 2.0557503700256348,
			"Relative Velocity Y" : -0.84216904640197754,
			"Relative Velocity Z" : -0.22369641065597534,
			"Truncated" : 0
		},
		{
			"Absolute Acceleration X" : 0.018707275390625,
			"Absolute Acceleration Y" : -0.059930369257926941,
			"Absolute Acceleration Z" : 0.011452674865722656,
			"Absolute Velocity X" : 30.998138427734375,
			"Absolute Velocity Y" : -0.34246927499771118,
			"Absolute Velocity Z" : -0.30774739384651184,
			"ActorName" : "CAR 07",
			"BoundingBox3D Extent X" : 4.1769990921020508,
			"BoundingBox3D Extent Y" : 1.9059116840362549,
			"BoundingBox3D Extent Z" : 1.6264179944992065,
			"BoundingBox3D Orientation Quat W" : 0.99996870756149292,
			"BoundingBox3D Orientation Quat X" : -0.00073228729888796806,
			"BoundingBox3D Orientation Quat Y" : 0.0041624014265835285,
			"BoundingBox3D Orientation Quat Z" : -0.0031558037735521793,
			"BoundingBox3D Origin X" : 56.197269439697266,
			"BoundingBox3D Origin Y" : 5.8696508407592773,
			"BoundingBox3D Origin Z" : 0.23436819016933441,
			"ObjectId" : 7,
			"ObjectType" : "CAR",
			"Occluded" : 0.0,
			"Relative Acceleration X" : -0.20418930053710938,
			"Relative Acceleration Y" : 0.0083795636892318726,
			"Relative Acceleration Z" : 0.065105989575386047,
			"Relative Velocity X" : 11.181852340698242,
			"Relative Velocity Y" : -0.24298682808876038,
			"Relative Velocity Z" : -0.22044926881790161,
			"Truncated" : 0
		},
		{
			"Absolute Acceleration X" : -0.13588142395019531,
			"Absolute Acceleration Y" : -0.0032438486814498901,
			"Absolute Acceleration Z" : -0.0080134421586990356,
			"Absolute Velocity X" : 20.8580322265625,
			"Absolute Velocity Y" : -0.078420892357826233,
			"Absolute Velocity Z" : -0.19474826753139496,