{
	"CapturedObjects" : 
	[
		{
			"Absolute Acceleration X" : 0.24508285522460938,
			"Absolute Acceleration Y" : 0.071139827370643616,
			"Absolute Acceleration Z" : 0.039577126502990723,
			"Absolute Velocity X" : 22.023700714111328,
			"Absolute Velocity Y" : -0.086637161672115326,
			"Absolute Velocity Z" : -0.2613387405872345,
			"ActorName" : "CAR 01",
			"BoundingBox3D Extent X" : 4.334075927734375,
			"BoundingBox3D Extent Y" : 2.0256328582763672,
			"BoundingBox3D Extent Z" : 1.5192403793334961,
			"BoundingBox3D Orientation Quat W" : 0.99997854232788086,
			"BoundingBox3D Orientation Quat X" : 0.0008791667059995234,
			"BoundingBox3D Orientation Quat Y" : 0.00580257223919034,
			"BoundingBox3D Orientation Quat Z" : -0.0020800607744604349,
			"BoundingBox3D Origin X" : -21.371715545654297,
			"BoundingBox3D Origin Y" : 0.41684630513191223,
			"BoundingBox3D Origin Z" : 0.92941522598266602,
			"ObjectId" : 1,
			"ObjectType" : "CAR",
			"Occluded" : 0.0,
			"Relative Acceleration X" : 0.19636014103889465,
			"Relative Acceleration Y" : 0.10255851596593857,
			"Relative Acceleration Z" : -0.018540441989898682,
			"Relative Velocity X" : -0.20939290523529053,
			"Relative Velocity Y" : 0.14374071359634399,
			"Relative Velocity Z" : 0.028679052367806435,
			"Truncated" : 0
		},
		{
			"Absolute Acceleration X" : -0.15135955810546875,
			"Absolute Acceleration Y" : 0.11837538331747055,
			"Absolute Acceleration Z" : 0.14019803702831268,
			"Absolute Velocity X" : 26.67963981628418,
			"Absolute Velocity Y" : -0.18411746621131897,
			"Absolute Velocity Z" : -0.30787450075149536,
			"ActorName" : "TRUCK 02",
			"BoundingBox3D Extent X" : 11.0,
			"BoundingBox3D Extent Y" : 2.6529262065887451,
			"BoundingBox3D Extent Z" : 3.0765602588653564,
			"BoundingBox3D Orientation Quat W" : 0.99990242719650269,
			"BoundingBox3D Orientation Quat X" : -0.0048166452907025814,
			"BoundingBox3D Orientation Quat Y" : 0.0048451600596308708,
			"BoundingBox3D Orientation Quat Z" : -0.0025110207498073578,
			"BoundingBox3D Origin X" : 81.935798645019531,
			"BoundingBox3D Origin Y" : 15.735869407653809,
			"BoundingBox3D Origin Z" : 0.36731803417205811,
			"ObjectId" : 2,
			"ObjectType" : "TRUCK",
			"Occluded" : 0.0,
			"Relative Acceleration X" : -0.17048740386962891,
			"Relative Acceleration Y" : -0.048007436096668243,
			"Relative Acceleration Z" : 0.36386337876319885,
			"Relative Velocity X" : 4.4534869194030762,
			"Relative Velocity Y" : -0.0082492465153336525,
			"Relative Velocity Z" : -0.32367658615112305,
			"Truncated" : 0
		},
		{
			"Absolute Acceleration X" : 0.023241043090820312,
			"Absolute Acceleration Y" : -0.10376620292663574,
			"Absolute Acceleration Z" : 0.01388898491859436,
			"Absolute Velocity X" : 23.150394439697266,
			"Absolute Velocity Y" : -0.15085035562515259,
			"Absolute Velocity Z" : -0.23044474422931671,
			"ActorName" : "CAR 04",
			"BoundingBox3D Extent X" : 4.1162319183349609,
			"BoundingBox3D Extent Y" : 1.7154102325439453,
			"BoundingBox3D Extent Z" : 1.4888672828674316,
			"BoundingBox3D Orientation Quat W" : 0.99997615814208984,
			"BoundingBox3D Orientation Quat X" : -0.0011759059270843863,
			"BoundingBox3D Orientation Quat Y" : 0.005036418791860342,
			"BoundingBox3D Orientation Quat Z" : -0.0039445459842681885,
			"BoundingBox3D Origin X" : 41.462718963623047,
			"BoundingBox3D Origin Y" : 0.16961659491062164,
			"BoundingBox3D Origin Z" : 0.30387154221534729,
			"ObjectId" : 4,
			"ObjectType" : "CAR",
			"Occluded" : 0.0,
			"Relative Acceleration X" : -0.024945318698883057,
			"Relative Acceleration Y" : -0.18960763514041901,
			"Relative Acceleration Z" : 0.093304678797721863,
			"Relative Velocity X" : 0.91569346189498901,
			"Relative Velocity Y" : 0.045961927622556686,
			"Relative Velocity Z" : -0.10812336951494217,
			"Truncated" : 0
		},
		{
			"Absolute Acceleration X" : -0.1593780517578125,
			"Absolute Acceleration Y" : -0.060306668281555176,
			"Absolute Acceleration Z" : -0.044327914714813232,
			"Absolute Velocity X" : 27.378814697265625,
			"Absolute Velocity Y" : -0.35823655128479004,
			"Absolute Velocity Z" : -0.36377173662185669,
			"ActorName" : "CAR 12",
			"BoundingBox3D Extent X" : 4.5750732421875,
			"BoundingBox3D Extent Y" : 1.8780477046966553,
			"BoundingBox3D Extent Z" : 1.9186064004898071,
			"BoundingBox3D Orientation Quat W" : 0.99995797872543335,
			"BoundingBox3D Orientation Quat X" : -0.0032919766381382942,
			"BoundingBox3D Orientation Quat Y" : 0.0047811330296099186,
			"BoundingBox3D Orientation Quat Z" : -0.0059631140902638435,
			"BoundingBox3D Origin X" : 57.343547821044922,
			"BoundingBox3D Origin Y" : 15.776950836181641,
			"BoundingBox3D Origin Z" : 0.10293068736791611,
			"ObjectId" : 12,
			"ObjectType" : "CAR",
			"Occluded" : 0.0,
			"Relative Acceleration X" : -0.17801046371459961,
			"Relative Acceleration Y" : -0.17946016788482666,
			"Relative Acceleration Z" : 0.12156733870506287,
			"Relative Velocity X" : 5.1518559455871582,
			"Relative Velocity Y" : -0.17058762907981873,
			"Relative Velocity Z" : -0.31183165311813354,
			"Truncated" : 0
		},
		{
			"Absolute Acceleration X" : -0.50277519226074219,
			"Absolute Acceleration Y" : -0.20900160074234009,
			"Absolute Acceleration Z" : 0.048642009496688843,
			"Absolute Velocity X" : 23.880887985229492,
			"Absolute Velocity Y" : -0.42987310886383057,
			"Absolute Velocity Z" : -0.42810440063476562,
			"ActorName" : "CAR 14",
			"BoundingBox3D Extent X" : 4.102569580078125,
			"BoundingBox3D Extent Y" : 2.0015368461608887,
			"BoundingBox3D Extent Z" : 0.78410714864730835,
			"BoundingBox3D Orientation Quat W" : 0.99992543458938599,
			"BoundingBox3D Orientation Quat X" : -0.004437172319740057,
			"BoundingBox3D Orientation Quat Y" : 0.0094483541324734688,
			"BoundingBox3D Orientation Quat Z" : -0.0045791524462401867,
			"BoundingBox3D Origin X" : -110.44955444335938,
			"BoundingBox3D Origin Y" : -2.0411605834960938,
			"BoundingBox3D Origin Z" : 1.8216311931610107,
			"ObjectId" : 14,
			"ObjectType" : "CAR",
			"Occluded" : 0.0,
			"Relative Acceleration X" : -0.5588228702545166,
			"Relative Acceleration Y" : -0.01369941234588623,
			"Relative Acceleration Z" : -0.22675622999668121,
			"Relative Velocity X" : 1.6487023830413818,
			"Relative Velocity Y" : -0.15237778425216675,
			"Relative Velocity Z" : 0.11251493543386459,
			"Truncated" : 0
		},
		{
			"Absolute Acceleration X" : -0.80759620666503906,
			"Absolute Acceleration Y" : -0.090403132140636444,
			"Absolute Acceleration Z" : 0.0089976340532302856,
			"Absolute Velocity X" : 23.378391265869141,
			"Absolute Velocity Y" : -0.070629097521305084,
			"Absolute Velocity Z" : -0.22807216644287109,
			"ActorName" : "CAR 15",
			"BoundingBox3D Extent X" : 4.2353057861328125,
			"BoundingBox3D Extent Y" : 1.4286812543869019,
			"BoundingBox3D Extent Z" : 1.6798857450485229,
			"BoundingBox3D Orientation Quat W" : 0.99997520446777344,
			"BoundingBox3D Orientation Quat X" : 0.0028637507930397987,
			"BoundingBox3D Orientation Quat Y" : 0.0050057847984135151,
			"BoundingBox3D Orientation Quat Z" : -0.0034816935658454895,
			"BoundingBox3D Origin X" : 72.99481201171875,
			"BoundingBox3D Origin Y" : -0.14319324493408203,
			"BoundingBox3D Origin Z" : 0.094786599278450012,
			"ObjectId" : 15,
			"ObjectType" : "CAR",
			"Occluded" : 0.0,
			"Relative Acceleration X" : -0.85592275857925415,
			"Relative Acceleration Y" : -0.2340894341468811,
			"Relative Acceleration Z" : 0.15790989995002747,
			"Relative Velocity X" : 1.1431071758270264,
			"Relative Velocity Y" : 0.10962525755167007,
			"Relative Velocity Z" : -0.19006407260894775,
			"Truncated" : 0
		},
		{
			"Absolute Acceleration X" : 0.14759445190429688,
			"Absolute Acceleration Y" : 0.054157853126525879,
			"Absolute Acceleration Z" : -0.0099256336688995361,
			"Absolute Velocity X" : 24.787582397460938,
			"Absolute Velocity Y" : -0.80953532457351685,