{
	"CapturedObjects" : 
	[
		{
			"Absolute Acceleration X" : 0.71636581420898438,
			"Absolute Acceleration Y" : 0.69265651702880859,
			"Absolute Acceleration Z" : -0.035162895917892456,
			"Absolute Velocity X" : 16.682680130004883,
			"Absolute Velocity Y" : 11.788990020751953,
			"Absolute Velocity Z" : -0.58097231388092041,
			"ActorName" : "CAR 00",
			"BoundingBox3D Extent X" : 4.235842227935791,
			"BoundingBox3D Extent Y" : 2.0896267890930176,
			"BoundingBox3D Extent Z" : 1.5755466222763062,
			"BoundingBox3D Orientation Quat W" : 0.95470625162124634,
			"BoundingBox3D Orientation Quat X" : 0.019857404753565788,
			"BoundingBox3D Orientation Quat Y" : 0.021499622613191605,
			"BoundingBox3D Orientation Quat Z" : 0.29604032635688782,
			"BoundingBox3D Origin X" : -0.090271525084972382,
			"BoundingBox3D Origin Y" : 17.887041091918945,
			"BoundingBox3D Origin Z" : 0.30595371127128601,
			"ObjectId" : 0,
			"ObjectType" : "CAR",
			"Occluded" : 0.0,
			"Relative Acceleration X" : -2.5411739349365234,
			"Relative Acceleration Y" : 4.1865835189819336,
			"Relative Acceleration Z" : -0.33061417937278748,
			"Relative Velocity X" : 0.37809842824935913,
			"Relative Velocity Y" : 11.723808288574219,
			"Relative Velocity Z" : -0.93044048547744751,
			"Truncated" : 0
		},
		{
			"Absolute Acceleration X" : 0.43378624320030212,
			"Absolute Acceleration Y" : -0.67592453956604004,
			"Absolute Acceleration Z" : -0.022163232788443565,
			"Absolute Velocity X" : 11.594319343566895,
			"Absolute Velocity Y" : 6.9392719268798828,
			"Absolute Velocity Z" : -0.34029379487037659,
			"ActorName" : "CAR 03",
			"BoundingBox3D Extent X" : 4.3967618942260742,
			"BoundingBox3D Extent Y" : 1.8588123321533203,
			"BoundingBox3D Extent Z" : 1.4206863641738892,
			"BoundingBox3D Orientation Quat W" : 0.9630170464515686,
			"BoundingBox3D Orientation Quat X" : -0.0073910998180508614,
			"BoundingBox3D Orientation Quat Y" : 0.011601841077208519,
			"BoundingBox3D Orientation Quat Z" : 0.26904904842376709,
			"BoundingBox3D Origin X" : -37.455287933349609,
			"BoundingBox3D Origin Y" : -14.565353393554688,
			"BoundingBox3D Origin Z" : 1.5199477672576904,
			"ObjectId" : 3,
			"ObjectType" : "CAR",
			"Occluded" : 0.0,
			"Relative Acceleration X" : -0.58234620094299316,
			"Relative Acceleration Y" : 4.3745617866516113,
			"Relative Acceleration Z" : -0.032153096050024033,
			"Relative Velocity X" : 1.794456958770752,
			"Relative Velocity Y" : -0.57317072153091431,
			"Relative Velocity Z" : 0.51598441600799561,
			"Truncated" : 0
		},
		{
			"Absolute Acceleration X" : -0.72432708740234375,
			"Absolute Acceleration Y" : -2.3254039287567139,
			"Absolute Acceleration Z" : 0.24212853610515594,
			"Absolute Velocity X" : 11.179781913757324,
			"Absolute Velocity Y" : -3.9798765182495117,
			"Absolute Velocity Z" : 0.30111679434776306,
			"ActorName" : "CAR 06",
			"BoundingBox3D Extent X" : 4.2034726142883301,
			"BoundingBox3D Extent Y" : 2.0219583511352539,
			"BoundingBox3D Extent Z" : 1.5913317203521729,
			"BoundingBox3D Orientation Quat W" : -0.98632651567459106,
			"BoundingBox3D Orientation Quat X" : -0.0069892192259430885,
			"BoundingBox3D Orientation Quat Y" : 0.013761004433035851,
			"BoundingBox3D Orientation Quat Z" : 0.16400863230228424,
			"BoundingBox3D Origin X" : 23.634067535400391,
			"BoundingBox3D Origin Y" : -3.5027143955230713,
			"BoundingBox3D Origin Z" : 0.89523160457611084,
			"ObjectId" : 6,
			"ObjectType" : "CAR",
			"Occluded" : 0.0,
			"Relative Acceleration X" : 0.08396834135055542,
			"Relative Acceleration Y" : -1.4950935840606689,
			"Relative Acceleration Z" : -0.044011667370796204,
			"Relative Velocity X" : -0.78838837146759033,
			"Relative Velocity Y" : 0.78638458251953125,
			"Relative Velocity Z" : 0.22022223472595215,
			"Truncated" : 0
		},
		{
			"Absolute Acceleration X" : 0.34738922119140625,
			"Absolute Acceleration Y" : 0.00327301025390625,
			"Absolute Acceleration Z" : -0.060810387134552002,
			"Absolute Velocity X" : 18.603185653686523,
			"Absolute Velocity Y" : 13.190618515014648,
			"Absolute Velocity Z" : -0.6072767972946167,
			"ActorName" : "CAR 08",
			"BoundingBox3D Extent X" : 5.7427949905395508,
			"BoundingBox3D Extent Y" : 2.4905531406402588,
			"BoundingBox3D Extent Z" : 1.9797494411468506,
			"BoundingBox3D Orientation Quat W" : 0.95205318927764893,
			"BoundingBox3D Orientation Quat X" : -0.026614634320139885,
			"BoundingBox3D Orientation Quat Y" : 0.0015874099917709827,
			"BoundingBox3D Orientation Quat Z" : 0.30452898144721985,
			"BoundingBox3D Origin X" : 24.757986068725586,
			"BoundingBox3D Origin Y" : 54.280185699462891,
			"BoundingBox3D Origin Z" : -1.0101994276046753,
			"ObjectId" : 8,
			"ObjectType" : "CAR",
			"Occluded" : 0.0,
			"Relative Acceleration X" : -2.5296361446380615,
			"Relative Acceleration Y" : 1.4852504730224609,
			"Relative Acceleration Z" : -0.21432948112487793,
			"Relative Velocity X" : -4.977168083190918,
			"Relative Velocity Y" : 18.112813949584961,
			"Relative Velocity Z" : -2.1052699089050293,
			"Truncated" : 0
		},
		{
			"Absolute Acceleration X" : -0.27585530281066895,
			"Absolute Acceleration Y" : 0.26829081773757935,
			"Absolute Acceleration Z" : 0.029932331293821335,
			"Absolute Velocity X" : 26.048982620239258,
			"Absolute Velocity Y" : 19.118825912475586,
			"Absolute Velocity Z" : -0.69894802570343018,
			"ActorName" : "CAR 26",
			"BoundingBox3D Extent X" : 4.9069347381591797,
			"BoundingBox3D Extent Y" : 1.8999037742614746,
			"BoundingBox3D Extent Z" : 1.4766596555709839,
			"BoundingBox3D Orientation Quat W" : 0.95029574632644653,
			"BoundingBox3D Orientation Quat X" : 0.0078784739598631859,
			"BoundingBox3D Orientation Quat Y" : 0.033664911985397339,
			"BoundingBox3D Orientation Quat Z" : 0.30884799361228943,
			"BoundingBox3D Origin X" : 73.438514709472656,
			"BoundingBox3D Origin Y" : 93.010101318359375,
			"BoundingBox3D Origin Z" : -2.4840986728668213,
			"ObjectId" : 26,
			"ObjectType" : "CAR",
			"Occluded" : 0.0,
			"Relative Acceleration X" : -7.5026760101318359,
			"Relative Acceleration Y" : 3.0163600444793701,
			"Relative Acceleration Z" : -1.9074963331222534,
			"Relative Velocity X" : -4.9729490280151367,
			"Relative Velocity Y" : 33.8228759765625,
			"Relative Velocity Z" : -3.7352378368377686,
			"Truncated" : 0
		},
		{
			"Absolute Acceleration X" : 0.53592300415039062,
			"Absolute Acceleration Y" : 0.30061149597167969,
			"Absolute Acceleration Z" : -0.082717955112457275,
			"Absolute Velocity X" : 25.766733169555664,
			"Absolute Velocity Y" : 18.430076599121094,
			"Absolute Velocity Z" : -0.6658509373664856,
			"ActorName" : "CAR 30",
			"BoundingBox3D Extent X" : 5.4020400047302246,
			"BoundingBox3D Extent Y" : 1.9779465198516846,
			"BoundingBox3D Extent Z" : 1.740735650062561,
			"BoundingBox3D Orientation Quat W" : 0.95151245594024658,
			"BoundingBox3D Orientation Quat X" : 0.015818377956748009,
			"BoundingBox3D Orientation Quat Y" : 0.025945212692022324,
			"BoundingBox3D Orientation Quat Z" : 0.3056161105632782,
			"BoundingBox3D Origin X" : 21.008438110351562,
			"BoundingBox3D Origin Y" : 55.887592315673828,
			"BoundingBox3D Origin Z" : -0.936104416847229,
			"ObjectId" : 30,
			"ObjectType" : "CAR",
			"Occluded" : 0.0,
			"Relative Acceleration X" : -4.0909805297851562,
			"Relative Acceleration Y" : 4.742401123046875,
			"Relative Acceleration Z" : -0.478676438331604,
			"Relative Velocity X" : 1.8507531881332397,
			"Relative Velocity Y" : 22.529912948608398,
			"Relative Velocity Z" : -2.1765825748443604,
			"Truncated" : 0
		},
		{
			"Absolute Acceleration X" : 1.4825313091278076,
			"Absolute Acceleration Y" : 4.2059307098388672,
			"Absolute Acceleration Z" : -0.40942084789276123,
			"Absolute Velocity X" : -3.461679220199585,
			"Absolute Velocity Y" : -7.4529757499694824,
			"Absolute Velocity Z" : 0.60441231727600098,
			"ActorName" : "CAR 32",