{
	"CapturedObjects" : 
	[
		{
			"Absolute Acceleration X" : -0.018341064453125,
			"Absolute Acceleration Y" : -0.033802419900894165,
			"Absolute Acceleration Z" : 0.017009064555168152,
			"Absolute Velocity X" : 24.183151245117188,
			"Absolute Velocity Y" : -0.27079996466636658,
			"Absolute Velocity Z" : -0.22432287037372589,
			"ActorName" : "TRUCK 00",
			"BoundingBox3D Extent X" : 10.260261535644531,
			"BoundingBox3D Extent Y" : 3.0,
			"BoundingBox3D Extent Z" : 3.1876621246337891,
			"BoundingBox3D Orientation Quat W" : 0.99926739931106567,
			"BoundingBox3D Orientation Quat X" : -0.020151108503341675,
			"BoundingBox3D Orientation Quat Y" : 0.0043128081597387791,
			"BoundingBox3D Orientation Quat Z" : -0.0064226039685308933,
			"BoundingBox3D Origin X" : -14.070490837097168,
			"BoundingBox3D Origin Y" : 17.121864318847656,
			"BoundingBox3D Origin Z" : 1.5560767650604248,
			"ObjectId" : 0,
			"ObjectType" : "TRUCK",
			"Occluded" : 0.0,
			"Relative Acceleration X" : 0.31538152694702148,
			"Relative Acceleration Y" : -0.031855836510658264,
			"Relative Acceleration Z" : -0.0066883787512779236,
			"Relative Velocity X" : 4.0557360649108887,
			"Relative Velocity Y" : -0.079011708498001099,
			"Relative Velocity Z" : 0.098350584506988525,
			"Truncated" : 0
		},
		{
			"Absolute Acceleration X" : 0.16864013671875,
			"Absolute Acceleration Y" : 0.10267652571201324,
			"Absolute Acceleration Z" : -0.0012173354625701904,
			"Absolute Velocity X" : 24.664113998413086,
			"Absolute Velocity Y" : -0.14229802787303925,
			"Absolute Velocity Z" : -0.19034275412559509,
			"ActorName" : "CAR 01",
			"BoundingBox3D Extent X" : 6.9825677871704102,
			"BoundingBox3D Extent Y" : 2.6750645637512207,
			"BoundingBox3D Extent Z" : 2.7412784099578857,
			"BoundingBox3D Orientation Quat W" : 0.9995691180229187,
			"BoundingBox3D Orientation Quat X" : -0.024614350870251656,
			"BoundingBox3D Orientation Quat Y" : 0.0023022172972559929,
			"BoundingBox3D Orientation Quat Z" : -0.003757494268938899,
			"BoundingBox3D Origin X" : -39.078369140625,
			"BoundingBox3D Origin Y" : 17.685199737548828,
			"BoundingBox3D Origin Z" : 1.4968631267547607,
			"ObjectId" : 1,
			"ObjectType" : "CAR",
			"Occluded" : 0.0,
			"Relative Acceleration X" : 0.50408649444580078,
			"Relative Acceleration Y" : 0.15434502065181732,
			"Relative Acceleration Z" : -0.11251255869865417,
			"Relative Velocity X" : 4.5367045402526855,
			"Relative Velocity Y" : 0.067139126360416412,
			"Relative Velocity Z" : 0.21379570662975311,
			"Truncated" : 0
		},
		{
			"Absolute Acceleration X" : 0.16551399230957031,
			"Absolute Acceleration Y" : 0.0368785560131073,
			"Absolute Acceleration Z" : -0.036485448479652405,
			"Absolute Velocity X" : 22.809240341186523,
			"Absolute Velocity Y" : -0.48256224393844604,
			"Absolute Velocity Z" : -0.23549613356590271,
			"ActorName" : "CAR 02",
			"BoundingBox3D Extent X" : 4.43939208984375,
			"BoundingBox3D Extent Y" : 1.774179220199585,
			"BoundingBox3D Extent Z" : 1.8107035160064697,
			"BoundingBox3D Orientation Quat W" : -0.99917441606521606,
			"BoundingBox3D Orientation Quat X" : -0.031736049801111221,
			"BoundingBox3D Orientation Quat Y" : -0.0052698231302201748,
			"BoundingBox3D Orientation Quat Z" : 0.010904319584369659,
			"BoundingBox3D Origin X" : 36.076850891113281,
			"BoundingBox3D Origin Y" : 15.775179862976074,
			"BoundingBox3D Origin Z" : 0.39781928062438965,
			"ObjectId" : 2,
			"ObjectType" : "CAR",
			"Occluded" : 0.0,
			"Relative Acceleration X" : 0.5005042552947998,
			"Relative Acceleration Y" : -0.055683106184005737,
			"Relative Acceleration Z" : 0.11630308628082275,
			"Relative Velocity X" : 2.6776835918426514,
			"Relative Velocity Y" : -0.31789678335189819,
			"Relative Velocity Z" : -0.078054867684841156,
			"Truncated" : 0
		},
		{
			"Absolute Acceleration X" : 0.73752516508102417,
			"Absolute Acceleration Y" : -0.26803222298622131,
			"Absolute Acceleration Z" : 0.096058964729309082,
			"Absolute Velocity X" : -1.5873502492904663,
			"Absolute Velocity Y" : 0.2444043904542923,
			"Absolute Velocity Z" : 0.083629138767719269,
			"ActorName" : "TRUCK 03",
			"BoundingBox3D Extent X" : 11.0,
			"BoundingBox3D Extent Y" : 0.60374879837036133,
			"BoundingBox3D Extent Z" : 0.65512114763259888,
			"BoundingBox3D Orientation Quat W" : 0.018611891195178032,
			"BoundingBox3D Orientation Quat X" : 0.0069892541505396366,
			"BoundingBox3D Orientation Quat Y" : -0.045600298792123795,
			"BoundingBox3D Orientation Quat Z" : 0.99862176179885864,
			"BoundingBox3D Origin X" : -54.592864990234375,
			"BoundingBox3D Origin Y" : 12.778647422790527,
			"BoundingBox3D Origin Z" : 0.88893777132034302,
			"ObjectId" : 3,
			"ObjectType" : "TRUCK",
			"Occluded" : 0.0,
			"Relative Acceleration X" : 1.065185546875,
			"Relative Acceleration Y" : -0.15539422631263733,
			"Relative Acceleration Z" : -0.1105990931391716,
			"Relative Velocity X" : -21.72053337097168,
			"Relative Velocity Y" : 0.47174191474914551,
			"Relative Velocity Z" : 0.44616296887397766,
			"Truncated" : 0
		},
		{
			"Absolute Acceleration X" : -0.0040496382862329483,
			"Absolute Acceleration Y" : 0.034578561782836914,
			"Absolute Acceleration Z" : 0.013207708485424519,
			"Absolute Velocity X" : -0.010872732847929001,
			"Absolute Velocity Y" : 0.092949576675891876,
			"Absolute Velocity Z" : 0.035488251596689224,
			"ActorName" : "TRUCK 04",
			"BoundingBox3D Extent X" : 11.0,
			"BoundingBox3D Extent Y" : 1.0819226503372192,
			"BoundingBox3D Extent Z" : 2.92057204246521,
			"BoundingBox3D Orientation Quat W" : 0.99953222274780273,
			"BoundingBox3D Orientation Quat X" : -0.0018993328558281064,
			"BoundingBox3D Orientation Quat Y" : 0.00086300581460818648,
			"BoundingBox3D Orientation Quat Z" : -0.030457552522420883,
			"BoundingBox3D Origin X" : -116.10237121582031,
			"BoundingBox3D Origin Y" : 26.190555572509766,
			"BoundingBox3D Origin Z" : 2.9785971641540527,
			"ObjectId" : 4,
			"ObjectType" : "TRUCK",
			"Occluded" : 0.0,
			"Relative Acceleration X" : 0.45527780055999756,
			"Relative Acceleration Y" : 0.39201110601425171,
			"Relative Acceleration Z" : 1.9171020984649658,
			"Relative Velocity X" : -20.167194366455078,
			"Relative Velocity Y" : 0.38452383875846863,
			"Relative Velocity Z" : 1.0037555694580078,
			"Truncated" : 0
		},
		{
			"Absolute Acceleration X" : -0.092779159545898438,
			"Absolute Acceleration Y" : 0.29030489921569824,
			"Absolute Acceleration Z" : -0.042743846774101257,
			"Absolute Velocity X" : 25.899551391601562,
			"Absolute Velocity Y" : -0.673115074634552,
			"Absolute Velocity Z" : -0.13326507806777954,
			"ActorName" : "CAR 05",
			"BoundingBox3D Extent X" : 4.0999999046325684,
			"BoundingBox3D Extent Y" : 1.7586958408355713,
			"BoundingBox3D Extent Z" : 0.90542548894882202,
			"BoundingBox3D Orientation Quat W" : -0.9999043345451355,
			"BoundingBox3D Orientation Quat X" : -0.0017472923500463367,
			"BoundingBox3D Orientation Quat Y" : -0.0051298737525939941,
			"BoundingBox3D Orientation Quat Z" : 0.012403295375406742,
			"BoundingBox3D Origin X" : -139.78346252441406,
			"BoundingBox3D Origin Y" : 2.4469249248504639,
			"BoundingBox3D Origin Z" : 1.1160218715667725,
			"ObjectId" : 5,
			"ObjectType" : "CAR",
			"Occluded" : 0.0,
			"Relative Acceleration X" : 0.21364355087280273,
			"Relative Acceleration Y" : 0.54532629251480103,
			"Relative Acceleration Z" : -0.58431041240692139,
			"Relative Velocity X" : 5.7593941688537598,
			"Relative Velocity Y" : -0.39036184549331665,
			"Relative Velocity Z" : 0.4755246639251709,
			"Truncated" : 0
		},
		{
			"Absolute Acceleration X" : -5.2359027904458344e-05,
			"Absolute Acceleration Y" : 0.00010590689635137096,
			"Absolute Acceleration Z" : -4.6234947603807086e-07,
			"Absolute Velocity X" : -7.8639423009008169e-05,
			"Absolute Velocity Y" : 0.00018617304158397019,
			"Absolute Velocity Z" : 1.2729280740586546e-07,
			"ActorName" : "TRUCK 06",