{
	"CapturedObjects" : 
	[
		{
			"Absolute Acceleration X" : 0.56894683837890625,
			"Absolute Acceleration Y" : 0.13926592469215393,
			"Absolute Acceleration Z" : 0.040731430053710938,
			"Absolute Velocity X" : 28.858156204223633,
			"Absolute Velocity Y" : -0.11879001557826996,
			"Absolute Velocity Z" : -0.3539181649684906,
			"ActorName" : "CAR 01",
			"BoundingBox3D Extent X" : 4.7093315124511719,
			"BoundingBox3D Extent Y" : 2.1400377750396729,
			"BoundingBox3D Extent Z" : 1.7339202165603638,
			"BoundingBox3D Orientation Quat W" : 0.99998003244400024,
			"BoundingBox3D Orientation Quat X" : 0.001674321130849421,
			"BoundingBox3D Orientation Quat Y" : 0.0057063894346356392,
			"BoundingBox3D Orientation Quat Z" : 0.00032984366407617927,
			"BoundingBox3D Origin X" : -7.9192352294921875,
			"BoundingBox3D Origin Y" : 2.7498922348022461,
			"BoundingBox3D Origin Z" : 0.94103735685348511,
			"ObjectId" : 1,
			"ObjectType" : "CAR",
			"Occluded" : 0.0,
			"Relative Acceleration X" : 0.54313313961029053,
			"Relative Acceleration Y" : 0.11249908804893494,
			"Relative Acceleration Z" : -0.064430937170982361,
			"Relative Velocity X" : 1.8342455625534058,
			"Relative Velocity Y" : 0.1136430948972702,
			"Relative Velocity Z" : -0.019758442416787148,
			"Truncated" : 0
		},
		{
			"Absolute Acceleration X" : -0.18793869018554688,
			"Absolute Acceleration Y" : -0.094736546277999878,
			"Absolute Acceleration Z" : -0.01139754056930542,
			"Absolute Velocity X" : 25.870841979980469,
			"Absolute Velocity Y" : -0.57208770513534546,
			"Absolute Velocity Z" : -0.32201802730560303,
			"ActorName" : "CAR 02",
			"BoundingBox3D Extent X" : 4.1892967224121094,
			"BoundingBox3D Extent Y" : 1.8758935928344727,
			"BoundingBox3D Extent Z" : 2.1399004459381104,
			"BoundingBox3D Orientation Quat W" : -0.99993777275085449,
			"BoundingBox3D Orientation Quat X" : 0.00030019006226211786,
			"BoundingBox3D Orientation Quat Y" : -0.0065896227024495602,
			"BoundingBox3D Orientation Quat Z" : 0.0084810769185423851,
			"BoundingBox3D Origin X" : 79.078216552734375,
			"BoundingBox3D Origin Y" : -1.9828091859817505,
			"BoundingBox3D Origin Z" : 0.10509172827005386,
			"ObjectId" : 2,
			"ObjectType" : "CAR",
			"Occluded" : 0.0,
			"Relative Acceleration X" : -0.18578779697418213,
			"Relative Acceleration Y" : 0.28107401728630066,
			"Relative Acceleration Z" : 0.64037632942199707,
			"Relative Velocity X" : -1.150195837020874,
			"Relative Velocity Y" : -0.28639408946037292,
			"Relative Velocity Z" : -0.036936238408088684,
			"Truncated" : 0
		},
		{
			"Absolute Acceleration X" : 1.7249794006347656,
			"Absolute Acceleration Y" : 0.15948119759559631,
			"Absolute Acceleration Z" : 0.0096998810768127441,
			"Absolute Velocity X" : 27.774181365966797,
			"Absolute Velocity Y" : -0.04942389577627182,
			"Absolute Velocity Z" : -0.36119171977043152,
			"ActorName" : "CAR 03",
			"BoundingBox3D Extent X" : 4.2396087646484375,
			"BoundingBox3D Extent Y" : 2.1024894714355469,
			"BoundingBox3D Extent Z" : 1.6439502239227295,
			"BoundingBox3D Orientation Quat W" : 0.99996846914291382,
			"BoundingBox3D Orientation Quat X" : 0.0023084997665137053,
			"BoundingBox3D Orientation Quat Y" : 0.0065655144862830639,
			"BoundingBox3D Orientation Quat Z" : 0.0031857846770435572,
			"BoundingBox3D Origin X" : -25.231245040893555,
			"BoundingBox3D Origin Y" : 2.6353936195373535,
			"BoundingBox3D Origin Z" : 1.0848517417907715,
			"ObjectId" : 3,
			"ObjectType" : "CAR",
			"Occluded" : 0.0,
			"Relative Acceleration X" : 1.6989412307739258,
			"Relative Acceleration Y" : 0.05489802360534668,
			"Relative Acceleration Z" : -0.24067778885364532,
			"Relative Velocity X" : 0.75038564205169678,
			"Relative Velocity Y" : 0.17144525051116943,
			"Relative Velocity Z" : -0.018783168867230415,
			"Truncated" : 0
		},
		{
			"Absolute Acceleration X" : -0.20637130737304688,
			"Absolute Acceleration Y" : 0.17541736364364624,
			"Absolute Acceleration Z" : -0.054831743240356445,
			"Absolute Velocity X" : 28.029214859008789,
			"Absolute Velocity Y" : -0.34779956936836243,
			"Absolute Velocity Z" : -0.37943288683891296,
			"ActorName" : "CAR 04",
			"BoundingBox3D Extent X" : 4.246734619140625,
			"BoundingBox3D Extent Y" : 1.9392895698547363,
			"BoundingBox3D Extent Z" : 1.4446032047271729,
			"BoundingBox3D Orientation Quat W" : 0.9999462366104126,
			"BoundingBox3D Orientation Quat X" : -0.00012874312233179808,
			"BoundingBox3D Orientation Quat Y" : 0.0067875529639422894,
			"BoundingBox3D Orientation Quat Z" : -0.0077152904123067856,
			"BoundingBox3D Origin X" : 42.336761474609375,
			"BoundingBox3D Origin Y" : -1.5875054597854614,
			"BoundingBox3D Origin Z" : 0.22161071002483368,
			"ObjectId" : 4,
			"ObjectType" : "CAR",
			"Occluded" : 0.0,
			"Relative Acceleration X" : -0.20663267374038696,
			"Relative Acceleration Y" : 0.38029664754867554,
			"Relative Acceleration Z" : 0.27683579921722412,
			"Relative Velocity X" : 1.0079127550125122,
			"Relative Velocity Y" : -0.084802620112895966,
			"Relative Velocity Z" : -0.067189782857894897,
			"Truncated" : 0
		},
		{
			"Absolute Acceleration X" : 0.23721955716609955,
			"Absolute Acceleration Y" : -0.44677796959877014,
			"Absolute Acceleration Z" : -0.051424786448478699,
			"Absolute Velocity X" : 25.759387969970703,
			"Absolute Velocity Y" : 0.14859013259410858,
			"Absolute Velocity Z" : -0.38775384426116943,
			"ActorName" : "CAR 13",
			"BoundingBox3D Extent X" : 5.0107212066650391,
			"BoundingBox3D Extent Y" : 1.8135536909103394,
			"BoundingBox3D Extent Z" : 2.0355262756347656,
			"BoundingBox3D Orientation Quat W" : 0.99996411800384521,
			"BoundingBox3D Orientation Quat X" : 0.00021872475917916745,
			"BoundingBox3D Orientation Quat Y" : 0.007475102785974741,
			"BoundingBox3D Orientation Quat Z" : 0.0027406760491430759,
			"BoundingBox3D Origin X" : -114.90371704101562,
			"BoundingBox3D Origin Y" : 0.95674729347229004,
			"BoundingBox3D Origin Z" : 2.4967379570007324,
			"ObjectId" : 13,
			"ObjectType" : "CAR",
			"Occluded" : 0.0,
			"Relative Acceleration X" : 0.23086757957935333,
			"Relative Acceleration Y" : -0.84273725748062134,
			"Relative Acceleration Z" : -0.29138579964637756,
			"Relative Velocity X" : -1.2625737190246582,
			"Relative Velocity Y" : 0.31283944845199585,
			"Relative Velocity Z" : 0.0099992519244551659,
			"Truncated" : 0
		},
		{
			"Absolute Acceleration X" : -1.1805324554443359,
			"Absolute Acceleration Y" : -0.021922111511230469,
			"Absolute Acceleration Z" : 0.0027192234992980957,
			"Absolute Velocity X" : 30.258769989013672,
			"Absolute Velocity Y" : -0.47362750768661499,
			"Absolute Velocity Z" : -0.40210995078086853,
			"ActorName" : "CAR 17",
			"BoundingBox3D Extent X" : 4.202301025390625,
			"BoundingBox3D Extent Y" : 1.4545632600784302,
			"BoundingBox3D Extent Z" : 1.4540822505950928,
			"BoundingBox3D Orientation Quat W" : -0.99994057416915894,
			"BoundingBox3D Orientation Quat X" : -0.0022628498263657093,
			"BoundingBox3D Orientation Quat Y" : -0.0068414676934480667,
			"BoundingBox3D Orientation Quat Z" : 0.0078792925924062729,
			"BoundingBox3D Origin X" : -48.255928039550781,
			"BoundingBox3D Origin Y" : 3.0401191711425781,
			"BoundingBox3D Origin Z" : 1.3373119831085205,
			"ObjectId" : 17,
			"ObjectType" : "CAR",
			"Occluded" : 0.0,
			"Relative Acceleration X" : -1.2095847129821777,
			"Relative Acceleration Y" : -0.24042992293834686,
			"Relative Acceleration Z" : -0.45828598737716675,
			"Relative Velocity X" : 3.2352027893066406,
			"Relative Velocity Y" : -0.26609912514686584,
			"Relative Velocity Z" : -0.039985988289117813,
			"Truncated" : 0
		},
		{
			"Absolute Acceleration X" : 0.034856796264648438,
			"Absolute Acceleration Y" : 0.0052633136510848999,
			"Absolute Acceleration Z" : -0.00093948841094970703,
			"Absolute Velocity X" : 27.682424545288086,
			"Absolute Velocity Y" : -0.25451922416687012,