{
	"CapturedObjects" : 
	[
		{
			"Absolute Acceleration X" : 0.27828788757324219,
			"Absolute Acceleration Y" : 0.18606330454349518,
			"Absolute Acceleration Z" : -0.013576045632362366,
			"Absolute Velocity X" : 22.778863906860352,
			"Absolute Velocity Y" : 0.12052943557500839,
			"Absolute Velocity Z" : -0.19830265641212463,
			"ActorName" : "CAR 00",
			"BoundingBox3D Extent X" : 5.0962448120117188,
			"BoundingBox3D Extent Y" : 1.9460623264312744,
			"BoundingBox3D Extent Z" : 1.7667186260223389,
			"BoundingBox3D Orientation Quat W" : 0.99929893016815186,
			"BoundingBox3D Orientation Quat X" : -0.035852681845426559,
			"BoundingBox3D Orientation Quat Y" : 0.0041646747849881649,
			"BoundingBox3D Orientation Quat Z" : 0.0077240392565727234,
			"BoundingBox3D Origin X" : 11.38435173034668,
			"BoundingBox3D Origin Y" : 12.077648162841797,
			"BoundingBox3D Origin Z" : 0.52281719446182251,
			"ObjectId" : 0,
			"ObjectType" : "CAR",
			"Occluded" : 0.0,
			"Relative Acceleration X" : 0.25193417072296143,
			"Relative Acceleration Y" : -0.010678350925445557,
			"Relative Acceleration Z" : 0.36091005802154541,
			"Relative Velocity X" : 1.2950162887573242,
			"Relative Velocity Y" : 0.26040530204772949,
			"Relative Velocity Z" : 0.014587538316845894,
			"Truncated" : 0
		},
		{
			"Absolute Acceleration X" : 0.0060024261474609375,
			"Absolute Acceleration Y" : 0.26881447434425354,
			"Absolute Acceleration Z" : -0.026828214526176453,
			"Absolute Velocity X" : 22.709001541137695,
			"Absolute Velocity Y" : 0.6115957498550415,
			"Absolute Velocity Z" : -0.22687128186225891,
			"ActorName" : "TRUCK 02",
			"BoundingBox3D Extent X" : 11.0,
			"BoundingBox3D Extent Y" : 2.8361189365386963,
			"BoundingBox3D Extent Z" : 3.5865716934204102,
			"BoundingBox3D Orientation Quat W" : 0.9993787407875061,
			"BoundingBox3D Orientation Quat X" : -0.031797654926776886,
			"BoundingBox3D Orientation Quat Y" : 0.0048457938246428967,
			"BoundingBox3D Orientation Quat Z" : 0.014082510024309158,
			"BoundingBox3D Origin X" : 43.679790496826172,
			"BoundingBox3D Origin Y" : 13.119091987609863,
			"BoundingBox3D Origin Z" : 1.1147317886352539,
			"ObjectId" : 2,
			"ObjectType" : "TRUCK",
			"Occluded" : 0.0,
			"Relative Acceleration X" : -0.014935493469238281,
			"Relative Acceleration Y" : 0.099018096923828125,
			"Relative Acceleration Z" : 0.34257039427757263,
			"Relative Velocity X" : 1.230189323425293,
			"Relative Velocity Y" : 0.5157771110534668,
			"Relative Velocity Z" : 0.13305546343326569,
			"Truncated" : 0
		},
		{
			"Absolute Acceleration X" : -0.00750732421875,
			"Absolute Acceleration Y" : 0.14967338740825653,
			"Absolute Acceleration Z" : 0.022164210677146912,
			"Absolute Velocity X" : 21.046930313110352,
			"Absolute Velocity Y" : 0.090284116566181183,
			"Absolute Velocity Z" : -0.20064520835876465,
			"ActorName" : "CAR 04",
			"BoundingBox3D Extent X" : 4.1754417419433594,
			"BoundingBox3D Extent Y" : 1.7123286724090576,
			"BoundingBox3D Extent Z" : 1.4943684339523315,
			"BoundingBox3D Orientation Quat W" : 0.99991428852081299,
			"BoundingBox3D Orientation Quat X" : -0.0083173429593443871,
			"BoundingBox3D Orientation Quat Y" : 0.0047260504215955734,
			"BoundingBox3D Orientation Quat Z" : 0.0084367170929908752,
			"BoundingBox3D Origin X" : 28.733209609985352,
			"BoundingBox3D Origin Y" : 0.28493601083755493,
			"BoundingBox3D Origin Z" : 0.40596389770507812,
			"ObjectId" : 4,
			"ObjectType" : "CAR",
			"Occluded" : 0.0,
			"Relative Acceleration X" : -0.021765053272247314,
			"Relative Acceleration Y" : 0.011373341083526611,
			"Relative Acceleration Z" : 0.090575411915779114,
			"Relative Velocity X" : -0.52183634042739868,
			"Relative Velocity Y" : 0.10240500420331955,
			"Relative Velocity Z" : 0.082103617489337921,
			"Truncated" : 0
		},
		{
			"Absolute Acceleration X" : 0.04451751708984375,
			"Absolute Acceleration Y" : 0.22137868404388428,
			"Absolute Acceleration Z" : -0.15147705376148224,
			"Absolute Velocity X" : 25.177600860595703,
			"Absolute Velocity Y" : -1.7624626159667969,
			"Absolute Velocity Z" : 0.041738711297512054,
			"ActorName" : "TRUCK 05",
			"BoundingBox3D Extent X" : 11.0,
			"BoundingBox3D Extent Y" : 2.847881555557251,
			"BoundingBox3D Extent Z" : 1.9118857383728027,
			"BoundingBox3D Orientation Quat W" : -0.99799239635467529,
			"BoundingBox3D Orientation Quat X" : 0.053304318338632584,
			"BoundingBox3D Orientation Quat Y" : -0.0024310145527124405,
			"BoundingBox3D Orientation Quat Z" : 0.033267181366682053,
			"BoundingBox3D Origin X" : -148.44889831542969,
			"BoundingBox3D Origin Y" : 16.935972213745117,
			"BoundingBox3D Origin Z" : 2.0320546627044678,
			"ObjectId" : 5,
			"ObjectType" : "TRUCK",
			"Occluded" : 0.0,
			"Relative Acceleration X" : -0.0052239894866943359,
			"Relative Acceleration Y" : -0.25335392355918884,
			"Relative Acceleration Z" : 0.5023074746131897,
			"Relative Velocity X" : 3.7229528427124023,
			"Relative Velocity Y" : -0.45561724901199341,
			"Relative Velocity Z" : -0.4649394154548645,
			"Truncated" : 0
		},
		{
			"Absolute Acceleration X" : 0.090850830078125,
			"Absolute Acceleration Y" : 0.34405463933944702,
			"Absolute Acceleration Z" : 0.018092229962348938,
			"Absolute Velocity X" : 22.711267471313477,
			"Absolute Velocity Y" : 0.7288060188293457,
			"Absolute Velocity Z" : -0.22933965921401978,
			"ActorName" : "TRUCK 12",
			"BoundingBox3D Extent X" : 11.0,
			"BoundingBox3D Extent Y" : 2.2660648822784424,
			"BoundingBox3D Extent Z" : 3.9199919700622559,
			"BoundingBox3D Orientation Quat W" : 0.9993433952331543,
			"BoundingBox3D Orientation Quat X" : -0.03231339156627655,
			"BoundingBox3D Orientation Quat Y" : 0.0044449982233345509,
			"BoundingBox3D Orientation Quat Z" : 0.014352631755173206,
			"BoundingBox3D Origin X" : 53.739631652832031,
			"BoundingBox3D Origin Y" : 12.955825805664062,
			"BoundingBox3D Origin Z" : 1.2070258855819702,
			"ObjectId" : 12,
			"ObjectType" : "TRUCK",
			"Occluded" : 0.0,
			"Relative Acceleration X" : 0.071599364280700684,
			"Relative Acceleration Y" : 0.18399873375892639,
			"Relative Acceleration Z" : 0.37477001547813416,
			"Relative Velocity X" : 1.2309236526489258,
			"Relative Velocity Y" : 0.55925202369689941,
			"Relative Velocity Z" : 0.17598572373390198,
			"Truncated" : 0
		},
		{
			"Absolute Acceleration X" : 3.8347949981689453,
			"Absolute Acceleration Y" : 0.77548646926879883,
			"Absolute Acceleration Z" : 0.025475621223449707,
			"Absolute Velocity X" : 25.06645393371582,
			"Absolute Velocity Y" : 2.1588478088378906,
			"Absolute Velocity Z" : -0.41423746943473816,
			"ActorName" : "CAR 20",
			"BoundingBox3D Extent X" : 4.1135635375976562,
			"BoundingBox3D Extent Y" : 1.9416730403900146,
			"BoundingBox3D Extent Z" : 1.7621419429779053,
			"BoundingBox3D Orientation Quat W" : 0.99886924028396606,
			"BoundingBox3D Orientation Quat X" : -0.0085219815373420715,
			"BoundingBox3D Orientation Quat Y" : 0.0077482485212385654,
			"BoundingBox3D Orientation Quat Z" : 0.045540772378444672,
			"BoundingBox3D Origin X" : 169.50517272949219,
			"BoundingBox3D Origin Y" : 24.925535202026367,
			"BoundingBox3D Origin Z" : -1.6579846143722534,
			"ObjectId" : 20,
			"ObjectType" : "CAR",
			"Occluded" : 0.0,
			"Relative Acceleration X" : 3.8223223686218262,
			"Relative Acceleration Y" : 0.7007325291633606,
			"Relative Acceleration Z" : 0.58667159080505371,
			"Relative Velocity X" : 3.6866064071655273,
			"Relative Velocity Y" : 1.136881947517395,
			"Relative Velocity Z" : 0.52720737457275391,
			"Truncated" : 0
		},
		{
			"Absolute Acceleration X" : -0.00402069091796875,
			"Absolute Acceleration Y" : 0.4864424467086792,
			"Absolute Acceleration Z" : -0.096419975161552429,
			"Absolute Velocity X" : 32.473663330078125,
			"Absolute Velocity Y" : 0.44832512736320496,
			"Absolute Velocity Z" : -0.27863574028015137,
			"ActorName" : "CAR 22",