{
	"CapturedObjects" : 
	[
		{
			"Absolute Acceleration X" : 0.0057907789014279842,
			"Absolute Acceleration Y" : -0.16905497014522552,
			"Absolute Acceleration Z" : -0.074016265571117401,
			"Absolute Velocity X" : 24.188840866088867,
			"Absolute Velocity Y" : 0.0046015847474336624,
			"Absolute Velocity Z" : -0.11509914696216583,
			"ActorName" : "TRUCK 00",
			"BoundingBox3D Extent X" : 16.402755737304688,
			"BoundingBox3D Extent Y" : 3.0087175369262695,
			"BoundingBox3D Extent Z" : 2.9450562000274658,
			"BoundingBox3D Orientation Quat W" : 0.99985510110855103,
			"BoundingBox3D Orientation Quat X" : -0.0078763486817479134,
			"BoundingBox3D Orientation Quat Y" : 0.0020980793051421642,
			"BoundingBox3D Orientation Quat Z" : 0.00098682928364723921,
			"BoundingBox3D Origin X" : -3.034038782119751,
			"BoundingBox3D Origin Y" : 13.025083541870117,
			"BoundingBox3D Origin Z" : 1.2208181619644165,
			"ObjectId" : 0,
			"ObjectType" : "TRUCK",
			"Occluded" : 0.0,
			"Relative Acceleration X" : 0.33170074224472046,
			"Relative Acceleration Y" : -0.28559648990631104,
			"Relative Acceleration Z" : -0.14451628923416138,
			"Relative Velocity X" : 1.9383544921875,
			"Relative Velocity Y" : 0.22648243606090546,
			"Relative Velocity Z" : 0.1294625997543335,
			"Truncated" : 0
		},
		{
			"Absolute Acceleration X" : 1.2930983304977417,
			"Absolute Acceleration Y" : 0.066288270056247711,
			"Absolute Acceleration Z" : -0.062926545739173889,
			"Absolute Velocity X" : 24.399425506591797,
			"Absolute Velocity Y" : -0.10890179872512817,
			"Absolute Velocity Z" : -0.20548777282238007,
			"ActorName" : "TRUCK 01",
			"BoundingBox3D Extent X" : 11.0,
			"BoundingBox3D Extent Y" : 2.7094628810882568,
			"BoundingBox3D Extent Z" : 3.9354896545410156,
			"BoundingBox3D Orientation Quat W" : 0.9999815821647644,
			"BoundingBox3D Orientation Quat X" : -0.0014250950189307332,
			"BoundingBox3D Orientation Quat Y" : 0.0043660327792167664,
			"BoundingBox3D Orientation Quat Z" : -0.0022930039558559656,
			"BoundingBox3D Origin X" : 54.308883666992188,
			"BoundingBox3D Origin Y" : 16.033197402954102,
			"BoundingBox3D Origin Z" : 1.2607765197753906,
			"ObjectId" : 1,
			"ObjectType" : "TRUCK",
			"Occluded" : 0.0,
			"Relative Acceleration X" : 1.615902304649353,
			"Relative Acceleration Y" : -0.060849644243717194,
			"Relative Acceleration Z" : -0.66609412431716919,
			"Relative Velocity X" : 2.1640675067901611,
			"Relative Velocity Y" : -0.1282842606306076,
			"Relative Velocity Z" : 0.35147190093994141,
			"Truncated" : 0
		},
		{
			"Absolute Acceleration X" : -0.80747002363204956,
			"Absolute Acceleration Y" : -1.3139965534210205,
			"Absolute Acceleration Z" : -0.031046129763126373,
			"Absolute Velocity X" : 15.147812843322754,
			"Absolute Velocity Y" : -6.442845344543457,
			"Absolute Velocity Z" : -0.20018735527992249,
			"ActorName" : "CAR 02",
			"BoundingBox3D Extent X" : 3.864055871963501,
			"BoundingBox3D Extent Y" : 1.9809699058532715,
			"BoundingBox3D Extent Z" : 1.523533821105957,
			"BoundingBox3D Orientation Quat W" : -0.97833055257797241,
			"BoundingBox3D Orientation Quat X" : -0.01815427653491497,
			"BoundingBox3D Orientation Quat Y" : -0.002499633701518178,
			"BoundingBox3D Orientation Quat Z" : 0.20604752004146576,
			"BoundingBox3D Origin X" : 7.1070199012756348,
			"BoundingBox3D Origin Y" : -15.204049110412598,
			"BoundingBox3D Origin Z" : 0.44618949294090271,
			"ObjectId" : 2,
			"ObjectType" : "CAR",
			"Occluded" : 0.0,
			"Relative Acceleration X" : -0.55190390348434448,
			"Relative Acceleration Y" : -1.3565816879272461,
			"Relative Acceleration Z" : 0.065506376326084137,
			"Relative Velocity X" : -7.2226681709289551,
			"Relative Velocity Y" : -6.246673583984375,
			"Relative Velocity Z" : -0.10058993101119995,
			"Truncated" : 0
		},
		{
			"Absolute Acceleration X" : 0.030712321400642395,
			"Absolute Acceleration Y" : 0.13477502763271332,
			"Absolute Acceleration Z" : -0.0032205749303102493,
			"Absolute Velocity X" : 22.42371940612793,
			"Absolute Velocity Y" : -0.31248030066490173,
			"Absolute Velocity Z" : -0.1615736186504364,
			"ActorName" : "CAR 03",
			"BoundingBox3D Extent X" : 4.2844457626342773,
			"BoundingBox3D Extent Y" : 2.0036630630493164,
			"BoundingBox3D Extent Z" : 1.5117292404174805,
			"BoundingBox3D Orientation Quat W" : 0.9999428391456604,
			"BoundingBox3D Orientation Quat X" : 0.0043683596886694431,
			"BoundingBox3D Orientation Quat Y" : 0.0032088423613458872,
			"BoundingBox3D Orientation Quat Z" : -0.0088643496856093407,
			"BoundingBox3D Origin X" : -22.671403884887695,
			"BoundingBox3D Origin Y" : 0.79462170600891113,
			"BoundingBox3D Origin Z" : 0.83418262004852295,
			"ObjectId" : 3,
			"ObjectType" : "CAR",
			"Occluded" : 0.0,
			"Relative Acceleration X" : 0.35406893491744995,
			"Relative Acceleration Y" : 0.03180345892906189,
			"Relative Acceleration Z" : 0.19898718595504761,
			"Relative Velocity X" : 0.12286859750747681,
			"Relative Velocity Y" : -0.0049822703003883362,
			"Relative Velocity Z" : -0.094275884330272675,
			"Truncated" : 0
		},
		{
			"Absolute Acceleration X" : -0.03512461856007576,
			"Absolute Acceleration Y" : 0.12858037650585175,
			"Absolute Acceleration Z" : -0.1613466888666153,
			"Absolute Velocity X" : -25.050573348999023,
			"Absolute Velocity Y" : 0.074765712022781372,
			"Absolute Velocity Z" : 0.15171591937541962,
			"ActorName" : "TRUCK 04",
			"BoundingBox3D Extent X" : 11.0,
			"BoundingBox3D Extent Y" : 2.6521282196044922,
			"BoundingBox3D Extent Z" : 2.2081174850463867,
			"BoundingBox3D Orientation Quat W" : 0.0055987462401390076,
			"BoundingBox3D Orientation Quat X" : 0.0038082276005297899,
			"BoundingBox3D Orientation Quat Y" : -0.00093917571939527988,
			"BoundingBox3D Orientation Quat Z" : 0.9999728798866272,
			"BoundingBox3D Origin X" : -141.27207946777344,
			"BoundingBox3D Origin Y" : 36.063190460205078,
			"BoundingBox3D Origin Z" : 2.3882596492767334,
			"ObjectId" : 4,
			"ObjectType" : "TRUCK",
			"Occluded" : 0.0,
			"Relative Acceleration X" : 0.31401947140693665,
			"Relative Acceleration Y" : 0.43700191378593445,
			"Relative Acceleration Z" : 0.9518858790397644,
			"Relative Velocity X" : -47.214237213134766,
			"Relative Velocity Y" : 0.91163444519042969,
			"Relative Velocity Z" : -0.10257964581251144,
			"Truncated" : 0
		},
		{
			"Absolute Acceleration X" : -0.025853261351585388,
			"Absolute Acceleration Y" : -0.13053244352340698,
			"Absolute Acceleration Z" : -0.010957671329379082,
			"Absolute Velocity X" : 20.696910858154297,
			"Absolute Velocity Y" : 0.021369853988289833,
			"Absolute Velocity Z" : -0.078892841935157776,
			"ActorName" : "CAR 05",
			"BoundingBox3D Extent X" : 4.0999999046325684,
			"BoundingBox3D Extent Y" : 1.7952501773834229,
			"BoundingBox3D Extent Z" : 0.93272018432617188,
			"BoundingBox3D Orientation Quat W" : 0.99998921155929565,
			"BoundingBox3D Orientation Quat X" : 0.0009084101184271276,
			"BoundingBox3D Orientation Quat Y" : 0.0018200007034465671,
			"BoundingBox3D Orientation Quat Z" : -0.0025090414565056562,
			"BoundingBox3D Origin X" : -110.71839141845703,
			"BoundingBox3D Origin Y" : -2.0875604152679443,
			"BoundingBox3D Origin Z" : 0.97637706995010376,
			"ObjectId" : 5,
			"ObjectType" : "CAR",
			"Occluded" : 0.0,
			"Relative Acceleration X" : 0.30127266049385071,
			"Relative Acceleration Y" : -0.20442767441272736,
			"Relative Acceleration Z" : 0.97217243909835815,
			"Relative Velocity X" : -1.6158872842788696,
			"Relative Velocity Y" : 0.68634086847305298,
			"Relative Velocity Z" : -0.45402592420578003,
			"Truncated" : 0
		},
		{
			"Absolute Acceleration X" : 0.30406460165977478,
			"Absolute Acceleration Y" : -0.01782548800110817,
			"Absolute Acceleration Z" : 0.0016207511071115732,
			"Absolute Velocity X" : 21.577329635620117,
			"Absolute Velocity Y" : -0.24980536103248596,
			"Absolute Velocity Z" : -0.25653883814811707,