{
	"CapturedObjects" : 
	[
		{
			"Absolute Acceleration X" : 0.43688201904296875,
			"Absolute Acceleration Y" : 0.036618731915950775,
			"Absolute Acceleration Z" : 0.081663563847541809,
			"Absolute Velocity X" : 24.574474334716797,
			"Absolute Velocity Y" : -0.12055356800556183,
			"Absolute Velocity Z" : -0.23608028888702393,
			"ActorName" : "TRUCK 00",
			"BoundingBox3D Extent X" : 11.0,
			"BoundingBox3D Extent Y" : 2.844688892364502,
			"BoundingBox3D Extent Z" : 3.1364963054656982,
			"BoundingBox3D Orientation Quat W" : 0.9999316930770874,
			"BoundingBox3D Orientation Quat X" : 0.00074429373489692807,
			"BoundingBox3D Orientation Quat Y" : 0.00367530039511621,
			"BoundingBox3D Orientation Quat Z" : -0.0034330002963542938,
			"BoundingBox3D Origin X" : 15.075153350830078,
			"BoundingBox3D Origin Y" : 11.957830429077148,
			"BoundingBox3D Origin Z" : 1.1641441583633423,
			"ObjectId" : 0,
			"ObjectType" : "TRUCK",
			"Occluded" : 0.0,
			"Relative Acceleration X" : 0.46677494049072266,
			"Relative Acceleration Y" : 0.024318002164363861,
			"Relative Acceleration Z" : -0.0060068666934967041,
			"Relative Velocity X" : 2.4040999412536621,
			"Relative Velocity Y" : 0.08459857851266861,
			"Relative Velocity Z" : -0.034570973366498947,
			"Truncated" : 0
		},
		{
			"Absolute Acceleration X" : 0.57659912109375,
			"Absolute Acceleration Y" : -0.43462187051773071,
			"Absolute Acceleration Z" : 0.044532686471939087,
			"Absolute Velocity X" : 20.88746452331543,
			"Absolute Velocity Y" : 0.25709933042526245,
			"Absolute Velocity Z" : -0.23431675136089325,
			"ActorName" : "CAR 01",
			"BoundingBox3D Extent X" : 4.334075927734375,
			"BoundingBox3D Extent Y" : 2.0256328582763672,
			"BoundingBox3D Extent Z" : 1.5192403793334961,
			"BoundingBox3D Orientation Quat W" : 0.99995750188827515,
			"BoundingBox3D Orientation Quat X" : 0.0032291640527546406,
			"BoundingBox3D Orientation Quat Y" : 0.0058052083477377892,
			"BoundingBox3D Orientation Quat Z" : 0.0061016008257865906,
			"BoundingBox3D Origin X" : -16.560361862182617,
			"BoundingBox3D Origin Y" : 0.021629331633448601,
			"BoundingBox3D Origin Z" : 0.88152366876602173,
			"ObjectId" : 1,
			"ObjectType" : "CAR",
			"Occluded" : 0.0,
			"Relative Acceleration X" : 0.59751319885253906,
			"Relative Acceleration Y" : -0.42209544777870178,
			"Relative Acceleration Z" : -0.043214652687311172,
			"Relative Velocity X" : -1.2873824834823608,
			"Relative Velocity Y" : 0.47363501787185669,
			"Relative Velocity Z" : 0.011960253119468689,
			"Truncated" : 0
		},
		{
			"Absolute Acceleration X" : -0.058536529541015625,
			"Absolute Acceleration Y" : 0.022593215107917786,
			"Absolute Acceleration Z" : 0.079302392899990082,
			"Absolute Velocity X" : 27.523334503173828,
			"Absolute Velocity Y" : -0.24921685457229614,
			"Absolute Velocity Z" : -0.12779156863689423,
			"ActorName" : "TRUCK 02",
			"BoundingBox3D Extent X" : 11.0,
			"BoundingBox3D Extent Y" : 2.6529262065887451,
			"BoundingBox3D Extent Z" : 3.0765602588653564,
			"BoundingBox3D Orientation Quat W" : 0.9999091625213623,
			"BoundingBox3D Orientation Quat X" : 0.0048156874254345894,
			"BoundingBox3D Orientation Quat Y" : 0.0027233893051743507,
			"BoundingBox3D Orientation Quat Z" : -0.0032009535934776068,
			"BoundingBox3D Origin X" : 57.813491821289062,
			"BoundingBox3D Origin Y" : 15.778023719787598,
			"BoundingBox3D Origin Z" : 0.90488380193710327,
			"ObjectId" : 2,
			"ObjectType" : "TRUCK",
			"Occluded" : 0.0,
			"Relative Acceleration X" : -0.0247802734375,
			"Relative Acceleration Y" : -0.025989742949604988,
			"Relative Acceleration Z" : 0.066880360245704651,
			"Relative Velocity X" : 5.3535957336425781,
			"Relative Velocity Y" : -0.057842250913381577,
			"Relative Velocity Z" : -0.0064375284127891064,
			"Truncated" : 0
		},
		{
			"Absolute Acceleration X" : 0.25526046752929688,
			"Absolute Acceleration Y" : -0.022065907716751099,
			"Absolute Acceleration Z" : 0.038460731506347656,
			"Absolute Velocity X" : 22.509706497192383,
			"Absolute Velocity Y" : -0.24377080798149109,
			"Absolute Velocity Z" : -0.14805786311626434,
			"ActorName" : "CAR 04",
			"BoundingBox3D Extent X" : 4.1162319183349609,
			"BoundingBox3D Extent Y" : 1.7154102325439453,
			"BoundingBox3D Extent Z" : 1.4888672828674316,
			"BoundingBox3D Orientation Quat W" : 0.99997627735137939,
			"BoundingBox3D Orientation Quat X" : 0.0017031056340783834,
			"BoundingBox3D Orientation Quat Y" : 0.0025714926887303591,
			"BoundingBox3D Orientation Quat Z" : -0.0058022662997245789,
			"BoundingBox3D Origin X" : 37.7491455078125,
			"BoundingBox3D Origin Y" : -0.03545287624001503,
			"BoundingBox3D Origin Z" : 0.43184274435043335,
			"ObjectId" : 4,
			"ObjectType" : "CAR",
			"Occluded" : 0.0,
			"Relative Acceleration X" : 0.27737432718276978,
			"Relative Acceleration Y" : -0.056069735437631607,
			"Relative Acceleration Z" : 0.081672541797161102,
			"Relative Velocity X" : 0.3338661789894104,
			"Relative Velocity Y" : -0.044522892683744431,
			"Relative Velocity Z" : -0.010140685364603996,
			"Truncated" : 0
		},
		{
			"Absolute Acceleration X" : 0.12715084850788116,
			"Absolute Acceleration Y" : -0.027552381157875061,
			"Absolute Acceleration Z" : 0.0098643070086836815,
			"Absolute Velocity X" : 18.772283554077148,
			"Absolute Velocity Y" : -0.3710324764251709,
			"Absolute Velocity Z" : -0.027135353535413742,
			"ActorName" : "CAR 08",
			"BoundingBox3D Extent X" : 4.0999999046325684,
			"BoundingBox3D Extent Y" : 2.0236392021179199,
			"BoundingBox3D Extent Z" : 1.6888999938964844,
			"BoundingBox3D Orientation Quat W" : -0.99991130828857422,
			"BoundingBox3D Orientation Quat X" : -0.0072133014909923077,
			"BoundingBox3D Orientation Quat Y" : 0.00011881747923325747,
			"BoundingBox3D Orientation Quat Z" : 0.011017616838216782,
			"BoundingBox3D Origin X" : 187.54795837402344,
			"BoundingBox3D Origin Y" : -1.9860408306121826,
			"BoundingBox3D Origin Z" : 0.14760066568851471,
			"ObjectId" : 8,
			"ObjectType" : "CAR",
			"Occluded" : 0.0,
			"Relative Acceleration X" : 0.13576923310756683,
			"Relative Acceleration Y" : -0.47647058963775635,
			"Relative Acceleration Z" : -0.079452291131019592,
			"Relative Velocity X" : -3.4081659317016602,
			"Relative Velocity Y" : -0.28572657704353333,
			"Relative Velocity Z" : 0.036255065351724625,
			"Truncated" : 0
		},
		{
			"Absolute Acceleration X" : -0.25569534301757812,
			"Absolute Acceleration Y" : -0.038771212100982666,
			"Absolute Acceleration Z" : 0.010414586402475834,
			"Absolute Velocity X" : 22.049524307250977,
			"Absolute Velocity Y" : -0.28755307197570801,
			"Absolute Velocity Z" : -0.021119436249136925,
			"ActorName" : "CAR 09",
			"BoundingBox3D Extent X" : 4.0999999046325684,
			"BoundingBox3D Extent Y" : 1.824843168258667,
			"BoundingBox3D Extent Z" : 1.7381894588470459,
			"BoundingBox3D Orientation Quat W" : 0.99997299909591675,
			"BoundingBox3D Orientation Quat X" : 0.0011669889790937304,
			"BoundingBox3D Orientation Quat Y" : 0.00079276110045611858,
			"BoundingBox3D Orientation Quat Z" : -0.0067443470470607281,
			"BoundingBox3D Origin X" : 178.28326416015625,
			"BoundingBox3D Origin Y" : -4.7534012794494629,
			"BoundingBox3D Origin Z" : 0.15946829319000244,
			"ObjectId" : 9,
			"ObjectType" : "CAR",
			"Occluded" : 0.0,
			"Relative Acceleration X" : -0.23735529184341431,
			"Relative Acceleration Y" : -0.1881241500377655,
			"Relative Acceleration Z" : 0.44581231474876404,
			"Relative Velocity X" : -0.12833628058433533,
			"Relative Velocity Y" : -0.13404758274555206,
			"Relative Velocity Z" : -0.17749704420566559,
			"Truncated" : 0
		},
		{
			"Absolute Acceleration X" : 0.21135102212429047,
			"Absolute Acceleration Y" : 0.11213820427656174,
			"Absolute Acceleration Z" : 0.054257828742265701,
			"Absolute Velocity X" : 25.738639831542969,
			"Absolute Velocity Y" : 0.24819305539131165,
			"Absolute Velocity Z" : -0.30393791198730469,