{
	"CapturedObjects" : 
	[
		{
			"Absolute Acceleration X" : 0.066104888916015625,
			"Absolute Acceleration Y" : -0.1465836763381958,
			"Absolute Acceleration Z" : 0.0078808218240737915,
			"Absolute Velocity X" : 21.960771560668945,
			"Absolute Velocity Y" : -0.70442575216293335,
			"Absolute Velocity Z" : -0.1842067539691925,
			"ActorName" : "TRUCK 00",
			"BoundingBox3D Extent X" : 10.260261535644531,
			"BoundingBox3D Extent Y" : 3.0,
			"BoundingBox3D Extent Z" : 3.1876621246337891,
			"BoundingBox3D Orientation Quat W" : -0.99936151504516602,
			"BoundingBox3D Orientation Quat X" : 0.0022253370843827724,
			"BoundingBox3D Orientation Quat Y" : -0.005303496029227972,
			"BoundingBox3D Orientation Quat Z" : 0.015482512302696705,
			"BoundingBox3D Origin X" : 8.3323135375976562,
			"BoundingBox3D Origin Y" : 15.155267715454102,
			"BoundingBox3D Origin Z" : 0.99577915668487549,
			"ObjectId" : 0,
			"ObjectType" : "TRUCK",
			"Occluded" : 0.0,
			"Relative Acceleration X" : -0.16730868816375732,
			"Relative Acceleration Y" : -0.11820584535598755,
			"Relative Acceleration Z" : 0.23347310721874237,
			"Relative Velocity X" : 0.19498321413993835,
			"Relative Velocity Y" : -0.48674368858337402,
			"Relative Velocity Z" : 0.1682603508234024,
			"Truncated" : 0
		},
		{
			"Absolute Acceleration X" : -0.012426376342773438,
			"Absolute Acceleration Y" : 0.044923827052116394,
			"Absolute Acceleration Z" : 0.039792254567146301,
			"Absolute Velocity X" : 22.369516372680664,
			"Absolute Velocity Y" : -0.25642198324203491,
			"Absolute Velocity Z" : -0.17111703753471375,
			"ActorName" : "CAR 07",
			"BoundingBox3D Extent X" : 4.1180672645568848,
			"BoundingBox3D Extent Y" : 1.7735271453857422,
			"BoundingBox3D Extent Z" : 1.5152808427810669,
			"BoundingBox3D Orientation Quat W" : 0.99997276067733765,
			"BoundingBox3D Orientation Quat X" : -0.0069396644830703735,
			"BoundingBox3D Orientation Quat Y" : 0.0032399115152657032,
			"BoundingBox3D Orientation Quat Z" : -0.00088187959045171738,
			"BoundingBox3D Origin X" : 36.50933837890625,
			"BoundingBox3D Origin Y" : -0.39021268486976624,
			"BoundingBox3D Origin Z" : 0.37376412749290466,
			"ObjectId" : 7,
			"ObjectType" : "CAR",
			"Occluded" : 0.0,
			"Relative Acceleration X" : -0.22767674922943115,
			"Relative Acceleration Y" : 0.12012429535388947,
			"Relative Acceleration Z" : 0.078297697007656097,
			"Relative Velocity X" : 0.63165682554244995,
			"Relative Velocity Y" : 0.016370894387364388,
			"Relative Velocity Z" : 0.078310810029506683,
			"Truncated" : 0
		},
		{
			"Absolute Acceleration X" : -0.61051368713378906,
			"Absolute Acceleration Y" : 0.063361138105392456,
			"Absolute Acceleration Z" : -0.053178571164608002,
			"Absolute Velocity X" : 20.832408905029297,
			"Absolute Velocity Y" : -0.29056501388549805,
			"Absolute Velocity Z" : -0.0926651731133461,
			"ActorName" : "CAR 08",
			"BoundingBox3D Extent X" : 4.0999999046325684,
			"BoundingBox3D Extent Y" : 1.7456932067871094,
			"BoundingBox3D Extent Z" : 1.6392486095428467,
			"BoundingBox3D Orientation Quat W" : -0.99995750188827515,
			"BoundingBox3D Orientation Quat X" : 0.0054221092723309994,
			"BoundingBox3D Orientation Quat Y" : -0.0023472870234400034,
			"BoundingBox3D Orientation Quat Z" : 0.006395112257450819,
			"BoundingBox3D Origin X" : 81.271217346191406,
			"BoundingBox3D Origin Y" : -4.1074995994567871,
			"BoundingBox3D Origin Z" : 0.26658481359481812,
			"ObjectId" : 8,
			"ObjectType" : "CAR",
			"Occluded" : 0.0,
			"Relative Acceleration X" : -0.82079839706420898,
			"Relative Acceleration Y" : 0.1910548210144043,
			"Relative Acceleration Z" : -0.0022660493850708008,
			"Relative Velocity X" : -0.89879727363586426,
			"Relative Velocity Y" : 0.061988659203052521,
			"Relative Velocity Z" : 0.16149966418743134,
			"Truncated" : 0
		},
		{
			"Absolute Acceleration X" : -0.0839080810546875,
			"Absolute Acceleration Y" : -0.1587451696395874,
			"Absolute Acceleration Z" : 0.036099955439567566,
			"Absolute Velocity X" : 18.075002670288086,
			"Absolute Velocity Y" : -0.22319304943084717,
			"Absolute Velocity Z" : -0.1723407655954361,
			"ActorName" : "CAR 25",
			"BoundingBox3D Extent X" : 4.0336437225341797,
			"BoundingBox3D Extent Y" : 1.8999999761581421,
			"BoundingBox3D Extent Z" : 1.5767166614532471,
			"BoundingBox3D Orientation Quat W" : 0.99995952844619751,
			"BoundingBox3D Orientation Quat X" : -0.0064671658910810947,
			"BoundingBox3D Orientation Quat Y" : 0.004863132257014513,
			"BoundingBox3D Orientation Quat Z" : -0.0024883602745831013,
			"BoundingBox3D Origin X" : 5.3165483474731445,
			"BoundingBox3D Origin Y" : -3.2415223121643066,
			"BoundingBox3D Origin Z" : 0.70446741580963135,
			"ObjectId" : 25,
			"ObjectType" : "CAR",
			"Occluded" : 0.0,
			"Relative Acceleration X" : -0.29588150978088379,
			"Relative Acceleration Y" : -0.14094339311122894,
			"Relative Acceleration Z" : 0.0071129398420453072,
			"Relative Velocity X" : -3.6579756736755371,
			"Relative Velocity Y" : -0.0096322512254118919,
			"Relative Velocity Z" : 0.02702692523598671,
			"Truncated" : 0
		},
		{
			"Absolute Acceleration X" : 0.6022491455078125,
			"Absolute Acceleration Y" : 0.059785723686218262,
			"Absolute Acceleration Z" : -0.059714064002037048,
			"Absolute Velocity X" : 25.116939544677734,
			"Absolute Velocity Y" : -0.33556729555130005,
			"Absolute Velocity Z" : -0.24652598798274994,
			"ActorName" : "TRUCK 27",
			"BoundingBox3D Extent X" : 11.0,
			"BoundingBox3D Extent Y" : 0.68703895807266235,
			"BoundingBox3D Extent Z" : 2.9096806049346924,
			"BoundingBox3D Orientation Quat W" : -0.99985480308532715,
			"BoundingBox3D Orientation Quat X" : -0.0034332044888287783,
			"BoundingBox3D Orientation Quat Y" : -0.0053917323239147663,
			"BoundingBox3D Orientation Quat Z" : 0.0071644000709056854,
			"BoundingBox3D Origin X" : -59.978870391845703,
			"BoundingBox3D Origin Y" : 15.296633720397949,
			"BoundingBox3D Origin Z" : 1.5338424444198608,
			"ObjectId" : 27,
			"ObjectType" : "TRUCK",
			"Occluded" : 0.0,
			"Relative Acceleration X" : 0.36722207069396973,
			"Relative Acceleration Y" : 0.0043545365333557129,
			"Relative Acceleration Z" : 0.066674977540969849,
			"Relative Velocity X" : 3.3503949642181396,
			"Relative Velocity Y" : -0.24200344085693359,
			"Relative Velocity Z" : 0.054757669568061829,
			"Truncated" : 0
		},
		{
			"Absolute Acceleration X" : -0.044528055936098099,
			"Absolute Acceleration Y" : 0.067180268466472626,
			"Absolute Acceleration Z" : 0.0037314982619136572,
			"Absolute Velocity X" : -0.056094199419021606,
			"Absolute Velocity Y" : 0.068777903914451599,
			"Absolute Velocity Z" : 0.0032432531006634235,
			"ActorName" : "TRUCK 29",
			"BoundingBox3D Extent X" : 11.0,
			"BoundingBox3D Extent Y" : 0.90217769145965576,
			"BoundingBox3D Extent Z" : 1.2031887769699097,
			"BoundingBox3D Orientation Quat W" : 0.99948692321777344,
			"BoundingBox3D Orientation Quat X" : 0.023459095507860184,
			"BoundingBox3D Orientation Quat Y" : 0.004728355910629034,
			"BoundingBox3D Orientation Quat Z" : -0.012641002424061298,
			"BoundingBox3D Origin X" : -140.80522155761719,
			"BoundingBox3D Origin Y" : 13.00361156463623,
			"BoundingBox3D Origin Z" : 1.6921576261520386,
			"ObjectId" : 29,
			"ObjectType" : "TRUCK",
			"Occluded" : 0.0,
			"Relative Acceleration X" : -0.26291054487228394,
			"Relative Acceleration Y" : -0.18381097912788391,
			"Relative Acceleration Z" : -0.15568158030509949,
			"Relative Velocity X" : -21.81890869140625,
			"Relative Velocity Y" : 0.0097665982320904732,
			"Relative Velocity Z" : 0.21157677471637726,
			"Truncated" : 0
		},
		{
			"Absolute Acceleration X" : -0.0023059844970703125,
			"Absolute Acceleration Y" : -0.35016584396362305,
			"Absolute Acceleration Z" : 0.02595674991607666,
			"Absolute Velocity X" : 30.623863220214844,
			"Absolute Velocity Y" : -0.66405200958251953,
			"Absolute Velocity Z" : -0.27949461340904236,