{
	"CapturedObjects" : 
	[
		{
			"Absolute Acceleration X" : 0.71906089782714844,
			"Absolute Acceleration Y" : -2.2035915851593018,
			"Absolute Acceleration Z" : 0.1279333084821701,
			"Absolute Velocity X" : 11.239752769470215,
			"Absolute Velocity Y" : 3.371990442276001,
			"Absolute Velocity Z" : -0.22613714635372162,
			"ActorName" : "CAR 00",
			"BoundingBox3D Extent X" : 4.3430695533752441,
			"BoundingBox3D Extent Y" : 2.040806770324707,
			"BoundingBox3D Extent Z" : 1.5222905874252319,
			"BoundingBox3D Orientation Quat W" : 0.98996877670288086,
			"BoundingBox3D Orientation Quat X" : 0.0073927566409111023,
			"BoundingBox3D Orientation Quat Y" : 0.010588860139250755,
			"BoundingBox3D Orientation Quat Z" : 0.14056512713432312,
			"BoundingBox3D Origin X" : -20.478021621704102,
			"BoundingBox3D Origin Y" : -1.7850509881973267,
			"BoundingBox3D Origin Z" : 1.0154942274093628,
			"ObjectId" : 0,
			"ObjectType" : "CAR",
			"Occluded" : 0.0,
			"Relative Acceleration X" : -0.24138003587722778,
			"Relative Acceleration Y" : -0.2227323055267334,
			"Relative Acceleration Z" : 0.34329250454902649,
			"Relative Velocity X" : -0.9355660080909729,
			"Relative Velocity Y" : -1.5790748596191406,
			"Relative Velocity Z" : 0.17936836183071136,
			"Truncated" : 0
		},
		{
			"Absolute Acceleration X" : -2.6907901763916016,
			"Absolute Acceleration Y" : -1.9473447799682617,
			"Absolute Acceleration Z" : 0.001588776707649231,
			"Absolute Velocity X" : 8.7437772750854492,
			"Absolute Velocity Y" : -11.193580627441406,
			"Absolute Velocity Z" : 0.28090265393257141,
			"ActorName" : "CAR 13",
			"BoundingBox3D Extent X" : 4.2246856689453125,
			"BoundingBox3D Extent Y" : 1.7600514888763428,
			"BoundingBox3D Extent Z" : 1.5527822971343994,
			"BoundingBox3D Orientation Quat W" : -0.8990328311920166,
			"BoundingBox3D Orientation Quat X" : -0.024727163836359978,
			"BoundingBox3D Orientation Quat Y" : 0.022531082853674889,
			"BoundingBox3D Orientation Quat Z" : 0.43654996156692505,
			"BoundingBox3D Origin X" : 42.891738891601562,
			"BoundingBox3D Origin Y" : -23.488901138305664,
			"BoundingBox3D Origin Z" : 1.2190594673156738,
			"ObjectId" : 13,
			"ObjectType" : "CAR",
			"Occluded" : 0.0,
			"Relative Acceleration X" : 0.12240755558013916,
			"Relative Acceleration Y" : 1.5950711965560913,
			"Relative Acceleration Z" : -0.49798482656478882,
			"Relative Velocity X" : 1.8092546463012695,
			"Relative Velocity Y" : -0.88256222009658813,
			"Relative Velocity Z" : -0.12645821273326874,
			"Truncated" : 0
		},
		{
			"Absolute Acceleration X" : 1.6488981246948242,
			"Absolute Acceleration Y" : -1.2002439498901367,
			"Absolute Acceleration Z" : 0.068610012531280518,
			"Absolute Velocity X" : 7.3889312744140625,
			"Absolute Velocity Y" : 9.3132944107055664,
			"Absolute Velocity Z" : -0.69850558042526245,
			"ActorName" : "CAR 27",
			"BoundingBox3D Extent X" : 4.2054839134216309,
			"BoundingBox3D Extent Y" : 1.5256390571594238,
			"BoundingBox3D Extent Z" : 0.84883880615234375,
			"BoundingBox3D Orientation Quat W" : 0.90308272838592529,
			"BoundingBox3D Orientation Quat X" : -0.012531553395092487,
			"BoundingBox3D Orientation Quat Y" : 0.025396272540092468,
			"BoundingBox3D Orientation Quat Z" : 0.42845195531845093,
			"BoundingBox3D Origin X" : -52.176090240478516,
			"BoundingBox3D Origin Y" : -22.746955871582031,
			"BoundingBox3D Origin Z" : 2.1978933811187744,
			"ObjectId" : 27,
			"ObjectType" : "CAR",
			"Occluded" : 0.0,
			"Relative Acceleration X" : 0.32776665687561035,
			"Relative Acceleration Y" : -0.77016186714172363,
			"Relative Acceleration Z" : 1.0630898475646973,
			"Relative Velocity X" : 0.27898675203323364,
			"Relative Velocity Y" : -3.2971806526184082,
			"Relative Velocity Z" : 0.17075426876544952,
			"Truncated" : 0
		}
	],
	"FrameId" : 19394,
	"Timestamp" : 1676040124582064224,
	"TimestampMiddle" : 1676040124565064224
}