{
	"CapturedObjects" : 
	[
		{
			"Absolute Acceleration X" : -0.28140640258789062,
			"Absolute Acceleration Y" : -0.053985714912414551,
			"Absolute Acceleration Z" : -0.022044658660888672,
			"Absolute Velocity X" : 18.354740142822266,
			"Absolute Velocity Y" : 0.4926522970199585,
			"Absolute Velocity Z" : -0.1415303647518158,
			"ActorName" : "CAR 03",
			"BoundingBox3D Extent X" : 4.2844457626342773,
			"BoundingBox3D Extent Y" : 2.0036630630493164,
			"BoundingBox3D Extent Z" : 1.5117292404174805,
			"BoundingBox3D Orientation Quat W" : 0.99979543685913086,
			"BoundingBox3D Orientation Quat X" : 0.010627727955579758,
			"BoundingBox3D Orientation Quat Y" : 0.0030747989658266306,
			"BoundingBox3D Orientation Quat Z" : 0.016601162031292915,
			"BoundingBox3D Origin X" : -16.742403030395508,
			"BoundingBox3D Origin Y" : 0.079933926463127136,
			"BoundingBox3D Origin Z" : 0.77889490127563477,
			"ObjectId" : 3,
			"ObjectType" : "CAR",
			"Occluded" : 0.0,
			"Relative Acceleration X" : 0.18782639503479004,
			"Relative Acceleration Y" : 0.78132331371307373,
			"Relative Acceleration Z" : -0.069031983613967896,
			"Relative Velocity X" : 0.58871102333068848,
			"Relative Velocity Y" : -0.077488243579864502,
			"Relative Velocity Z" : 0.087806805968284607,
			"Truncated" : 0
		},
		{
			"Absolute Acceleration X" : 0.45005416870117188,
			"Absolute Acceleration Y" : 0.24652057886123657,
			"Absolute Acceleration Z" : -0.013577565550804138,
			"Absolute Velocity X" : 19.193706512451172,
			"Absolute Velocity Y" : -0.33613353967666626,
			"Absolute Velocity Z" : -0.14018352329730988,
			"ActorName" : "CAR 07",
			"BoundingBox3D Extent X" : 4.1126194000244141,
			"BoundingBox3D Extent Y" : 1.693389892578125,
			"BoundingBox3D Extent Z" : 1.4968762397766113,
			"BoundingBox3D Orientation Quat W" : -0.99985706806182861,
			"BoundingBox3D Orientation Quat X" : -0.015578123740851879,
			"BoundingBox3D Orientation Quat Y" : -0.0035089293960481882,
			"BoundingBox3D Orientation Quat Z" : 0.00400529894977808,
			"BoundingBox3D Origin X" : 34.819992065429688,
			"BoundingBox3D Origin Y" : -0.79401117563247681,
			"BoundingBox3D Origin Z" : 0.48800969123840332,
			"ObjectId" : 7,
			"ObjectType" : "CAR",
			"Occluded" : 0.0,
			"Relative Acceleration X" : 0.90851634740829468,
			"Relative Acceleration Y" : 0.91022825241088867,
			"Relative Acceleration Z" : 0.010318420827388763,
			"Relative Velocity X" : 1.4577329158782959,
			"Relative Velocity Y" : 1.2473810911178589,
			"Relative Velocity Z" : -0.40311124920845032,
			"Truncated" : 0
		},
		{
			"Absolute Acceleration X" : 0.77252388000488281,
			"Absolute Acceleration Y" : -0.25469529628753662,
			"Absolute Acceleration Z" : -0.033771127462387085,
			"Absolute Velocity X" : 19.937664031982422,
			"Absolute Velocity Y" : 1.4588326215744019,
			"Absolute Velocity Z" : -0.2094961553812027,
			"ActorName" : "CAR 21",
			"BoundingBox3D Extent X" : 4.1060667037963867,
			"BoundingBox3D Extent Y" : 1.8591775894165039,
			"BoundingBox3D Extent Z" : 1.6200253963470459,
			"BoundingBox3D Orientation Quat W" : 0.99947673082351685,
			"BoundingBox3D Orientation Quat X" : -0.0021304746624082327,
			"BoundingBox3D Orientation Quat Y" : 0.005033410619944334,
			"BoundingBox3D Orientation Quat Z" : 0.031361807137727737,
			"BoundingBox3D Origin X" : 58.125568389892578,
			"BoundingBox3D Origin Y" : 1.3580272197723389,
			"BoundingBox3D Origin Z" : 0.37086823582649231,
			"ObjectId" : 21,
			"ObjectType" : "CAR",
			"Occluded" : 0.0,
			"Relative Acceleration X" : 1.0825883150100708,
			"Relative Acceleration Y" : 0.35400390625,
			"Relative Acceleration Z" : -0.003569185733795166,
			"Relative Velocity X" : 2.1133809089660645,
			"Relative Velocity Y" : 4.0155940055847168,
			"Relative Velocity Z" : -0.69989597797393799,
			"Truncated" : 0
		},
		{
			"Absolute Acceleration X" : 0.075244903564453125,
			"Absolute Acceleration Y" : -0.62819302082061768,
			"Absolute Acceleration Z" : -0.23782283067703247,
			"Absolute Velocity X" : 22.909996032714844,
			"Absolute Velocity Y" : 0.6249697208404541,
			"Absolute Velocity Z" : -0.43017208576202393,
			"ActorName" : "CAR 22",
			"BoundingBox3D Extent X" : 5.1646766662597656,
			"BoundingBox3D Extent Y" : 3.4275400638580322,
			"BoundingBox3D Extent Z" : 3.260582447052002,
			"BoundingBox3D Orientation Quat W" : 0.999675452709198,
			"BoundingBox3D Orientation Quat X" : 0.0051026470027863979,
			"BoundingBox3D Orientation Quat Y" : 0.010845470242202282,
			"BoundingBox3D Orientation Quat Z" : 0.016288917511701584,
			"BoundingBox3D Origin X" : 117.15985870361328,
			"BoundingBox3D Origin Y" : 17.293474197387695,
			"BoundingBox3D Origin Z" : 1.2243491411209106,
			"ObjectId" : 22,
			"ObjectType" : "CAR",
			"Occluded" : 0.0,
			"Relative Acceleration X" : 0.43393373489379883,
			"Relative Acceleration Y" : -0.077189445495605469,
			"Relative Acceleration Z" : -0.20783492922782898,
			"Relative Velocity X" : 4.4329438209533691,
			"Relative Velocity Y" : 5.6409058570861816,
			"Relative Velocity Z" : -1.5229976177215576,
			"Truncated" : 0
		},
		{
			"Absolute Acceleration X" : 0.315185546875,
			"Absolute Acceleration Y" : -0.10087549686431885,
			"Absolute Acceleration Z" : -0.093385607004165649,
			"Absolute Velocity X" : 25.68889045715332,
			"Absolute Velocity Y" : 0.6037558913230896,
			"Absolute Velocity Z" : -0.30205532908439636,
			"ActorName" : "TRUCK 26",
			"BoundingBox3D Extent X" : 11.0,
			"BoundingBox3D Extent Y" : 3.2488958835601807,
			"BoundingBox3D Extent Z" : 4.1303305625915527,
			"BoundingBox3D Orientation Quat W" : 0.99987083673477173,
			"BoundingBox3D Orientation Quat X" : 0.0035698800347745419,
			"BoundingBox3D Orientation Quat Y" : 0.0028060167096555233,
			"BoundingBox3D Orientation Quat Z" : 0.014941905625164509,
			"BoundingBox3D Origin X" : 107.30011749267578,
			"BoundingBox3D Origin Y" : 20.214004516601562,
			"BoundingBox3D Origin Z" : 1.5718097686767578,
			"ObjectId" : 26,
			"ObjectType" : "TRUCK",
			"Occluded" : 0.0,
			"Relative Acceleration X" : 0.69293832778930664,
			"Relative Acceleration Y" : 0.69073486328125,
			"Relative Acceleration Z" : -0.097091913223266602,
			"Relative Velocity X" : 7.0851626396179199,
			"Relative Velocity Y" : 5.2079415321350098,
			"Relative Velocity Z" : -1.3229751586914062,
			"Truncated" : 0
		},
		{
			"Absolute Acceleration X" : -0.074686348438262939,
			"Absolute Acceleration Y" : 0.44640526175498962,
			"Absolute Acceleration Z" : 0.17132693529129028,
			"Absolute Velocity X" : 22.635513305664062,
			"Absolute Velocity Y" : 2.1806614398956299,
			"Absolute Velocity Z" : -0.18041639029979706,
			"ActorName" : "CAR 31",
			"BoundingBox3D Extent X" : 4.7157979011535645,
			"BoundingBox3D Extent Y" : 2.1586079597473145,
			"BoundingBox3D Extent Z" : 1.0198309421539307,
			"BoundingBox3D Orientation Quat W" : 0.99876827001571655,
			"BoundingBox3D Orientation Quat X" : 0.0046477778814733028,
			"BoundingBox3D Orientation Quat Y" : 0.0039258268661797047,
			"BoundingBox3D Orientation Quat Z" : 0.048498913645744324,
			"BoundingBox3D Origin X" : 126.98359680175781,
			"BoundingBox3D Origin Y" : 18.14091682434082,
			"BoundingBox3D Origin Z" : 2.2268774509429932,
			"ObjectId" : 31,
			"ObjectType" : "CAR",
			"Occluded" : 0.0,
			"Relative Acceleration X" : -0.16344822943210602,
			"Relative Acceleration Y" : 3.8876805305480957,
			"Relative Acceleration Z" : 1.8455458879470825,
			"Relative Velocity X" : 4.0682144165039062,
			"Relative Velocity Y" : 7.5155935287475586,
			"Relative Velocity Z" : 0.092824481427669525,
			"Truncated" : 0
		},
		{
			"Absolute Acceleration X" : 0.37928935885429382,
			"Absolute Acceleration Y" : 0.24405857920646667,
			"Absolute Acceleration Z" : -0.0011872899485751987,
			"Absolute Velocity X" : 18.940467834472656,
			"Absolute Velocity Y" : 0.98227107524871826,
			"Absolute Velocity Z" : -0.2465670257806778,
			"ActorName" : "CAR 35",