{
	"CapturedObjects" : 
	[
		{
			"Absolute Acceleration X" : 0.67349815368652344,
			"Absolute Acceleration Y" : 0.12574207782745361,
			"Absolute Acceleration Z" : -0.0069845318794250488,
			"Absolute Velocity X" : 30.638278961181641,
			"Absolute Velocity Y" : -0.36095592379570007,
			"Absolute Velocity Z" : -0.33950966596603394,
			"ActorName" : "CAR 00",
			"BoundingBox3D Extent X" : 4.8987493515014648,
			"BoundingBox3D Extent Y" : 2.3346810340881348,
			"BoundingBox3D Extent Z" : 1.7911391258239746,
			"BoundingBox3D Orientation Quat W" : 0.99994796514511108,
			"BoundingBox3D Orientation Quat X" : -0.0017606751061975956,
			"BoundingBox3D Orientation Quat Y" : 0.0068396576680243015,
			"BoundingBox3D Orientation Quat Z" : -0.0069793118163943291,
			"BoundingBox3D Origin X" : 3.9504101276397705,
			"BoundingBox3D Origin Y" : 3.6936511993408203,
			"BoundingBox3D Origin Z" : 0.82113844156265259,
			"ObjectId" : 0,
			"ObjectType" : "CAR",
			"Occluded" : 0.0,
			"Relative Acceleration X" : 0.77211308479309082,
			"Relative Acceleration Y" : 0.17437475919723511,
			"Relative Acceleration Z" : -0.0092652030289173126,
			"Relative Velocity X" : 3.7958216667175293,
			"Relative Velocity Y" : -0.12445782870054245,
			"Relative Velocity Z" : -0.041455626487731934,
			"Truncated" : 0
		},
		{
			"Absolute Acceleration X" : -0.074604034423828125,
			"Absolute Acceleration Y" : 0.18527878820896149,
			"Absolute Acceleration Z" : 0.042121827602386475,
			"Absolute Velocity X" : 29.265897750854492,
			"Absolute Velocity Y" : -0.16867831349372864,
			"Absolute Velocity Z" : -0.34084790945053101,
			"ActorName" : "CAR 01",
			"BoundingBox3D Extent X" : 4.692725658416748,
			"BoundingBox3D Extent Y" : 2.1507890224456787,
			"BoundingBox3D Extent Z" : 1.6784391403198242,
			"BoundingBox3D Orientation Quat W" : 0.99996203184127808,
			"BoundingBox3D Orientation Quat X" : -0.0017299884930253029,
			"BoundingBox3D Orientation Quat Y" : 0.0066999462433159351,
			"BoundingBox3D Orientation Quat Z" : -0.0040574707090854645,
			"BoundingBox3D Origin X" : -13.775519371032715,
			"BoundingBox3D Origin Y" : 3.5661487579345703,
			"BoundingBox3D Origin Z" : 0.94083929061889648,
			"ObjectId" : 1,
			"ObjectType" : "CAR",
			"Occluded" : 0.0,
			"Relative Acceleration X" : 0.024435997009277344,
			"Relative Acceleration Y" : 0.088841162621974945,
			"Relative Acceleration Z" : -0.11750774830579758,
			"Relative Velocity X" : 2.4235765933990479,
			"Relative Velocity Y" : 0.014389750547707081,
			"Relative Velocity Z" : -0.076957464218139648,
			"Truncated" : 0
		},
		{
			"Absolute Acceleration X" : -0.29874038696289062,
			"Absolute Acceleration Y" : 0.032394867390394211,
			"Absolute Acceleration Z" : -0.036197900772094727,
			"Absolute Velocity X" : 27.004636764526367,
			"Absolute Velocity Y" : -0.034817967563867569,
			"Absolute Velocity Z" : -0.31772392988204956,
			"ActorName" : "CAR 02",
			"BoundingBox3D Extent X" : 4.0999999046325684,
			"BoundingBox3D Extent Y" : 1.5961635112762451,
			"BoundingBox3D Extent Z" : 1.4873834848403931,
			"BoundingBox3D Orientation Quat W" : 0.99995315074920654,
			"BoundingBox3D Orientation Quat X" : 0.0014681004686281085,
			"BoundingBox3D Orientation Quat Y" : 0.0060773212462663651,
			"BoundingBox3D Orientation Quat Z" : -0.0066864616237580776,
			"BoundingBox3D Origin X" : 45.057262420654297,
			"BoundingBox3D Origin Y" : -0.22863322496414185,
			"BoundingBox3D Origin Z" : 0.21346662938594818,
			"ObjectId" : 2,
			"ObjectType" : "CAR",
			"Occluded" : 0.0,
			"Relative Acceleration X" : -0.16368022561073303,
			"Relative Acceleration Y" : 0.41377884149551392,
			"Relative Acceleration Z" : 0.31731006503105164,
			"Relative Velocity X" : 0.17469103634357452,
			"Relative Velocity Y" : 0.32430392503738403,
			"Relative Velocity Z" : 0.035233486443758011,
			"Truncated" : 0
		},
		{
			"Absolute Acceleration X" : 0.07415008544921875,
			"Absolute Acceleration Y" : 0.10720324516296387,
			"Absolute Acceleration Z" : -0.031061470508575439,
			"Absolute Velocity X" : 29.683290481567383,
			"Absolute Velocity Y" : -0.9668656587600708,
			"Absolute Velocity Z" : -0.32594022154808044,
			"ActorName" : "CAR 03",
			"BoundingBox3D Extent X" : 4.3168878555297852,
			"BoundingBox3D Extent Y" : 2.1278455257415771,
			"BoundingBox3D Extent Z" : 1.6856460571289062,
			"BoundingBox3D Orientation Quat W" : -0.9998820424079895,
			"BoundingBox3D Orientation Quat X" : -0.0014134815428406,
			"BoundingBox3D Orientation Quat Y" : -0.0059519996866583824,
			"BoundingBox3D Orientation Quat Z" : 0.014006718061864376,
			"BoundingBox3D Origin X" : -38.495731353759766,
			"BoundingBox3D Origin Y" : 1.7531170845031738,
			"BoundingBox3D Origin Z" : 1.2048521041870117,
			"ObjectId" : 3,
			"ObjectType" : "CAR",
			"Occluded" : 0.0,
			"Relative Acceleration X" : 0.18622827529907227,
			"Relative Acceleration Y" : -0.1892809271812439,
			"Relative Acceleration Z" : -0.39527338743209839,
			"Relative Velocity X" : 2.8461177349090576,
			"Relative Velocity Y" : -0.85762560367584229,
			"Relative Velocity Z" : -0.10869953781366348,
			"Truncated" : 0
		},
		{
			"Absolute Acceleration X" : 0.094234466552734375,
			"Absolute Acceleration Y" : 0.01534096896648407,
			"Absolute Acceleration Z" : -0.13645899295806885,
			"Absolute Velocity X" : 34.834449768066406,
			"Absolute Velocity Y" : -0.1519264280796051,
			"Absolute Velocity Z" : -0.6003679633140564,
			"ActorName" : "CAR 04",
			"BoundingBox3D Extent X" : 4.0999999046325684,
			"BoundingBox3D Extent Y" : 1.8915352821350098,
			"BoundingBox3D Extent Z" : 1.5626697540283203,
			"BoundingBox3D Orientation Quat W" : 0.99994760751724243,
			"BoundingBox3D Orientation Quat X" : -0.0032493860926479101,
			"BoundingBox3D Orientation Quat Y" : 0.0092294644564390182,
			"BoundingBox3D Orientation Quat Z" : -0.0017825087998062372,
			"BoundingBox3D Origin X" : 95.760459899902344,
			"BoundingBox3D Origin Y" : 3.0023193359375,
			"BoundingBox3D Origin Z" : -0.48314669728279114,
			"ObjectId" : 4,
			"ObjectType" : "CAR",
			"Occluded" : 0.0,
			"Relative Acceleration X" : 0.20808506011962891,
			"Relative Acceleration Y" : 0.79852503538131714,
			"Relative Acceleration Z" : 0.65760082006454468,
			"Relative Velocity X" : 7.9964981079101562,
			"Relative Velocity Y" : 0.36056780815124512,
			"Relative Velocity Z" : -0.13549880683422089,
			"Truncated" : 0
		},
		{
			"Absolute Acceleration X" : -0.045454025268554688,
			"Absolute Acceleration Y" : -0.24497759342193604,
			"Absolute Acceleration Z" : 0.079451084136962891,
			"Absolute Velocity X" : 27.412065505981445,
			"Absolute Velocity Y" : -0.31199729442596436,
			"Absolute Velocity Z" : -0.3152482807636261,
			"ActorName" : "CAR 06",
			"BoundingBox3D Extent X" : 4.1132216453552246,
			"BoundingBox3D Extent Y" : 1.745159387588501,
			"BoundingBox3D Extent Z" : 1.3215664625167847,
			"BoundingBox3D Orientation Quat W" : -0.99996823072433472,
			"BoundingBox3D Orientation Quat X" : 0.00032646500039845705,
			"BoundingBox3D Orientation Quat Y" : -0.0049430197104811668,
			"BoundingBox3D Orientation Quat Z" : 0.005690576508641243,
			"BoundingBox3D Origin X" : -58.980274200439453,
			"BoundingBox3D Origin Y" : 0.50517302751541138,
			"BoundingBox3D Origin Z" : 1.1961163282394409,
			"ObjectId" : 6,
			"ObjectType" : "CAR",
			"Occluded" : 0.0,
			"Relative Acceleration X" : 0.079326212406158447,
			"Relative Acceleration Y" : -0.70560401678085327,
			"Relative Acceleration Z" : -0.45951688289642334,
			"Relative Velocity X" : 0.57884639501571655,
			"Relative Velocity Y" : -0.2640189528465271,
			"Relative Velocity Z" : -0.14180551469326019,
			"Truncated" : 0
		},
		{
			"Absolute Acceleration X" : -0.099907644093036652,
			"Absolute Acceleration Y" : 0.0084501514211297035,
			"Absolute Acceleration Z" : -0.025295250117778778,
			"Absolute Velocity X" : 30.308338165283203,
			"Absolute Velocity Y" : -0.16374339163303375,