{
	"CapturedObjects" : 
	[
		{
			"Absolute Acceleration X" : -0.42793083190917969,
			"Absolute Acceleration Y" : -0.66706514358520508,
			"Absolute Acceleration Z" : 0.051548182964324951,
			"Absolute Velocity X" : 25.339534759521484,
			"Absolute Velocity Y" : -1.243639349937439,
			"Absolute Velocity Z" : -0.1918359249830246,
			"ActorName" : "CAR 04",
			"BoundingBox3D Extent X" : 4.1167516708374023,
			"BoundingBox3D Extent Y" : 1.7308224439620972,
			"BoundingBox3D Extent Z" : 1.4999700784683228,
			"BoundingBox3D Orientation Quat W" : -0.9996761679649353,
			"BoundingBox3D Orientation Quat X" : 0.0030331325251609087,
			"BoundingBox3D Orientation Quat Y" : -0.0047164363786578178,
			"BoundingBox3D Orientation Quat Z" : 0.024649716913700104,
			"BoundingBox3D Origin X" : 40.963634490966797,
			"BoundingBox3D Origin Y" : -0.7536054253578186,
			"BoundingBox3D Origin Z" : 0.34811303019523621,
			"ObjectId" : 4,
			"ObjectType" : "CAR",
			"Occluded" : 0.0,
			"Relative Acceleration X" : -0.11843550205230713,
			"Relative Acceleration Y" : 0.089445844292640686,
			"Relative Acceleration Z" : 0.19120001792907715,
			"Relative Velocity X" : -0.54306167364120483,
			"Relative Velocity Y" : -0.10480120778083801,
			"Relative Velocity Z" : 0.1725628674030304,
			"Truncated" : 0
		},
		{
			"Absolute Acceleration X" : -6.0318441390991211,
			"Absolute Acceleration Y" : 0.53211277723312378,
			"Absolute Acceleration Z" : 0.020242758095264435,
			"Absolute Velocity X" : 18.323026657104492,
			"Absolute Velocity Y" : -2.1072819232940674,
			"Absolute Velocity Z" : -0.30101162195205688,
			"ActorName" : "CAR 05",
			"BoundingBox3D Extent X" : 4.0999999046325684,
			"BoundingBox3D Extent Y" : 1.8278701305389404,
			"BoundingBox3D Extent Z" : 1.5071696043014526,
			"BoundingBox3D Orientation Quat W" : -0.99813038110733032,
			"BoundingBox3D Orientation Quat X" : 0.0020482190884649754,
			"BoundingBox3D Orientation Quat Y" : -0.0095902327448129654,
			"BoundingBox3D Orientation Quat Z" : 0.060276340693235397,
			"BoundingBox3D Origin X" : 112.61804962158203,
			"BoundingBox3D Origin Y" : -7.3677334785461426,
			"BoundingBox3D Origin Z" : -0.46849563717842102,
			"ObjectId" : 5,
			"ObjectType" : "CAR",
			"Occluded" : 0.0,
			"Relative Acceleration X" : -5.6736488342285156,
			"Relative Acceleration Y" : 0.48922130465507507,
			"Relative Acceleration Z" : 0.7970389723777771,
			"Relative Velocity X" : -7.4069690704345703,
			"Relative Velocity Y" : 0.66211140155792236,
			"Relative Velocity Z" : 0.37054866552352905,
			"Truncated" : 0
		},
		{
			"Absolute Acceleration X" : -0.48587608337402344,
			"Absolute Acceleration Y" : -0.19218775629997253,
			"Absolute Acceleration Z" : -0.014576159417629242,
			"Absolute Velocity X" : 19.320043563842773,
			"Absolute Velocity Y" : 0.24051138758659363,
			"Absolute Velocity Z" : -0.11738146096467972,
			"ActorName" : "CAR 14",
			"BoundingBox3D Extent X" : 5.2294902801513672,
			"BoundingBox3D Extent Y" : 2.2024991512298584,
			"BoundingBox3D Extent Z" : 1.7669569253921509,
			"BoundingBox3D Orientation Quat W" : 0.99996417760848999,
			"BoundingBox3D Orientation Quat X" : -0.0070535382255911827,
			"BoundingBox3D Orientation Quat Y" : 0.0026997402310371399,
			"BoundingBox3D Orientation Quat Z" : 0.0018040660070255399,
			"BoundingBox3D Origin X" : -6.6182432174682617,
			"BoundingBox3D Origin Y" : -3.3201649188995361,
			"BoundingBox3D Origin Z" : 0.90296381711959839,
			"ObjectId" : 14,
			"ObjectType" : "CAR",
			"Occluded" : 0.0,
			"Relative Acceleration X" : -0.21631956100463867,
			"Relative Acceleration Y" : 0.051196455955505371,
			"Relative Acceleration Z" : 0.0053816772997379303,
			"Relative Velocity X" : -6.5063943862915039,
			"Relative Velocity Y" : 0.26891851425170898,
			"Relative Velocity Z" : 0.0097735915333032608,
			"Truncated" : 0
		},
		{
			"Absolute Acceleration X" : 0.94970607757568359,
			"Absolute Acceleration Y" : -0.32065516710281372,
			"Absolute Acceleration Z" : 0.0454673171043396,
			"Absolute Velocity X" : 15.674962043762207,
			"Absolute Velocity Y" : 0.76985251903533936,
			"Absolute Velocity Z" : -0.18650966882705688,
			"ActorName" : "CAR 15",
			"BoundingBox3D Extent X" : 4.7818255424499512,
			"BoundingBox3D Extent Y" : 2.1203718185424805,
			"BoundingBox3D Extent Z" : 1.4809430837631226,
			"BoundingBox3D Orientation Quat W" : 0.99984467029571533,
			"BoundingBox3D Orientation Quat X" : -0.0012508856598287821,
			"BoundingBox3D Orientation Quat Y" : 0.0066346563398838043,
			"BoundingBox3D Orientation Quat Z" : 0.015931813046336174,
			"BoundingBox3D Origin X" : -46.239025115966797,
			"BoundingBox3D Origin Y" : -3.918391227722168,
			"BoundingBox3D Origin Z" : 1.0624885559082031,
			"ObjectId" : 15,
			"ObjectType" : "CAR",
			"Occluded" : 0.0,
			"Relative Acceleration X" : 1.2187728881835938,
			"Relative Acceleration Y" : -0.42826256155967712,
			"Relative Acceleration Z" : -0.027979500591754913,
			"Relative Velocity X" : -10.13817024230957,
			"Relative Velocity Y" : -0.1203753799200058,
			"Relative Velocity Z" : -0.25167980790138245,
			"Truncated" : 0
		},
		{
			"Absolute Acceleration X" : -0.35886219143867493,
			"Absolute Acceleration Y" : -0.043954338878393173,
			"Absolute Acceleration Z" : 0.10704135149717331,
			"Absolute Velocity X" : -24.305931091308594,
			"Absolute Velocity Y" : -1.7439502477645874,
			"Absolute Velocity Z" : 0.63467419147491455,
			"ActorName" : "CAR 17",
			"BoundingBox3D Extent X" : 4.3428263664245605,
			"BoundingBox3D Extent Y" : 1.8999999761581421,
			"BoundingBox3D Extent Z" : 1.8110992908477783,
			"BoundingBox3D Orientation Quat W" : -0.040164172649383545,
			"BoundingBox3D Orientation Quat X" : 0.013114364817738533,
			"BoundingBox3D Orientation Quat Y" : -0.0024328397121280432,
			"BoundingBox3D Orientation Quat Z" : 0.99909049272537231,
			"BoundingBox3D Origin X" : -119.72135925292969,
			"BoundingBox3D Origin Y" : 9.5740041732788086,
			"BoundingBox3D Origin Z" : 2.5152175426483154,
			"ObjectId" : 17,
			"ObjectType" : "CAR",
			"Occluded" : 0.0,
			"Relative Acceleration X" : 0.13179224729537964,
			"Relative Acceleration Y" : -1.4848771095275879,
			"Relative Acceleration Z" : -0.68964612483978271,
			"Relative Velocity X" : -50.489406585693359,
			"Relative Velocity Y" : -3.9788286685943604,
			"Relative Velocity Z" : 0.86677682399749756,
			"Truncated" : 0
		},
		{
			"Absolute Acceleration X" : -0.17184066772460938,
			"Absolute Acceleration Y" : -0.72082614898681641,
			"Absolute Acceleration Z" : -0.049980238080024719,
			"Absolute Velocity X" : 24.548519134521484,
			"Absolute Velocity Y" : -2.0931665897369385,
			"Absolute Velocity Z" : -0.2677035927772522,
			"ActorName" : "CAR 19",
			"BoundingBox3D Extent X" : 4.0999999046325684,
			"BoundingBox3D Extent Y" : 1.751035213470459,
			"BoundingBox3D Extent Z" : 1.5214760303497314,
			"BoundingBox3D Orientation Quat W" : -0.99905431270599365,
			"BoundingBox3D Orientation Quat X" : 0.0020636019762605429,
			"BoundingBox3D Orientation Quat Y" : -0.0060120448470115662,
			"BoundingBox3D Orientation Quat Z" : 0.042952656745910645,
			"BoundingBox3D Origin X" : 71.088455200195312,
			"BoundingBox3D Origin Y" : -3.2731735706329346,
			"BoundingBox3D Origin Z" : 0.095878399908542633,
			"ObjectId" : 19,
			"ObjectType" : "CAR",
			"Occluded" : 0.0,
			"Relative Acceleration X" : 0.16763293743133545,
			"Relative Acceleration Y" : 0.12573027610778809,
			"Relative Acceleration Z" : 0.13142095506191254,
			"Relative Velocity X" : -1.2739002704620361,
			"Relative Velocity Y" : -0.25233647227287292,
			"Relative Velocity Z" : 0.23152889311313629,
			"Truncated" : 0
		},
		{
			"Absolute Acceleration X" : -2.4808323383331299,
			"Absolute Acceleration Y" : -0.80381298065185547,
			"Absolute Acceleration Z" : 0.029110424220561981,
			"Absolute Velocity X" : -32.478733062744141,
			"Absolute Velocity Y" : -2.6304709911346436,
			"Absolute Velocity Z" : 0.36211994290351868,