{
	"CapturedObjects" : 
	[
		{
			"Absolute Acceleration X" : 2.4441154003143311,
			"Absolute Acceleration Y" : -0.10872408002614975,
			"Absolute Acceleration Z" : -0.035503484308719635,
			"Absolute Velocity X" : 20.274930953979492,
			"Absolute Velocity Y" : -0.12405584007501602,
			"Absolute Velocity Z" : -0.15253032743930817,
			"ActorName" : "TRUCK 00",
			"BoundingBox3D Extent X" : 15.675508499145508,
			"BoundingBox3D Extent Y" : 2.846585750579834,
			"BoundingBox3D Extent Z" : 2.7976827621459961,
			"BoundingBox3D Orientation Quat W" : 0.99995774030685425,
			"BoundingBox3D Orientation Quat X" : -0.0035582408308982849,
			"BoundingBox3D Orientation Quat Y" : 0.0032074637711048126,
			"BoundingBox3D Orientation Quat Z" : -0.0044947587884962559,
			"BoundingBox3D Origin X" : 0.72162914276123047,
			"BoundingBox3D Origin Y" : 3.4138591289520264,
			"BoundingBox3D Origin Z" : 1.3230781555175781,
			"ObjectId" : 0,
			"ObjectType" : "TRUCK",
			"Occluded" : 0.0,
			"Relative Acceleration X" : 2.3000071048736572,
			"Relative Acceleration Y" : -0.12232124805450439,
			"Relative Acceleration Z" : -0.027424201369285583,
			"Relative Velocity X" : 0.86385852098464966,
			"Relative Velocity Y" : 0.041161131113767624,
			"Relative Velocity Z" : 0.0019819627050310373,
			"Truncated" : 0
		},
		{
			"Absolute Acceleration X" : -0.02080184780061245,
			"Absolute Acceleration Y" : 0.33017900586128235,
			"Absolute Acceleration Z" : -0.005187327042222023,
			"Absolute Velocity X" : 0.00093561259564012289,
			"Absolute Velocity Y" : -0.44510310888290405,
			"Absolute Velocity Z" : -0.00084579660324379802,
			"ActorName" : "TRUCK 01",
			"BoundingBox3D Extent X" : 4.0221352577209473,
			"BoundingBox3D Extent Y" : 3.0,
			"BoundingBox3D Extent Z" : 2.6686220169067383,
			"BoundingBox3D Orientation Quat W" : 0.6956864595413208,
			"BoundingBox3D Orientation Quat X" : 2.3291077013709582e-05,
			"BoundingBox3D Orientation Quat Y" : -5.2195558964740485e-05,
			"BoundingBox3D Orientation Quat Z" : -0.71834611892700195,
			"BoundingBox3D Origin X" : 118.2977294921875,
			"BoundingBox3D Origin Y" : 27.306697845458984,
			"BoundingBox3D Origin Z" : 1.4004331827163696,
			"ObjectId" : 1,
			"ObjectType" : "TRUCK",
			"Occluded" : 0.0,
			"Relative Acceleration X" : -0.18558558821678162,
			"Relative Acceleration Y" : 0.44397804141044617,
			"Relative Acceleration Z" : -0.078311465680599213,
			"Relative Velocity X" : -19.381954193115234,
			"Relative Velocity Y" : -0.42521584033966064,
			"Relative Velocity Z" : 0.34545034170150757,
			"Truncated" : 0
		},
		{
			"Absolute Acceleration X" : 0.10270852595567703,
			"Absolute Acceleration Y" : -0.052778840065002441,
			"Absolute Acceleration Z" : 0.025943592190742493,
			"Absolute Velocity X" : 22.75440788269043,
			"Absolute Velocity Y" : -0.16006305813789368,
			"Absolute Velocity Z" : -0.19962121546268463,
			"ActorName" : "CAR 02",
			"BoundingBox3D Extent X" : 4.6524553298950195,
			"BoundingBox3D Extent Y" : 2.1059317588806152,
			"BoundingBox3D Extent Z" : 1.7193666696548462,
			"BoundingBox3D Orientation Quat W" : 0.99981409311294556,
			"BoundingBox3D Orientation Quat X" : -0.010048866271972656,
			"BoundingBox3D Orientation Quat Y" : 0.0043201735243201256,
			"BoundingBox3D Orientation Quat Z" : -0.015384823083877563,
			"BoundingBox3D Origin X" : -37.614681243896484,
			"BoundingBox3D Origin Y" : 3.1920976638793945,
			"BoundingBox3D Origin Z" : 1.0838115215301514,
			"ObjectId" : 2,
			"ObjectType" : "CAR",
			"Occluded" : 0.0,
			"Relative Acceleration X" : -0.042815584689378738,
			"Relative Acceleration Y" : -0.10280037671327591,
			"Relative Acceleration Z" : 0.04555167630314827,
			"Relative Velocity X" : 3.3448216915130615,
			"Relative Velocity Y" : 0.055250786244869232,
			"Relative Velocity Z" : -0.076520070433616638,
			"Truncated" : 0
		},
		{
			"Absolute Acceleration X" : -0.19045610725879669,
			"Absolute Acceleration Y" : -0.11408147215843201,
			"Absolute Acceleration Z" : 0.0021106845233589411,
			"Absolute Velocity X" : 24.489519119262695,
			"Absolute Velocity Y" : -0.12470106035470963,
			"Absolute Velocity Z" : -0.22214671969413757,
			"ActorName" : "TRUCK 03",
			"BoundingBox3D Extent X" : 11.0,
			"BoundingBox3D Extent Y" : 2.621239185333252,
			"BoundingBox3D Extent Z" : 2.1748049259185791,
			"BoundingBox3D Orientation Quat W" : 0.99989867210388184,
			"BoundingBox3D Orientation Quat X" : 0.0075871101580560207,
			"BoundingBox3D Orientation Quat Y" : 0.0029031825251877308,
			"BoundingBox3D Orientation Quat Z" : -0.0015495819970965385,
			"BoundingBox3D Origin X" : -101.91748809814453,
			"BoundingBox3D Origin Y" : 4.1105055809020996,
			"BoundingBox3D Origin Z" : 1.9108580350875854,
			"ObjectId" : 3,
			"ObjectType" : "TRUCK",
			"Occluded" : 0.0,
			"Relative Acceleration X" : -0.3348771333694458,
			"Relative Acceleration Y" : -0.22466634213924408,
			"Relative Acceleration Z" : 0.1143421083688736,
			"Relative Velocity X" : 5.0719404220581055,
			"Relative Velocity Y" : 0.16040630638599396,
			"Relative Velocity Z" : -0.21716585755348206,
			"Truncated" : 0
		},
		{
			"Absolute Acceleration X" : 0.14714650809764862,
			"Absolute Acceleration Y" : 0.17228685319423676,
			"Absolute Acceleration Z" : 0.075160056352615356,
			"Absolute Velocity X" : 32.112213134765625,
			"Absolute Velocity Y" : -0.10997588932514191,
			"Absolute Velocity Z" : -0.33648696541786194,
			"ActorName" : "TRUCK 04",
			"BoundingBox3D Extent X" : 11.0,
			"BoundingBox3D Extent Y" : 2.8851497173309326,
			"BoundingBox3D Extent Z" : 3.821077823638916,
			"BoundingBox3D Orientation Quat W" : 0.9999539852142334,
			"BoundingBox3D Orientation Quat X" : -0.0031175094190984964,
			"BoundingBox3D Orientation Quat Y" : 0.003096024040132761,
			"BoundingBox3D Orientation Quat Z" : -0.00082529225619509816,
			"BoundingBox3D Origin X" : 171.58671569824219,
			"BoundingBox3D Origin Y" : 5.1343259811401367,
			"BoundingBox3D Origin Z" : 0.31497511267662048,
			"ObjectId" : 4,
			"ObjectType" : "TRUCK",
			"Occluded" : 0.0,
			"Relative Acceleration X" : 0.0032037347555160522,
			"Relative Acceleration Y" : 0.29835909605026245,
			"Relative Acceleration Z" : -0.057189799845218658,
			"Relative Velocity X" : 12.70247745513916,
			"Relative Velocity Y" : -0.16152648627758026,
			"Relative Velocity Z" : 0.049948569387197495,
			"Truncated" : 0
		},
		{
			"Absolute Acceleration X" : -1.5143966674804688,
			"Absolute Acceleration Y" : -0.40126219391822815,
			"Absolute Acceleration Z" : 0.025530595332384109,
			"Absolute Velocity X" : 25.248846054077148,
			"Absolute Velocity Y" : -0.45843005180358887,
			"Absolute Velocity Z" : -0.24255514144897461,
			"ActorName" : "CAR 05",
			"BoundingBox3D Extent X" : 4.1084246635437012,
			"BoundingBox3D Extent Y" : 1.5117851495742798,
			"BoundingBox3D Extent Z" : 1.6608535051345825,
			"BoundingBox3D Orientation Quat W" : 0.99993985891342163,
			"BoundingBox3D Orientation Quat X" : 0.0035503336694091558,
			"BoundingBox3D Orientation Quat Y" : 0.0028536003082990646,
			"BoundingBox3D Orientation Quat Z" : -0.0088793784379959106,
			"BoundingBox3D Origin X" : 88.562728881835938,
			"BoundingBox3D Origin Y" : 2.1394283771514893,
			"BoundingBox3D Origin Z" : -0.0086206812411546707,
			"ObjectId" : 5,
			"ObjectType" : "CAR",
			"Occluded" : 0.0,
			"Relative Acceleration X" : -1.6567642688751221,
			"Relative Acceleration Y" : -0.34058937430381775,
			"Relative Acceleration Z" : -0.036108579486608505,
			"Relative Velocity X" : 5.8356590270996094,
			"Relative Velocity Y" : -0.40446972846984863,
			"Relative Velocity Z" : 0.031604796648025513,
			"Truncated" : 0
		},
		{
			"Absolute Acceleration X" : 0.027226017788052559,
			"Absolute Acceleration Y" : 0.21095909178256989,
			"Absolute Acceleration Z" : 0.057974852621555328,
			"Absolute Velocity X" : 32.457359313964844,
			"Absolute Velocity Y" : -1.051084041595459,
			"Absolute Velocity Z" : -0.31445044279098511,