{
	"CapturedObjects" : 
	[
		{
			"Absolute Acceleration X" : 0.40041720867156982,
			"Absolute Acceleration Y" : -0.36145374178886414,
			"Absolute Acceleration Z" : 0.019465092569589615,
			"Absolute Velocity X" : 33.210620880126953,
			"Absolute Velocity Y" : -0.62070983648300171,
			"Absolute Velocity Z" : -0.19803895056247711,
			"ActorName" : "CAR 00",
			"BoundingBox3D Extent X" : 4.1676054000854492,
			"BoundingBox3D Extent Y" : 2.0217900276184082,
			"BoundingBox3D Extent Z" : 1.4507161378860474,
			"BoundingBox3D Orientation Quat W" : -0.99998211860656738,
			"BoundingBox3D Orientation Quat X" : -0.0039178435690701008,
			"BoundingBox3D Orientation Quat Y" : -0.0031114902812987566,
			"BoundingBox3D Orientation Quat Z" : 0.00260953139513731,
			"BoundingBox3D Origin X" : 42.050743103027344,
			"BoundingBox3D Origin Y" : 2.7986748218536377,
			"BoundingBox3D Origin Z" : 0.46348637342453003,
			"ObjectId" : 0,
			"ObjectType" : "CAR",
			"Occluded" : 0.0,
			"Relative Acceleration X" : 0.47033709287643433,
			"Relative Acceleration Y" : -0.5129857063293457,
			"Relative Acceleration Z" : 0.61491727828979492,
			"Relative Velocity X" : 6.1789674758911133,
			"Relative Velocity Y" : -0.3322957456111908,
			"Relative Velocity Z" : 0.27989661693572998,
			"Truncated" : 0
		},
		{
			"Absolute Acceleration X" : 0.21799278259277344,
			"Absolute Acceleration Y" : -0.52350318431854248,
			"Absolute Acceleration Z" : -0.032011881470680237,
			"Absolute Velocity X" : 26.500682830810547,
			"Absolute Velocity Y" : -0.23083443939685822,
			"Absolute Velocity Z" : -0.15191863477230072,
			"ActorName" : "CAR 01",
			"BoundingBox3D Extent X" : 4.7093315124511719,
			"BoundingBox3D Extent Y" : 2.1400377750396729,
			"BoundingBox3D Extent Z" : 1.7339202165603638,
			"BoundingBox3D Orientation Quat W" : 0.99995315074920654,
			"BoundingBox3D Orientation Quat X" : 0.0059965453110635281,
			"BoundingBox3D Orientation Quat Y" : 0.0031096767634153366,
			"BoundingBox3D Orientation Quat Z" : -0.0066379462368786335,
			"BoundingBox3D Origin X" : -9.4979305267333984,
			"BoundingBox3D Origin Y" : 2.9294202327728271,
			"BoundingBox3D Origin Z" : 0.92004674673080444,
			"ObjectId" : 1,
			"ObjectType" : "CAR",
			"Occluded" : 0.0,
			"Relative Acceleration X" : 0.26088237762451172,
			"Relative Acceleration Y" : -0.31407833099365234,
			"Relative Acceleration Z" : 0.019453613087534904,
			"Relative Velocity X" : -0.53678160905838013,
			"Relative Velocity Y" : -0.034631386399269104,
			"Relative Velocity Z" : -0.089127324521541595,
			"Truncated" : 0
		},
		{
			"Absolute Acceleration X" : -0.20211982727050781,
			"Absolute Acceleration Y" : 0.10417433083057404,
			"Absolute Acceleration Z" : 0.043794304132461548,
			"Absolute Velocity X" : 26.269119262695312,
			"Absolute Velocity Y" : -0.22644831240177155,
			"Absolute Velocity Z" : -0.1070626974105835,
			"ActorName" : "CAR 02",
			"BoundingBox3D Extent X" : 4.1892967224121094,
			"BoundingBox3D Extent Y" : 1.8758935928344727,
			"BoundingBox3D Extent Z" : 2.1399004459381104,
			"BoundingBox3D Orientation Quat W" : 0.99997389316558838,
			"BoundingBox3D Orientation Quat X" : 0.0018360698595643044,
			"BoundingBox3D Orientation Quat Y" : 0.0015032379887998104,
			"BoundingBox3D Orientation Quat Z" : -0.006131995003670454,
			"BoundingBox3D Origin X" : 81.977859497070312,
			"BoundingBox3D Origin Y" : -1.5060423612594604,
			"BoundingBox3D Origin Z" : 0.55719810724258423,
			"ObjectId" : 2,
			"ObjectType" : "CAR",
			"Occluded" : 0.0,
			"Relative Acceleration X" : -0.2097286581993103,
			"Relative Acceleration Y" : -0.69960296154022217,
			"Relative Acceleration Z" : -0.1896388828754425,
			"Relative Velocity X" : -0.75100415945053101,
			"Relative Velocity Y" : 0.15665145218372345,
			"Relative Velocity Z" : 0.76398211717605591,
			"Truncated" : 0
		},
		{
			"Absolute Acceleration X" : -0.82578849792480469,
			"Absolute Acceleration Y" : -0.4727817177772522,
			"Absolute Acceleration Z" : 0.060754433274269104,
			"Absolute Velocity X" : 26.294401168823242,
			"Absolute Velocity Y" : 0.36811873316764832,
			"Absolute Velocity Z" : -0.13941065967082977,
			"ActorName" : "CAR 03",
			"BoundingBox3D Extent X" : 4.2396087646484375,
			"BoundingBox3D Extent Y" : 2.1024894714355469,
			"BoundingBox3D Extent Z" : 1.6439502239227295,
			"BoundingBox3D Orientation Quat W" : 0.99992597103118896,
			"BoundingBox3D Orientation Quat X" : 0.0079308794811367989,
			"BoundingBox3D Orientation Quat Y" : 0.0031370376236736774,
			"BoundingBox3D Orientation Quat Z" : 0.0084002315998077393,
			"BoundingBox3D Origin X" : -23.059486389160156,
			"BoundingBox3D Origin Y" : 1.9247446060180664,
			"BoundingBox3D Origin Z" : 0.87104088068008423,
			"ObjectId" : 3,
			"ObjectType" : "CAR",
			"Occluded" : 0.0,
			"Relative Acceleration X" : -0.7977147102355957,
			"Relative Acceleration Y" : -0.11002850532531738,
			"Relative Acceleration Z" : 0.16665460169315338,
			"Relative Velocity X" : -0.74065417051315308,
			"Relative Velocity Y" : 0.53685575723648071,
			"Relative Velocity Z" : -0.19816353917121887,
			"Truncated" : 0
		},
		{
			"Absolute Acceleration X" : -0.089305877685546875,
			"Absolute Acceleration Y" : 0.019898474216461182,
			"Absolute Acceleration Z" : -0.01065509021282196,
			"Absolute Velocity X" : 28.924409866333008,
			"Absolute Velocity Y" : -0.47211498022079468,
			"Absolute Velocity Z" : -0.18222029507160187,
			"ActorName" : "CAR 04",
			"BoundingBox3D Extent X" : 4.246734619140625,
			"BoundingBox3D Extent Y" : 1.9392895698547363,
			"BoundingBox3D Extent Z" : 1.4446032047271729,
			"BoundingBox3D Orientation Quat W" : -0.99998140335083008,
			"BoundingBox3D Orientation Quat X" : -0.00084275077097117901,
			"BoundingBox3D Orientation Quat Y" : -0.0029339285101741552,
			"BoundingBox3D Orientation Quat Z" : 0.0058469055220484734,
			"BoundingBox3D Origin X" : 38.050758361816406,
			"BoundingBox3D Origin Y" : -0.85522431135177612,
			"BoundingBox3D Origin Z" : 0.45115667581558228,
			"ObjectId" : 4,
			"ObjectType" : "CAR",
			"Occluded" : 0.0,
			"Relative Acceleration X" : -0.085915446281433105,
			"Relative Acceleration Y" : -0.27480626106262207,
			"Relative Acceleration Z" : -0.09759598970413208,
			"Relative Velocity X" : 1.9004224538803101,
			"Relative Velocity Y" : -0.18373559415340424,
			"Relative Velocity Z" : 0.28514933586120605,
			"Truncated" : 0
		},
		{
			"Absolute Acceleration X" : -0.022792816162109375,
			"Absolute Acceleration Y" : -0.55003225803375244,
			"Absolute Acceleration Z" : -0.057446092367172241,
			"Absolute Velocity X" : 26.111490249633789,
			"Absolute Velocity Y" : 1.9996521472930908,
			"Absolute Velocity Z" : -0.2186393141746521,
			"ActorName" : "CAR 09",
			"BoundingBox3D Extent X" : 4.0999999046325684,
			"BoundingBox3D Extent Y" : 2.0588500499725342,
			"BoundingBox3D Extent Z" : 1.1443734169006348,
			"BoundingBox3D Orientation Quat W" : 0.99928402900695801,
			"BoundingBox3D Orientation Quat X" : 0.0011872877366840839,
			"BoundingBox3D Orientation Quat Y" : 0.0038075575139373541,
			"BoundingBox3D Orientation Quat Z" : 0.037357844412326813,
			"BoundingBox3D Origin X" : -187.33709716796875,
			"BoundingBox3D Origin Y" : -6.7169866561889648,
			"BoundingBox3D Origin Z" : 1.2275649309158325,
			"ObjectId" : 9,
			"ObjectType" : "CAR",
			"Occluded" : 0.0,
			"Relative Acceleration X" : -0.09682542085647583,
			"Relative Acceleration Y" : 1.622699499130249,
			"Relative Acceleration Z" : 0.66053533554077148,
			"Relative Velocity X" : -0.91580891609191895,
			"Relative Velocity Y" : 1.8337969779968262,
			"Relative Velocity Z" : -1.7341113090515137,
			"Truncated" : 0
		},
		{
			"Absolute Acceleration X" : -2.7681317329406738,
			"Absolute Acceleration Y" : -0.51624530553817749,
			"Absolute Acceleration Z" : 0.029901126399636269,
			"Absolute Velocity X" : 23.154808044433594,
			"Absolute Velocity Y" : 0.89710307121276855,