{
	"CapturedObjects" : 
	[
		{
			"Absolute Acceleration X" : 0.44697952270507812,
			"Absolute Acceleration Y" : -0.014583319425582886,
			"Absolute Acceleration Z" : -0.048507183790206909,
			"Absolute Velocity X" : 32.930465698242188,
			"Absolute Velocity Y" : -0.13777530193328857,
			"Absolute Velocity Z" : -0.32363301515579224,
			"ActorName" : "CAR 00",
			"BoundingBox3D Extent X" : 4.8987493515014648,
			"BoundingBox3D Extent Y" : 2.3346810340881348,
			"BoundingBox3D Extent Z" : 1.7911391258239746,
			"BoundingBox3D Orientation Quat W" : 0.99995964765548706,
			"BoundingBox3D Orientation Quat X" : -0.0045916419476270676,
			"BoundingBox3D Orientation Quat Y" : 0.0043199919164180756,
			"BoundingBox3D Orientation Quat Z" : -0.0057241064496338367,
			"BoundingBox3D Origin X" : 39.239147186279297,
			"BoundingBox3D Origin Y" : 3.7234516143798828,
			"BoundingBox3D Origin Z" : 0.51316982507705688,
			"ObjectId" : 0,
			"ObjectType" : "CAR",
			"Occluded" : 0.0,
			"Relative Acceleration X" : 0.36985588073730469,
			"Relative Acceleration Y" : -0.0048438459634780884,
			"Relative Acceleration Z" : 0.033387459814548492,
			"Relative Velocity X" : 6.7142000198364258,
			"Relative Velocity Y" : -0.23558883368968964,
			"Relative Velocity Z" : -0.051894757896661758,
			"Truncated" : 0
		},
		{
			"Absolute Acceleration X" : 0.11238670349121094,
			"Absolute Acceleration Y" : 0.067853748798370361,
			"Absolute Acceleration Z" : 0.0061533898115158081,
			"Absolute Velocity X" : 29.749032974243164,
			"Absolute Velocity Y" : -0.44865268468856812,
			"Absolute Velocity Z" : -0.22146348655223846,
			"ActorName" : "CAR 01",
			"BoundingBox3D Extent X" : 4.692725658416748,
			"BoundingBox3D Extent Y" : 2.1507890224456787,
			"BoundingBox3D Extent Z" : 1.6784391403198242,
			"BoundingBox3D Orientation Quat W" : -0.99995690584182739,
			"BoundingBox3D Orientation Quat X" : 0.0054718004539608955,
			"BoundingBox3D Orientation Quat Y" : -0.0031588170677423477,
			"BoundingBox3D Orientation Quat Z" : 0.0057932636700570583,
			"BoundingBox3D Origin X" : 5.3143815994262695,
			"BoundingBox3D Origin Y" : 4.1798396110534668,
			"BoundingBox3D Origin Z" : 0.74048441648483276,
			"ObjectId" : 1,
			"ObjectType" : "CAR",
			"Occluded" : 0.0,
			"Relative Acceleration X" : 0.029738664627075195,
			"Relative Acceleration Y" : -0.16209433972835541,
			"Relative Acceleration Z" : 0.076596185564994812,
			"Relative Velocity X" : 3.5368103981018066,
			"Relative Velocity Y" : -0.21917822957038879,
			"Relative Velocity Z" : -0.021450856700539589,
			"Truncated" : 0
		},
		{
			"Absolute Acceleration X" : -0.24219703674316406,
			"Absolute Acceleration Y" : -0.064175426959991455,
			"Absolute Acceleration Z" : -0.055949047207832336,
			"Absolute Velocity X" : 27.470876693725586,
			"Absolute Velocity Y" : -0.36926618218421936,
			"Absolute Velocity Z" : -0.210771843791008,
			"ActorName" : "CAR 03",
			"BoundingBox3D Extent X" : 4.3168878555297852,
			"BoundingBox3D Extent Y" : 2.1278455257415771,
			"BoundingBox3D Extent Z" : 1.6856460571289062,
			"BoundingBox3D Orientation Quat W" : 0.99998152256011963,
			"BoundingBox3D Orientation Quat X" : 0.00092810846399515867,
			"BoundingBox3D Orientation Quat Y" : 0.0035049985162913799,
			"BoundingBox3D Orientation Quat Z" : -0.0042399037629365921,
			"BoundingBox3D Origin X" : -24.940696716308594,
			"BoundingBox3D Origin Y" : 1.2877604961395264,
			"BoundingBox3D Origin Z" : 0.95042926073074341,
			"ObjectId" : 3,
			"ObjectType" : "CAR",
			"Occluded" : 0.0,
			"Relative Acceleration X" : -0.29860377311706543,
			"Relative Acceleration Y" : -0.51373004913330078,
			"Relative Acceleration Z" : -0.019304502755403519,
			"Relative Velocity X" : 1.2288321256637573,
			"Relative Velocity Y" : 0.15336592495441437,
			"Relative Velocity Z" : -0.07104000449180603,
			"Truncated" : 0
		},
		{
			"Absolute Acceleration X" : 0.25629043579101562,
			"Absolute Acceleration Y" : 0.020906031131744385,
			"Absolute Acceleration Z" : -0.11690391600131989,
			"Absolute Velocity X" : 35.155910491943359,
			"Absolute Velocity Y" : -0.49330505728721619,
			"Absolute Velocity Z" : -0.19226075708866119,
			"ActorName" : "CAR 04",
			"BoundingBox3D Extent X" : 4.0999999046325684,
			"BoundingBox3D Extent Y" : 1.8915352821350098,
			"BoundingBox3D Extent Z" : 1.5626697540283203,
			"BoundingBox3D Orientation Quat W" : -0.99995797872543335,
			"BoundingBox3D Orientation Quat X" : 0.0036181092727929354,
			"BoundingBox3D Orientation Quat Y" : -0.0029984284192323685,
			"BoundingBox3D Orientation Quat Z" : 0.0073067327030003071,
			"BoundingBox3D Origin X" : 150.16456604003906,
			"BoundingBox3D Origin Y" : 2.6136913299560547,
			"BoundingBox3D Origin Z" : -0.34638410806655884,
			"ObjectId" : 4,
			"ObjectType" : "CAR",
			"Occluded" : 0.0,
			"Relative Acceleration X" : 0.17798137664794922,
			"Relative Acceleration Y" : 0.89984989166259766,
			"Relative Acceleration Z" : -0.039417922496795654,
			"Relative Velocity X" : 8.9335575103759766,
			"Relative Velocity Y" : -1.6775050163269043,
			"Relative Velocity Z" : 0.31261199712753296,
			"Truncated" : 0
		},
		{
			"Absolute Acceleration X" : 0.08881378173828125,
			"Absolute Acceleration Y" : 0.063995778560638428,
			"Absolute Acceleration Z" : 0.081685930490493774,
			"Absolute Velocity X" : 26.501626968383789,
			"Absolute Velocity Y" : -0.29793372750282288,
			"Absolute Velocity Z" : -0.20223546028137207,
			"ActorName" : "CAR 13",
			"BoundingBox3D Extent X" : 4.2157607078552246,
			"BoundingBox3D Extent Y" : 1.7754096984863281,
			"BoundingBox3D Extent Z" : 2.0899450778961182,
			"BoundingBox3D Orientation Quat W" : 0.9999735951423645,
			"BoundingBox3D Orientation Quat X" : 0.002619289793074131,
			"BoundingBox3D Orientation Quat Y" : 0.0041137011721730232,
			"BoundingBox3D Orientation Quat Z" : -0.0047003272920846939,
			"BoundingBox3D Origin X" : 73.001197814941406,
			"BoundingBox3D Origin Y" : -0.60059964656829834,
			"BoundingBox3D Origin Z" : 0.34720119833946228,
			"ObjectId" : 13,
			"ObjectType" : "CAR",
			"Occluded" : 0.0,
			"Relative Acceleration X" : 0.041991114616394043,
			"Relative Acceleration Y" : 0.41504541039466858,
			"Relative Acceleration Z" : 0.090416267514228821,
			"Relative Velocity X" : 0.24426013231277466,
			"Relative Velocity Y" : -0.7409292459487915,
			"Relative Velocity Z" : 0.14642944931983948,
			"Truncated" : 0
		},
		{
			"Absolute Acceleration X" : 2.8697807788848877,
			"Absolute Acceleration Y" : 0.087612010538578033,
			"Absolute Acceleration Z" : -0.028285853564739227,
			"Absolute Velocity X" : 21.470573425292969,
			"Absolute Velocity Y" : -0.24652531743049622,
			"Absolute Velocity Z" : 0.075591705739498138,
			"ActorName" : "CAR 17",
			"BoundingBox3D Extent X" : 4.0999999046325684,
			"BoundingBox3D Extent Y" : 1.6638205051422119,
			"BoundingBox3D Extent Z" : 1.9409711360931396,
			"BoundingBox3D Orientation Quat W" : 0.99998027086257935,
			"BoundingBox3D Orientation Quat X" : -0.00032474170438945293,
			"BoundingBox3D Orientation Quat Y" : -0.0016784578328952193,
			"BoundingBox3D Orientation Quat Z" : -0.0055327895097434521,
			"BoundingBox3D Origin X" : -123.51058197021484,
			"BoundingBox3D Origin Y" : 1.8783270120620728,
			"BoundingBox3D Origin Z" : 1.2519193887710571,
			"ObjectId" : 17,
			"ObjectType" : "CAR",
			"Occluded" : 0.0,
			"Relative Acceleration X" : 2.7839374542236328,
			"Relative Acceleration Y" : -1.5327339172363281,
			"Relative Acceleration Z" : -0.39698949456214905,
			"Relative Velocity X" : -4.7691287994384766,
			"Relative Velocity Y" : 1.1359105110168457,
			"Relative Velocity Z" : 0.2030290812253952,
			"Truncated" : 0
		},
		{
			"Absolute Acceleration X" : -0.047941464930772781,
			"Absolute Acceleration Y" : -0.24691914021968842,
			"Absolute Acceleration Z" : 0.1037248969078064,
			"Absolute Velocity X" : 27.053964614868164,
			"Absolute Velocity Y" : -0.24295361340045929,