{
	"CapturedObjects" : 
	[
		{
			"Absolute Acceleration X" : 0.0083141326904296875,
			"Absolute Acceleration Y" : -0.091661632061004639,
			"Absolute Acceleration Z" : -0.007154613733291626,
			"Absolute Velocity X" : 24.656600952148438,
			"Absolute Velocity Y" : -0.27172794938087463,
			"Absolute Velocity Z" : -0.18601696193218231,
			"ActorName" : "CAR 01",
			"BoundingBox3D Extent X" : 4.1614699363708496,
			"BoundingBox3D Extent Y" : 1.9984114170074463,
			"BoundingBox3D Extent Z" : 1.3978400230407715,
			"BoundingBox3D Orientation Quat W" : 0.99996250867843628,
			"BoundingBox3D Orientation Quat X" : -0.00070883508305996656,
			"BoundingBox3D Orientation Quat Y" : 0.0044089364819228649,
			"BoundingBox3D Orientation Quat Z" : -0.006920612882822752,
			"BoundingBox3D Origin X" : -48.882843017578125,
			"BoundingBox3D Origin Y" : 1.9285006523132324,
			"BoundingBox3D Origin Z" : 1.1686332225799561,
			"ObjectId" : 1,
			"ObjectType" : "CAR",
			"Occluded" : 0.0,
			"Relative Acceleration X" : -0.15897655487060547,
			"Relative Acceleration Y" : -0.10291565954685211,
			"Relative Acceleration Z" : -0.25785979628562927,
			"Relative Velocity X" : -2.1067306995391846,
			"Relative Velocity Y" : 0.09748975932598114,
			"Relative Velocity Z" : 0.1775183230638504,
			"Truncated" : 0
		},
		{
			"Absolute Acceleration X" : 0.23985099792480469,
			"Absolute Acceleration Y" : -0.12470939755439758,
			"Absolute Acceleration Z" : 0.041521728038787842,
			"Absolute Velocity X" : 31.764011383056641,
			"Absolute Velocity Y" : -0.20682230591773987,
			"Absolute Velocity Z" : -0.30966809391975403,
			"ActorName" : "CAR 02",
			"BoundingBox3D Extent X" : 4.6078062057495117,
			"BoundingBox3D Extent Y" : 2.0203628540039062,
			"BoundingBox3D Extent Z" : 1.4820774793624878,
			"BoundingBox3D Orientation Quat W" : 0.99998146295547485,
			"BoundingBox3D Orientation Quat X" : -8.4010389400646091e-05,
			"BoundingBox3D Orientation Quat Y" : 0.0048057041130959988,
			"BoundingBox3D Orientation Quat Z" : -0.0023258423898369074,
			"BoundingBox3D Origin X" : 26.652578353881836,
			"BoundingBox3D Origin Y" : 4.9347848892211914,
			"BoundingBox3D Origin Z" : 0.45657840371131897,
			"ObjectId" : 2,
			"ObjectType" : "CAR",
			"Occluded" : 0.0,
			"Relative Acceleration X" : 0.077081203460693359,
			"Relative Acceleration Y" : -0.22096604108810425,
			"Relative Acceleration Z" : 0.099117942154407501,
			"Relative Velocity X" : 5.0059628486633301,
			"Relative Velocity Y" : 0.010306739248335361,
			"Relative Velocity Z" : -0.050296351313591003,
			"Truncated" : 0
		},
		{
			"Absolute Acceleration X" : 0.18235015869140625,
			"Absolute Acceleration Y" : -0.0091774910688400269,
			"Absolute Acceleration Z" : -0.026303648948669434,
			"Absolute Velocity X" : 28.552267074584961,
			"Absolute Velocity Y" : -0.24607954919338226,
			"Absolute Velocity Z" : -0.31480678915977478,
			"ActorName" : "CAR 05",
			"BoundingBox3D Extent X" : 4.38079833984375,
			"BoundingBox3D Extent Y" : 1.7732864618301392,
			"BoundingBox3D Extent Z" : 1.3832014799118042,
			"BoundingBox3D Orientation Quat W" : 0.99997377395629883,
			"BoundingBox3D Orientation Quat X" : 0.0019750602077692747,
			"BoundingBox3D Orientation Quat Y" : 0.0052978638559579849,
			"BoundingBox3D Orientation Quat Z" : -0.0031551478896290064,
			"BoundingBox3D Origin X" : -14.466796875,
			"BoundingBox3D Origin Y" : 4.6441831588745117,
			"BoundingBox3D Origin Z" : 0.81558722257614136,
			"ObjectId" : 5,
			"ObjectType" : "CAR",
			"Occluded" : 0.0,
			"Relative Acceleration X" : 0.018506407737731934,
			"Relative Acceleration Y" : -0.061937917023897171,
			"Relative Acceleration Z" : -0.13097628951072693,
			"Relative Velocity X" : 1.7941106557846069,
			"Relative Velocity Y" : 0.053867436945438385,
			"Relative Velocity Z" : 0.00049066840438172221,
			"Truncated" : 0
		},
		{
			"Absolute Acceleration X" : -0.093545913696289062,
			"Absolute Acceleration Y" : 0.11694478988647461,
			"Absolute Acceleration Z" : -0.079747751355171204,
			"Absolute Velocity X" : 28.793649673461914,
			"Absolute Velocity Y" : -0.26102259755134583,
			"Absolute Velocity Z" : -0.26948174834251404,
			"ActorName" : "CAR 10",
			"BoundingBox3D Extent X" : 4.1645917892456055,
			"BoundingBox3D Extent Y" : 2.0205378532409668,
			"BoundingBox3D Extent Z" : 1.4161386489868164,
			"BoundingBox3D Orientation Quat W" : 0.99997645616531372,
			"BoundingBox3D Orientation Quat X" : 0.0013990127481520176,
			"BoundingBox3D Orientation Quat Y" : 0.0055608814582228661,
			"BoundingBox3D Orientation Quat Z" : -0.0021114202681928873,
			"BoundingBox3D Origin X" : -32.288810729980469,
			"BoundingBox3D Origin Y" : 5.3615102767944336,
			"BoundingBox3D Origin Z" : 0.97760683298110962,
			"ObjectId" : 10,
			"ObjectType" : "CAR",
			"Occluded" : 0.0,
			"Relative Acceleration X" : -0.25734305381774902,
			"Relative Acceleration Y" : 0.075763106346130371,
			"Relative Acceleration Z" : -0.24960505962371826,
			"Relative Velocity X" : 2.0371384620666504,
			"Relative Velocity Y" : 0.075039587914943695,
			"Relative Velocity Z" : 0.070792727172374725,
			"Truncated" : 0
		},
		{
			"Absolute Acceleration X" : -0.031019210815429688,
			"Absolute Acceleration Y" : -0.039491057395935059,
			"Absolute Acceleration Z" : 0.061444222927093506,
			"Absolute Velocity X" : 30.278894424438477,
			"Absolute Velocity Y" : -0.34806647896766663,
			"Absolute Velocity Z" : -0.45016109943389893,
			"ActorName" : "CAR 13",
			"BoundingBox3D Extent X" : 4.1085433959960938,
			"BoundingBox3D Extent Y" : 1.8747290372848511,
			"BoundingBox3D Extent Z" : 1.6336050033569336,
			"BoundingBox3D Orientation Quat W" : 0.99994778633117676,
			"BoundingBox3D Orientation Quat X" : -0.0013675990048795938,
			"BoundingBox3D Orientation Quat Y" : 0.0075713726691901684,
			"BoundingBox3D Orientation Quat Z" : -0.0062596746720373631,
			"BoundingBox3D Origin X" : 149.48043823242188,
			"BoundingBox3D Origin Y" : 3.2415676116943359,
			"BoundingBox3D Origin Z" : -1.117849588394165,
			"ObjectId" : 13,
			"ObjectType" : "CAR",
			"Occluded" : 0.0,
			"Relative Acceleration X" : -0.19052672386169434,
			"Relative Acceleration Y" : -0.21407920122146606,
			"Relative Acceleration Z" : 0.57571935653686523,
			"Relative Velocity X" : 3.5155782699584961,
			"Relative Velocity Y" : -0.37987622618675232,
			"Relative Velocity Z" : -0.36598703265190125,
			"Truncated" : 0
		},
		{
			"Absolute Acceleration X" : -0.73268318176269531,
			"Absolute Acceleration Y" : 0.42214229702949524,
			"Absolute Acceleration Z" : 0.020279079675674438,
			"Absolute Velocity X" : 25.64085578918457,
			"Absolute Velocity Y" : -0.61143201589584351,
			"Absolute Velocity Z" : -0.2642245888710022,
			"ActorName" : "CAR 15",
			"BoundingBox3D Extent X" : 4.6108527183532715,
			"BoundingBox3D Extent Y" : 2.4137849807739258,
			"BoundingBox3D Extent Z" : 1.9884499311447144,
			"BoundingBox3D Orientation Quat W" : -0.99987858533859253,
			"BoundingBox3D Orientation Quat X" : -0.00023729907115921378,
			"BoundingBox3D Orientation Quat Y" : -0.0054692323319613934,
			"BoundingBox3D Orientation Quat Z" : 0.01433229073882103,
			"BoundingBox3D Origin X" : -87.353767395019531,
			"BoundingBox3D Origin Y" : 2.1543924808502197,
			"BoundingBox3D Origin Z" : 1.8085219860076904,
			"ObjectId" : 15,
			"ObjectType" : "CAR",
			"Occluded" : 0.0,
			"Relative Acceleration X" : -0.90257728099822998,
			"Relative Acceleration Y" : 0.43447196483612061,
			"Relative Acceleration Z" : -0.37499094009399414,
			"Relative Velocity X" : -1.1208587884902954,
			"Relative Velocity Y" : -0.16404697299003601,
			"Relative Velocity Z" : 0.15485376119613647,
			"Truncated" : 0
		},
		{
			"Absolute Acceleration X" : -0.26537895202636719,
			"Absolute Acceleration Y" : -0.032575935125350952,
			"Absolute Acceleration Z" : -0.0015597045421600342,
			"Absolute Velocity X" : 27.469640731811523,
			"Absolute Velocity Y" : -0.3221609890460968,