{
	"CapturedObjects" : 
	[
		{
			"Absolute Acceleration X" : 0.18834638595581055,
			"Absolute Acceleration Y" : -0.46376189589500427,
			"Absolute Acceleration Z" : -0.0074766539037227631,
			"Absolute Velocity X" : 21.219432830810547,
			"Absolute Velocity Y" : -0.24737410247325897,
			"Absolute Velocity Z" : -0.20260371267795563,
			"ActorName" : "TRUCK 00",
			"BoundingBox3D Extent X" : 11.0,
			"BoundingBox3D Extent Y" : 2.8261775970458984,
			"BoundingBox3D Extent Z" : 2.7759857177734375,
			"BoundingBox3D Orientation Quat W" : 0.99995297193527222,
			"BoundingBox3D Orientation Quat X" : 0.0026014822069555521,
			"BoundingBox3D Orientation Quat Y" : 0.0051693390123546124,
			"BoundingBox3D Orientation Quat Z" : -0.0067085498012602329,
			"BoundingBox3D Origin X" : 1.4953011274337769,
			"BoundingBox3D Origin Y" : -3.7800703048706055,
			"BoundingBox3D Origin Z" : 1.323627233505249,
			"ObjectId" : 0,
			"ObjectType" : "TRUCK",
			"Occluded" : 0.0,
			"Relative Acceleration X" : 0.034454468637704849,
			"Relative Acceleration Y" : 0.05299791693687439,
			"Relative Acceleration Z" : -0.026323914527893066,
			"Relative Velocity X" : -3.9724864959716797,
			"Relative Velocity Y" : 0.0061908047646284103,
			"Relative Velocity Z" : 0.037342507392168045,
			"Truncated" : 0
		},
		{
			"Absolute Acceleration X" : 0.62828522920608521,
			"Absolute Acceleration Y" : -0.29925701022148132,
			"Absolute Acceleration Z" : -0.10501334071159363,
			"Absolute Velocity X" : 20.810157775878906,
			"Absolute Velocity Y" : 0.62183666229248047,
			"Absolute Velocity Z" : -0.039431065320968628,
			"ActorName" : "CAR 01",
			"BoundingBox3D Extent X" : 4.0999999046325684,
			"BoundingBox3D Extent Y" : 1.8643006086349487,
			"BoundingBox3D Extent Z" : 1.5256708860397339,
			"BoundingBox3D Orientation Quat W" : 0.99992340803146362,
			"BoundingBox3D Orientation Quat X" : 0.0025014746934175491,
			"BoundingBox3D Orientation Quat Y" : -0.00029646037728525698,
			"BoundingBox3D Orientation Quat Z" : 0.011719994246959686,
			"BoundingBox3D Origin X" : -47.310813903808594,
			"BoundingBox3D Origin Y" : -1.178730845451355,
			"BoundingBox3D Origin Z" : 0.99534696340560913,
			"ObjectId" : 1,
			"ObjectType" : "CAR",
			"Occluded" : 0.0,
			"Relative Acceleration X" : 0.47610160708427429,
			"Relative Acceleration Y" : 0.64634358882904053,
			"Relative Acceleration Z" : -0.58265626430511475,
			"Relative Velocity X" : -4.4626016616821289,
			"Relative Velocity Y" : -0.72600877285003662,
			"Relative Velocity Z" : 0.29238066077232361,
			"Truncated" : 0
		},
		{
			"Absolute Acceleration X" : 0.046045571565628052,
			"Absolute Acceleration Y" : -0.36946836113929749,
			"Absolute Acceleration Z" : -0.0031098902691155672,
			"Absolute Velocity X" : -24.896533966064453,
			"Absolute Velocity Y" : -0.77210992574691772,
			"Absolute Velocity Z" : 0.12161167711019516,
			"ActorName" : "CAR 02",
			"BoundingBox3D Extent X" : 4.61175537109375,
			"BoundingBox3D Extent Y" : 1.6534051895141602,
			"BoundingBox3D Extent Z" : 1.0874457359313965,
			"BoundingBox3D Orientation Quat W" : -0.013570616021752357,
			"BoundingBox3D Orientation Quat X" : 0.0023280740715563297,
			"BoundingBox3D Orientation Quat Y" : -0.00056492001749575138,
			"BoundingBox3D Orientation Quat Z" : 0.99990421533584595,
			"BoundingBox3D Origin X" : -54.7357177734375,
			"BoundingBox3D Origin Y" : 13.518389701843262,
			"BoundingBox3D Origin Z" : 1.9492802619934082,
			"ObjectId" : 2,
			"ObjectType" : "CAR",
			"Occluded" : 0.0,
			"Relative Acceleration X" : 0.14017008244991302,
			"Relative Acceleration Y" : -1.5279783010482788,
			"Relative Acceleration Z" : -0.98426955938339233,
			"Relative Velocity X" : -50.641220092773438,
			"Relative Velocity Y" : -2.8742642402648926,
			"Relative Velocity Z" : 0.93963462114334106,
			"Truncated" : 0
		},
		{
			"Absolute Acceleration X" : 0.2291586697101593,
			"Absolute Acceleration Y" : -0.87924748659133911,
			"Absolute Acceleration Z" : -0.18096213042736053,
			"Absolute Velocity X" : 30.744583129882812,
			"Absolute Velocity Y" : 0.99696987867355347,
			"Absolute Velocity Z" : -0.075552061200141907,
			"ActorName" : "CAR 03",
			"BoundingBox3D Extent X" : 4.3612446784973145,
			"BoundingBox3D Extent Y" : 2.5543322563171387,
			"BoundingBox3D Extent Z" : 1.4967716932296753,
			"BoundingBox3D Orientation Quat W" : 0.99973940849304199,
			"BoundingBox3D Orientation Quat X" : 0.00049902737373486161,
			"BoundingBox3D Orientation Quat Y" : 0.00086292426567524672,
			"BoundingBox3D Orientation Quat Z" : 0.022557418793439865,
			"BoundingBox3D Origin X" : -45.715961456298828,
			"BoundingBox3D Origin Y" : 3.4454598426818848,
			"BoundingBox3D Origin Z" : 1.0516905784606934,
			"ObjectId" : 3,
			"ObjectType" : "CAR",
			"Occluded" : 0.0,
			"Relative Acceleration X" : 0.11111260205507278,
			"Relative Acceleration Y" : 0.50958991050720215,
			"Relative Acceleration Z" : -0.58882057666778564,
			"Relative Velocity X" : 5.3198208808898926,
			"Relative Velocity Y" : -0.25235456228256226,
			"Relative Velocity Z" : 0.24307788908481598,
			"Truncated" : 0
		},
		{
			"Absolute Acceleration X" : 0.38479948043823242,
			"Absolute Acceleration Y" : -1.0214080810546875,
			"Absolute Acceleration Z" : -0.061159525066614151,
			"Absolute Velocity X" : 31.544027328491211,
			"Absolute Velocity Y" : -2.4789087772369385,
			"Absolute Velocity Z" : -0.46814680099487305,
			"ActorName" : "CAR 04",
			"BoundingBox3D Extent X" : 4.0999999046325684,
			"BoundingBox3D Extent Y" : 1.6322613954544067,
			"BoundingBox3D Extent Z" : 1.5688607692718506,
			"BoundingBox3D Orientation Quat W" : -0.9991384744644165,
			"BoundingBox3D Orientation Quat X" : -0.0021857477258890867,
			"BoundingBox3D Orientation Quat Y" : -0.0065425746142864227,
			"BoundingBox3D Orientation Quat Z" : 0.040810853242874146,
			"BoundingBox3D Origin X" : 59.073097229003906,
			"BoundingBox3D Origin Y" : 1.1694077253341675,
			"BoundingBox3D Origin Z" : 0.13315655291080475,
			"ObjectId" : 4,
			"ObjectType" : "CAR",
			"Occluded" : 0.0,
			"Relative Acceleration X" : 0.37101462483406067,
			"Relative Acceleration Y" : -0.53527569770812988,
			"Relative Acceleration Z" : 0.56296789646148682,
			"Relative Velocity X" : 6.1944918632507324,
			"Relative Velocity Y" : -0.27810549736022949,
			"Relative Velocity Z" : -0.39786911010742188,
			"Truncated" : 0
		},
		{
			"Absolute Acceleration X" : 0.35120034217834473,
			"Absolute Acceleration Y" : -0.26367029547691345,
			"Absolute Acceleration Z" : 0.09446590393781662,
			"Absolute Velocity X" : 22.926799774169922,
			"Absolute Velocity Y" : 1.6593327522277832,
			"Absolute Velocity Z" : -0.29161149263381958,
			"ActorName" : "CAR 05",
			"BoundingBox3D Extent X" : 4.1148619651794434,
			"BoundingBox3D Extent Y" : 0.80267590284347534,
			"BoundingBox3D Extent Z" : 0.8146359920501709,
			"BoundingBox3D Orientation Quat W" : 0.99933719635009766,
			"BoundingBox3D Orientation Quat X" : 0.00034461737959645689,
			"BoundingBox3D Orientation Quat Y" : 0.0072587546892464161,
			"BoundingBox3D Orientation Quat Z" : 0.035385984927415848,
			"BoundingBox3D Origin X" : -80.399650573730469,
			"BoundingBox3D Origin Y" : -4.0370211601257324,
			"BoundingBox3D Origin Z" : 0.83233404159545898,
			"ObjectId" : 5,
			"ObjectType" : "CAR",
			"Occluded" : 0.0,
			"Relative Acceleration X" : 0.14411769807338715,
			"Relative Acceleration Y" : 1.0539718866348267,
			"Relative Acceleration Z" : -0.63206446170806885,
			"Relative Velocity X" : -2.2566637992858887,
			"Relative Velocity Y" : -0.7504616379737854,
			"Relative Velocity Z" : 0.074106231331825256,
			"Truncated" : 0
		},
		{
			"Absolute Acceleration X" : -0.37197497487068176,
			"Absolute Acceleration Y" : -0.53963619470596313,
			"Absolute Acceleration Z" : -0.023466041311621666,
			"Absolute Velocity X" : 23.363245010375977,
			"Absolute Velocity Y" : 3.0262253284454346,
			"Absolute Velocity Z" : -0.017200469970703125,