{
	"CapturedObjects" : 
	[
		{
			"Absolute Acceleration X" : -0.29886054992675781,
			"Absolute Acceleration Y" : -0.1711992621421814,
			"Absolute Acceleration Z" : -0.0058934390544891357,
			"Absolute Velocity X" : 24.092746734619141,
			"Absolute Velocity Y" : -0.38710206747055054,
			"Absolute Velocity Z" : -0.25157147645950317,
			"ActorName" : "TRUCK 00",
			"BoundingBox3D Extent X" : 16.402755737304688,
			"BoundingBox3D Extent Y" : 3.0087175369262695,
			"BoundingBox3D Extent Z" : 2.9450562000274658,
			"BoundingBox3D Orientation Quat W" : -0.9997180700302124,
			"BoundingBox3D Orientation Quat X" : 0.015640655532479286,
			"BoundingBox3D Orientation Quat Y" : -0.0041803224012255669,
			"BoundingBox3D Orientation Quat Z" : 0.0089706592261791229,
			"BoundingBox3D Origin X" : 0.054844290018081665,
			"BoundingBox3D Origin Y" : 13.084482192993164,
			"BoundingBox3D Origin Z" : 1.3211216926574707,
			"ObjectId" : 0,
			"ObjectType" : "TRUCK",
			"Occluded" : 0.0,
			"Relative Acceleration X" : 0.14724826812744141,
			"Relative Acceleration Y" : -0.26892441511154175,
			"Relative Acceleration Z" : -0.012213169597089291,
			"Relative Velocity X" : 2.3148093223571777,
			"Relative Velocity Y" : -0.17183750867843628,
			"Relative Velocity Z" : 0.0084648644551634789,
			"Truncated" : 0
		},
		{
			"Absolute Acceleration X" : 0.78288161754608154,
			"Absolute Acceleration Y" : 0.042049314826726913,
			"Absolute Acceleration Z" : -0.08249489963054657,
			"Absolute Velocity X" : 25.6680908203125,
			"Absolute Velocity Y" : -0.19190429151058197,
			"Absolute Velocity Z" : -0.28961208462715149,
			"ActorName" : "TRUCK 01",
			"BoundingBox3D Extent X" : 11.0,
			"BoundingBox3D Extent Y" : 2.7094628810882568,
			"BoundingBox3D Extent Z" : 3.9354896545410156,
			"BoundingBox3D Orientation Quat W" : 0.99997246265411377,
			"BoundingBox3D Orientation Quat X" : 0.0011577225523069501,
			"BoundingBox3D Orientation Quat Y" : 0.0053878971375524998,
			"BoundingBox3D Orientation Quat Z" : -0.0038273739628493786,
			"BoundingBox3D Origin X" : 58.743247985839844,
			"BoundingBox3D Origin Y" : 15.77558708190918,
			"BoundingBox3D Origin Z" : 1.2879302501678467,
			"ObjectId" : 1,
			"ObjectType" : "TRUCK",
			"Occluded" : 0.0,
			"Relative Acceleration X" : 1.1587886810302734,
			"Relative Acceleration Y" : 0.023184819146990776,
			"Relative Acceleration Z" : -0.061798710376024246,
			"Relative Velocity X" : 3.8986313343048096,
			"Relative Velocity Y" : -0.15883320569992065,
			"Relative Velocity Z" : 0.066903956234455109,
			"Truncated" : 0
		},
		{
			"Absolute Acceleration X" : -0.89418601989746094,
			"Absolute Acceleration Y" : -1.4133334159851074,
			"Absolute Acceleration Z" : -0.047446638345718384,
			"Absolute Velocity X" : 13.979175567626953,
			"Absolute Velocity Y" : -8.3120565414428711,
			"Absolute Velocity Z" : -0.27733337879180908,
			"ActorName" : "CAR 02",
			"BoundingBox3D Extent X" : 3.864055871963501,
			"BoundingBox3D Extent Y" : 1.9809699058532715,
			"BoundingBox3D Extent Z" : 1.523533821105957,
			"BoundingBox3D Orientation Quat W" : -0.96236753463745117,
			"BoundingBox3D Orientation Quat X" : -0.019386082887649536,
			"BoundingBox3D Orientation Quat Y" : -0.0032777879387140274,
			"BoundingBox3D Orientation Quat Z" : 0.27089464664459229,
			"BoundingBox3D Origin X" : -2.9616570472717285,
			"BoundingBox3D Origin Y" : -24.686649322509766,
			"BoundingBox3D Origin Z" : 0.31692424416542053,
			"ObjectId" : 2,
			"ObjectType" : "CAR",
			"Occluded" : 0.0,
			"Relative Acceleration X" : -0.34946584701538086,
			"Relative Acceleration Y" : -1.4601497650146484,
			"Relative Acceleration Z" : -0.17638915777206421,
			"Relative Velocity X" : -7.91424560546875,
			"Relative Velocity Y" : -8.0826072692871094,
			"Relative Velocity Z" : -0.25917735695838928,
			"Truncated" : 0
		},
		{
			"Absolute Acceleration X" : -0.13022804260253906,
			"Absolute Acceleration Y" : 0.10379333794116974,
			"Absolute Acceleration Z" : -0.033115655183792114,
			"Absolute Velocity X" : 22.439668655395508,
			"Absolute Velocity Y" : -0.27657976746559143,
			"Absolute Velocity Z" : -0.17049102485179901,
			"ActorName" : "CAR 03",
			"BoundingBox3D Extent X" : 4.2844457626342773,
			"BoundingBox3D Extent Y" : 2.0036630630493164,
			"BoundingBox3D Extent Z" : 1.5117292404174805,
			"BoundingBox3D Orientation Quat W" : 0.99993818998336792,
			"BoundingBox3D Orientation Quat X" : 0.0047851670533418655,
			"BoundingBox3D Orientation Quat Y" : 0.0033549275249242783,
			"BoundingBox3D Orientation Quat Z" : -0.008948412723839283,
			"BoundingBox3D Origin X" : -22.201332092285156,
			"BoundingBox3D Origin Y" : 0.84977573156356812,
			"BoundingBox3D Origin Z" : 0.89016193151473999,
			"ObjectId" : 3,
			"ObjectType" : "CAR",
			"Occluded" : 0.0,
			"Relative Acceleration X" : 0.36282843351364136,
			"Relative Acceleration Y" : -0.064989864826202393,
			"Relative Acceleration Z" : -0.12273199111223221,
			"Relative Velocity X" : 0.62432044744491577,
			"Relative Velocity Y" : 0.010587536729872227,
			"Relative Velocity Z" : -0.024164546281099319,
			"Truncated" : 0
		},
		{
			"Absolute Acceleration X" : -0.050480779260396957,
			"Absolute Acceleration Y" : 0.26044735312461853,
			"Absolute Acceleration Z" : -0.11173373460769653,
			"Absolute Velocity X" : -25.093832015991211,
			"Absolute Velocity Y" : 0.47515863180160522,
			"Absolute Velocity Z" : -0.038351014256477356,
			"ActorName" : "TRUCK 04",
			"BoundingBox3D Extent X" : 11.0,
			"BoundingBox3D Extent Y" : 2.6521282196044922,
			"BoundingBox3D Extent Z" : 2.2081174850463867,
			"BoundingBox3D Orientation Quat W" : 0.0071300170384347439,
			"BoundingBox3D Orientation Quat X" : -0.00046397361438721418,
			"BoundingBox3D Orientation Quat Y" : -0.003124806797131896,
			"BoundingBox3D Orientation Quat Z" : 0.9999658465385437,
			"BoundingBox3D Origin X" : -203.93206787109375,
			"BoundingBox3D Origin Y" : 37.775623321533203,
			"BoundingBox3D Origin Z" : 2.8350322246551514,
			"ObjectId" : 4,
			"ObjectType" : "TRUCK",
			"Occluded" : 0.0,
			"Relative Acceleration X" : 0.28797337412834167,
			"Relative Acceleration Y" : 0.12806776165962219,
			"Relative Acceleration Z" : 0.31577539443969727,
			"Relative Velocity X" : -46.796886444091797,
			"Relative Velocity Y" : 1.3105021715164185,
			"Relative Velocity Z" : 0.039405602961778641,
			"Truncated" : 0
		},
		{
			"Absolute Acceleration X" : -0.31677833199501038,
			"Absolute Acceleration Y" : -0.20312638580799103,
			"Absolute Acceleration Z" : -0.020604323595762253,
			"Absolute Velocity X" : 20.542707443237305,
			"Absolute Velocity Y" : -0.2944505512714386,
			"Absolute Velocity Z" : -0.098370671272277832,
			"ActorName" : "CAR 05",
			"BoundingBox3D Extent X" : 4.0999999046325684,
			"BoundingBox3D Extent Y" : 1.7952501773834229,
			"BoundingBox3D Extent Z" : 0.93272018432617188,
			"BoundingBox3D Orientation Quat W" : 0.99996531009674072,
			"BoundingBox3D Orientation Quat X" : 0.0031492949929088354,
			"BoundingBox3D Orientation Quat Y" : 0.0029698442667722702,
			"BoundingBox3D Orientation Quat Z" : -0.0063095302321016788,
			"BoundingBox3D Origin X" : -112.60250854492188,
			"BoundingBox3D Origin Y" : -1.2302634716033936,
			"BoundingBox3D Origin Z" : 1.104856014251709,
			"ObjectId" : 5,
			"ObjectType" : "CAR",
			"Occluded" : 0.0,
			"Relative Acceleration X" : 0.097548283636569977,
			"Relative Acceleration Y" : -0.47250241041183472,
			"Relative Acceleration Z" : 0.8770066499710083,
			"Relative Velocity X" : -1.3253027200698853,
			"Relative Velocity Y" : 0.32156148552894592,
			"Relative Velocity Z" : 0.098542787134647369,
			"Truncated" : 0
		},
		{
			"Absolute Acceleration X" : 0.17124515771865845,
			"Absolute Acceleration Y" : 0.13110768795013428,
			"Absolute Acceleration Z" : 0.021459417417645454,
			"Absolute Velocity X" : 21.850008010864258,
			"Absolute Velocity Y" : -0.3065667450428009,
			"Absolute Velocity Z" : -0.24278292059898376,