{
	"CapturedObjects" : 
	[
		{
			"Absolute Acceleration X" : 0.14220619201660156,
			"Absolute Acceleration Y" : -1.0039184093475342,
			"Absolute Acceleration Z" : 0.021091952919960022,
			"Absolute Velocity X" : 24.372169494628906,
			"Absolute Velocity Y" : 0.43813222646713257,
			"Absolute Velocity Z" : -0.21852965652942657,
			"ActorName" : "TRUCK 00",
			"BoundingBox3D Extent X" : 6.6553831100463867,
			"BoundingBox3D Extent Y" : 3.0,
			"BoundingBox3D Extent Z" : 2.1005990505218506,
			"BoundingBox3D Orientation Quat W" : 0.99994993209838867,
			"BoundingBox3D Orientation Quat X" : -0.0021494138054549694,
			"BoundingBox3D Orientation Quat Y" : 0.0034455219283699989,
			"BoundingBox3D Orientation Quat Z" : 0.0089420564472675323,
			"BoundingBox3D Origin X" : -18.866310119628906,
			"BoundingBox3D Origin Y" : -3.4274296760559082,
			"BoundingBox3D Origin Z" : 1.1596599817276001,
			"ObjectId" : 0,
			"ObjectType" : "TRUCK",
			"Occluded" : 0.0,
			"Relative Acceleration X" : 0.16508984565734863,
			"Relative Acceleration Y" : -0.083076044917106628,
			"Relative Acceleration Z" : 0.010171161964535713,
			"Relative Velocity X" : -3.3189470767974854,
			"Relative Velocity Y" : -0.34700527787208557,
			"Relative Velocity Z" : 0.049665138125419617,
			"Truncated" : 0
		},
		{
			"Absolute Acceleration X" : 0.07076263427734375,
			"Absolute Acceleration Y" : -1.4221521615982056,
			"Absolute Acceleration Z" : 0.027969583868980408,
			"Absolute Velocity X" : 28.395854949951172,
			"Absolute Velocity Y" : 0.71079504489898682,
			"Absolute Velocity Z" : -0.24603107571601868,
			"ActorName" : "CAR 02",
			"BoundingBox3D Extent X" : 4.3166317939758301,
			"BoundingBox3D Extent Y" : 2.0303733348846436,
			"BoundingBox3D Extent Z" : 1.4497169256210327,
			"BoundingBox3D Orientation Quat W" : 0.99991041421890259,
			"BoundingBox3D Orientation Quat X" : 0.0086916601285338402,
			"BoundingBox3D Orientation Quat Y" : 0.0047289105132222176,
			"BoundingBox3D Orientation Quat Z" : 0.0087099159136414528,
			"BoundingBox3D Origin X" : -21.058071136474609,
			"BoundingBox3D Origin Y" : 0.090615421533584595,
			"BoundingBox3D Origin Z" : 0.83519566059112549,
			"ObjectId" : 2,
			"ObjectType" : "CAR",
			"Occluded" : 0.0,
			"Relative Acceleration X" : 0.055086523294448853,
			"Relative Acceleration Y" : -0.1424541175365448,
			"Relative Acceleration Z" : -0.0049632214941084385,
			"Relative Velocity X" : 0.52693337202072144,
			"Relative Velocity Y" : -0.18025422096252441,
			"Relative Velocity Z" : 0.035129383206367493,
			"Truncated" : 0
		},
		{
			"Absolute Acceleration X" : 0.39145660400390625,
			"Absolute Acceleration Y" : -0.91393136978149414,
			"Absolute Acceleration Z" : 0.026359483599662781,
			"Absolute Velocity X" : 23.385509490966797,
			"Absolute Velocity Y" : 1.4166758060455322,
			"Absolute Velocity Z" : -0.22576308250427246,
			"ActorName" : "CAR 03",
			"BoundingBox3D Extent X" : 5.0730719566345215,
			"BoundingBox3D Extent Y" : 2.2716178894042969,
			"BoundingBox3D Extent Z" : 1.5020607709884644,
			"BoundingBox3D Orientation Quat W" : 0.99940776824951172,
			"BoundingBox3D Orientation Quat X" : -0.0044150589965283871,
			"BoundingBox3D Orientation Quat Y" : 0.003777701873332262,
			"BoundingBox3D Orientation Quat Z" : 0.03380357101559639,
			"BoundingBox3D Origin X" : -41.269210815429688,
			"BoundingBox3D Origin Y" : -4.602869987487793,
			"BoundingBox3D Origin Z" : 1.0756350755691528,
			"ObjectId" : 3,
			"ObjectType" : "CAR",
			"Occluded" : 0.0,
			"Relative Acceleration X" : 0.37645530700683594,
			"Relative Acceleration Y" : -0.224587082862854,
			"Relative Acceleration Z" : 0.070132844150066376,
			"Relative Velocity X" : -4.2455086708068848,
			"Relative Velocity Y" : -0.50143593549728394,
			"Relative Velocity Z" : 0.10979459434747696,
			"Truncated" : 0
		},
		{
			"Absolute Acceleration X" : -0.33488956093788147,
			"Absolute Acceleration Y" : -1.0557388067245483,
			"Absolute Acceleration Z" : 0.048760335892438889,
			"Absolute Velocity X" : 24.945817947387695,
			"Absolute Velocity Y" : -1.7440686225891113,
			"Absolute Velocity Z" : -0.10867238789796829,
			"ActorName" : "TRUCK 20",
			"BoundingBox3D Extent X" : 11.0,
			"BoundingBox3D Extent Y" : 2.7777366638183594,
			"BoundingBox3D Extent Z" : 3.5999290943145752,
			"BoundingBox3D Orientation Quat W" : -0.99961978197097778,
			"BoundingBox3D Orientation Quat X" : 0.0020161895081400871,
			"BoundingBox3D Orientation Quat Y" : -0.0018769141752272844,
			"BoundingBox3D Orientation Quat Z" : 0.027335619553923607,
			"BoundingBox3D Origin X" : 36.159400939941406,
			"BoundingBox3D Origin Y" : -4.5093116760253906,
			"BoundingBox3D Origin Z" : 1.5410301685333252,
			"ObjectId" : 20,
			"ObjectType" : "TRUCK",
			"Occluded" : 0.0,
			"Relative Acceleration X" : -0.22067083418369293,
			"Relative Acceleration Y" : 0.29806992411613464,
			"Relative Acceleration Z" : -0.074646420776844025,
			"Relative Velocity X" : -2.6886289119720459,
			"Relative Velocity Y" : 0.25542539358139038,
			"Relative Velocity Z" : -0.019177433103322983,
			"Truncated" : 0
		},
		{
			"Absolute Acceleration X" : -0.29123497009277344,
			"Absolute Acceleration Y" : -1.3718229532241821,
			"Absolute Acceleration Z" : 0.034690752625465393,
			"Absolute Velocity X" : 28.709417343139648,
			"Absolute Velocity Y" : -2.058863639831543,
			"Absolute Velocity Z" : -0.13370336592197418,
			"ActorName" : "CAR 28",
			"BoundingBox3D Extent X" : 4.5207657814025879,
			"BoundingBox3D Extent Y" : 2.0078058242797852,
			"BoundingBox3D Extent Z" : 2.0496177673339844,
			"BoundingBox3D Orientation Quat W" : -0.99947947263717651,
			"BoundingBox3D Orientation Quat X" : -0.0027568410150706768,
			"BoundingBox3D Orientation Quat Y" : -0.001137198880314827,
			"BoundingBox3D Orientation Quat Z" : 0.032223131507635117,
			"BoundingBox3D Origin X" : 39.129688262939453,
			"BoundingBox3D Origin Y" : -0.80710130929946899,
			"BoundingBox3D Origin Z" : 0.79313808679580688,
			"ObjectId" : 28,
			"ObjectType" : "CAR",
			"Occluded" : 0.0,
			"Relative Acceleration X" : -0.1770898699760437,
			"Relative Acceleration Y" : 0.29726269841194153,
			"Relative Acceleration Z" : -0.12097825855016708,
			"Relative Velocity X" : 0.88589233160018921,
			"Relative Velocity Y" : 0.097902089357376099,
			"Relative Velocity Z" : -0.045337975025177002,
			"Truncated" : 0
		},
		{
			"Absolute Acceleration X" : 0.2490386962890625,
			"Absolute Acceleration Y" : -0.95269298553466797,
			"Absolute Acceleration Z" : 0.062502145767211914,
			"Absolute Velocity X" : 25.771860122680664,
			"Absolute Velocity Y" : 4.5063858032226562,
			"Absolute Velocity Z" : -0.41421627998352051,
			"ActorName" : "CAR 36",
			"BoundingBox3D Extent X" : 4.0999999046325684,
			"BoundingBox3D Extent Y" : 1.7466938495635986,
			"BoundingBox3D Extent Z" : 0.78176331520080566,
			"BoundingBox3D Orientation Quat W" : 0.99645465612411499,
			"BoundingBox3D Orientation Quat X" : 0.0042331023141741753,
			"BoundingBox3D Orientation Quat Y" : 0.0079342527315020561,
			"BoundingBox3D Orientation Quat Z" : 0.08363090455532074,
			"BoundingBox3D Origin X" : -108.47536468505859,
			"BoundingBox3D Origin Y" : -8.3734445571899414,
			"BoundingBox3D Origin Z" : 1.4353311061859131,
			"ObjectId" : 36,
			"ObjectType" : "CAR",
			"Occluded" : 0.0,
			"Relative Acceleration X" : 0.12180554866790771,
			"Relative Acceleration Y" : -0.42328035831451416,
			"Relative Acceleration Z" : 0.25395607948303223,
			"Relative Velocity X" : -1.6708188056945801,
			"Relative Velocity Y" : -0.81861287355422974,
			"Relative Velocity Z" : 0.11383841186761856,
			"Truncated" : 0
		},
		{
			"Absolute Acceleration X" : 1.3994592428207397,
			"Absolute Acceleration Y" : 0.16861659288406372,
			"Absolute Acceleration Z" : 0.12640814483165741,
			"Absolute Velocity X" : -32.651790618896484,
			"Absolute Velocity Y" : -1.2052605152130127,
			"Absolute Velocity Z" : 0.42259716987609863,
			"ActorName" : "CAR 38",