{
	"CapturedObjects" : 
	[
		{
			"Absolute Acceleration X" : -0.16972732543945312,
			"Absolute Acceleration Y" : -1.2670621871948242,
			"Absolute Acceleration Z" : 0.19427374005317688,
			"Absolute Velocity X" : 31.555728912353516,
			"Absolute Velocity Y" : -0.23402006924152374,
			"Absolute Velocity Z" : -0.2188054621219635,
			"ActorName" : "CAR 00",
			"BoundingBox3D Extent X" : 4.5042562484741211,
			"BoundingBox3D Extent Y" : 1.9098014831542969,
			"BoundingBox3D Extent Z" : 1.5026005506515503,
			"BoundingBox3D Orientation Quat W" : 0.99998003244400024,
			"BoundingBox3D Orientation Quat X" : -0.0011837444035336375,
			"BoundingBox3D Orientation Quat Y" : 0.0041705453768372536,
			"BoundingBox3D Orientation Quat Z" : -0.0024584629572927952,
			"BoundingBox3D Origin X" : -1.505217432975769,
			"BoundingBox3D Origin Y" : 4.8202376365661621,
			"BoundingBox3D Origin Z" : 0.73113834857940674,
			"ObjectId" : 0,
			"ObjectType" : "CAR",
			"Occluded" : 0.0,
			"Relative Acceleration X" : 0.1058039665222168,
			"Relative Acceleration Y" : -0.35827529430389404,
			"Relative Acceleration Z" : -0.0089062917977571487,
			"Relative Velocity X" : 3.8736262321472168,
			"Relative Velocity Y" : -0.051776699721813202,
			"Relative Velocity Z" : -0.026384150609374046,
			"Truncated" : 0
		},
		{
			"Absolute Acceleration X" : -0.19504547119140625,
			"Absolute Acceleration Y" : -1.1116411685943604,
			"Absolute Acceleration Z" : 0.19688799977302551,
			"Absolute Velocity X" : 32.462120056152344,
			"Absolute Velocity Y" : -1.0084701776504517,
			"Absolute Velocity Z" : -0.083168886601924896,
			"ActorName" : "CAR 01",
			"BoundingBox3D Extent X" : 4.5348529815673828,
			"BoundingBox3D Extent Y" : 1.9780007600784302,
			"BoundingBox3D Extent Z" : 1.5060240030288696,
			"BoundingBox3D Orientation Quat W" : -0.99987423419952393,
			"BoundingBox3D Orientation Quat X" : 0.00042118178680539131,
			"BoundingBox3D Orientation Quat Y" : -0.0016899346373975277,
			"BoundingBox3D Orientation Quat Z" : 0.015541002154350281,
			"BoundingBox3D Origin X" : 22.784929275512695,
			"BoundingBox3D Origin Y" : 3.9187877178192139,
			"BoundingBox3D Origin Z" : 0.62475526332855225,
			"ObjectId" : 1,
			"ObjectType" : "CAR",
			"Occluded" : 0.0,
			"Relative Acceleration X" : 0.10593175888061523,
			"Relative Acceleration Y" : -0.12047868967056274,
			"Relative Acceleration Z" : -0.025622159242630005,
			"Relative Velocity X" : 4.8013162612915039,
			"Relative Velocity Y" : -0.20778736472129822,
			"Relative Velocity Z" : -0.092037893831729889,
			"Truncated" : 0
		},
		{
			"Absolute Acceleration X" : 0.32769012451171875,
			"Absolute Acceleration Y" : -0.97924160957336426,
			"Absolute Acceleration Z" : 0.01364077627658844,
			"Absolute Velocity X" : 17.547277450561523,
			"Absolute Velocity Y" : -1.1163649559020996,
			"Absolute Velocity Z" : 0.12505251169204712,
			"ActorName" : "TRUCK 02",
			"BoundingBox3D Extent X" : 11.0,
			"BoundingBox3D Extent Y" : 2.815864086151123,
			"BoundingBox3D Extent Z" : 3.5491955280303955,
			"BoundingBox3D Orientation Quat W" : -0.99978488683700562,
			"BoundingBox3D Orientation Quat X" : 0.0016933802980929613,
			"BoundingBox3D Orientation Quat Y" : 0.0034733067732304335,
			"BoundingBox3D Orientation Quat Z" : 0.020036198198795319,
			"BoundingBox3D Origin X" : 73.7857666015625,
			"BoundingBox3D Origin Y" : -6.8428196907043457,
			"BoundingBox3D Origin Z" : 1.8299601078033447,
			"ObjectId" : 2,
			"ObjectType" : "TRUCK",
			"Occluded" : 0.0,
			"Relative Acceleration X" : 0.60346698760986328,
			"Relative Acceleration Y" : -0.66662424802780151,
			"Relative Acceleration Z" : -0.073623351752758026,
			"Relative Velocity X" : -9.8310432434082031,
			"Relative Velocity Y" : 0.96567350625991821,
			"Relative Velocity Z" : -0.25881859660148621,
			"Truncated" : 0
		},
		{
			"Absolute Acceleration X" : -0.23355865478515625,
			"Absolute Acceleration Y" : -0.80774867534637451,
			"Absolute Acceleration Z" : 0.14088819921016693,
			"Absolute Velocity X" : 26.436000823974609,
			"Absolute Velocity Y" : -1.1570447683334351,
			"Absolute Velocity Z" : 0.058200955390930176,
			"ActorName" : "CAR 04",
			"BoundingBox3D Extent X" : 4.1167516708374023,
			"BoundingBox3D Extent Y" : 1.7308224439620972,
			"BoundingBox3D Extent Z" : 1.4999700784683228,
			"BoundingBox3D Orientation Quat W" : -0.99963682889938354,
			"BoundingBox3D Orientation Quat X" : -0.00070954166585579515,
			"BoundingBox3D Orientation Quat Y" : 0.0020104008726775646,
			"BoundingBox3D Orientation Quat Z" : 0.026706121861934662,
			"BoundingBox3D Origin X" : 44.327075958251953,
			"BoundingBox3D Origin Y" : -0.39967405796051025,
			"BoundingBox3D Origin Z" : 0.59848570823669434,
			"ObjectId" : 4,
			"ObjectType" : "CAR",
			"Occluded" : 0.0,
			"Relative Acceleration X" : 0.067329049110412598,
			"Relative Acceleration Y" : -0.0892457515001297,
			"Relative Acceleration Z" : -0.026526167988777161,
			"Relative Velocity X" : -1.1159355640411377,
			"Relative Velocity Y" : 0.18379320204257965,
			"Relative Velocity Z" : -0.10978066176176071,
			"Truncated" : 0
		},
		{
			"Absolute Acceleration X" : -0.40760040283203125,
			"Absolute Acceleration Y" : -0.34467983245849609,
			"Absolute Acceleration Z" : -0.0099398791790008545,
			"Absolute Velocity X" : 24.643102645874023,
			"Absolute Velocity Y" : -3.2336807250976562,
			"Absolute Velocity Z" : 0.41072356700897217,
			"ActorName" : "CAR 05",
			"BoundingBox3D Extent X" : 4.0999999046325684,
			"BoundingBox3D Extent Y" : 1.8278701305389404,
			"BoundingBox3D Extent Z" : 1.5071696043014526,
			"BoundingBox3D Orientation Quat W" : -0.99753499031066895,
			"BoundingBox3D Orientation Quat X" : 0.00046214644680730999,
			"BoundingBox3D Orientation Quat Y" : 0.0084321489557623863,
			"BoundingBox3D Orientation Quat Z" : 0.069603584706783295,
			"BoundingBox3D Origin X" : 125.72801971435547,
			"BoundingBox3D Origin Y" : -8.0822582244873047,
			"BoundingBox3D Origin Z" : 1.4427673816680908,
			"ObjectId" : 5,
			"ObjectType" : "CAR",
			"Occluded" : 0.0,
			"Relative Acceleration X" : -0.038116455078125,
			"Relative Acceleration Y" : 0.41202378273010254,
			"Relative Acceleration Z" : -0.19855022430419922,
			"Relative Velocity X" : -2.7097222805023193,
			"Relative Velocity Y" : 0.17349149286746979,
			"Relative Velocity Z" : -0.41552284359931946,
			"Truncated" : 0
		},
		{
			"Absolute Acceleration X" : 0.22369438409805298,
			"Absolute Acceleration Y" : -0.6853364109992981,
			"Absolute Acceleration Z" : -0.0086533380672335625,
			"Absolute Velocity X" : 17.307373046875,
			"Absolute Velocity Y" : -0.7483024001121521,
			"Absolute Velocity Z" : 0.10716080665588379,
			"ActorName" : "TRUCK 06",
			"BoundingBox3D Extent X" : 11.0,
			"BoundingBox3D Extent Y" : 2.5559244155883789,
			"BoundingBox3D Extent Z" : 4.1102924346923828,
			"BoundingBox3D Orientation Quat W" : 0.99975788593292236,
			"BoundingBox3D Orientation Quat X" : -0.0049983537755906582,
			"BoundingBox3D Orientation Quat Y" : -0.0031187848653644323,
			"BoundingBox3D Orientation Quat Z" : -0.020727740600705147,
			"BoundingBox3D Origin X" : 83.574264526367188,
			"BoundingBox3D Origin Y" : -6.5953578948974609,
			"BoundingBox3D Origin Z" : 2.167971134185791,
			"ObjectId" : 6,
			"ObjectType" : "TRUCK",
			"Occluded" : 0.0,
			"Relative Acceleration X" : 0.41506406664848328,
			"Relative Acceleration Y" : -0.63443303108215332,
			"Relative Acceleration Z" : -0.21640901267528534,
			"Relative Velocity X" : -10.075896263122559,
			"Relative Velocity Y" : 1.581329345703125,
			"Relative Velocity Z" : -0.35553926229476929,
			"Truncated" : 0
		},
		{
			"Absolute Acceleration X" : 0.076045744121074677,
			"Absolute Acceleration Y" : -0.8830108642578125,
			"Absolute Acceleration Z" : -0.0050723613239824772,
			"Absolute Velocity X" : -32.244731903076172,
			"Absolute Velocity Y" : -2.0967886447906494,
			"Absolute Velocity Z" : 0.41560214757919312,