{
	"CapturedObjects" : 
	[
		{
			"Absolute Acceleration X" : -0.1038055419921875,
			"Absolute Acceleration Y" : -0.11786656081676483,
			"Absolute Acceleration Z" : 0.010312646627426147,
			"Absolute Velocity X" : 26.594219207763672,
			"Absolute Velocity Y" : -0.19825214147567749,
			"Absolute Velocity Z" : -0.27559581398963928,
			"ActorName" : "CAR 00",
			"BoundingBox3D Extent X" : 4.3256669044494629,
			"BoundingBox3D Extent Y" : 2.2182471752166748,
			"BoundingBox3D Extent Z" : 1.6845625638961792,
			"BoundingBox3D Orientation Quat W" : 0.99996459484100342,
			"BoundingBox3D Orientation Quat X" : 0.0030669171828776598,
			"BoundingBox3D Orientation Quat Y" : 0.0050185294821858406,
			"BoundingBox3D Orientation Quat Z" : -0.0056860083714127541,
			"BoundingBox3D Origin X" : -23.122074127197266,
			"BoundingBox3D Origin Y" : 0.98564654588699341,
			"BoundingBox3D Origin Z" : 1.0280925035476685,
			"ObjectId" : 0,
			"ObjectType" : "CAR",
			"Occluded" : 0.0,
			"Relative Acceleration X" : -0.098605677485466003,
			"Relative Acceleration Y" : -0.0077323690056800842,
			"Relative Acceleration Z" : -0.069142147898674011,
			"Relative Velocity X" : -0.24723376333713531,
			"Relative Velocity Y" : 0.014891969040036201,
			"Relative Velocity Z" : -0.22235620021820068,
			"Truncated" : 0
		},
		{
			"Absolute Acceleration X" : -0.24751663208007812,
			"Absolute Acceleration Y" : 0.11263003945350647,
			"Absolute Acceleration Z" : -0.085526317358016968,
			"Absolute Velocity X" : 25.71131706237793,
			"Absolute Velocity Y" : -0.30230087041854858,
			"Absolute Velocity Z" : -0.38234660029411316,
			"ActorName" : "CAR 01",
			"BoundingBox3D Extent X" : 4.0999999046325684,
			"BoundingBox3D Extent Y" : 1.6430835723876953,
			"BoundingBox3D Extent Z" : 1.4837304353713989,
			"BoundingBox3D Orientation Quat W" : 0.99994152784347534,
			"BoundingBox3D Orientation Quat X" : -0.00059456756571307778,
			"BoundingBox3D Orientation Quat Y" : 0.0074287001043558121,
			"BoundingBox3D Orientation Quat Z" : -0.0074465577490627766,
			"BoundingBox3D Origin X" : 48.91900634765625,
			"BoundingBox3D Origin Y" : 0.16259492933750153,
			"BoundingBox3D Origin Z" : 0.11956930160522461,
			"ObjectId" : 1,
			"ObjectType" : "CAR",
			"Occluded" : 0.0,
			"Relative Acceleration X" : -0.2404370903968811,
			"Relative Acceleration Y" : 0.042002156376838684,
			"Relative Acceleration Z" : 0.12037516385316849,
			"Relative Velocity X" : -1.1227787733078003,
			"Relative Velocity Y" : -0.014023150317370892,
			"Relative Velocity Z" : 0.24101917445659637,
			"Truncated" : 0
		},
		{
			"Absolute Acceleration X" : 1.1521167755126953,
			"Absolute Acceleration Y" : -0.067838191986083984,
			"Absolute Acceleration Z" : -0.091566085815429688,
			"Absolute Velocity X" : 32.35345458984375,
			"Absolute Velocity Y" : -0.30722013115882874,
			"Absolute Velocity Z" : -0.44691592454910278,
			"ActorName" : "CAR 02",
			"BoundingBox3D Extent X" : 4.2486448287963867,
			"BoundingBox3D Extent Y" : 2.080385684967041,
			"BoundingBox3D Extent Z" : 1.7102546691894531,
			"BoundingBox3D Orientation Quat W" : 0.9999585747718811,
			"BoundingBox3D Orientation Quat X" : -0.0016457817982882261,
			"BoundingBox3D Orientation Quat Y" : 0.0068251090124249458,
			"BoundingBox3D Orientation Quat Z" : -0.0053283413872122765,
			"BoundingBox3D Origin X" : 36.840099334716797,
			"BoundingBox3D Origin Y" : 3.6903843879699707,
			"BoundingBox3D Origin Z" : 0.38202184438705444,
			"ObjectId" : 2,
			"ObjectType" : "CAR",
			"Occluded" : 0.0,
			"Relative Acceleration X" : 1.1671628952026367,
			"Relative Acceleration Y" : -0.076488025486469269,
			"Relative Acceleration Z" : 0.10705991089344025,
			"Relative Velocity X" : 5.5135836601257324,
			"Relative Velocity Y" : -0.028973279520869255,
			"Relative Velocity Z" : 0.085004411637783051,
			"Truncated" : 0
		},
		{
			"Absolute Acceleration X" : -0.12565803527832031,
			"Absolute Acceleration Y" : 0.022731199860572815,
			"Absolute Acceleration Z" : -0.073126882314682007,
			"Absolute Velocity X" : 25.648664474487305,
			"Absolute Velocity Y" : -0.19071033596992493,
			"Absolute Velocity Z" : -0.46600383520126343,
			"ActorName" : "CAR 03",
			"BoundingBox3D Extent X" : 4.277015209197998,
			"BoundingBox3D Extent Y" : 1.7916508913040161,
			"BoundingBox3D Extent Z" : 2.0896675586700439,
			"BoundingBox3D Orientation Quat W" : 0.9999498724937439,
			"BoundingBox3D Orientation Quat X" : 0.00057510094484314322,
			"BoundingBox3D Orientation Quat Y" : 0.0089583070948719978,
			"BoundingBox3D Orientation Quat Z" : -0.003823023522272706,
			"BoundingBox3D Origin X" : 70.138557434082031,
			"BoundingBox3D Origin Y" : -0.53863412141799927,
			"BoundingBox3D Origin Z" : 0.070999592542648315,
			"ObjectId" : 3,
			"ObjectType" : "CAR",
			"Occluded" : 0.0,
			"Relative Acceleration X" : -0.12104737758636475,
			"Relative Acceleration Y" : -0.10132560133934021,
			"Relative Acceleration Z" : 0.21628181636333466,
			"Relative Velocity X" : -1.184482216835022,
			"Relative Velocity Y" : 0.12030068039894104,
			"Relative Velocity Z" : 0.32697367668151855,
			"Truncated" : 0
		},
		{
			"Absolute Acceleration X" : -0.116973876953125,
			"Absolute Acceleration Y" : 0.0035740174353122711,
			"Absolute Acceleration Z" : 0.24736665189266205,
			"Absolute Velocity X" : -24.319530487060547,
			"Absolute Velocity Y" : -0.39545387029647827,
			"Absolute Velocity Z" : 0.17082948982715607,
			"ActorName" : "CAR 05",
			"BoundingBox3D Extent X" : 7.6262812614440918,
			"BoundingBox3D Extent Y" : 2.7959113121032715,
			"BoundingBox3D Extent Z" : 1.086590051651001,
			"BoundingBox3D Orientation Quat W" : -0.006549714133143425,
			"BoundingBox3D Orientation Quat X" : -0.00285732327029109,
			"BoundingBox3D Orientation Quat Y" : 0.0013769592624157667,
			"BoundingBox3D Orientation Quat Z" : 0.99995201826095581,
			"BoundingBox3D Origin X" : 77.722038269042969,
			"BoundingBox3D Origin Y" : 11.017581939697266,
			"BoundingBox3D Origin Z" : 1.34412682056427,
			"ObjectId" : 5,
			"ObjectType" : "CAR",
			"Occluded" : 0.0,
			"Relative Acceleration X" : -0.092426300048828125,
			"Relative Acceleration Y" : -0.4026036262512207,
			"Relative Acceleration Z" : 0.36431258916854858,
			"Relative Velocity X" : -51.176628112792969,
			"Relative Velocity Y" : -0.089228928089141846,
			"Relative Velocity Z" : 0.91349047422409058,
			"Truncated" : 0
		}
	],
	"FrameId" : 15176,
	"Timestamp" : 1676039843382079320,
	"TimestampMiddle" : 1676039843365079320
}