{
	"CapturedObjects" : 
	[
		{
			"Absolute Acceleration X" : 0.33807754516601562,
			"Absolute Acceleration Y" : -0.46064499020576477,
			"Absolute Acceleration Z" : -0.048468753695487976,
			"Absolute Velocity X" : 21.744091033935547,
			"Absolute Velocity Y" : -0.10046533495187759,
			"Absolute Velocity Z" : -0.14045423269271851,
			"ActorName" : "TRUCK 00",
			"BoundingBox3D Extent X" : 11.0,
			"BoundingBox3D Extent Y" : 2.8261775970458984,
			"BoundingBox3D Extent Z" : 2.7759857177734375,
			"BoundingBox3D Orientation Quat W" : 0.99997735023498535,
			"BoundingBox3D Orientation Quat X" : -0.002861883258447051,
			"BoundingBox3D Orientation Quat Y" : 0.0027571804821491241,
			"BoundingBox3D Orientation Quat Z" : -0.0034118629992008209,
			"BoundingBox3D Origin X" : -5.954627513885498,
			"BoundingBox3D Origin Y" : -3.7323355674743652,
			"BoundingBox3D Origin Z" : 1.3948026895523071,
			"ObjectId" : 0,
			"ObjectType" : "TRUCK",
			"Occluded" : 0.0,
			"Relative Acceleration X" : 0.39425206184387207,
			"Relative Acceleration Y" : -0.091313838958740234,
			"Relative Acceleration Z" : 0.011129558086395264,
			"Relative Velocity X" : -3.6188244819641113,
			"Relative Velocity Y" : -0.081028573215007782,
			"Relative Velocity Z" : 0.058163926005363464,
			"Truncated" : 0
		},
		{
			"Absolute Acceleration X" : 0.60834693908691406,
			"Absolute Acceleration Y" : -0.43507879972457886,
			"Absolute Acceleration Z" : -0.022296398878097534,
			"Absolute Velocity X" : 21.961597442626953,
			"Absolute Velocity Y" : 0.98758137226104736,
			"Absolute Velocity Z" : -0.097781360149383545,
			"ActorName" : "CAR 01",
			"BoundingBox3D Extent X" : 4.0999999046325684,
			"BoundingBox3D Extent Y" : 1.8643006086349487,
			"BoundingBox3D Extent Z" : 1.5256708860397339,
			"BoundingBox3D Orientation Quat W" : 0.99982088804244995,
			"BoundingBox3D Orientation Quat X" : 0.0012084126938134432,
			"BoundingBox3D Orientation Quat Y" : 0.0025705441366881132,
			"BoundingBox3D Orientation Quat Z" : 0.018398849293589592,
			"BoundingBox3D Origin X" : -55.0587158203125,
			"BoundingBox3D Origin Y" : -1.652987003326416,
			"BoundingBox3D Origin Z" : 0.9727751612663269,
			"ObjectId" : 1,
			"ObjectType" : "CAR",
			"Occluded" : 0.0,
			"Relative Acceleration X" : 0.62009668350219727,
			"Relative Acceleration Y" : -0.56004452705383301,
			"Relative Acceleration Z" : 0.14552178978919983,
			"Relative Velocity X" : -3.4525313377380371,
			"Relative Velocity Y" : -0.21823891997337341,
			"Relative Velocity Z" : 0.018515927717089653,
			"Truncated" : 0
		},
		{
			"Absolute Acceleration X" : -0.37130483984947205,
			"Absolute Acceleration Y" : -0.51604664325714111,
			"Absolute Acceleration Z" : -0.033113252371549606,
			"Absolute Velocity X" : -25.120746612548828,
			"Absolute Velocity Y" : -2.8228466510772705,
			"Absolute Velocity Z" : -0.028551958501338959,
			"ActorName" : "CAR 02",
			"BoundingBox3D Extent X" : 4.61175537109375,
			"BoundingBox3D Extent Y" : 1.6534051895141602,
			"BoundingBox3D Extent Z" : 1.0874457359313965,
			"BoundingBox3D Orientation Quat W" : -0.054888825863599777,
			"BoundingBox3D Orientation Quat X" : -0.00051155354594811797,
			"BoundingBox3D Orientation Quat Y" : 0.00053677766118198633,
			"BoundingBox3D Orientation Quat Z" : 0.99849134683609009,
			"BoundingBox3D Origin X" : -152.51298522949219,
			"BoundingBox3D Origin Y" : 5.4344840049743652,
			"BoundingBox3D Origin Z" : 1.9264595508575439,
			"ObjectId" : 2,
			"ObjectType" : "CAR",
			"Occluded" : 0.0,
			"Relative Acceleration X" : -0.2014610767364502,
			"Relative Acceleration Y" : -2.5014863014221191,
			"Relative Acceleration Z" : 0.22599637508392334,
			"Relative Velocity X" : -50.696895599365234,
			"Relative Velocity Y" : -6.5722560882568359,
			"Relative Velocity Z" : -0.031748209148645401,
			"Truncated" : 0
		},
		{
			"Absolute Acceleration X" : 0.07074737548828125,
			"Absolute Acceleration Y" : -0.937782883644104,
			"Absolute Acceleration Z" : -0.045334801077842712,
			"Absolute Velocity X" : 31.038700103759766,
			"Absolute Velocity Y" : 0.69640207290649414,
			"Absolute Velocity Z" : -0.11898265033960342,
			"ActorName" : "CAR 03",
			"BoundingBox3D Extent X" : 4.3612446784973145,
			"BoundingBox3D Extent Y" : 2.5543322563171387,
			"BoundingBox3D Extent Z" : 1.4967716932296753,
			"BoundingBox3D Orientation Quat W" : 0.99991482496261597,
			"BoundingBox3D Orientation Quat X" : 0.0013341645244508982,
			"BoundingBox3D Orientation Quat Y" : 0.0017702938057482243,
			"BoundingBox3D Orientation Quat Z" : 0.012384680099785328,
			"BoundingBox3D Origin X" : -35.254909515380859,
			"BoundingBox3D Origin Y" : 3.654576301574707,
			"BoundingBox3D Origin Z" : 0.93380123376846313,
			"ObjectId" : 3,
			"ObjectType" : "CAR",
			"Occluded" : 0.0,
			"Relative Acceleration X" : 0.028195381164550781,
			"Relative Acceleration Y" : -0.40781456232070923,
			"Relative Acceleration Z" : 0.10150698572397232,
			"Relative Velocity X" : 5.4928722381591797,
			"Relative Velocity Y" : 0.0036078908015042543,
			"Relative Velocity Z" : 0.047967761754989624,
			"Truncated" : 0
		},
		{
			"Absolute Acceleration X" : 0.39854812622070312,
			"Absolute Acceleration Y" : -1.0884723663330078,
			"Absolute Acceleration Z" : -0.026595622301101685,
			"Absolute Velocity X" : 32.449436187744141,
			"Absolute Velocity Y" : -3.1015701293945312,
			"Absolute Velocity Z" : -0.38788536190986633,
			"ActorName" : "CAR 04",
			"BoundingBox3D Extent X" : 4.0999999046325684,
			"BoundingBox3D Extent Y" : 1.6322613954544067,
			"BoundingBox3D Extent Z" : 1.5688607692718506,
			"BoundingBox3D Orientation Quat W" : -0.99884295463562012,
			"BoundingBox3D Orientation Quat X" : -0.0023488008882850409,
			"BoundingBox3D Orientation Quat Y" : -0.0067345513962209225,
			"BoundingBox3D Orientation Quat Z" : 0.047435510903596878,
			"BoundingBox3D Origin X" : 71.729316711425781,
			"BoundingBox3D Origin Y" : -0.36890882253646851,
			"BoundingBox3D Origin Z" : -0.043868366628885269,
			"ObjectId" : 4,
			"ObjectType" : "CAR",
			"Occluded" : 0.0,
			"Relative Acceleration X" : 0.51496696472167969,
			"Relative Acceleration Y" : 0.61452430486679077,
			"Relative Acceleration Z" : -0.11343779414892197,
			"Relative Velocity X" : 7.0073351860046387,
			"Relative Velocity Y" : -1.1102426052093506,
			"Relative Velocity Z" : -0.040918014943599701,
			"Truncated" : 0
		},
		{
			"Absolute Acceleration X" : -0.16120627522468567,
			"Absolute Acceleration Y" : -0.17136377096176147,
			"Absolute Acceleration Z" : 0.137550950050354,
			"Absolute Velocity X" : 22.868349075317383,
			"Absolute Velocity Y" : 2.3937289714813232,
			"Absolute Velocity Z" : 0.039086911827325821,
			"ActorName" : "CAR 05",
			"BoundingBox3D Extent X" : 4.1148619651794434,
			"BoundingBox3D Extent Y" : 0.80267590284347534,
			"BoundingBox3D Extent Z" : 0.8146359920501709,
			"BoundingBox3D Orientation Quat W" : 0.99870270490646362,
			"BoundingBox3D Orientation Quat X" : -0.00047454368905164301,
			"BoundingBox3D Orientation Quat Y" : -0.0013445538934320211,
			"BoundingBox3D Orientation Quat Z" : 0.050676301121711731,
			"BoundingBox3D Origin X" : -84.738616943359375,
			"BoundingBox3D Origin Y" : -3.8452064990997314,
			"BoundingBox3D Origin Z" : 0.58222496509552002,
			"ObjectId" : 5,
			"ObjectType" : "CAR",
			"Occluded" : 0.0,
			"Relative Acceleration X" : -0.23514467477798462,
			"Relative Acceleration Y" : 0.10579048842191696,
			"Relative Acceleration Z" : 0.6590765118598938,
			"Relative Velocity X" : -2.4939413070678711,
			"Relative Velocity Y" : 0.62079083919525146,
			"Relative Velocity Z" : 0.067680142819881439,
			"Truncated" : 0
		},
		{
			"Absolute Acceleration X" : -0.13695526123046875,
			"Absolute Acceleration Y" : -0.38132834434509277,
			"Absolute Acceleration Z" : 0.074616089463233948,
			"Absolute Velocity X" : 22.559293746948242,
			"Absolute Velocity Y" : 3.1310665607452393,
			"Absolute Velocity Z" : 0.05977412685751915,