{
	"CapturedObjects" : 
	[
		{
			"Absolute Acceleration X" : 1.3772525787353516,
			"Absolute Acceleration Y" : 0.34271878004074097,
			"Absolute Acceleration Z" : -0.037433162331581116,
			"Absolute Velocity X" : 21.865612030029297,
			"Absolute Velocity Y" : -0.78136998414993286,
			"Absolute Velocity Z" : -0.15833911299705505,
			"ActorName" : "CAR 00",
			"BoundingBox3D Extent X" : 4.6047258377075195,
			"BoundingBox3D Extent Y" : 2.0758121013641357,
			"BoundingBox3D Extent Z" : 1.6651383638381958,
			"BoundingBox3D Orientation Quat W" : -0.99982768297195435,
			"BoundingBox3D Orientation Quat X" : -0.0070523708127439022,
			"BoundingBox3D Orientation Quat Y" : -0.0035695619881153107,
			"BoundingBox3D Orientation Quat Z" : 0.016330700367689133,
			"BoundingBox3D Origin X" : -24.509315490722656,
			"BoundingBox3D Origin Y" : -6.8890976905822754,
			"BoundingBox3D Origin Z" : 1.0549778938293457,
			"ObjectId" : 0,
			"ObjectType" : "CAR",
			"Occluded" : 0.0,
			"Relative Acceleration X" : 1.2824673652648926,
			"Relative Acceleration Y" : -0.45796722173690796,
			"Relative Acceleration Z" : 0.10449959337711334,
			"Relative Velocity X" : -5.0759210586547852,
			"Relative Velocity Y" : 0.78832626342773438,
			"Relative Velocity Z" : 0.16109147667884827,
			"Truncated" : 0
		},
		{
			"Absolute Acceleration X" : 0.078630447387695312,
			"Absolute Acceleration Y" : 1.3887059688568115,
			"Absolute Acceleration Z" : 0.0033609569072723389,
			"Absolute Velocity X" : 27.272895812988281,
			"Absolute Velocity Y" : -1.6546763181686401,
			"Absolute Velocity Z" : -0.21680325269699097,
			"ActorName" : "CAR 02",
			"BoundingBox3D Extent X" : 4.2716598510742188,
			"BoundingBox3D Extent Y" : 2.048614501953125,
			"BoundingBox3D Extent Z" : 1.4430321455001831,
			"BoundingBox3D Orientation Quat W" : -0.99945574998855591,
			"BoundingBox3D Orientation Quat X" : 0.0080067012459039688,
			"BoundingBox3D Orientation Quat Y" : -0.003972331527620554,
			"BoundingBox3D Orientation Quat Z" : 0.031675487756729126,
			"BoundingBox3D Origin X" : -22.652820587158203,
			"BoundingBox3D Origin Y" : 0.60598307847976685,
			"BoundingBox3D Origin Z" : 0.85316896438598633,
			"ObjectId" : 2,
			"ObjectType" : "CAR",
			"Occluded" : 0.0,
			"Relative Acceleration X" : -0.1068682074546814,
			"Relative Acceleration Y" : 0.0032155364751815796,
			"Relative Acceleration Z" : 0.092299818992614746,
			"Relative Velocity X" : 0.71272879838943481,
			"Relative Velocity Y" : -0.17193548381328583,
			"Relative Velocity Z" : 0.054231002926826477,
			"Truncated" : 0
		},
		{
			"Absolute Acceleration X" : 0.91848564147949219,
			"Absolute Acceleration Y" : 1.0269804000854492,
			"Absolute Acceleration Z" : 0.01184353232383728,
			"Absolute Velocity X" : 22.784839630126953,
			"Absolute Velocity Y" : -0.3071875274181366,
			"Absolute Velocity Z" : -0.17359860241413116,
			"ActorName" : "CAR 04",
			"BoundingBox3D Extent X" : 4.4662790298461914,
			"BoundingBox3D Extent Y" : 1.9310622215270996,
			"BoundingBox3D Extent Z" : 1.4250738620758057,
			"BoundingBox3D Orientation Quat W" : 0.99997413158416748,
			"BoundingBox3D Orientation Quat X" : 0.00017377242329530418,
			"BoundingBox3D Orientation Quat Y" : 0.0034410243388265371,
			"BoundingBox3D Orientation Quat Z" : -0.0046616233885288239,
			"BoundingBox3D Origin X" : -6.2999944686889648,
			"BoundingBox3D Origin Y" : -7.2357025146484375,
			"BoundingBox3D Origin Z" : 0.7945481538772583,
			"ObjectId" : 4,
			"ObjectType" : "CAR",
			"Occluded" : 0.0,
			"Relative Acceleration X" : 0.82456803321838379,
			"Relative Acceleration Y" : 0.10503903031349182,
			"Relative Acceleration Z" : 0.023390769958496094,
			"Relative Velocity X" : -4.1709094047546387,
			"Relative Velocity Y" : 0.34463837742805481,
			"Relative Velocity Z" : 0.074462518095970154,
			"Truncated" : 0
		},
		{
			"Absolute Acceleration X" : 0.94951248168945312,
			"Absolute Acceleration Y" : 1.3633215427398682,
			"Absolute Acceleration Z" : 0.04014962911605835,
			"Absolute Velocity X" : 25.425670623779297,
			"Absolute Velocity Y" : 0.7644197940826416,
			"Absolute Velocity Z" : -0.15259863436222076,
			"ActorName" : "CAR 05",
			"BoundingBox3D Extent X" : 4.4287924766540527,
			"BoundingBox3D Extent Y" : 1.9533897638320923,
			"BoundingBox3D Extent Z" : 1.4887608289718628,
			"BoundingBox3D Orientation Quat W" : 0.99984389543533325,
			"BoundingBox3D Orientation Quat X" : -0.0032118232920765877,
			"BoundingBox3D Orientation Quat Y" : 0.0029102605767548084,
			"BoundingBox3D Orientation Quat Z" : 0.016812188550829887,
			"BoundingBox3D Origin X" : 21.761930465698242,
			"BoundingBox3D Origin Y" : -7.1753535270690918,
			"BoundingBox3D Origin Z" : 0.64691513776779175,
			"ObjectId" : 5,
			"ObjectType" : "CAR",
			"Occluded" : 0.0,
			"Relative Acceleration X" : 0.87857532501220703,
			"Relative Acceleration Y" : 0.11608807742595673,
			"Relative Acceleration Z" : -0.16300007700920105,
			"Relative Velocity X" : -1.5266638994216919,
			"Relative Velocity Y" : -0.0010277018882334232,
			"Relative Velocity Z" : -0.018863895907998085,
			"Truncated" : 0
		},
		{
			"Absolute Acceleration X" : 0.37145566940307617,
			"Absolute Acceleration Y" : 0.3699929416179657,
			"Absolute Acceleration Z" : 0.075824499130249023,
			"Absolute Velocity X" : 25.427040100097656,
			"Absolute Velocity Y" : 3.2260980606079102,
			"Absolute Velocity Z" : -0.051330626010894775,
			"ActorName" : "TRUCK 06",
			"BoundingBox3D Extent X" : 11.0,
			"BoundingBox3D Extent Y" : 2.8420684337615967,
			"BoundingBox3D Extent Z" : 4.0724420547485352,
			"BoundingBox3D Orientation Quat W" : 0.99814921617507935,
			"BoundingBox3D Orientation Quat X" : 0.0048291822895407677,
			"BoundingBox3D Orientation Quat Y" : 0.0012516255956143141,
			"BoundingBox3D Orientation Quat Z" : 0.060518067330121994,
			"BoundingBox3D Origin X" : 82.241355895996094,
			"BoundingBox3D Origin Y" : -1.6908745765686035,
			"BoundingBox3D Origin Z" : 1.6776642799377441,
			"ObjectId" : 6,
			"ObjectType" : "TRUCK",
			"Occluded" : 0.0,
			"Relative Acceleration X" : 0.51201629638671875,
			"Relative Acceleration Y" : -0.64415132999420166,
			"Relative Acceleration Z" : -0.16859397292137146,
			"Relative Velocity X" : -1.2525347471237183,
			"Relative Velocity Y" : -0.5846019983291626,
			"Relative Velocity Z" : -0.17994262278079987,
			"Truncated" : 0
		},
		{
			"Absolute Acceleration X" : -0.086707033216953278,
			"Absolute Acceleration Y" : -0.67834669351577759,
			"Absolute Acceleration Z" : -0.24340289831161499,
			"Absolute Velocity X" : 19.925821304321289,
			"Absolute Velocity Y" : -0.56624513864517212,
			"Absolute Velocity Z" : -0.05442143976688385,
			"ActorName" : "CAR 07",
			"BoundingBox3D Extent X" : 4.1614208221435547,
			"BoundingBox3D Extent Y" : 1.8100411891937256,
			"BoundingBox3D Extent Z" : 1.4132111072540283,
			"BoundingBox3D Orientation Quat W" : -0.99975699186325073,
			"BoundingBox3D Orientation Quat X" : -0.012810026295483112,
			"BoundingBox3D Orientation Quat Y" : -0.0027973547112196684,
			"BoundingBox3D Orientation Quat Z" : 0.016404930502176285,
			"BoundingBox3D Origin X" : -49.721866607666016,
			"BoundingBox3D Origin Y" : -6.2831435203552246,
			"BoundingBox3D Origin Z" : 1.1245545148849487,
			"ObjectId" : 7,
			"ObjectType" : "CAR",
			"Occluded" : 0.0,
			"Relative Acceleration X" : 0.095551192760467529,
			"Relative Acceleration Y" : -1.4515635967254639,
			"Relative Acceleration Z" : -0.13794444501399994,
			"Relative Velocity X" : -6.9828219413757324,
			"Relative Velocity Y" : 2.3411970138549805,
			"Relative Velocity Z" : 0.4262658953666687,
			"Truncated" : 0
		},
		{
			"Absolute Acceleration X" : -0.0357666015625,
			"Absolute Acceleration Y" : 1.7006230354309082,
			"Absolute Acceleration Z" : 0.065032422542572021,
			"Absolute Velocity X" : 29.46980094909668,
			"Absolute Velocity Y" : -5.0428037643432617,
			"Absolute Velocity Z" : -0.27703967690467834,
			"ActorName" : "CAR 09",