{
	"CapturedObjects" : 
	[
		{
			"Absolute Acceleration X" : 0.35378837585449219,
			"Absolute Acceleration Y" : -0.22440409660339355,
			"Absolute Acceleration Z" : -0.0048694610595703125,
			"Absolute Velocity X" : 31.483058929443359,
			"Absolute Velocity Y" : -0.32607266306877136,
			"Absolute Velocity Z" : -0.28633368015289307,
			"ActorName" : "CAR 01",
			"BoundingBox3D Extent X" : 4.0999999046325684,
			"BoundingBox3D Extent Y" : 2.0434176921844482,
			"BoundingBox3D Extent Z" : 1.7555222511291504,
			"BoundingBox3D Orientation Quat W" : 0.99996465444564819,
			"BoundingBox3D Orientation Quat X" : -0.0015937053831294179,
			"BoundingBox3D Orientation Quat Y" : 0.0046562589704990387,
			"BoundingBox3D Orientation Quat Z" : -0.0053048557601869106,
			"BoundingBox3D Origin X" : 46.697723388671875,
			"BoundingBox3D Origin Y" : 6.436060905456543,
			"BoundingBox3D Origin Z" : 0.4120030403137207,
			"ObjectId" : 1,
			"ObjectType" : "CAR",
			"Occluded" : 0.0,
			"Relative Acceleration X" : 0.34859752655029297,
			"Relative Acceleration Y" : -0.24352578818798065,
			"Relative Acceleration Z" : 0.16848199069499969,
			"Relative Velocity X" : 10.844398498535156,
			"Relative Velocity Y" : -0.14291597902774811,
			"Relative Velocity Z" : 0.066719025373458862,
			"Truncated" : 0
		},
		{
			"Absolute Acceleration X" : -0.16907119750976562,
			"Absolute Acceleration Y" : 0.070733517408370972,
			"Absolute Acceleration Z" : -0.0097630023956298828,
			"Absolute Velocity X" : 25.505374908447266,
			"Absolute Velocity Y" : -0.3098720908164978,
			"Absolute Velocity Z" : -0.18139612674713135,
			"ActorName" : "CAR 06",
			"BoundingBox3D Extent X" : 4.0999999046325684,
			"BoundingBox3D Extent Y" : 1.9416749477386475,
			"BoundingBox3D Extent Z" : 1.5827196836471558,
			"BoundingBox3D Orientation Quat W" : 0.9999845027923584,
			"BoundingBox3D Orientation Quat X" : 0.00056502793449908495,
			"BoundingBox3D Orientation Quat Y" : 0.0034457342699170113,
			"BoundingBox3D Orientation Quat Z" : -0.0037471279501914978,
			"BoundingBox3D Origin X" : 133.62738037109375,
			"BoundingBox3D Origin Y" : 2.0578124523162842,
			"BoundingBox3D Origin Z" : -0.44782331585884094,
			"ObjectId" : 6,
			"ObjectType" : "CAR",
			"Occluded" : 0.0,
			"Relative Acceleration X" : -0.17737531661987305,
			"Relative Acceleration Y" : -0.07063739001750946,
			"Relative Acceleration Z" : 0.46828526258468628,
			"Relative Velocity X" : 4.8707566261291504,
			"Relative Velocity Y" : -0.091348342597484589,
			"Relative Velocity Z" : 0.43018952012062073,
			"Truncated" : 0
		},
		{
			"Absolute Acceleration X" : -0.19474983215332031,
			"Absolute Acceleration Y" : -0.030422329902648926,
			"Absolute Acceleration Z" : 0.019372284412384033,
			"Absolute Velocity X" : 19.131158828735352,
			"Absolute Velocity Y" : -0.274415522813797,
			"Absolute Velocity Z" : -0.1785835474729538,
			"ActorName" : "CAR 07",
			"BoundingBox3D Extent X" : 4.1580929756164551,
			"BoundingBox3D Extent Y" : 1.6662228107452393,
			"BoundingBox3D Extent Z" : 1.5035252571105957,
			"BoundingBox3D Orientation Quat W" : -0.99996012449264526,
			"BoundingBox3D Orientation Quat X" : 0.00016193756891880184,
			"BoundingBox3D Orientation Quat Y" : -0.0045191515237092972,
			"BoundingBox3D Orientation Quat Z" : 0.0066619347780942917,
			"BoundingBox3D Origin X" : 24.162565231323242,
			"BoundingBox3D Origin Y" : -0.61651551723480225,
			"BoundingBox3D Origin Z" : 0.44343492388725281,
			"ObjectId" : 7,
			"ObjectType" : "CAR",
			"Occluded" : 0.0,
			"Relative Acceleration X" : -0.20909237861633301,
			"Relative Acceleration Y" : -0.046319276094436646,
			"Relative Acceleration Z" : 0.10004203021526337,
			"Relative Velocity X" : -1.5050209760665894,
			"Relative Velocity Y" : -0.097209528088569641,
			"Relative Velocity Z" : 0.07994428277015686,
			"Truncated" : 0
		},
		{
			"Absolute Acceleration X" : -0.24484443664550781,
			"Absolute Acceleration Y" : 0.24216385185718536,
			"Absolute Acceleration Z" : 0.016212522983551025,
			"Absolute Velocity X" : 30.035093307495117,
			"Absolute Velocity Y" : -0.10842600464820862,
			"Absolute Velocity Z" : -0.2853526771068573,
			"ActorName" : "CAR 10",
			"BoundingBox3D Extent X" : 4.8711099624633789,
			"BoundingBox3D Extent Y" : 2.1350860595703125,
			"BoundingBox3D Extent Z" : 1.4998629093170166,
			"BoundingBox3D Orientation Quat W" : 0.9999469518661499,
			"BoundingBox3D Orientation Quat X" : 0.0075196954421699047,
			"BoundingBox3D Orientation Quat Y" : 0.0038881439249962568,
			"BoundingBox3D Orientation Quat Z" : 0.0024643600918352604,
			"BoundingBox3D Origin X" : 23.013971328735352,
			"BoundingBox3D Origin Y" : 3.3574867248535156,
			"BoundingBox3D Origin Z" : 0.49672502279281616,
			"ObjectId" : 10,
			"ObjectType" : "CAR",
			"Occluded" : 0.0,
			"Relative Acceleration X" : -0.25409126281738281,
			"Relative Acceleration Y" : 0.25019586086273193,
			"Relative Acceleration Z" : 0.1092679351568222,
			"Relative Velocity X" : 9.3973922729492188,
			"Relative Velocity Y" : 0.066000014543533325,
			"Relative Velocity Z" : -0.013644387945532799,
			"Truncated" : 0
		},
		{
			"Absolute Acceleration X" : 0.095083236694335938,
			"Absolute Acceleration Y" : 0.50423949956893921,
			"Absolute Acceleration Z" : -0.008967474102973938,
			"Absolute Velocity X" : 31.888381958007812,
			"Absolute Velocity Y" : -0.40520638227462769,
			"Absolute Velocity Z" : -0.25870686769485474,
			"ActorName" : "CAR 11",
			"BoundingBox3D Extent X" : 4.1233329772949219,
			"BoundingBox3D Extent Y" : 1.9642138481140137,
			"BoundingBox3D Extent Z" : 1.6645832061767578,
			"BoundingBox3D Orientation Quat W" : -0.99996340274810791,
			"BoundingBox3D Orientation Quat X" : 0.00018836148956324905,
			"BoundingBox3D Orientation Quat Y" : -0.0036248189862817526,
			"BoundingBox3D Orientation Quat Z" : 0.0065380805172026157,
			"BoundingBox3D Origin X" : 140.15411376953125,
			"BoundingBox3D Origin Y" : 5.7777776718139648,
			"BoundingBox3D Origin Z" : -0.45131435990333557,
			"ObjectId" : 11,
			"ObjectType" : "CAR",
			"Occluded" : 0.0,
			"Relative Acceleration X" : 0.091813087463378906,
			"Relative Acceleration Y" : 0.36775913834571838,
			"Relative Acceleration Z" : 0.49792897701263428,
			"Relative Velocity X" : 11.252368927001953,
			"Relative Velocity Y" : -0.18557754158973694,
			"Relative Velocity Z" : 0.38589531183242798,
			"Truncated" : 0
		},
		{
			"Absolute Acceleration X" : -0.0033168792724609375,
			"Absolute Acceleration Y" : -0.12576375901699066,
			"Absolute Acceleration Z" : -0.0027182698249816895,
			"Absolute Velocity X" : 31.734582901000977,
			"Absolute Velocity Y" : -0.28593990206718445,
			"Absolute Velocity Z" : -0.29685717821121216,
			"ActorName" : "CAR 15",
			"BoundingBox3D Extent X" : 5.1093297004699707,
			"BoundingBox3D Extent Y" : 2.1506984233856201,
			"BoundingBox3D Extent Z" : 1.4706367254257202,
			"BoundingBox3D Orientation Quat W" : 0.99998277425765991,
			"BoundingBox3D Orientation Quat X" : -0.0025982630904763937,
			"BoundingBox3D Orientation Quat Y" : 0.0047228275798261166,
			"BoundingBox3D Orientation Quat Z" : -0.00036155845737084746,
			"BoundingBox3D Origin X" : 0.20474767684936523,
			"BoundingBox3D Origin Y" : 6.9200839996337891,
			"BoundingBox3D Origin Z" : 0.702644944190979,
			"ObjectId" : 15,
			"ObjectType" : "CAR",
			"Occluded" : 0.0,
			"Relative Acceleration X" : -0.0087327957153320312,
			"Relative Acceleration Y" : -0.085692495107650757,
			"Relative Acceleration Z" : 0.0039038956165313721,
			"Relative Velocity X" : 11.094958305358887,
			"Relative Velocity Y" : -0.12077196687459946,
			"Relative Velocity Z" : -0.088239766657352448,
			"Truncated" : 0
		},
		{
			"Absolute Acceleration X" : 0.11081314086914062,
			"Absolute Acceleration Y" : -0.013515502214431763,
			"Absolute Acceleration Z" : -0.0079563558101654053,
			"Absolute Velocity X" : 32.724845886230469,
			"Absolute Velocity Y" : -0.31656056642532349,