{
	"CapturedObjects" : 
	[
		{
			"Absolute Acceleration X" : -0.22775155305862427,
			"Absolute Acceleration Y" : -0.18840774893760681,
			"Absolute Acceleration Z" : -0.15149311721324921,
			"Absolute Velocity X" : 24.317964553833008,
			"Absolute Velocity Y" : -0.082159467041492462,
			"Absolute Velocity Z" : -0.068557113409042358,
			"ActorName" : "TRUCK 00",
			"BoundingBox3D Extent X" : 16.402755737304688,
			"BoundingBox3D Extent Y" : 3.0087175369262695,
			"BoundingBox3D Extent Z" : 2.9450562000274658,
			"BoundingBox3D Orientation Quat W" : 0.99983102083206177,
			"BoundingBox3D Orientation Quat X" : -0.0104581443592906,
			"BoundingBox3D Orientation Quat Y" : 0.002082758117467165,
			"BoundingBox3D Orientation Quat Z" : -0.001261646393686533,
			"BoundingBox3D Origin X" : -2.2195353507995605,
			"BoundingBox3D Origin Y" : 13.092669486999512,
			"BoundingBox3D Origin Z" : 1.3134196996688843,
			"ObjectId" : 0,
			"ObjectType" : "TRUCK",
			"Occluded" : 0.0,
			"Relative Acceleration X" : 0.15438425540924072,
			"Relative Acceleration Y" : -0.32876360416412354,
			"Relative Acceleration Z" : -0.043448641896247864,
			"Relative Velocity X" : 2.1560826301574707,
			"Relative Velocity Y" : 0.15700905025005341,
			"Relative Velocity Z" : 0.051694691181182861,
			"Truncated" : 0
		},
		{
			"Absolute Acceleration X" : 0.78034806251525879,
			"Absolute Acceleration Y" : 0.045912094414234161,
			"Absolute Acceleration Z" : -0.081345036625862122,
			"Absolute Velocity X" : 24.887350082397461,
			"Absolute Velocity Y" : -0.11379589885473251,
			"Absolute Velocity Z" : -0.17421728372573853,
			"ActorName" : "TRUCK 01",
			"BoundingBox3D Extent X" : 11.0,
			"BoundingBox3D Extent Y" : 2.7094628810882568,
			"BoundingBox3D Extent Z" : 3.9354896545410156,
			"BoundingBox3D Orientation Quat W" : 0.99998313188552856,
			"BoundingBox3D Orientation Quat X" : 0.0013598451623693109,
			"BoundingBox3D Orientation Quat Y" : 0.0040879161097109318,
			"BoundingBox3D Orientation Quat Z" : -0.0022429211530834436,
			"BoundingBox3D Origin X" : 55.096805572509766,
			"BoundingBox3D Origin Y" : 15.976945877075195,
			"BoundingBox3D Origin Z" : 1.432415246963501,
			"ObjectId" : 1,
			"ObjectType" : "TRUCK",
			"Occluded" : 0.0,
			"Relative Acceleration X" : 1.1565606594085693,
			"Relative Acceleration Y" : 0.023349342867732048,
			"Relative Acceleration Z" : -0.063708923757076263,
			"Relative Velocity X" : 2.7407739162445068,
			"Relative Velocity Y" : -0.18210557103157043,
			"Relative Velocity Z" : 0.12975245714187622,
			"Truncated" : 0
		},
		{
			"Absolute Acceleration X" : -0.89170169830322266,
			"Absolute Acceleration Y" : -1.3906055688858032,
			"Absolute Acceleration Z" : -0.04663708433508873,
			"Absolute Velocity X" : 14.910345077514648,
			"Absolute Velocity Y" : -6.8538589477539062,
			"Absolute Velocity Z" : -0.22292934358119965,
			"ActorName" : "CAR 02",
			"BoundingBox3D Extent X" : 3.864055871963501,
			"BoundingBox3D Extent Y" : 1.9809699058532715,
			"BoundingBox3D Extent Z" : 1.523533821105957,
			"BoundingBox3D Orientation Quat W" : -0.97451150417327881,
			"BoundingBox3D Orientation Quat X" : -0.019270798191428185,
			"BoundingBox3D Orientation Quat Y" : -0.0024285167455673218,
			"BoundingBox3D Orientation Quat Z" : 0.2233208566904068,
			"BoundingBox3D Origin X" : 4.7102365493774414,
			"BoundingBox3D Origin Y" : -17.326833724975586,
			"BoundingBox3D Origin Z" : 0.34805315732955933,
			"ObjectId" : 2,
			"ObjectType" : "CAR",
			"Occluded" : 0.0,
			"Relative Acceleration X" : -0.49972677230834961,
			"Relative Acceleration Y" : -1.4346215724945068,
			"Relative Acceleration Z" : -0.29202806949615479,
			"Relative Velocity X" : -7.4151663780212402,
			"Relative Velocity Y" : -6.6482138633728027,
			"Relative Velocity Z" : 0.032873824238777161,
			"Truncated" : 0
		},
		{
			"Absolute Acceleration X" : -1.7183321688207798e-05,
			"Absolute Acceleration Y" : 0.13169193267822266,
			"Absolute Acceleration Z" : -0.017333555966615677,
			"Absolute Velocity X" : 22.440788269042969,
			"Absolute Velocity Y" : -0.2998633086681366,
			"Absolute Velocity Z" : -0.12356245517730713,
			"ActorName" : "CAR 03",
			"BoundingBox3D Extent X" : 4.2844457626342773,
			"BoundingBox3D Extent Y" : 2.0036630630493164,
			"BoundingBox3D Extent Z" : 1.5117292404174805,
			"BoundingBox3D Orientation Quat W" : 0.99992644786834717,
			"BoundingBox3D Orientation Quat X" : 0.0060928743332624435,
			"BoundingBox3D Orientation Quat Y" : 0.0024515788536518812,
			"BoundingBox3D Orientation Quat Z" : -0.0098209818825125694,
			"BoundingBox3D Origin X" : -22.609701156616211,
			"BoundingBox3D Origin Y" : 0.80824732780456543,
			"BoundingBox3D Origin Z" : 0.82056200504302979,
			"ObjectId" : 3,
			"ObjectType" : "CAR",
			"Occluded" : 0.0,
			"Relative Acceleration X" : 0.40943372249603271,
			"Relative Acceleration Y" : -0.037279549986124039,
			"Relative Acceleration Z" : 0.024698473513126373,
			"Relative Velocity X" : 0.21482868492603302,
			"Relative Velocity Y" : 0.047851528972387314,
			"Relative Velocity Z" : -0.048597134649753571,
			"Truncated" : 0
		},
		{
			"Absolute Acceleration X" : -0.051733251661062241,
			"Absolute Acceleration Y" : 0.25992047786712646,
			"Absolute Acceleration Z" : -0.11131969839334488,
			"Absolute Velocity X" : -25.04420280456543,
			"Absolute Velocity Y" : 0.093743138015270233,
			"Absolute Velocity Z" : 0.040182515978813171,
			"ActorName" : "TRUCK 04",
			"BoundingBox3D Extent X" : 11.0,
			"BoundingBox3D Extent Y" : 2.6521282196044922,
			"BoundingBox3D Extent Z" : 2.2081174850463867,
			"BoundingBox3D Orientation Quat W" : 0.0060001001693308353,
			"BoundingBox3D Orientation Quat X" : 0.0015081531601026654,
			"BoundingBox3D Orientation Quat Y" : -0.0038111838512122631,
			"BoundingBox3D Orientation Quat Z" : 0.99997001886367798,
			"BoundingBox3D Origin X" : -156.97676086425781,
			"BoundingBox3D Origin Y" : 36.547573089599609,
			"BoundingBox3D Origin Z" : 2.4754226207733154,
			"ObjectId" : 4,
			"ObjectType" : "TRUCK",
			"Occluded" : 0.0,
			"Relative Acceleration X" : 0.28801536560058594,
			"Relative Acceleration Y" : 0.12708163261413574,
			"Relative Acceleration Z" : 0.32154375314712524,
			"Relative Velocity X" : -47.085025787353516,
			"Relative Velocity Y" : 1.1824241876602173,
			"Relative Velocity Z" : -0.27963414788246155,
			"Truncated" : 0
		},
		{
			"Absolute Acceleration X" : -0.31750959157943726,
			"Absolute Acceleration Y" : -0.2049671858549118,
			"Absolute Acceleration Z" : -0.021378012374043465,
			"Absolute Velocity X" : 20.761451721191406,
			"Absolute Velocity Y" : -0.019975751638412476,
			"Absolute Velocity Z" : -0.055560357868671417,
			"ActorName" : "CAR 05",
			"BoundingBox3D Extent X" : 4.0999999046325684,
			"BoundingBox3D Extent Y" : 1.7952501773834229,
			"BoundingBox3D Extent Z" : 0.93272018432617188,
			"BoundingBox3D Orientation Quat W" : 0.99998009204864502,
			"BoundingBox3D Orientation Quat X" : 0.0037956687156111002,
			"BoundingBox3D Orientation Quat Y" : 0.0012716850033029914,
			"BoundingBox3D Orientation Quat Z" : -0.0036032642237842083,
			"BoundingBox3D Origin X" : -111.28351593017578,
			"BoundingBox3D Origin Y" : -1.8216452598571777,
			"BoundingBox3D Origin Z" : 0.84254473447799683,
			"ObjectId" : 5,
			"ObjectType" : "CAR",
			"Occluded" : 0.0,
			"Relative Acceleration X" : 0.096038773655891418,
			"Relative Acceleration Y" : -0.47217044234275818,
			"Relative Acceleration Z" : 0.88532453775405884,
			"Relative Velocity X" : -1.4788175821304321,
			"Relative Velocity Y" : 0.80042213201522827,
			"Relative Velocity Z" : -0.26580575108528137,
			"Truncated" : 0
		},
		{
			"Absolute Acceleration X" : 0.16984567046165466,
			"Absolute Acceleration Y" : 0.13261906802654266,
			"Absolute Acceleration Z" : 0.021998215466737747,
			"Absolute Velocity X" : 21.681179046630859,
			"Absolute Velocity Y" : -0.3331427276134491,
			"Absolute Velocity Z" : -0.23577381670475006,