{
	"CapturedObjects" : 
	[
		{
			"Absolute Acceleration X" : -0.1243133544921875,
			"Absolute Acceleration Y" : -0.85625731945037842,
			"Absolute Acceleration Z" : -0.068815737962722778,
			"Absolute Velocity X" : 24.892330169677734,
			"Absolute Velocity Y" : -1.4063624143600464,
			"Absolute Velocity Z" : -0.31054705381393433,
			"ActorName" : "CAR 04",
			"BoundingBox3D Extent X" : 4.1167516708374023,
			"BoundingBox3D Extent Y" : 1.7308224439620972,
			"BoundingBox3D Extent Z" : 1.4999700784683228,
			"BoundingBox3D Orientation Quat W" : -0.99956196546554565,
			"BoundingBox3D Orientation Quat X" : -0.0007467397372238338,
			"BoundingBox3D Orientation Quat Y" : -0.0064020911231637001,
			"BoundingBox3D Orientation Quat Z" : 0.028771720826625824,
			"BoundingBox3D Origin X" : 39.946628570556641,
			"BoundingBox3D Origin Y" : -0.74038815498352051,
			"BoundingBox3D Origin Z" : 0.31888842582702637,
			"ObjectId" : 4,
			"ObjectType" : "CAR",
			"Occluded" : 0.0,
			"Relative Acceleration X" : 0.10697442293167114,
			"Relative Acceleration Y" : -0.57227659225463867,
			"Relative Acceleration Z" : 0.27362054586410522,
			"Relative Velocity X" : -0.61188274621963501,
			"Relative Velocity Y" : -0.17950683832168579,
			"Relative Velocity Z" : -0.16407868266105652,
			"Truncated" : 0
		},
		{
			"Absolute Acceleration X" : -0.062063217163085938,
			"Absolute Acceleration Y" : -0.19594347476959229,
			"Absolute Acceleration Z" : 0.0080917328596115112,
			"Absolute Velocity X" : 18.957538604736328,
			"Absolute Velocity Y" : 0.98186063766479492,
			"Absolute Velocity Z" : -0.20398437976837158,
			"ActorName" : "CAR 14",
			"BoundingBox3D Extent X" : 5.2294902801513672,
			"BoundingBox3D Extent Y" : 2.2024991512298584,
			"BoundingBox3D Extent Z" : 1.7669569253921509,
			"BoundingBox3D Orientation Quat W" : 0.99973559379577637,
			"BoundingBox3D Orientation Quat X" : -0.0055319373495876789,
			"BoundingBox3D Orientation Quat Y" : 0.0052011921070516109,
			"BoundingBox3D Orientation Quat Z" : 0.021407926455140114,
			"BoundingBox3D Origin X" : -17.499258041381836,
			"BoundingBox3D Origin Y" : -2.6834261417388916,
			"BoundingBox3D Origin Z" : 1.0310057401657104,
			"ObjectId" : 14,
			"ObjectType" : "CAR",
			"Occluded" : 0.0,
			"Relative Acceleration X" : 0.060644626617431641,
			"Relative Acceleration Y" : 0.33846035599708557,
			"Relative Acceleration Z" : -0.20947885513305664,
			"Relative Velocity X" : -6.4950017929077148,
			"Relative Velocity Y" : 0.69130277633666992,
			"Relative Velocity Z" : 0.027173737064003944,
			"Truncated" : 0
		},
		{
			"Absolute Acceleration X" : 2.0170888900756836,
			"Absolute Acceleration Y" : 0.088366180658340454,
			"Absolute Acceleration Z" : 0.034957833588123322,
			"Absolute Velocity X" : 18.477535247802734,
			"Absolute Velocity Y" : 1.5259550809860229,
			"Absolute Velocity Z" : -0.11657845228910446,
			"ActorName" : "CAR 15",
			"BoundingBox3D Extent X" : 4.7818255424499512,
			"BoundingBox3D Extent Y" : 2.1203718185424805,
			"BoundingBox3D Extent Z" : 1.4809430837631226,
			"BoundingBox3D Orientation Quat W" : 0.9991309642791748,
			"BoundingBox3D Orientation Quat X" : -0.0015485085314139724,
			"BoundingBox3D Orientation Quat Y" : 0.0031294147484004498,
			"BoundingBox3D Orientation Quat Z" : 0.04140157625079155,
			"BoundingBox3D Origin X" : -60.777889251708984,
			"BoundingBox3D Origin Y" : -4.632317066192627,
			"BoundingBox3D Origin Z" : 1.2201410531997681,
			"ObjectId" : 15,
			"ObjectType" : "CAR",
			"Occluded" : 0.0,
			"Relative Acceleration X" : 2.1914863586425781,
			"Relative Acceleration Y" : 0.63363462686538696,
			"Relative Acceleration Z" : 0.36880871653556824,
			"Relative Velocity X" : -6.9268035888671875,
			"Relative Velocity Y" : 0.091934457421302795,
			"Relative Velocity Z" : 0.19082590937614441,
			"Truncated" : 0
		},
		{
			"Absolute Acceleration X" : 10.113417625427246,
			"Absolute Acceleration Y" : 1.43878173828125,
			"Absolute Acceleration Z" : -0.28191152215003967,
			"Absolute Velocity X" : -7.5694894790649414,
			"Absolute Velocity Y" : -1.3726502656936646,
			"Absolute Velocity Z" : 0.18584910035133362,
			"ActorName" : "CAR 24",
			"BoundingBox3D Extent X" : 3.968726634979248,
			"BoundingBox3D Extent Y" : 1.8999999761581421,
			"BoundingBox3D Extent Z" : 1.5380229949951172,
			"BoundingBox3D Orientation Quat W" : -0.089243412017822266,
			"BoundingBox3D Orientation Quat X" : 0.011392895132303238,
			"BoundingBox3D Orientation Quat Y" : -0.0018811984919011593,
			"BoundingBox3D Orientation Quat Z" : 0.99593502283096313,
			"BoundingBox3D Origin X" : -163.7569580078125,
			"BoundingBox3D Origin Y" : 2.1002492904663086,
			"BoundingBox3D Origin Z" : 2.8784668445587158,
			"ObjectId" : 24,
			"ObjectType" : "CAR",
			"Occluded" : 0.0,
			"Relative Acceleration X" : 10.600268363952637,
			"Relative Acceleration Y" : 0.49071457982063293,
			"Relative Acceleration Z" : 0.37038683891296387,
			"Relative Velocity X" : -33.156745910644531,
			"Relative Velocity Y" : -5.5045714378356934,
			"Relative Velocity Z" : 0.51688271760940552,
			"Truncated" : 0
		},
		{
			"Absolute Acceleration X" : 4.5933384895324707,
			"Absolute Acceleration Y" : 0.66021847724914551,
			"Absolute Acceleration Z" : -0.07599242776632309,
			"Absolute Velocity X" : -18.372358322143555,
			"Absolute Velocity Y" : -3.5971615314483643,
			"Absolute Velocity Z" : 0.45327115058898926,
			"ActorName" : "CAR 25",
			"BoundingBox3D Extent X" : 4.0999999046325684,
			"BoundingBox3D Extent Y" : 1.6048614978790283,
			"BoundingBox3D Extent Z" : 1.3107339143753052,
			"BoundingBox3D Orientation Quat W" : -0.096239902079105377,
			"BoundingBox3D Orientation Quat X" : 0.012205552309751511,
			"BoundingBox3D Orientation Quat Y" : -0.0050051514990627766,
			"BoundingBox3D Orientation Quat Z" : 0.9952540397644043,
			"BoundingBox3D Origin X" : -162.70445251464844,
			"BoundingBox3D Origin Y" : 5.455207347869873,
			"BoundingBox3D Origin Z" : 2.7362661361694336,
			"ObjectId" : 25,
			"ObjectType" : "CAR",
			"Occluded" : 0.0,
			"Relative Acceleration X" : 5.177403450012207,
			"Relative Acceleration Y" : -0.69427013397216797,
			"Relative Acceleration Z" : 0.48218339681625366,
			"Relative Velocity X" : -44.052886962890625,
			"Relative Velocity Y" : -7.6715478897094727,
			"Relative Velocity Z" : 0.75983148813247681,
			"Truncated" : 0
		},
		{
			"Absolute Acceleration X" : 0.14243698120117188,
			"Absolute Acceleration Y" : -0.13102197647094727,
			"Absolute Acceleration Z" : 0.13975012302398682,
			"Absolute Velocity X" : 23.825332641601562,
			"Absolute Velocity Y" : 3.5729012489318848,
			"Absolute Velocity Z" : -0.53449392318725586,
			"ActorName" : "CAR 28",
			"BoundingBox3D Extent X" : 4.0999999046325684,
			"BoundingBox3D Extent Y" : 2.3790092468261719,
			"BoundingBox3D Extent Z" : 1.7195987701416016,
			"BoundingBox3D Orientation Quat W" : 0.99716246128082275,
			"BoundingBox3D Orientation Quat X" : 0.004333800170570612,
			"BoundingBox3D Orientation Quat Y" : 0.01052414532750845,
			"BoundingBox3D Orientation Quat Z" : 0.074355632066726685,
			"BoundingBox3D Origin X" : -142.06571960449219,
			"BoundingBox3D Origin Y" : -8.9951763153076172,
			"BoundingBox3D Origin Z" : 2.4060966968536377,
			"ObjectId" : 28,
			"ObjectType" : "CAR",
			"Occluded" : 0.0,
			"Relative Acceleration X" : 0.13977086544036865,
			"Relative Acceleration Y" : 1.9185290336608887,
			"Relative Acceleration Z" : -1.2301663160324097,
			"Relative Velocity X" : -1.4561382532119751,
			"Relative Velocity Y" : -0.032737474888563156,
			"Relative Velocity Z" : -0.059582430869340897,
			"Truncated" : 0
		},
		{
			"Absolute Acceleration X" : 0.39373779296875,
			"Absolute Acceleration Y" : -0.36603677272796631,
			"Absolute Acceleration Z" : -0.021018758416175842,
			"Absolute Velocity X" : 19.831903457641602,
			"Absolute Velocity Y" : -0.78252357244491577,
			"Absolute Velocity Z" : -0.2524554431438446,
			"ActorName" : "TRUCK 30",