{
	"CapturedObjects" : 
	[
		{
			"Absolute Acceleration X" : 0.51705360412597656,
			"Absolute Acceleration Y" : -0.29009717702865601,
			"Absolute Acceleration Z" : 0.015806406736373901,
			"Absolute Velocity X" : 30.200353622436523,
			"Absolute Velocity Y" : -0.38398993015289307,
			"Absolute Velocity Z" : -0.17196834087371826,
			"ActorName" : "CAR 00",
			"BoundingBox3D Extent X" : 4.1676054000854492,
			"BoundingBox3D Extent Y" : 2.0217900276184082,
			"BoundingBox3D Extent Z" : 1.4507161378860474,
			"BoundingBox3D Orientation Quat W" : 0.99996113777160645,
			"BoundingBox3D Orientation Quat X" : 0.0038677181582897902,
			"BoundingBox3D Orientation Quat Y" : 0.0030438944231718779,
			"BoundingBox3D Orientation Quat Z" : -0.0070170192047953606,
			"BoundingBox3D Origin X" : 12.439453125,
			"BoundingBox3D Origin Y" : 3.2725918292999268,
			"BoundingBox3D Origin Z" : 0.62429350614547729,
			"ObjectId" : 0,
			"ObjectType" : "CAR",
			"Occluded" : 0.0,
			"Relative Acceleration X" : 0.53193473815917969,
			"Relative Acceleration Y" : 0.1675630658864975,
			"Relative Acceleration Z" : -0.086763612926006317,
			"Relative Velocity X" : 3.0715949535369873,
			"Relative Velocity Y" : -0.00049834331730380654,
			"Relative Velocity Z" : -0.080198444426059723,
			"Truncated" : 0
		},
		{
			"Absolute Acceleration X" : -0.41509246826171875,
			"Absolute Acceleration Y" : -0.53303873538970947,
			"Absolute Acceleration Z" : -0.0083735883235931396,
			"Absolute Velocity X" : 28.776006698608398,
			"Absolute Velocity Y" : -0.095310509204864502,
			"Absolute Velocity Z" : -0.15659087896347046,
			"ActorName" : "CAR 01",
			"BoundingBox3D Extent X" : 4.7093315124511719,
			"BoundingBox3D Extent Y" : 2.1400377750396729,
			"BoundingBox3D Extent Z" : 1.7339202165603638,
			"BoundingBox3D Orientation Quat W" : 0.99998939037322998,
			"BoundingBox3D Orientation Quat X" : 0.002845411654561758,
			"BoundingBox3D Orientation Quat Y" : 0.0027186477091163397,
			"BoundingBox3D Orientation Quat Z" : 0.00078553549246862531,
			"BoundingBox3D Origin X" : -12.865419387817383,
			"BoundingBox3D Origin Y" : 2.8872790336608887,
			"BoundingBox3D Origin Z" : 0.91624873876571655,
			"ObjectId" : 1,
			"ObjectType" : "CAR",
			"Occluded" : 0.0,
			"Relative Acceleration X" : -0.40017259120941162,
			"Relative Acceleration Y" : -0.10959108918905258,
			"Relative Acceleration Z" : 0.12829676270484924,
			"Relative Velocity X" : 1.6548621654510498,
			"Relative Velocity Y" : -0.063592813909053802,
			"Relative Velocity Z" : 0.050877850502729416,
			"Truncated" : 0
		},
		{
			"Absolute Acceleration X" : -0.0409698486328125,
			"Absolute Acceleration Y" : -0.33545291423797607,
			"Absolute Acceleration Z" : 0.021012865006923676,
			"Absolute Velocity X" : 26.659185409545898,
			"Absolute Velocity Y" : -1.4505776166915894,
			"Absolute Velocity Z" : -0.10624557733535767,
			"ActorName" : "CAR 02",
			"BoundingBox3D Extent X" : 4.1892967224121094,
			"BoundingBox3D Extent Y" : 1.8758935928344727,
			"BoundingBox3D Extent Z" : 2.1399004459381104,
			"BoundingBox3D Orientation Quat W" : -0.99961954355239868,
			"BoundingBox3D Orientation Quat X" : 0.0010219872929155827,
			"BoundingBox3D Orientation Quat Y" : -0.00024239288177341223,
			"BoundingBox3D Orientation Quat Z" : 0.027421006932854652,
			"BoundingBox3D Origin X" : 85.38775634765625,
			"BoundingBox3D Origin Y" : -3.0746123790740967,
			"BoundingBox3D Origin Z" : 0.60752677917480469,
			"ObjectId" : 2,
			"ObjectType" : "CAR",
			"Occluded" : 0.0,
			"Relative Acceleration X" : -0.012957274913787842,
			"Relative Acceleration Y" : 0.0064359307289123535,
			"Relative Acceleration Z" : -0.74241369962692261,
			"Relative Velocity X" : -0.38249501585960388,
			"Relative Velocity Y" : -0.055123791098594666,
			"Relative Velocity Z" : -0.28882041573524475,
			"Truncated" : 0
		},
		{
			"Absolute Acceleration X" : 0.27617454528808594,
			"Absolute Acceleration Y" : -0.38293281197547913,
			"Absolute Acceleration Z" : 0.026590868830680847,
			"Absolute Velocity X" : 29.322872161865234,
			"Absolute Velocity Y" : 0.42465153336524963,
			"Absolute Velocity Z" : -0.16038717329502106,
			"ActorName" : "CAR 03",
			"BoundingBox3D Extent X" : 4.2396087646484375,
			"BoundingBox3D Extent Y" : 2.1024894714355469,
			"BoundingBox3D Extent Z" : 1.6439502239227295,
			"BoundingBox3D Orientation Quat W" : 0.99998313188552856,
			"BoundingBox3D Orientation Quat X" : 0.0043646413832902908,
			"BoundingBox3D Orientation Quat Y" : 0.0028299025725573301,
			"BoundingBox3D Orientation Quat Z" : 0.0011859613005071878,
			"BoundingBox3D Origin X" : -31.020931243896484,
			"BoundingBox3D Origin Y" : 1.5171453952789307,
			"BoundingBox3D Origin Z" : 0.91832935810089111,
			"ObjectId" : 3,
			"ObjectType" : "CAR",
			"Occluded" : 0.0,
			"Relative Acceleration X" : 0.28361654281616211,
			"Relative Acceleration Y" : 0.057603940367698669,
			"Relative Acceleration Z" : 0.32064718008041382,
			"Relative Velocity X" : 2.2206499576568604,
			"Relative Velocity Y" : 0.20563185214996338,
			"Relative Velocity Z" : 0.12349598109722137,
			"Truncated" : 0
		},
		{
			"Absolute Acceleration X" : -0.2606964111328125,
			"Absolute Acceleration Y" : -0.65186494588851929,
			"Absolute Acceleration Z" : 0.021600604057312012,
			"Absolute Velocity X" : 29.425647735595703,
			"Absolute Velocity Y" : -1.1828910112380981,
			"Absolute Velocity Z" : -0.14615359902381897,
			"ActorName" : "CAR 04",
			"BoundingBox3D Extent X" : 4.246734619140625,
			"BoundingBox3D Extent Y" : 1.9392895698547363,
			"BoundingBox3D Extent Z" : 1.4446032047271729,
			"BoundingBox3D Orientation Quat W" : -0.99979990720748901,
			"BoundingBox3D Orientation Quat X" : -0.0027808931190520525,
			"BoundingBox3D Orientation Quat Y" : -0.0022545575629919767,
			"BoundingBox3D Orientation Quat Z" : 0.019531380385160446,
			"BoundingBox3D Origin X" : 26.12260627746582,
			"BoundingBox3D Origin Y" : 2.3121826648712158,
			"BoundingBox3D Origin Z" : 0.56060504913330078,
			"ObjectId" : 4,
			"ObjectType" : "CAR",
			"Occluded" : 0.0,
			"Relative Acceleration X" : -0.22762346267700195,
			"Relative Acceleration Y" : -0.22035092115402222,
			"Relative Acceleration Z" : -0.20101240277290344,
			"Relative Velocity X" : 2.3102777004241943,
			"Relative Velocity Y" : -0.61090129613876343,
			"Relative Velocity Z" : -0.10548658668994904,
			"Truncated" : 0
		},
		{
			"Absolute Acceleration X" : 0.052034914493560791,
			"Absolute Acceleration Y" : -0.36870473623275757,
			"Absolute Acceleration Z" : -0.0098321558907628059,
			"Absolute Velocity X" : 27.517776489257812,
			"Absolute Velocity Y" : 0.70856058597564697,
			"Absolute Velocity Z" : -0.19765469431877136,
			"ActorName" : "CAR 05",
			"BoundingBox3D Extent X" : 4.1308565139770508,
			"BoundingBox3D Extent Y" : 1.8116025924682617,
			"BoundingBox3D Extent Z" : 1.1426653861999512,
			"BoundingBox3D Orientation Quat W" : 0.9999200701713562,
			"BoundingBox3D Orientation Quat X" : 0.0011153145460411906,
			"BoundingBox3D Orientation Quat Y" : 0.0032078071963042021,
			"BoundingBox3D Orientation Quat Z" : 0.011984962038695812,
			"BoundingBox3D Origin X" : -66.777824401855469,
			"BoundingBox3D Origin Y" : -0.77156549692153931,
			"BoundingBox3D Origin Z" : 0.84192770719528198,
			"ObjectId" : 5,
			"ObjectType" : "CAR",
			"Occluded" : 0.0,
			"Relative Acceleration X" : 0.044329416006803513,
			"Relative Acceleration Y" : 0.015332709066569805,
			"Relative Acceleration Z" : 0.15867765247821808,
			"Relative Velocity X" : 0.44800776243209839,
			"Relative Velocity Y" : -0.0074945371598005295,
			"Relative Velocity Z" : 0.25217235088348389,
			"Truncated" : 0
		},
		{
			"Absolute Acceleration X" : -0.04608757421374321,
			"Absolute Acceleration Y" : -0.030979141592979431,
			"Absolute Acceleration Z" : 0.016030076891183853,
			"Absolute Velocity X" : 25.263484954833984,
			"Absolute Velocity Y" : -1.5195266008377075,