{
	"CapturedObjects" : 
	[
		{
			"Absolute Acceleration X" : -0.086246490478515625,
			"Absolute Acceleration Y" : 0.21815794706344604,
			"Absolute Acceleration Z" : -0.019662603735923767,
			"Absolute Velocity X" : 32.434677124023438,
			"Absolute Velocity Y" : -0.057396832853555679,
			"Absolute Velocity Z" : -0.18912379443645477,
			"ActorName" : "CAR 00",
			"BoundingBox3D Extent X" : 4.8987493515014648,
			"BoundingBox3D Extent Y" : 2.3346810340881348,
			"BoundingBox3D Extent Z" : 1.7911391258239746,
			"BoundingBox3D Orientation Quat W" : 0.99999004602432251,
			"BoundingBox3D Orientation Quat X" : -0.0012961804168298841,
			"BoundingBox3D Orientation Quat Y" : 0.0031910736579447985,
			"BoundingBox3D Orientation Quat Z" : -0.00083221704699099064,
			"BoundingBox3D Origin X" : 28.664018630981445,
			"BoundingBox3D Origin Y" : 3.4500722885131836,
			"BoundingBox3D Origin Z" : 0.70311874151229858,
			"ObjectId" : 0,
			"ObjectType" : "CAR",
			"Occluded" : 0.0,
			"Relative Acceleration X" : -0.043172359466552734,
			"Relative Acceleration Y" : 0.36132088303565979,
			"Relative Acceleration Z" : -0.08305804431438446,
			"Relative Velocity X" : 6.1793398857116699,
			"Relative Velocity Y" : 0.32158130407333374,
			"Relative Velocity Z" : -0.044703356921672821,
			"Truncated" : 0
		},
		{
			"Absolute Acceleration X" : 0.06352996826171875,
			"Absolute Acceleration Y" : -0.065603189170360565,
			"Absolute Acceleration Z" : -0.13622093200683594,
			"Absolute Velocity X" : 29.654632568359375,
			"Absolute Velocity Y" : 0.018059015274047852,
			"Absolute Velocity Z" : -0.085970714688301086,
			"ActorName" : "CAR 01",
			"BoundingBox3D Extent X" : 4.692725658416748,
			"BoundingBox3D Extent Y" : 2.1507890224456787,
			"BoundingBox3D Extent Z" : 1.6784391403198242,
			"BoundingBox3D Orientation Quat W" : 0.99994784593582153,
			"BoundingBox3D Orientation Quat X" : -0.0014015943743288517,
			"BoundingBox3D Orientation Quat Y" : 0.002057085745036602,
			"BoundingBox3D Orientation Quat Z" : 0.00925444345921278,
			"BoundingBox3D Origin X" : -0.46615508198738098,
			"BoundingBox3D Origin Y" : 4.0809993743896484,
			"BoundingBox3D Origin Z" : 0.82140743732452393,
			"ObjectId" : 1,
			"ObjectType" : "CAR",
			"Occluded" : 0.0,
			"Relative Acceleration X" : 0.10889029502868652,
			"Relative Acceleration Y" : 0.11641749739646912,
			"Relative Acceleration Z" : -0.028458107262849808,
			"Relative Velocity X" : 3.3958048820495605,
			"Relative Velocity Y" : 0.22692199051380157,
			"Relative Velocity Z" : 0.0078929811716079712,
			"Truncated" : 0
		},
		{
			"Absolute Acceleration X" : -0.28826904296875,
			"Absolute Acceleration Y" : -0.082453340291976929,
			"Absolute Acceleration Z" : -0.085245668888092041,
			"Absolute Velocity X" : 27.946561813354492,
			"Absolute Velocity Y" : -0.021594399586319923,
			"Absolute Velocity Z" : -0.0069955294020473957,
			"ActorName" : "CAR 03",
			"BoundingBox3D Extent X" : 4.3168878555297852,
			"BoundingBox3D Extent Y" : 2.1278455257415771,
			"BoundingBox3D Extent Z" : 1.6856460571289062,
			"BoundingBox3D Orientation Quat W" : 0.99998617172241211,
			"BoundingBox3D Orientation Quat X" : 0.0043814019300043583,
			"BoundingBox3D Orientation Quat Y" : -1.1436452041380107e-05,
			"BoundingBox3D Orientation Quat Z" : 0.00041011892608366907,
			"BoundingBox3D Origin X" : -27.390584945678711,
			"BoundingBox3D Origin Y" : 0.85900110006332397,
			"BoundingBox3D Origin Z" : 0.79823744297027588,
			"ObjectId" : 3,
			"ObjectType" : "CAR",
			"Occluded" : 0.0,
			"Relative Acceleration X" : -0.25017678737640381,
			"Relative Acceleration Y" : 0.14490118622779846,
			"Relative Acceleration Z" : 0.20787911117076874,
			"Relative Velocity X" : 1.7067253589630127,
			"Relative Velocity Y" : 0.029277095571160316,
			"Relative Velocity Z" : 0.035854622721672058,
			"Truncated" : 0
		},
		{
			"Absolute Acceleration X" : 0.04987335205078125,
			"Absolute Acceleration Y" : -0.027070492506027222,
			"Absolute Acceleration Z" : 0.092220999300479889,
			"Absolute Velocity X" : 34.915950775146484,
			"Absolute Velocity Y" : -0.069857187569141388,
			"Absolute Velocity Z" : -0.14547975361347198,
			"ActorName" : "CAR 04",
			"BoundingBox3D Extent X" : 4.0999999046325684,
			"BoundingBox3D Extent Y" : 1.8915352821350098,
			"BoundingBox3D Extent Z" : 1.5626697540283203,
			"BoundingBox3D Orientation Quat W" : 0.99999123811721802,
			"BoundingBox3D Orientation Quat X" : -0.0015673893503844738,
			"BoundingBox3D Orientation Quat Y" : 0.0020123722497373819,
			"BoundingBox3D Orientation Quat Z" : -0.001937347580678761,
			"BoundingBox3D Origin X" : 135.51519775390625,
			"BoundingBox3D Origin Y" : 3.3381571769714355,
			"BoundingBox3D Origin Z" : -0.13241219520568848,
			"ObjectId" : 4,
			"ObjectType" : "CAR",
			"Occluded" : 0.0,
			"Relative Acceleration X" : 0.083911895751953125,
			"Relative Acceleration Y" : -0.10811698436737061,
			"Relative Acceleration Z" : -0.63593286275863647,
			"Relative Velocity X" : 8.6638517379760742,
			"Relative Velocity Y" : 0.93752759695053101,
			"Relative Velocity Z" : 0.20571036636829376,
			"Truncated" : 0
		},
		{
			"Absolute Acceleration X" : 0.065216064453125,
			"Absolute Acceleration Y" : -0.015855610370635986,
			"Absolute Acceleration Z" : -0.039795771241188049,
			"Absolute Velocity X" : 26.317220687866211,
			"Absolute Velocity Y" : -0.11085988581180573,
			"Absolute Velocity Z" : -0.19161967933177948,
			"ActorName" : "CAR 13",
			"BoundingBox3D Extent X" : 4.2157607078552246,
			"BoundingBox3D Extent Y" : 1.7754096984863281,
			"BoundingBox3D Extent Z" : 2.0899450778961182,
			"BoundingBox3D Orientation Quat W" : 0.99996447563171387,
			"BoundingBox3D Orientation Quat X" : 0.0072392616420984268,
			"BoundingBox3D Orientation Quat Y" : 0.003286122577264905,
			"BoundingBox3D Orientation Quat Z" : -0.0017687476938590407,
			"BoundingBox3D Origin X" : 72.685684204101562,
			"BoundingBox3D Origin Y" : -0.40178665518760681,
			"BoundingBox3D Origin Z" : 0.55943930149078369,
			"ObjectId" : 13,
			"ObjectType" : "CAR",
			"Occluded" : 0.0,
			"Relative Acceleration X" : 0.097207464277744293,
			"Relative Acceleration Y" : -0.032123476266860962,
			"Relative Acceleration Z" : -0.37644052505493164,
			"Relative Velocity X" : 0.085283562541007996,
			"Relative Velocity Y" : 0.52826476097106934,
			"Relative Velocity Z" : 0.055084273219108582,
			"Truncated" : 0
		}
	],
	"FrameId" : 15035,
	"Timestamp" : 1676039833982047968,
	"TimestampMiddle" : 1676039833965047968
}