{
	"CapturedObjects" : 
	[
		{
			"Absolute Acceleration X" : -0.21277999877929688,
			"Absolute Acceleration Y" : -0.098589211702346802,
			"Absolute Acceleration Z" : -0.017082393169403076,
			"Absolute Velocity X" : 24.067550659179688,
			"Absolute Velocity Y" : -0.32112473249435425,
			"Absolute Velocity Z" : -0.10017655789852142,
			"ActorName" : "TRUCK 00",
			"BoundingBox3D Extent X" : 10.260261535644531,
			"BoundingBox3D Extent Y" : 3.0,
			"BoundingBox3D Extent Z" : 3.1876621246337891,
			"BoundingBox3D Orientation Quat W" : -0.9994279146194458,
			"BoundingBox3D Orientation Quat X" : -0.0096617816016077995,
			"BoundingBox3D Orientation Quat Y" : -0.0022861070465296507,
			"BoundingBox3D Orientation Quat Z" : 0.0062793046236038208,
			"BoundingBox3D Origin X" : -10.197773933410645,
			"BoundingBox3D Origin Y" : 17.052116394042969,
			"BoundingBox3D Origin Z" : 1.4983917474746704,
			"ObjectId" : 0,
			"ObjectType" : "TRUCK",
			"Occluded" : 0.0,
			"Relative Acceleration X" : -0.2061154842376709,
			"Relative Acceleration Y" : -0.15270543098449707,
			"Relative Acceleration Z" : 0.09975743293762207,
			"Relative Velocity X" : 4.1178989410400391,
			"Relative Velocity Y" : -0.1009555384516716,
			"Relative Velocity Z" : -0.11146592348814011,
			"Truncated" : 0
		},
		{
			"Absolute Acceleration X" : 0.20124244689941406,
			"Absolute Acceleration Y" : -0.054209783673286438,
			"Absolute Acceleration Z" : 0.0035878419876098633,
			"Absolute Velocity X" : 24.790969848632812,
			"Absolute Velocity Y" : -0.18954843282699585,
			"Absolute Velocity Z" : -0.19914379715919495,
			"ActorName" : "CAR 01",
			"BoundingBox3D Extent X" : 6.9825677871704102,
			"BoundingBox3D Extent Y" : 2.6750645637512207,
			"BoundingBox3D Extent Z" : 2.7412784099578857,
			"BoundingBox3D Orientation Quat W" : 0.99964773654937744,
			"BoundingBox3D Orientation Quat X" : -0.02120090089738369,
			"BoundingBox3D Orientation Quat Y" : 0.0033552392851561308,
			"BoundingBox3D Orientation Quat Z" : -0.002763102063909173,
			"BoundingBox3D Origin X" : -34.675601959228516,
			"BoundingBox3D Origin Y" : 17.783079147338867,
			"BoundingBox3D Origin Z" : 1.3677933216094971,
			"ObjectId" : 1,
			"ObjectType" : "CAR",
			"Occluded" : 0.0,
			"Relative Acceleration X" : 0.20431423187255859,
			"Relative Acceleration Y" : -0.21229922771453857,
			"Relative Acceleration Z" : 0.21771599352359772,
			"Relative Velocity X" : 4.8418025970458984,
			"Relative Velocity Y" : 0.044625747948884964,
			"Relative Velocity Z" : -0.26267996430397034,
			"Truncated" : 0
		},
		{
			"Absolute Acceleration X" : 0.11104011535644531,
			"Absolute Acceleration Y" : -0.0051225721836090088,
			"Absolute Acceleration Z" : -0.048308283090591431,
			"Absolute Velocity X" : 22.904109954833984,
			"Absolute Velocity Y" : -0.50467032194137573,
			"Absolute Velocity Z" : -0.3023185133934021,
			"ActorName" : "CAR 02",
			"BoundingBox3D Extent X" : 4.43939208984375,
			"BoundingBox3D Extent Y" : 1.774179220199585,
			"BoundingBox3D Extent Z" : 1.8107035160064697,
			"BoundingBox3D Orientation Quat W" : -0.99882632493972778,
			"BoundingBox3D Orientation Quat X" : -0.039664283394813538,
			"BoundingBox3D Orientation Quat Y" : -0.0050684534944593906,
			"BoundingBox3D Orientation Quat Z" : 0.015842495486140251,
			"BoundingBox3D Origin X" : 38.727432250976562,
			"BoundingBox3D Origin Y" : 15.454099655151367,
			"BoundingBox3D Origin Z" : 0.32983094453811646,
			"ObjectId" : 2,
			"ObjectType" : "CAR",
			"Occluded" : 0.0,
			"Relative Acceleration X" : 0.11878252029418945,
			"Relative Acceleration Y" : 0.15543806552886963,
			"Relative Acceleration Z" : -0.12970477342605591,
			"Relative Velocity X" : 2.956125020980835,
			"Relative Velocity Y" : -0.32061409950256348,
			"Relative Velocity Z" : -0.20760159194469452,
			"Truncated" : 0
		},
		{
			"Absolute Acceleration X" : 0.83383750915527344,
			"Absolute Acceleration Y" : -0.11232419312000275,
			"Absolute Acceleration Z" : -0.092560261487960815,
			"Absolute Velocity X" : -0.21367709338665009,
			"Absolute Velocity Y" : 0.059871848672628403,
			"Absolute Velocity Z" : 0.012261246331036091,
			"ActorName" : "TRUCK 03",
			"BoundingBox3D Extent X" : 11.0,
			"BoundingBox3D Extent Y" : 0.60374879837036133,
			"BoundingBox3D Extent Z" : 0.65512114763259888,
			"BoundingBox3D Orientation Quat W" : 0.02696596086025238,
			"BoundingBox3D Orientation Quat X" : 0.0061112819239497185,
			"BoundingBox3D Orientation Quat Y" : -0.045507986098527908,
			"BoundingBox3D Orientation Quat Z" : 0.99844247102737427,
			"BoundingBox3D Origin X" : -73.97991943359375,
			"BoundingBox3D Origin Y" : 13.147192001342773,
			"BoundingBox3D Origin Z" : 0.99409925937652588,
			"ObjectId" : 3,
			"ObjectType" : "TRUCK",
			"Occluded" : 0.0,
			"Relative Acceleration X" : 0.85671424865722656,
			"Relative Acceleration Y" : -0.45475205779075623,
			"Relative Acceleration Z" : 0.361888587474823,
			"Relative Velocity X" : -20.164897918701172,
			"Relative Velocity Y" : 0.28484675288200378,
			"Relative Velocity Z" : -0.090769775211811066,
			"Truncated" : 0
		},
		{
			"Absolute Acceleration X" : -0.1042938232421875,
			"Absolute Acceleration Y" : 0.18221074342727661,
			"Absolute Acceleration Z" : 0.061196066439151764,
			"Absolute Velocity X" : 25.846281051635742,
			"Absolute Velocity Y" : -0.57935941219329834,
			"Absolute Velocity Z" : -0.11720690876245499,
			"ActorName" : "CAR 05",
			"BoundingBox3D Extent X" : 4.0999999046325684,
			"BoundingBox3D Extent Y" : 1.7586958408355713,
			"BoundingBox3D Extent Z" : 0.90542548894882202,
			"BoundingBox3D Orientation Quat W" : -0.9999268651008606,
			"BoundingBox3D Orientation Quat X" : -0.0018911078805103898,
			"BoundingBox3D Orientation Quat Y" : -0.004315374419093132,
			"BoundingBox3D Orientation Quat Z" : 0.010756900534033775,
			"BoundingBox3D Origin X" : -134.32386779785156,
			"BoundingBox3D Origin Y" : 2.2768881320953369,
			"BoundingBox3D Origin Z" : 0.86336606740951538,
			"ObjectId" : 5,
			"ObjectType" : "CAR",
			"Occluded" : 0.0,
			"Relative Acceleration X" : -0.035031795501708984,
			"Relative Acceleration Y" : -0.40484189987182617,
			"Relative Acceleration Z" : 0.63005244731903076,
			"Relative Velocity X" : 5.8899517059326172,
			"Relative Velocity Y" : -0.29297095537185669,
			"Relative Velocity Z" : -0.26501002907752991,
			"Truncated" : 0
		},
		{
			"Absolute Acceleration X" : -8.6592917796224356e-05,
			"Absolute Acceleration Y" : 0.0001219791010953486,
			"Absolute Acceleration Z" : -2.8602914881048491e-07,
			"Absolute Velocity X" : 0.00012689926370512694,
			"Absolute Velocity Y" : -0.00016092062287498266,
			"Absolute Velocity Z" : -1.9103338217973942e-06,
			"ActorName" : "TRUCK 06",
			"BoundingBox3D Extent X" : 11.0,
			"BoundingBox3D Extent Y" : 0.40052270889282227,
			"BoundingBox3D Extent Z" : 1.0915939807891846,
			"BoundingBox3D Orientation Quat W" : 0.97149235010147095,
			"BoundingBox3D Orientation Quat X" : -0.001729319104924798,
			"BoundingBox3D Orientation Quat Y" : -0.00030510063515976071,
			"BoundingBox3D Orientation Quat Z" : -0.23705743253231049,
			"BoundingBox3D Origin X" : -100.91992950439453,
			"BoundingBox3D Origin Y" : 15.804111480712891,
			"BoundingBox3D Origin Z" : 1.0122823715209961,
			"ObjectId" : 6,
			"ObjectType" : "TRUCK",
			"Occluded" : 0.0,
			"Relative Acceleration X" : 0.01153564453125,
			"Relative Acceleration Y" : -0.46035307645797729,
			"Relative Acceleration Z" : 0.57093459367752075,
			"Relative Velocity X" : -19.949630737304688,
			"Relative Velocity Y" : 0.2403985857963562,
			"Relative Velocity Z" : -0.17520803213119507,
			"Truncated" : 0
		},
		{
			"Absolute Acceleration X" : 0.10719871520996094,
			"Absolute Acceleration Y" : 0.0087627321481704712,
			"Absolute Acceleration Z" : 0.010492965579032898,
			"Absolute Velocity X" : 21.174661636352539,
			"Absolute Velocity Y" : -0.25089696049690247,
			"Absolute Velocity Z" : -0.1523890346288681,