{
	"CapturedObjects" : 
	[
		{
			"Absolute Acceleration X" : 0.008819580078125,
			"Absolute Acceleration Y" : 0.056500092148780823,
			"Absolute Acceleration Z" : -0.0033617764711380005,
			"Absolute Velocity X" : 21.998661041259766,
			"Absolute Velocity Y" : -0.18587420880794525,
			"Absolute Velocity Z" : -0.2097720205783844,
			"ActorName" : "CAR 01",
			"BoundingBox3D Extent X" : 4.334075927734375,
			"BoundingBox3D Extent Y" : 2.0256328582763672,
			"BoundingBox3D Extent Z" : 1.5192403793334961,
			"BoundingBox3D Orientation Quat W" : 0.99998962879180908,
			"BoundingBox3D Orientation Quat X" : 0.00012916685955133289,
			"BoundingBox3D Orientation Quat Y" : 0.0041731125675141811,
			"BoundingBox3D Orientation Quat Z" : -0.00033061316935345531,
			"BoundingBox3D Origin X" : -22.015338897705078,
			"BoundingBox3D Origin Y" : 0.61114203929901123,
			"BoundingBox3D Origin Z" : 0.92303067445755005,
			"ObjectId" : 1,
			"ObjectType" : "CAR",
			"Occluded" : 0.0,
			"Relative Acceleration X" : -0.017328500747680664,
			"Relative Acceleration Y" : 0.060903113335371017,
			"Relative Acceleration Z" : -0.11177679151296616,
			"Relative Velocity X" : -0.29484504461288452,
			"Relative Velocity Y" : -0.021929148584604263,
			"Relative Velocity Z" : 0.051079414784908295,
			"Truncated" : 0
		},
		{
			"Absolute Acceleration X" : -0.051250457763671875,
			"Absolute Acceleration Y" : 0.095227465033531189,
			"Absolute Acceleration Z" : -0.012925818562507629,
			"Absolute Velocity X" : 26.229812622070312,
			"Absolute Velocity Y" : -0.084922492504119873,
			"Absolute Velocity Z" : -0.24882331490516663,
			"ActorName" : "TRUCK 02",
			"BoundingBox3D Extent X" : 11.0,
			"BoundingBox3D Extent Y" : 2.6529262065887451,
			"BoundingBox3D Extent Z" : 3.0765602588653564,
			"BoundingBox3D Orientation Quat W" : 0.99990129470825195,
			"BoundingBox3D Orientation Quat X" : -0.003771528834477067,
			"BoundingBox3D Orientation Quat Y" : 0.0045356843620538712,
			"BoundingBox3D Orientation Quat Z" : -0.0047657191753387451,
			"BoundingBox3D Origin X" : 96.165512084960938,
			"BoundingBox3D Origin Y" : 15.82144832611084,
			"BoundingBox3D Origin Z" : 0.34502172470092773,
			"ObjectId" : 2,
			"ObjectType" : "TRUCK",
			"Occluded" : 0.0,
			"Relative Acceleration X" : -0.10614967346191406,
			"Relative Acceleration Y" : 0.35401198267936707,
			"Relative Acceleration Z" : 0.55715823173522949,
			"Relative Velocity X" : 3.8964095115661621,
			"Relative Velocity Y" : 0.38503745198249817,
			"Relative Velocity Z" : -0.10682154446840286,
			"Truncated" : 0
		},
		{
			"Absolute Acceleration X" : -0.20495986938476562,
			"Absolute Acceleration Y" : -0.061851024627685547,
			"Absolute Acceleration Z" : 0.025313153862953186,
			"Absolute Velocity X" : 23.113092422485352,
			"Absolute Velocity Y" : -0.45212945342063904,
			"Absolute Velocity Z" : -0.25276026129722595,
			"ActorName" : "CAR 04",
			"BoundingBox3D Extent X" : 4.1162319183349609,
			"BoundingBox3D Extent Y" : 1.7154102325439453,
			"BoundingBox3D Extent Z" : 1.4888672828674316,
			"BoundingBox3D Orientation Quat W" : -0.99996429681777954,
			"BoundingBox3D Orientation Quat X" : -0.0040926071815192699,
			"BoundingBox3D Orientation Quat Y" : -0.0048029026947915554,
			"BoundingBox3D Orientation Quat Z" : 0.0051569482311606407,
			"BoundingBox3D Origin X" : 44.408733367919922,
			"BoundingBox3D Origin Y" : -0.48552361130714417,
			"BoundingBox3D Origin Z" : 0.25982937216758728,
			"ObjectId" : 4,
			"ObjectType" : "CAR",
			"Occluded" : 0.0,
			"Relative Acceleration X" : -0.22530239820480347,
			"Relative Acceleration Y" : 0.081643842160701752,
			"Relative Acceleration Z" : 0.21653774380683899,
			"Relative Velocity X" : 0.82170921564102173,
			"Relative Velocity Y" : -0.11575960367918015,
			"Relative Velocity Z" : -0.081969223916530609,
			"Truncated" : 0
		},
		{
			"Absolute Acceleration X" : -0.07981109619140625,
			"Absolute Acceleration Y" : 0.13352897763252258,
			"Absolute Acceleration Z" : -0.065445840358734131,
			"Absolute Velocity X" : 26.527919769287109,
			"Absolute Velocity Y" : -0.18428856134414673,
			"Absolute Velocity Z" : -0.1937023401260376,
			"ActorName" : "CAR 12",
			"BoundingBox3D Extent X" : 4.5750732421875,
			"BoundingBox3D Extent Y" : 1.8780477046966553,
			"BoundingBox3D Extent Z" : 1.9186064004898071,
			"BoundingBox3D Orientation Quat W" : 0.99997377395629883,
			"BoundingBox3D Orientation Quat X" : -0.00058936199638992548,
			"BoundingBox3D Orientation Quat Y" : 0.0036128091160207987,
			"BoundingBox3D Orientation Quat Z" : -0.0049341428093612194,
			"BoundingBox3D Origin X" : 73.073822021484375,
			"BoundingBox3D Origin Y" : 15.225669860839844,
			"BoundingBox3D Origin Z" : -0.028877353295683861,
			"ObjectId" : 12,
			"ObjectType" : "CAR",
			"Occluded" : 0.0,
			"Relative Acceleration X" : -0.13132333755493164,
			"Relative Acceleration Y" : 0.35228362679481506,
			"Relative Acceleration Z" : 0.3938499391078949,
			"Relative Velocity X" : 4.1956620216369629,
			"Relative Velocity Y" : 0.22713936865329742,
			"Relative Velocity Z" : -0.023400498554110527,
			"Truncated" : 0
		},
		{
			"Absolute Acceleration X" : -0.49246025085449219,
			"Absolute Acceleration Y" : 0.089497402310371399,
			"Absolute Acceleration Z" : 0.029727160930633545,
			"Absolute Velocity X" : 22.268964767456055,
			"Absolute Velocity Y" : -0.33128201961517334,
			"Absolute Velocity Z" : -0.28583991527557373,
			"ActorName" : "CAR 14",
			"BoundingBox3D Extent X" : 4.102569580078125,
			"BoundingBox3D Extent Y" : 2.0015368461608887,
			"BoundingBox3D Extent Z" : 0.78410714864730835,
			"BoundingBox3D Orientation Quat W" : 0.9999355673789978,
			"BoundingBox3D Orientation Quat X" : -0.0054840091615915298,
			"BoundingBox3D Orientation Quat Y" : 0.0064367256127297878,
			"BoundingBox3D Orientation Quat Z" : -0.0062295198440551758,
			"BoundingBox3D Origin X" : -107.77705383300781,
			"BoundingBox3D Origin Y" : -2.3663091659545898,
			"BoundingBox3D Origin Z" : 1.4362753629684448,
			"ObjectId" : 14,
			"ObjectType" : "CAR",
			"Occluded" : 0.0,
			"Relative Acceleration X" : -0.51358222961425781,
			"Relative Acceleration Y" : -0.076194465160369873,
			"Relative Acceleration Z" : -0.4996984601020813,
			"Relative Velocity X" : -0.01615193672478199,
			"Relative Velocity Y" : -0.38823965191841125,
			"Relative Velocity Z" : 0.07971760630607605,
			"Truncated" : 0
		},
		{
			"Absolute Acceleration X" : -0.066669464111328125,
			"Absolute Acceleration Y" : -0.078769676387310028,
			"Absolute Acceleration Z" : -0.4217226505279541,
			"Absolute Velocity X" : 24.992664337158203,
			"Absolute Velocity Y" : -0.13630135357379913,
			"Absolute Velocity Z" : -0.3124031126499176,
			"ActorName" : "TRUCK 16",
			"BoundingBox3D Extent X" : 16.559131622314453,
			"BoundingBox3D Extent Y" : 2.7696602344512939,
			"BoundingBox3D Extent Z" : 2.9437732696533203,
			"BoundingBox3D Orientation Quat W" : 0.99868941307067871,
			"BoundingBox3D Orientation Quat X" : -0.042486704885959625,
			"BoundingBox3D Orientation Quat Y" : 0.0079069184139370918,
			"BoundingBox3D Orientation Quat Z" : -0.0023995318915694952,
			"BoundingBox3D Origin X" : -11.757014274597168,
			"BoundingBox3D Origin Y" : 12.49575138092041,
			"BoundingBox3D Origin Z" : 1.482858419418335,
			"ObjectId" : 16,
			"ObjectType" : "TRUCK",
			"Occluded" : 0.0,
			"Relative Acceleration X" : -0.11782670021057129,
			"Relative Acceleration Y" : -0.043131280690431595,
			"Relative Acceleration Z" : -0.38083255290985107,
			"Relative Velocity X" : 2.6693682670593262,
			"Relative Velocity Y" : 0.054465051740407944,
			"Relative Velocity Z" : -0.037792012095451355,
			"Truncated" : 0
		},
		{
			"Absolute Acceleration X" : -0.20026588439941406,
			"Absolute Acceleration Y" : -0.88130497932434082,
			"Absolute Acceleration Z" : -0.011954590678215027,
			"Absolute Velocity X" : 17.720298767089844,
			"Absolute Velocity Y" : -0.95650225877761841,