{
	"CapturedObjects" : 
	[
		{
			"Absolute Acceleration X" : -0.077468134462833405,
			"Absolute Acceleration Y" : 0.047075781971216202,
			"Absolute Acceleration Z" : -0.0031400131992995739,
			"Absolute Velocity X" : 23.647195816040039,
			"Absolute Velocity Y" : -0.14471003413200378,
			"Absolute Velocity Z" : -0.31082490086555481,
			"ActorName" : "TRUCK 00",
			"BoundingBox3D Extent X" : 16.402755737304688,
			"BoundingBox3D Extent Y" : 3.0087175369262695,
			"BoundingBox3D Extent Z" : 2.9450562000274658,
			"BoundingBox3D Orientation Quat W" : 0.99985867738723755,
			"BoundingBox3D Orientation Quat X" : 0.0019277803367003798,
			"BoundingBox3D Orientation Quat Y" : 0.0071703381836414337,
			"BoundingBox3D Orientation Quat Z" : -0.0023325094953179359,
			"BoundingBox3D Origin X" : 8.5382652282714844,
			"BoundingBox3D Origin Y" : 12.686771392822266,
			"BoundingBox3D Origin Z" : 1.0612105131149292,
			"ObjectId" : 0,
			"ObjectType" : "TRUCK",
			"Occluded" : 0.0,
			"Relative Acceleration X" : 0.34842166304588318,
			"Relative Acceleration Y" : 0.062632977962493896,
			"Relative Acceleration Z" : 0.0023115817457437515,
			"Relative Velocity X" : 3.1820123195648193,
			"Relative Velocity Y" : 0.041402816772460938,
			"Relative Velocity Z" : -0.10833499580621719,
			"Truncated" : 0
		},
		{
			"Absolute Acceleration X" : -0.71016025543212891,
			"Absolute Acceleration Y" : -0.78865146636962891,
			"Absolute Acceleration Z" : 0.025607377290725708,
			"Absolute Velocity X" : 11.81932544708252,
			"Absolute Velocity Y" : -12.402572631835938,
			"Absolute Velocity Z" : -0.04751066118478775,
			"ActorName" : "CAR 02",
			"BoundingBox3D Extent X" : 3.864055871963501,
			"BoundingBox3D Extent Y" : 1.9809699058532715,
			"BoundingBox3D Extent Z" : 1.523533821105957,
			"BoundingBox3D Orientation Quat W" : -0.91839110851287842,
			"BoundingBox3D Orientation Quat X" : -0.029053865000605583,
			"BoundingBox3D Orientation Quat Y" : -0.0072025065310299397,
			"BoundingBox3D Orientation Quat Z" : 0.39444145560264587,
			"BoundingBox3D Origin X" : -28.40873908996582,
			"BoundingBox3D Origin Y" : -56.887275695800781,
			"BoundingBox3D Origin Z" : 0.20024982094764709,
			"ObjectId" : 2,
			"ObjectType" : "CAR",
			"Occluded" : 0.0,
			"Relative Acceleration X" : -0.62926101684570312,
			"Relative Acceleration Y" : -0.66619014739990234,
			"Relative Acceleration Z" : -0.22486104071140289,
			"Relative Velocity X" : -8.7112064361572266,
			"Relative Velocity Y" : -12.176617622375488,
			"Relative Velocity Z" : 0.11928125470876694,
			"Truncated" : 0
		},
		{
			"Absolute Acceleration X" : -0.60785102844238281,
			"Absolute Acceleration Y" : -0.13135471940040588,
			"Absolute Acceleration Z" : 0.0050026923418045044,
			"Absolute Velocity X" : 21.177394866943359,
			"Absolute Velocity Y" : -0.12436582148075104,
			"Absolute Velocity Z" : -0.22661113739013672,
			"ActorName" : "CAR 03",
			"BoundingBox3D Extent X" : 4.2844457626342773,
			"BoundingBox3D Extent Y" : 2.0036630630493164,
			"BoundingBox3D Extent Z" : 1.5117292404174805,
			"BoundingBox3D Orientation Quat W" : 0.9999421238899231,
			"BoundingBox3D Orientation Quat X" : 0.006086377426981926,
			"BoundingBox3D Orientation Quat Y" : 0.005709394346922636,
			"BoundingBox3D Orientation Quat Z" : -0.0060663251206278801,
			"BoundingBox3D Origin X" : -19.575990676879883,
			"BoundingBox3D Origin Y" : 0.88893669843673706,
			"BoundingBox3D Origin Z" : 0.90744549036026001,
			"ObjectId" : 3,
			"ObjectType" : "CAR",
			"Occluded" : 0.0,
			"Relative Acceleration X" : -0.2622876763343811,
			"Relative Acceleration Y" : -0.049291655421257019,
			"Relative Acceleration Z" : -0.07571113109588623,
			"Relative Velocity X" : 0.70264601707458496,
			"Relative Velocity Y" : 0.085189357399940491,
			"Relative Velocity Z" : 0.028248149901628494,
			"Truncated" : 0
		},
		{
			"Absolute Acceleration X" : 0.0016651153564453125,
			"Absolute Acceleration Y" : -0.011840842664241791,
			"Absolute Acceleration Z" : -0.058676853775978088,
			"Absolute Velocity X" : 19.375696182250977,
			"Absolute Velocity Y" : -0.006683635525405407,
			"Absolute Velocity Z" : -0.19946956634521484,
			"ActorName" : "CAR 07",
			"BoundingBox3D Extent X" : 4.1126194000244141,
			"BoundingBox3D Extent Y" : 1.693389892578125,
			"BoundingBox3D Extent Z" : 1.4968762397766113,
			"BoundingBox3D Orientation Quat W" : 0.99994158744812012,
			"BoundingBox3D Orientation Quat X" : 0.0080278832465410233,
			"BoundingBox3D Orientation Quat Y" : 0.0052139386534690857,
			"BoundingBox3D Orientation Quat Z" : -0.0032901535741984844,
			"BoundingBox3D Origin X" : 36.446014404296875,
			"BoundingBox3D Origin Y" : -0.33311790227890015,
			"BoundingBox3D Origin Z" : 0.37897732853889465,
			"ObjectId" : 7,
			"ObjectType" : "CAR",
			"Occluded" : 0.0,
			"Relative Acceleration X" : 0.34322673082351685,
			"Relative Acceleration Y" : -0.19121690094470978,
			"Relative Acceleration Z" : 0.052232649177312851,
			"Relative Velocity X" : -1.1009196043014526,
			"Relative Velocity Y" : 0.16406643390655518,
			"Relative Velocity Z" : -0.11824446171522141,
			"Truncated" : 0
		},
		{
			"Absolute Acceleration X" : -0.18303298950195312,
			"Absolute Acceleration Y" : -0.11639390885829926,
			"Absolute Acceleration Z" : -0.083674252033233643,
			"Absolute Velocity X" : 22.863569259643555,
			"Absolute Velocity Y" : -0.1734948605298996,
			"Absolute Velocity Z" : -0.36306115984916687,
			"ActorName" : "TRUCK 14",
			"BoundingBox3D Extent X" : 11.0,
			"BoundingBox3D Extent Y" : 1.0826201438903809,
			"BoundingBox3D Extent Z" : 4.1421566009521484,
			"BoundingBox3D Orientation Quat W" : 0.99978905916213989,
			"BoundingBox3D Orientation Quat X" : -0.014686320908367634,
			"BoundingBox3D Orientation Quat Y" : 0.0078177861869335175,
			"BoundingBox3D Orientation Quat Z" : -0.0056022843345999718,
			"BoundingBox3D Origin X" : 110.08119964599609,
			"BoundingBox3D Origin Y" : 10.891275405883789,
			"BoundingBox3D Origin Z" : -0.0040481630712747574,
			"ObjectId" : 14,
			"ObjectType" : "TRUCK",
			"Occluded" : 0.0,
			"Relative Acceleration X" : 0.21091818809509277,
			"Relative Acceleration Y" : -0.63522279262542725,
			"Relative Acceleration Z" : 0.28869009017944336,
			"Relative Velocity X" : 2.3950254917144775,
			"Relative Velocity Y" : -0.059838343411684036,
			"Relative Velocity Z" : -0.46512076258659363,
			"Truncated" : 0
		},
		{
			"Absolute Acceleration X" : 0.16906166076660156,
			"Absolute Acceleration Y" : -0.22512784600257874,
			"Absolute Acceleration Z" : -0.11496217548847198,
			"Absolute Velocity X" : 21.059419631958008,
			"Absolute Velocity Y" : -0.19484609365463257,
			"Absolute Velocity Z" : -0.27188697457313538,
			"ActorName" : "CAR 15",
			"BoundingBox3D Extent X" : 4.141077995300293,
			"BoundingBox3D Extent Y" : 1.6108317375183105,
			"BoundingBox3D Extent Z" : 1.7072697877883911,
			"BoundingBox3D Orientation Quat W" : -0.99993497133255005,
			"BoundingBox3D Orientation Quat X" : -0.00624467758461833,
			"BoundingBox3D Orientation Quat Y" : -0.0066673397086560726,
			"BoundingBox3D Orientation Quat Z" : 0.0056240702979266644,
			"BoundingBox3D Origin X" : 68.101463317871094,
			"BoundingBox3D Origin Y" : -0.21795274317264557,
			"BoundingBox3D Origin Z" : 0.11823572963476181,
			"ObjectId" : 15,
			"ObjectType" : "CAR",
			"Occluded" : 0.0,
			"Relative Acceleration X" : 0.51128017902374268,
			"Relative Acceleration Y" : -0.5507124662399292,
			"Relative Acceleration Z" : 0.10046285390853882,
			"Relative Velocity X" : 0.58244383335113525,
			"Relative Velocity Y" : -0.048649970442056656,
			"Relative Velocity Z" : -0.27732008695602417,
			"Truncated" : 0
		},
		{
			"Absolute Acceleration X" : -0.24512410163879395,
			"Absolute Acceleration Y" : -0.40352413058280945,
			"Absolute Acceleration Z" : 0.00019330420764163136,
			"Absolute Velocity X" : -0.23319192230701447,
			"Absolute Velocity Y" : -0.4959699809551239,