{
	"CapturedObjects" : 
	[
		{
			"Absolute Acceleration X" : 0.044919967651367188,
			"Absolute Acceleration Y" : 0.29357713460922241,
			"Absolute Acceleration Z" : -0.04404333233833313,
			"Absolute Velocity X" : 23.580869674682617,
			"Absolute Velocity Y" : -0.11379233002662659,
			"Absolute Velocity Z" : -0.088957078754901886,
			"ActorName" : "CAR 00",
			"BoundingBox3D Extent X" : 4.4090428352355957,
			"BoundingBox3D Extent Y" : 1.9519712924957275,
			"BoundingBox3D Extent Z" : 1.7693676948547363,
			"BoundingBox3D Orientation Quat W" : 0.99999386072158813,
			"BoundingBox3D Orientation Quat X" : 0.0026751654222607613,
			"BoundingBox3D Orientation Quat Y" : 0.0021418570540845394,
			"BoundingBox3D Orientation Quat Z" : -0.00029929805896244943,
			"BoundingBox3D Origin X" : -15.504334449768066,
			"BoundingBox3D Origin Y" : -3.644540548324585,
			"BoundingBox3D Origin Z" : 0.89248746633529663,
			"ObjectId" : 0,
			"ObjectType" : "CAR",
			"Occluded" : 0.0,
			"Relative Acceleration X" : -0.13350009918212891,
			"Relative Acceleration Y" : 0.19027999043464661,
			"Relative Acceleration Z" : 0.095529250800609589,
			"Relative Velocity X" : -2.874366283416748,
			"Relative Velocity Y" : 0.24269163608551025,
			"Relative Velocity Z" : 0.042393345385789871,
			"Truncated" : 0
		},
		{
			"Absolute Acceleration X" : -0.081354141235351562,
			"Absolute Acceleration Y" : 0.13223233819007874,
			"Absolute Acceleration Z" : -0.069862291216850281,
			"Absolute Velocity X" : 31.182090759277344,
			"Absolute Velocity Y" : -0.17735052108764648,
			"Absolute Velocity Z" : -0.12237202376127243,
			"ActorName" : "CAR 01",
			"BoundingBox3D Extent X" : 4.9785623550415039,
			"BoundingBox3D Extent Y" : 2.0556600093841553,
			"BoundingBox3D Extent Z" : 1.4564532041549683,
			"BoundingBox3D Orientation Quat W" : 0.99998629093170166,
			"BoundingBox3D Orientation Quat X" : 0.0029597014654427767,
			"BoundingBox3D Orientation Quat Y" : 0.0023934133350849152,
			"BoundingBox3D Orientation Quat Z" : 0.00035786116495728493,
			"BoundingBox3D Origin X" : -12.85417366027832,
			"BoundingBox3D Origin Y" : 3.9133563041687012,
			"BoundingBox3D Origin Z" : 0.73753011226654053,
			"ObjectId" : 1,
			"ObjectType" : "CAR",
			"Occluded" : 0.0,
			"Relative Acceleration X" : -0.23747014999389648,
			"Relative Acceleration Y" : -0.091421008110046387,
			"Relative Acceleration Z" : 0.095124766230583191,
			"Relative Velocity X" : 4.7886366844177246,
			"Relative Velocity Y" : 0.14983080327510834,
			"Relative Velocity Z" : -0.045646220445632935,
			"Truncated" : 0
		},
		{
			"Absolute Acceleration X" : -0.006969451904296875,
			"Absolute Acceleration Y" : -0.059090077877044678,
			"Absolute Acceleration Z" : -0.069325566291809082,
			"Absolute Velocity X" : 21.121782302856445,
			"Absolute Velocity Y" : 0.23343460261821747,
			"Absolute Velocity Z" : -0.39197564125061035,
			"ActorName" : "TRUCK 02",
			"BoundingBox3D Extent X" : 11.0,
			"BoundingBox3D Extent Y" : 2.3771471977233887,
			"BoundingBox3D Extent Z" : 3.0124955177307129,
			"BoundingBox3D Orientation Quat W" : 0.99993598461151123,
			"BoundingBox3D Orientation Quat X" : 0.0030497508123517036,
			"BoundingBox3D Orientation Quat Y" : 0.0088501255959272385,
			"BoundingBox3D Orientation Quat Z" : 0.0054607884958386421,
			"BoundingBox3D Origin X" : 107.89492797851562,
			"BoundingBox3D Origin Y" : -2.4823729991912842,
			"BoundingBox3D Origin Z" : 0.45096209645271301,
			"ObjectId" : 2,
			"ObjectType" : "TRUCK",
			"Occluded" : 0.0,
			"Relative Acceleration X" : -0.18686103820800781,
			"Relative Acceleration Y" : -0.51617604494094849,
			"Relative Acceleration Z" : -0.55360645055770874,
			"Relative Velocity X" : -5.3244004249572754,
			"Relative Velocity Y" : -0.42601272463798523,
			"Relative Velocity Z" : -0.013117336668074131,
			"Truncated" : 0
		},
		{
			"Absolute Acceleration X" : 0.13545989990234375,
			"Absolute Acceleration Y" : 0.11971265077590942,
			"Absolute Acceleration Z" : -0.022142410278320312,
			"Absolute Velocity X" : 27.964982986450195,
			"Absolute Velocity Y" : 0.20389102399349213,
			"Absolute Velocity Z" : -0.18743860721588135,
			"ActorName" : "CAR 03",
			"BoundingBox3D Extent X" : 4.0999999046325684,
			"BoundingBox3D Extent Y" : 1.7416778802871704,
			"BoundingBox3D Extent Z" : 1.5282447338104248,
			"BoundingBox3D Orientation Quat W" : 0.99998843669891357,
			"BoundingBox3D Orientation Quat X" : 0.0010358735453337431,
			"BoundingBox3D Orientation Quat Y" : 0.0029076372738927603,
			"BoundingBox3D Orientation Quat Z" : 0.0021786431316286325,
			"BoundingBox3D Origin X" : 46.123641967773438,
			"BoundingBox3D Origin Y" : 0.30935865640640259,
			"BoundingBox3D Origin Z" : 0.41732752323150635,
			"ObjectId" : 3,
			"ObjectType" : "CAR",
			"Occluded" : 0.0,
			"Relative Acceleration X" : -0.031456470489501953,
			"Relative Acceleration Y" : -0.24232792854309082,
			"Relative Acceleration Z" : -0.17457503080368042,
			"Relative Velocity X" : 1.5424832105636597,
			"Relative Velocity Y" : 0.046670041978359222,
			"Relative Velocity Z" : 0.032872065901756287,
			"Truncated" : 0
		},
		{
			"Absolute Acceleration X" : -0.073238372802734375,
			"Absolute Acceleration Y" : 0.45551919937133789,
			"Absolute Acceleration Z" : -0.24246466159820557,
			"Absolute Velocity X" : 32.313121795654297,
			"Absolute Velocity Y" : -0.93220502138137817,
			"Absolute Velocity Z" : 0.055026434361934662,
			"ActorName" : "CAR 04",
			"BoundingBox3D Extent X" : 5.3322725296020508,
			"BoundingBox3D Extent Y" : 2.0638191699981689,
			"BoundingBox3D Extent Z" : 1.4742890596389771,
			"BoundingBox3D Orientation Quat W" : -0.99997222423553467,
			"BoundingBox3D Orientation Quat X" : -0.00030688592232763767,
			"BoundingBox3D Orientation Quat Y" : 0.001001925440505147,
			"BoundingBox3D Orientation Quat Z" : 0.0063637234270572662,
			"BoundingBox3D Origin X" : -49.862964630126953,
			"BoundingBox3D Origin Y" : 4.3273234367370605,
			"BoundingBox3D Origin Z" : 0.82265466451644897,
			"ObjectId" : 4,
			"ObjectType" : "CAR",
			"Occluded" : 0.0,
			"Relative Acceleration X" : -0.23618078231811523,
			"Relative Acceleration Y" : 0.3332938551902771,
			"Relative Acceleration Z" : 0.11592499166727066,
			"Relative Velocity X" : 5.9234285354614258,
			"Relative Velocity Y" : -0.30126503109931946,
			"Relative Velocity Z" : 0.051270920783281326,
			"Truncated" : 0
		},
		{
			"Absolute Acceleration X" : -0.094484329223632812,
			"Absolute Acceleration Y" : -0.21469560265541077,
			"Absolute Acceleration Z" : -0.087407268583774567,
			"Absolute Velocity X" : 25.941186904907227,
			"Absolute Velocity Y" : -0.53383713960647583,
			"Absolute Velocity Z" : -0.13654860854148865,
			"ActorName" : "CAR 05",
			"BoundingBox3D Extent X" : 5.1394953727722168,
			"BoundingBox3D Extent Y" : 2.3713786602020264,
			"BoundingBox3D Extent Z" : 1.8860985040664673,
			"BoundingBox3D Orientation Quat W" : -0.99984103441238403,
			"BoundingBox3D Orientation Quat X" : 0.0062578991055488586,
			"BoundingBox3D Orientation Quat Y" : -0.0027375475037842989,
			"BoundingBox3D Orientation Quat Z" : 0.016051005572080612,
			"BoundingBox3D Origin X" : -10.392702102661133,
			"BoundingBox3D Origin Y" : -0.36274424195289612,
			"BoundingBox3D Origin Z" : 0.97113889455795288,
			"ObjectId" : 5,
			"ObjectType" : "CAR",
			"Occluded" : 0.0,
			"Relative Acceleration X" : -0.26914229989051819,
			"Relative Acceleration Y" : -0.36990645527839661,
			"Relative Acceleration Z" : 0.042877435684204102,
			"Relative Velocity X" : -0.48849138617515564,
			"Relative Velocity Y" : -0.22114284336566925,
			"Relative Velocity Z" : -0.018235672265291214,
			"Truncated" : 0
		},
		{
			"Absolute Acceleration X" : 1.2451282739639282,
			"Absolute Acceleration Y" : 1.5010045766830444,
			"Absolute Acceleration Z" : -0.52383685111999512,
			"Absolute Velocity X" : -25.504796981811523,
			"Absolute Velocity Y" : 0.94563090801239014,