{
	"CapturedObjects" : 
	[
		{
			"Absolute Acceleration X" : -0.41382217407226562,
			"Absolute Acceleration Y" : 0.12856507301330566,
			"Absolute Acceleration Z" : 0.0089854001998901367,
			"Absolute Velocity X" : 22.831872940063477,
			"Absolute Velocity Y" : -0.24831730127334595,
			"Absolute Velocity Z" : -0.20524133741855621,
			"ActorName" : "CAR 01",
			"BoundingBox3D Extent X" : 4.9576702117919922,
			"BoundingBox3D Extent Y" : 1.8935643434524536,
			"BoundingBox3D Extent Z" : 1.7944116592407227,
			"BoundingBox3D Orientation Quat W" : 0.99958556890487671,
			"BoundingBox3D Orientation Quat X" : -0.027305589988827705,
			"BoundingBox3D Orientation Quat Y" : 0.0040426049381494522,
			"BoundingBox3D Orientation Quat Z" : -0.0078984284773468971,
			"BoundingBox3D Origin X" : 29.749547958374023,
			"BoundingBox3D Origin Y" : 16.218784332275391,
			"BoundingBox3D Origin Z" : 0.40309524536132812,
			"ObjectId" : 1,
			"ObjectType" : "CAR",
			"Occluded" : 0.0,
			"Relative Acceleration X" : -0.15811449289321899,
			"Relative Acceleration Y" : 0.21446698904037476,
			"Relative Acceleration Z" : 0.26909327507019043,
			"Relative Velocity X" : 0.78255492448806763,
			"Relative Velocity Y" : -0.046361763030290604,
			"Relative Velocity Z" : -0.14941078424453735,
			"Truncated" : 0
		},
		{
			"Absolute Acceleration X" : -0.24597930908203125,
			"Absolute Acceleration Y" : 0.077778622508049011,
			"Absolute Acceleration Z" : 0.03067682683467865,
			"Absolute Velocity X" : 21.399982452392578,
			"Absolute Velocity Y" : -0.2663021981716156,
			"Absolute Velocity Z" : -0.1631777435541153,
			"ActorName" : "CAR 04",
			"BoundingBox3D Extent X" : 4.2017726898193359,
			"BoundingBox3D Extent Y" : 1.6525812149047852,
			"BoundingBox3D Extent Z" : 1.5048118829727173,
			"BoundingBox3D Orientation Quat W" : 0.99996215105056763,
			"BoundingBox3D Orientation Quat X" : -0.0049567944370210171,
			"BoundingBox3D Orientation Quat Y" : 0.0029752911068499088,
			"BoundingBox3D Orientation Quat Z" : -0.0051570641808211803,
			"BoundingBox3D Origin X" : 28.572225570678711,
			"BoundingBox3D Origin Y" : 0.34554621577262878,
			"BoundingBox3D Origin Z" : 0.45327550172805786,
			"ObjectId" : 4,
			"ObjectType" : "CAR",
			"Occluded" : 0.0,
			"Relative Acceleration X" : 0.080117166042327881,
			"Relative Acceleration Y" : 0.16317732632160187,
			"Relative Acceleration Z" : 0.05283089354634285,
			"Relative Velocity X" : -0.66977721452713013,
			"Relative Velocity Y" : -0.064486846327781677,
			"Relative Velocity Z" : -0.014520563185214996,
			"Truncated" : 0
		},
		{
			"Absolute Acceleration X" : 0.11246681213378906,
			"Absolute Acceleration Y" : -0.032358944416046143,
			"Absolute Acceleration Z" : 0.028800427913665771,
			"Absolute Velocity X" : 23.658262252807617,
			"Absolute Velocity Y" : -0.70616108179092407,
			"Absolute Velocity Z" : -0.15598610043525696,
			"ActorName" : "TRUCK 06",
			"BoundingBox3D Extent X" : 11.0,
			"BoundingBox3D Extent Y" : 2.2770223617553711,
			"BoundingBox3D Extent Z" : 2.3187522888183594,
			"BoundingBox3D Orientation Quat W" : -0.99944651126861572,
			"BoundingBox3D Orientation Quat X" : 0.028715452179312706,
			"BoundingBox3D Orientation Quat Y" : -0.0033124929759651423,
			"BoundingBox3D Orientation Quat Z" : 0.016207046806812286,
			"BoundingBox3D Origin X" : -54.831657409667969,
			"BoundingBox3D Origin Y" : 18.976491928100586,
			"BoundingBox3D Origin Z" : 1.2083709239959717,
			"ObjectId" : 6,
			"ObjectType" : "TRUCK",
			"Occluded" : 0.0,
			"Relative Acceleration X" : 0.35483002662658691,
			"Relative Acceleration Y" : -0.33405795693397522,
			"Relative Acceleration Z" : 0.2344651073217392,
			"Relative Velocity X" : 1.6128776073455811,
			"Relative Velocity Y" : -0.39120402932167053,
			"Relative Velocity Z" : -0.091846711933612823,
			"Truncated" : 0
		},
		{
			"Absolute Acceleration X" : -1.2932643890380859,
			"Absolute Acceleration Y" : 0.063833564519882202,
			"Absolute Acceleration Z" : 0.0064941197633743286,
			"Absolute Velocity X" : 23.847455978393555,
			"Absolute Velocity Y" : -0.1633269339799881,
			"Absolute Velocity Z" : -0.21966259181499481,
			"ActorName" : "TRUCK 09",
			"BoundingBox3D Extent X" : 11.0,
			"BoundingBox3D Extent Y" : 0.74468886852264404,
			"BoundingBox3D Extent Z" : 3.1286568641662598,
			"BoundingBox3D Orientation Quat W" : 0.99967694282531738,
			"BoundingBox3D Orientation Quat X" : -0.022224666550755501,
			"BoundingBox3D Orientation Quat Y" : 0.0025150298606604338,
			"BoundingBox3D Orientation Quat Z" : -0.0041156546212732792,
			"BoundingBox3D Origin X" : 64.60247802734375,
			"BoundingBox3D Origin Y" : 15.00737190246582,
			"BoundingBox3D Origin Z" : 0.86977928876876831,
			"ObjectId" : 9,
			"ObjectType" : "TRUCK",
			"Occluded" : 0.0,
			"Relative Acceleration X" : -1.0326880216598511,
			"Relative Acceleration Y" : 0.29223772883415222,
			"Relative Acceleration Z" : 0.290631502866745,
			"Relative Velocity X" : 1.7967313528060913,
			"Relative Velocity Y" : -0.0014622315065935254,
			"Relative Velocity Z" : -0.1644560694694519,
			"Truncated" : 0
		},
		{
			"Absolute Acceleration X" : 0.0366363525390625,
			"Absolute Acceleration Y" : 0.64840590953826904,
			"Absolute Acceleration Z" : -0.01476074755191803,
			"Absolute Velocity X" : 26.122150421142578,
			"Absolute Velocity Y" : -2.2113535404205322,
			"Absolute Velocity Z" : -0.13058966398239136,
			"ActorName" : "CAR 12",
			"BoundingBox3D Extent X" : 4.0999999046325684,
			"BoundingBox3D Extent Y" : 1.973698616027832,
			"BoundingBox3D Extent Z" : 0.78355199098587036,
			"BoundingBox3D Orientation Quat W" : -0.99920248985290527,
			"BoundingBox3D Orientation Quat X" : 0.0011883160332217813,
			"BoundingBox3D Orientation Quat Y" : -0.0032062705140560865,
			"BoundingBox3D Orientation Quat Z" : 0.039691220968961716,
			"BoundingBox3D Origin X" : -162.35467529296875,
			"BoundingBox3D Origin Y" : 7.8201942443847656,
			"BoundingBox3D Origin Z" : 1.3518640995025635,
			"ObjectId" : 12,
			"ObjectType" : "CAR",
			"Occluded" : 0.0,
			"Relative Acceleration X" : 0.32350468635559082,
			"Relative Acceleration Y" : -0.13784575462341309,
			"Relative Acceleration Z" : -0.080434545874595642,
			"Relative Velocity X" : 4.0638856887817383,
			"Relative Velocity Y" : -1.7566771507263184,
			"Relative Velocity Z" : 0.031003568321466446,
			"Truncated" : 0
		},
		{
			"Absolute Acceleration X" : 0.022710800170898438,
			"Absolute Acceleration Y" : -0.025507897138595581,
			"Absolute Acceleration Z" : 0.0040289163589477539,
			"Absolute Velocity X" : 21.159381866455078,
			"Absolute Velocity Y" : -0.24592722952365875,
			"Absolute Velocity Z" : -0.09739191085100174,
			"ActorName" : "CAR 24",
			"BoundingBox3D Extent X" : 4.0999999046325684,
			"BoundingBox3D Extent Y" : 1.2091541290283203,
			"BoundingBox3D Extent Z" : 1.6158829927444458,
			"BoundingBox3D Orientation Quat W" : 0.99997091293334961,
			"BoundingBox3D Orientation Quat X" : -0.005382094532251358,
			"BoundingBox3D Orientation Quat Y" : 0.0022310004569590092,
			"BoundingBox3D Orientation Quat Z" : -0.0046875495463609695,
			"BoundingBox3D Origin X" : 68.128555297851562,
			"BoundingBox3D Origin Y" : -0.66473054885864258,
			"BoundingBox3D Origin Z" : 0.26386258006095886,
			"ObjectId" : 24,
			"ObjectType" : "CAR",
			"Occluded" : 0.0,
			"Relative Acceleration X" : 0.35316658020019531,
			"Relative Acceleration Y" : 0.23955440521240234,
			"Relative Acceleration Z" : 0.055568352341651917,
			"Relative Velocity X" : -0.91181451082229614,
			"Relative Velocity Y" : -0.095958985388278961,
			"Relative Velocity Z" : 0.045555111020803452,
			"Truncated" : 0
		},
		{
			"Absolute Acceleration X" : 3.5679218769073486,
			"Absolute Acceleration Y" : -0.35410553216934204,
			"Absolute Acceleration Z" : -0.11283448338508606,
			"Absolute Velocity X" : -22.147590637207031,
			"Absolute Velocity Y" : -0.30478498339653015,
			"Absolute Velocity Z" : -0.030879469588398933,