{
	"CapturedObjects" : 
	[
		{
			"Absolute Acceleration X" : -0.082927703857421875,
			"Absolute Acceleration Y" : -1.1249663829803467,
			"Absolute Acceleration Z" : 0.093570336699485779,
			"Absolute Velocity X" : 25.3072509765625,
			"Absolute Velocity Y" : -0.94370651245117188,
			"Absolute Velocity Z" : -0.1720777153968811,
			"ActorName" : "TRUCK 00",
			"BoundingBox3D Extent X" : 11.0,
			"BoundingBox3D Extent Y" : 2.7633500099182129,
			"BoundingBox3D Extent Z" : 3.5429394245147705,
			"BoundingBox3D Orientation Quat W" : -0.99983799457550049,
			"BoundingBox3D Orientation Quat X" : -0.0013738177949562669,
			"BoundingBox3D Orientation Quat Y" : -0.0030640745535492897,
			"BoundingBox3D Orientation Quat Z" : 0.017545716837048531,
			"BoundingBox3D Origin X" : 17.790416717529297,
			"BoundingBox3D Origin Y" : -3.7114388942718506,
			"BoundingBox3D Origin Z" : 1.5695385932922363,
			"ObjectId" : 0,
			"ObjectType" : "TRUCK",
			"Occluded" : 0.0,
			"Relative Acceleration X" : 0.060877561569213867,
			"Relative Acceleration Y" : -0.1869562566280365,
			"Relative Acceleration Z" : -0.007380995899438858,
			"Relative Velocity X" : -2.0657954216003418,
			"Relative Velocity Y" : -0.0073720160871744156,
			"Relative Velocity Z" : -0.0065764929167926311,
			"Truncated" : 0
		},
		{
			"Absolute Acceleration X" : -0.044002532958984375,
			"Absolute Acceleration Y" : -1.2683835029602051,
			"Absolute Acceleration Z" : 0.13254132866859436,
			"Absolute Velocity X" : 27.576614379882812,
			"Absolute Velocity Y" : 0.66822421550750732,
			"Absolute Velocity Z" : -0.34249997138977051,
			"ActorName" : "CAR 01",
			"BoundingBox3D Extent X" : 4.303131103515625,
			"BoundingBox3D Extent Y" : 2.0774104595184326,
			"BoundingBox3D Extent Z" : 1.457223653793335,
			"BoundingBox3D Orientation Quat W" : 0.99992924928665161,
			"BoundingBox3D Orientation Quat X" : 0.0050627146847546101,
			"BoundingBox3D Orientation Quat Y" : 0.0051785563118755817,
			"BoundingBox3D Orientation Quat Z" : 0.0091076679527759552,
			"BoundingBox3D Origin X" : -18.428556442260742,
			"BoundingBox3D Origin Y" : -0.42085552215576172,
			"BoundingBox3D Origin Z" : 0.88076245784759521,
			"ObjectId" : 1,
			"ObjectType" : "CAR",
			"Occluded" : 0.0,
			"Relative Acceleration X" : 0.038946919143199921,
			"Relative Acceleration Y" : -0.018250375986099243,
			"Relative Acceleration Z" : -0.012972444295883179,
			"Relative Velocity X" : 0.059246718883514404,
			"Relative Velocity Y" : 0.052509408444166183,
			"Relative Velocity Z" : 0.025536010041832924,
			"Truncated" : 0
		},
		{
			"Absolute Acceleration X" : -0.2790069580078125,
			"Absolute Acceleration Y" : -1.1097756624221802,
			"Absolute Acceleration Z" : 0.17199452221393585,
			"Absolute Velocity X" : 28.012245178222656,
			"Absolute Velocity Y" : -2.5350465774536133,
			"Absolute Velocity Z" : -0.047509003430604935,
			"ActorName" : "CAR 02",
			"BoundingBox3D Extent X" : 4.4205107688903809,
			"BoundingBox3D Extent Y" : 1.9659700393676758,
			"BoundingBox3D Extent Z" : 2.0693130493164062,
			"BoundingBox3D Orientation Quat W" : -0.99878782033920288,
			"BoundingBox3D Orientation Quat X" : -0.0013865538639947772,
			"BoundingBox3D Orientation Quat Y" : -0.00089054356794804335,
			"BoundingBox3D Orientation Quat Z" : 0.049109868705272675,
			"BoundingBox3D Origin X" : 44.549636840820312,
			"BoundingBox3D Origin Y" : -5.0169062614440918,
			"BoundingBox3D Origin Z" : 0.70977568626403809,
			"ObjectId" : 2,
			"ObjectType" : "CAR",
			"Occluded" : 0.0,
			"Relative Acceleration X" : -0.049706816673278809,
			"Relative Acceleration Y" : -0.026320457458496094,
			"Relative Acceleration Z" : 0.077412724494934082,
			"Relative Velocity X" : 0.69000202417373657,
			"Relative Velocity Y" : -0.45836392045021057,
			"Relative Velocity Z" : -0.026594536378979683,
			"Truncated" : 0
		},
		{
			"Absolute Acceleration X" : 0.45782089233398438,
			"Absolute Acceleration Y" : -1.386698842048645,
			"Absolute Acceleration Z" : 0.15005269646644592,
			"Absolute Velocity X" : 30.745002746582031,
			"Absolute Velocity Y" : 2.4545423984527588,
			"Absolute Velocity Z" : -0.50658500194549561,
			"ActorName" : "CAR 05",
			"BoundingBox3D Extent X" : 4.2242927551269531,
			"BoundingBox3D Extent Y" : 2.1238579750061035,
			"BoundingBox3D Extent Z" : 1.4662171602249146,
			"BoundingBox3D Orientation Quat W" : 0.99910694360733032,
			"BoundingBox3D Orientation Quat X" : 0.005443197675049305,
			"BoundingBox3D Orientation Quat Y" : 0.0091974129900336266,
			"BoundingBox3D Orientation Quat Z" : 0.040709920227527618,
			"BoundingBox3D Origin X" : -46.712669372558594,
			"BoundingBox3D Origin Y" : -8.9389505386352539,
			"BoundingBox3D Origin Z" : 1.2045679092407227,
			"ObjectId" : 5,
			"ObjectType" : "CAR",
			"Occluded" : 0.0,
			"Relative Acceleration X" : 0.41501092910766602,
			"Relative Acceleration Y" : 0.25838303565979004,
			"Relative Acceleration Z" : -0.020491793751716614,
			"Relative Velocity X" : 3.5938012599945068,
			"Relative Velocity Y" : 0.6315077543258667,
			"Relative Velocity Z" : 0.044409483671188354,
			"Truncated" : 0
		},
		{
			"Absolute Acceleration X" : -0.000362396240234375,
			"Absolute Acceleration Y" : -1.3313281536102295,
			"Absolute Acceleration Z" : 0.10849779844284058,
			"Absolute Velocity X" : 27.500711441040039,
			"Absolute Velocity Y" : 1.2293291091918945,
			"Absolute Velocity Z" : -0.39392906427383423,
			"ActorName" : "CAR 10",
			"BoundingBox3D Extent X" : 4.2271699905395508,
			"BoundingBox3D Extent Y" : 1.8717023134231567,
			"BoundingBox3D Extent Z" : 1.641459584236145,
			"BoundingBox3D Orientation Quat W" : 0.99973571300506592,
			"BoundingBox3D Orientation Quat X" : 4.6807599574094638e-05,
			"BoundingBox3D Orientation Quat Y" : 0.0073388335295021534,
			"BoundingBox3D Orientation Quat Z" : 0.021686229854822159,
			"BoundingBox3D Origin X" : -29.058000564575195,
			"BoundingBox3D Origin Y" : 0.21940957009792328,
			"BoundingBox3D Origin Z" : 1.1624778509140015,
			"ObjectId" : 10,
			"ObjectType" : "CAR",
			"Occluded" : 0.0,
			"Relative Acceleration X" : 0.055259589105844498,
			"Relative Acceleration Y" : -0.055807821452617645,
			"Relative Acceleration Z" : -0.045120988041162491,
			"Relative Velocity X" : -0.042726673185825348,
			"Relative Velocity Y" : 0.15998023748397827,
			"Relative Velocity Z" : 0.032910484820604324,
			"Truncated" : 0
		},
		{
			"Absolute Acceleration X" : 0.17603492736816406,
			"Absolute Acceleration Y" : -1.0596680641174316,
			"Absolute Acceleration Z" : 0.10144087672233582,
			"Absolute Velocity X" : 25.097553253173828,
			"Absolute Velocity Y" : 1.7764214277267456,
			"Absolute Velocity Z" : -0.41988891363143921,
			"ActorName" : "CAR 11",
			"BoundingBox3D Extent X" : 5.221282958984375,
			"BoundingBox3D Extent Y" : 2.5728745460510254,
			"BoundingBox3D Extent Z" : 2.0236544609069824,
			"BoundingBox3D Orientation Quat W" : 0.99949699640274048,
			"BoundingBox3D Orientation Quat X" : 0.0029108989983797073,
			"BoundingBox3D Orientation Quat Y" : 0.0087615437805652618,
			"BoundingBox3D Orientation Quat Z" : 0.030235437676310539,
			"BoundingBox3D Origin X" : -45.005321502685547,
			"BoundingBox3D Origin Y" : -5.0702428817749023,
			"BoundingBox3D Origin Z" : 1.4752740859985352,
			"ObjectId" : 11,
			"ObjectType" : "CAR",
			"Occluded" : 0.0,
			"Relative Acceleration X" : 0.19867706298828125,
			"Relative Acceleration Y" : 0.070981785655021667,
			"Relative Acceleration Z" : -0.043100766837596893,
			"Relative Velocity X" : -2.2185170650482178,
			"Relative Velocity Y" : 0.028653264045715332,
			"Relative Velocity Z" : 0.10472706705331802,
			"Truncated" : 0
		},
		{
			"Absolute Acceleration X" : 0.32264548540115356,
			"Absolute Acceleration Y" : -1.0306574106216431,
			"Absolute Acceleration Z" : 0.15494629740715027,
			"Absolute Velocity X" : -27.865200042724609,
			"Absolute Velocity Y" : -1.2323616743087769,
			"Absolute Velocity Z" : 0.45220959186553955,