{
	"CapturedObjects" : 
	[
		{
			"Absolute Acceleration X" : -0.0002727508544921875,
			"Absolute Acceleration Y" : -0.042681604623794556,
			"Absolute Acceleration Z" : 0.066183298826217651,
			"Absolute Velocity X" : 24.657238006591797,
			"Absolute Velocity Y" : -0.24663536250591278,
			"Absolute Velocity Z" : -0.15626586973667145,
			"ActorName" : "CAR 01",
			"BoundingBox3D Extent X" : 4.1614699363708496,
			"BoundingBox3D Extent Y" : 1.9984114170074463,
			"BoundingBox3D Extent Z" : 1.3978400230407715,
			"BoundingBox3D Orientation Quat W" : 0.99997073411941528,
			"BoundingBox3D Orientation Quat X" : 4.4983738916926086e-05,
			"BoundingBox3D Orientation Quat Y" : 0.0034874074626713991,
			"BoundingBox3D Orientation Quat Z" : -0.0063250176608562469,
			"BoundingBox3D Origin X" : -48.052539825439453,
			"BoundingBox3D Origin Y" : 1.844082236289978,
			"BoundingBox3D Origin Z" : 0.98816955089569092,
			"ObjectId" : 1,
			"ObjectType" : "CAR",
			"Occluded" : 0.0,
			"Relative Acceleration X" : -0.19870138168334961,
			"Relative Acceleration Y" : 0.017554998397827148,
			"Relative Acceleration Z" : 0.43174797296524048,
			"Relative Velocity X" : -2.0297665596008301,
			"Relative Velocity Y" : 0.11285925656557083,
			"Relative Velocity Z" : 0.22245155274868011,
			"Truncated" : 0
		},
		{
			"Absolute Acceleration X" : 0.25838279724121094,
			"Absolute Acceleration Y" : -0.041831225156784058,
			"Absolute Acceleration Z" : 0.043908238410949707,
			"Absolute Velocity X" : 31.664766311645508,
			"Absolute Velocity Y" : -0.14448787271976471,
			"Absolute Velocity Z" : -0.25228649377822876,
			"ActorName" : "CAR 02",
			"BoundingBox3D Extent X" : 4.6078062057495117,
			"BoundingBox3D Extent Y" : 2.0203628540039062,
			"BoundingBox3D Extent Z" : 1.4820774793624878,
			"BoundingBox3D Orientation Quat W" : 0.99998700618743896,
			"BoundingBox3D Orientation Quat X" : 0.0010885680094361305,
			"BoundingBox3D Orientation Quat Y" : 0.004015717189759016,
			"BoundingBox3D Orientation Quat Z" : -0.00096924480749294162,
			"BoundingBox3D Origin X" : 24.651462554931641,
			"BoundingBox3D Origin Y" : 4.9132647514343262,
			"BoundingBox3D Origin Z" : 0.4990326464176178,
			"ObjectId" : 2,
			"ObjectType" : "CAR",
			"Occluded" : 0.0,
			"Relative Acceleration X" : 0.061452388763427734,
			"Relative Acceleration Y" : -0.13895958662033081,
			"Relative Acceleration Z" : -0.084657669067382812,
			"Relative Velocity X" : 4.9826288223266602,
			"Relative Velocity Y" : 0.065556712448596954,
			"Relative Velocity Z" : -0.047264896333217621,
			"Truncated" : 0
		},
		{
			"Absolute Acceleration X" : 0.227294921875,
			"Absolute Acceleration Y" : -0.02789953351020813,
			"Absolute Acceleration Z" : -0.065242454409599304,
			"Absolute Velocity X" : 28.475038528442383,
			"Absolute Velocity Y" : -0.21027259528636932,
			"Absolute Velocity Z" : -0.21511135995388031,
			"ActorName" : "CAR 05",
			"BoundingBox3D Extent X" : 4.38079833984375,
			"BoundingBox3D Extent Y" : 1.7732864618301392,
			"BoundingBox3D Extent Z" : 1.3832014799118042,
			"BoundingBox3D Orientation Quat W" : 0.99998700618743896,
			"BoundingBox3D Orientation Quat X" : 0.00161887111607939,
			"BoundingBox3D Orientation Quat Y" : 0.0032889735884964466,
			"BoundingBox3D Orientation Quat Z" : -0.0019149368163198233,
			"BoundingBox3D Origin X" : -15.183941841125488,
			"BoundingBox3D Origin Y" : 4.614586353302002,
			"BoundingBox3D Origin Z" : 0.76674181222915649,
			"ObjectId" : 5,
			"ObjectType" : "CAR",
			"Occluded" : 0.0,
			"Relative Acceleration X" : 0.031758785247802734,
			"Relative Acceleration Y" : -0.040607552975416183,
			"Relative Acceleration Z" : 0.079942613840103149,
			"Relative Velocity X" : 1.7929426431655884,
			"Relative Velocity Y" : 0.081516176462173462,
			"Relative Velocity Z" : 0.082185551524162292,
			"Truncated" : 0
		},
		{
			"Absolute Acceleration X" : -0.096607208251953125,
			"Absolute Acceleration Y" : 0.085414588451385498,
			"Absolute Acceleration Z" : -0.014440938830375671,
			"Absolute Velocity X" : 28.827680587768555,
			"Absolute Velocity Y" : -0.28786459565162659,
			"Absolute Velocity Z" : -0.16729645431041718,
			"ActorName" : "CAR 10",
			"BoundingBox3D Extent X" : 4.1645917892456055,
			"BoundingBox3D Extent Y" : 2.0205378532409668,
			"BoundingBox3D Extent Z" : 1.4161386489868164,
			"BoundingBox3D Orientation Quat W" : 0.99998831748962402,
			"BoundingBox3D Orientation Quat X" : 0.0012783346464857459,
			"BoundingBox3D Orientation Quat Y" : 0.0038141245022416115,
			"BoundingBox3D Orientation Quat Z" : 0.0004813245905097574,
			"BoundingBox3D Origin X" : -33.115802764892578,
			"BoundingBox3D Origin Y" : 5.3268389701843262,
			"BoundingBox3D Origin Z" : 0.8568565845489502,
			"ObjectId" : 10,
			"ObjectType" : "CAR",
			"Occluded" : 0.0,
			"Relative Acceleration X" : -0.28976702690124512,
			"Relative Acceleration Y" : 0.10590825229883194,
			"Relative Acceleration Z" : 0.25861155986785889,
			"Relative Velocity X" : 2.1473691463470459,
			"Relative Velocity Y" : 0.040508970618247986,
			"Relative Velocity Z" : 0.16895732283592224,
			"Truncated" : 0
		},
		{
			"Absolute Acceleration X" : -0.1204681396484375,
			"Absolute Acceleration Y" : 0.063189923763275146,
			"Absolute Acceleration Z" : 0.054627150297164917,
			"Absolute Velocity X" : 30.345485687255859,
			"Absolute Velocity Y" : -0.26885432004928589,
			"Absolute Velocity Z" : -0.40705069899559021,
			"ActorName" : "CAR 13",
			"BoundingBox3D Extent X" : 4.1085433959960938,
			"BoundingBox3D Extent Y" : 1.8747290372848511,
			"BoundingBox3D Extent Z" : 1.6336050033569336,
			"BoundingBox3D Orientation Quat W" : -0.99995392560958862,
			"BoundingBox3D Orientation Quat X" : 0.0013170524034649134,
			"BoundingBox3D Orientation Quat Y" : -0.0064397170208394527,
			"BoundingBox3D Orientation Quat Z" : 0.0067696920596063137,
			"BoundingBox3D Origin X" : 148.07035827636719,
			"BoundingBox3D Origin Y" : 3.4363408088684082,
			"BoundingBox3D Origin Z" : -0.74088340997695923,
			"ObjectId" : 13,
			"ObjectType" : "CAR",
			"Occluded" : 0.0,
			"Relative Acceleration X" : -0.33096432685852051,
			"Relative Acceleration Y" : -0.26254981756210327,
			"Relative Acceleration Z" : -0.9340965747833252,
			"Relative Velocity X" : 3.6572144031524658,
			"Relative Velocity Y" : -0.31108909845352173,
			"Relative Velocity Z" : -0.47701472043991089,
			"Truncated" : 0
		},
		{
			"Absolute Acceleration X" : -0.18061447143554688,
			"Absolute Acceleration Y" : -0.0032886266708374023,
			"Absolute Acceleration Z" : 0.019996479153633118,
			"Absolute Velocity X" : 25.637907028198242,
			"Absolute Velocity Y" : -0.70377171039581299,
			"Absolute Velocity Z" : -0.20525966584682465,
			"ActorName" : "CAR 15",
			"BoundingBox3D Extent X" : 4.6108527183532715,
			"BoundingBox3D Extent Y" : 2.4137849807739258,
			"BoundingBox3D Extent Z" : 1.9884499311447144,
			"BoundingBox3D Orientation Quat W" : -0.99988782405853271,
			"BoundingBox3D Orientation Quat X" : 0.00034964995575137436,
			"BoundingBox3D Orientation Quat Y" : -0.004602484405040741,
			"BoundingBox3D Orientation Quat Z" : 0.014028867706656456,
			"BoundingBox3D Origin X" : -86.90740966796875,
			"BoundingBox3D Origin Y" : 2.2660243511199951,
			"BoundingBox3D Origin Z" : 1.5704807043075562,
			"ObjectId" : 15,
			"ObjectType" : "CAR",
			"Occluded" : 0.0,
			"Relative Acceleration X" : -0.37460702657699585,
			"Relative Acceleration Y" : 0.12688477337360382,
			"Relative Acceleration Z" : 0.6592862606048584,
			"Relative Velocity X" : -1.0470623970031738,
			"Relative Velocity Y" : -0.26444265246391296,
			"Relative Velocity Z" : 0.25958999991416931,
			"Truncated" : 0
		},
		{
			"Absolute Acceleration X" : -0.044069290161132812,
			"Absolute Acceleration Y" : -0.051579788327217102,
			"Absolute Acceleration Z" : -0.064721852540969849,
			"Absolute Velocity X" : 27.484954833984375,
			"Absolute Velocity Y" : -0.25727644562721252,