{
	"CapturedObjects" : 
	[
		{
			"Absolute Acceleration X" : -0.47713404893875122,
			"Absolute Acceleration Y" : -2.369577169418335,
			"Absolute Acceleration Z" : 0.18970213830471039,
			"Absolute Velocity X" : 11.52013111114502,
			"Absolute Velocity Y" : -4.6040778160095215,
			"Absolute Velocity Z" : 0.2594514787197113,
			"ActorName" : "CAR 06",
			"BoundingBox3D Extent X" : 4.2034726142883301,
			"BoundingBox3D Extent Y" : 2.0219583511352539,
			"BoundingBox3D Extent Z" : 1.5913317203521729,
			"BoundingBox3D Orientation Quat W" : -0.98023796081542969,
			"BoundingBox3D Orientation Quat X" : -0.0033012763597071171,
			"BoundingBox3D Orientation Quat Y" : 0.011523792520165443,
			"BoundingBox3D Orientation Quat Z" : 0.19740243256092072,
			"BoundingBox3D Origin X" : 23.362739562988281,
			"BoundingBox3D Origin Y" : -4.5126261711120605,
			"BoundingBox3D Origin Z" : 0.98944860696792603,
			"ObjectId" : 6,
			"ObjectType" : "CAR",
			"Occluded" : 0.0,
			"Relative Acceleration X" : 0.74241721630096436,
			"Relative Acceleration Y" : 0.1985124945640564,
			"Relative Acceleration Z" : 0.014093213714659214,
			"Relative Velocity X" : 0.94359582662582397,
			"Relative Velocity Y" : -0.15913593769073486,
			"Relative Velocity Z" : -0.021873267367482185,
			"Truncated" : 0
		},
		{
			"Absolute Acceleration X" : -1.3157564401626587,
			"Absolute Acceleration Y" : -3.8500838279724121,
			"Absolute Acceleration Z" : 0.23012842237949371,
			"Absolute Velocity X" : 5.1772603988647461,
			"Absolute Velocity Y" : 6.3767251968383789,
			"Absolute Velocity Z" : -0.43119937181472778,
			"ActorName" : "CAR 33",
			"BoundingBox3D Extent X" : 4.4732680320739746,
			"BoundingBox3D Extent Y" : 1.8166415691375732,
			"BoundingBox3D Extent Z" : 1.4928224086761475,
			"BoundingBox3D Orientation Quat W" : 0.89568555355072021,
			"BoundingBox3D Orientation Quat X" : -0.0070433365181088448,
			"BoundingBox3D Orientation Quat Y" : 0.026262262836098671,
			"BoundingBox3D Orientation Quat Z" : 0.44381535053253174,
			"BoundingBox3D Origin X" : -51.699851989746094,
			"BoundingBox3D Origin Y" : -31.249265670776367,
			"BoundingBox3D Origin Z" : 3.0869462490081787,
			"ObjectId" : 33,
			"ObjectType" : "CAR",
			"Occluded" : 0.0,
			"Relative Acceleration X" : -2.0227978229522705,
			"Relative Acceleration Y" : -2.5686898231506348,
			"Relative Acceleration Z" : 0.14260108768939972,
			"Relative Velocity X" : -0.016747631132602692,
			"Relative Velocity Y" : -3.9299869537353516,
			"Relative Velocity Z" : 0.2206757664680481,
			"Truncated" : 0
		},
		{
			"Absolute Acceleration X" : -0.3953748345375061,
			"Absolute Acceleration Y" : -1.2584739923477173,
			"Absolute Acceleration Z" : -0.016419438645243645,
			"Absolute Velocity X" : 7.8732595443725586,
			"Absolute Velocity Y" : 17.785310745239258,
			"Absolute Velocity Z" : -0.96534442901611328,
			"ActorName" : "CAR 37",
			"BoundingBox3D Extent X" : 4.4236717224121094,
			"BoundingBox3D Extent Y" : 1.738594651222229,
			"BoundingBox3D Extent Z" : 1.0687088966369629,
			"BoundingBox3D Orientation Quat W" : 0.83884328603744507,
			"BoundingBox3D Orientation Quat X" : 0.034786097705364227,
			"BoundingBox3D Orientation Quat Y" : 0.049455560743808746,
			"BoundingBox3D Orientation Quat Z" : 0.54089659452438354,
			"BoundingBox3D Origin X" : -44.808139801025391,
			"BoundingBox3D Origin Y" : 2.2150628566741943,
			"BoundingBox3D Origin Z" : 1.6490665674209595,
			"ObjectId" : 37,
			"ObjectType" : "CAR",
			"Occluded" : 0.0,
			"Relative Acceleration X" : -5.1454305648803711,
			"Relative Acceleration Y" : 0.11502133309841156,
			"Relative Acceleration Z" : 0.040982227772474289,
			"Relative Velocity X" : -3.4286022186279297,
			"Relative Velocity Y" : 8.7993001937866211,
			"Relative Velocity Z" : -0.15022855997085571,
			"Truncated" : 0
		},
		{
			"Absolute Acceleration X" : 0.73984694480895996,
			"Absolute Acceleration Y" : 1.4388090372085571,
			"Absolute Acceleration Z" : 0.058461535722017288,
			"Absolute Velocity X" : 7.7950482368469238,
			"Absolute Velocity Y" : 17.288595199584961,
			"Absolute Velocity Z" : -0.76321333646774292,
			"ActorName" : "CAR 40",
			"BoundingBox3D Extent X" : 6.9263086318969727,
			"BoundingBox3D Extent Y" : 1.6800317764282227,
			"BoundingBox3D Extent Z" : 0.74878722429275513,
			"BoundingBox3D Orientation Quat W" : 0.84089070558547974,
			"BoundingBox3D Orientation Quat X" : -0.00075793068390339613,
			"BoundingBox3D Orientation Quat Y" : 0.028869818896055222,
			"BoundingBox3D Orientation Quat Z" : 0.54032188653945923,
			"BoundingBox3D Origin X" : -52.497920989990234,
			"BoundingBox3D Origin Y" : -15.590200424194336,
			"BoundingBox3D Origin Z" : 2.3385164737701416,
			"ObjectId" : 40,
			"ObjectType" : "CAR",
			"Occluded" : 0.0,
			"Relative Acceleration X" : -2.8575811386108398,
			"Relative Acceleration Y" : 2.9995071887969971,
			"Relative Acceleration Z" : 0.065263889729976654,
			"Relative Velocity X" : -0.38421380519866943,
			"Relative Velocity Y" : 6.8398079872131348,
			"Relative Velocity Z" : 0.060274098068475723,
			"Truncated" : 0
		},
		{
			"Absolute Acceleration X" : -0.2544592022895813,
			"Absolute Acceleration Y" : 0.62659168243408203,
			"Absolute Acceleration Z" : -0.12034386396408081,
			"Absolute Velocity X" : 11.695806503295898,
			"Absolute Velocity Y" : 27.099897384643555,
			"Absolute Velocity Z" : -1.3423671722412109,
			"ActorName" : "CAR 42",
			"BoundingBox3D Extent X" : 3.7315173149108887,
			"BoundingBox3D Extent Y" : 1.8999999761581421,
			"BoundingBox3D Extent Z" : 0.98544621467590332,
			"BoundingBox3D Orientation Quat W" : 0.83420497179031372,
			"BoundingBox3D Orientation Quat X" : 0.028652478009462357,
			"BoundingBox3D Orientation Quat Y" : 0.05006905272603035,
			"BoundingBox3D Orientation Quat Z" : 0.54827010631561279,
			"BoundingBox3D Origin X" : -55.106983184814453,
			"BoundingBox3D Origin Y" : 26.560127258300781,
			"BoundingBox3D Origin Z" : 1.1653082370758057,
			"ObjectId" : 42,
			"ObjectType" : "CAR",
			"Occluded" : 0.0,
			"Relative Acceleration X" : -7.7137136459350586,
			"Relative Acceleration Y" : 2.8337147235870361,
			"Relative Acceleration Z" : -0.053614184260368347,
			"Relative Velocity X" : -3.2913200855255127,
			"Relative Velocity Y" : 15.87908935546875,
			"Relative Velocity Z" : -0.30408528447151184,
			"Truncated" : 0
		},
		{
			"Absolute Acceleration X" : 1.8876584768295288,
			"Absolute Acceleration Y" : -1.959646463394165,
			"Absolute Acceleration Z" : 0.12008086591959,
			"Absolute Velocity X" : 10.469961166381836,
			"Absolute Velocity Y" : 7.5657229423522949,
			"Absolute Velocity Z" : -0.62557315826416016,
			"ActorName" : "CAR 43",
			"BoundingBox3D Extent X" : 4.2416791915893555,
			"BoundingBox3D Extent Y" : 1.7591173648834229,
			"BoundingBox3D Extent Z" : 1.2776906490325928,
			"BoundingBox3D Orientation Quat W" : 0.95604401826858521,
			"BoundingBox3D Orientation Quat X" : 0.013967115432024002,
			"BoundingBox3D Orientation Quat Y" : 0.030295331031084061,
			"BoundingBox3D Orientation Quat Z" : 0.29123234748840332,
			"BoundingBox3D Origin X" : -34.484233856201172,
			"BoundingBox3D Origin Y" : -11.669386863708496,
			"BoundingBox3D Origin Z" : 1.6367509365081787,
			"ObjectId" : 43,
			"ObjectType" : "CAR",
			"Occluded" : 0.0,
			"Relative Acceleration X" : 0.61574333906173706,
			"Relative Acceleration Y" : -0.13189910352230072,
			"Relative Acceleration Z" : 0.022949798032641411,
			"Relative Velocity X" : 1.478127121925354,
			"Relative Velocity Y" : 0.6421852707862854,
			"Relative Velocity Z" : -0.051754198968410492,
			"Truncated" : 0
		},
		{
			"Absolute Acceleration X" : -1.7883656024932861,
			"Absolute Acceleration Y" : -1.9194704294204712,
			"Absolute Acceleration Z" : -0.10779577493667603,
			"Absolute Velocity X" : 9.0133886337280273,
			"Absolute Velocity Y" : -9.1355247497558594,
			"Absolute Velocity Z" : 0.35914987325668335,
			"ActorName" : "CAR 44",