{
	"CapturedObjects" : 
	[
		{
			"Absolute Acceleration X" : 0.089109420776367188,
			"Absolute Acceleration Y" : -0.17108437418937683,
			"Absolute Acceleration Z" : 0.078980922698974609,
			"Absolute Velocity X" : 24.703924179077148,
			"Absolute Velocity Y" : -0.49210575222969055,
			"Absolute Velocity Z" : -0.62039631605148315,
			"ActorName" : "CAR 04",
			"BoundingBox3D Extent X" : 4.0999999046325684,
			"BoundingBox3D Extent Y" : 3.1590290069580078,
			"BoundingBox3D Extent Z" : 2.4310636520385742,
			"BoundingBox3D Orientation Quat W" : -0.99978363513946533,
			"BoundingBox3D Orientation Quat X" : 0.0024126716889441013,
			"BoundingBox3D Orientation Quat Y" : -0.013884865678846836,
			"BoundingBox3D Orientation Quat Z" : 0.015048983506858349,
			"BoundingBox3D Origin X" : -154.98797607421875,
			"BoundingBox3D Origin Y" : 6.6464724540710449,
			"BoundingBox3D Origin Z" : 3.6604917049407959,
			"ObjectId" : 4,
			"ObjectType" : "CAR",
			"Occluded" : 0.0,
			"Relative Acceleration X" : -0.18438196182250977,
			"Relative Acceleration Y" : -0.28902712464332581,
			"Relative Acceleration Z" : 0.035099595785140991,
			"Relative Velocity X" : 3.8367757797241211,
			"Relative Velocity Y" : -0.05025940015912056,
			"Relative Velocity Z" : -0.52566796541213989,
			"Truncated" : 0
		},
		{
			"Absolute Acceleration X" : 0.001003265380859375,
			"Absolute Acceleration Y" : 0.00044435262680053711,
			"Absolute Acceleration Z" : 0.010493502020835876,
			"Absolute Velocity X" : 21.369132995605469,
			"Absolute Velocity Y" : -0.29666253924369812,
			"Absolute Velocity Z" : -0.18569421768188477,
			"ActorName" : "CAR 07",
			"BoundingBox3D Extent X" : 4.1699776649475098,
			"BoundingBox3D Extent Y" : 1.6994683742523193,
			"BoundingBox3D Extent Z" : 1.4860941171646118,
			"BoundingBox3D Orientation Quat W" : -0.99990785121917725,
			"BoundingBox3D Orientation Quat X" : 0.00024444237351417542,
			"BoundingBox3D Orientation Quat Y" : -0.004612333606928587,
			"BoundingBox3D Orientation Quat Z" : 0.012032990343868732,
			"BoundingBox3D Origin X" : 27.08055305480957,
			"BoundingBox3D Origin Y" : -0.92711931467056274,
			"BoundingBox3D Origin Z" : 0.43945157527923584,
			"ObjectId" : 7,
			"ObjectType" : "CAR",
			"Occluded" : 0.0,
			"Relative Acceleration X" : -0.2673937976360321,
			"Relative Acceleration Y" : -0.014197617769241333,
			"Relative Acceleration Z" : 0.011670386418700218,
			"Relative Velocity X" : 0.49234169721603394,
			"Relative Velocity Y" : -0.15664806962013245,
			"Relative Velocity Z" : 0.042585756629705429,
			"Truncated" : 0
		},
		{
			"Absolute Acceleration X" : 0.058496475219726562,
			"Absolute Acceleration Y" : 0.023473024368286133,
			"Absolute Acceleration Z" : 0.030760467052459717,
			"Absolute Velocity X" : 31.466037750244141,
			"Absolute Velocity Y" : -0.62900346517562866,
			"Absolute Velocity Z" : -0.27085742354393005,
			"ActorName" : "CAR 16",
			"BoundingBox3D Extent X" : 4.2679734230041504,
			"BoundingBox3D Extent Y" : 2.018740177154541,
			"BoundingBox3D Extent Z" : 1.5272120237350464,
			"BoundingBox3D Orientation Quat W" : -0.99994003772735596,
			"BoundingBox3D Orientation Quat X" : -0.00064958300208672881,
			"BoundingBox3D Orientation Quat Y" : -0.0049205906689167023,
			"BoundingBox3D Orientation Quat Z" : 0.0085593545809388161,
			"BoundingBox3D Origin X" : 33.842792510986328,
			"BoundingBox3D Origin Y" : 6.4020304679870605,
			"BoundingBox3D Origin Z" : 0.40585419535636902,
			"ObjectId" : 16,
			"ObjectType" : "CAR",
			"Occluded" : 0.0,
			"Relative Acceleration X" : -0.21512603759765625,
			"Relative Acceleration Y" : -0.009769141674041748,
			"Relative Acceleration Z" : -0.0063790380954742432,
			"Relative Velocity X" : 10.601030349731445,
			"Relative Velocity Y" : -0.49842974543571472,
			"Relative Velocity Z" : -0.066379301249980927,
			"Truncated" : 0
		},
		{
			"Absolute Acceleration X" : -0.021114349365234375,
			"Absolute Acceleration Y" : 0.079642653465270996,
			"Absolute Acceleration Z" : 0.053174823522567749,
			"Absolute Velocity X" : 22.554595947265625,
			"Absolute Velocity Y" : -0.46124160289764404,
			"Absolute Velocity Z" : -0.28132161498069763,
			"ActorName" : "TRUCK 22",
			"BoundingBox3D Extent X" : 11.0,
			"BoundingBox3D Extent Y" : 2.990412712097168,
			"BoundingBox3D Extent Z" : 2.7194168567657471,
			"BoundingBox3D Orientation Quat W" : -0.99997043609619141,
			"BoundingBox3D Orientation Quat X" : -0.001196365337818861,
			"BoundingBox3D Orientation Quat Y" : -0.0066455532796680927,
			"BoundingBox3D Orientation Quat Z" : 0.00078521255636587739,
			"BoundingBox3D Origin X" : -38.861824035644531,
			"BoundingBox3D Origin Y" : 4.2416234016418457,
			"BoundingBox3D Origin Z" : 1.7251590490341187,
			"ObjectId" : 22,
			"ObjectType" : "TRUCK",
			"Occluded" : 0.0,
			"Relative Acceleration X" : -0.29305613040924072,
			"Relative Acceleration Y" : 0.028095126152038574,
			"Relative Acceleration Z" : 0.026648599654436111,
			"Relative Velocity X" : 1.6852375268936157,
			"Relative Velocity Y" : -0.21164795756340027,
			"Relative Velocity Z" : -0.1073465570807457,
			"Truncated" : 0
		},
		{
			"Absolute Acceleration X" : 0.18707466125488281,
			"Absolute Acceleration Y" : 0.19491976499557495,
			"Absolute Acceleration Z" : 0.048340469598770142,
			"Absolute Velocity X" : 31.189367294311523,
			"Absolute Velocity Y" : -0.64307081699371338,
			"Absolute Velocity Z" : -0.31930273771286011,
			"ActorName" : "CAR 27",
			"BoundingBox3D Extent X" : 7.2125682830810547,
			"BoundingBox3D Extent Y" : 2.621485710144043,
			"BoundingBox3D Extent Z" : 2.3079128265380859,
			"BoundingBox3D Orientation Quat W" : -0.99993759393692017,
			"BoundingBox3D Orientation Quat X" : 0.0032882115337997675,
			"BoundingBox3D Orientation Quat Y" : -0.0049881082959473133,
			"BoundingBox3D Orientation Quat Z" : 0.008508448489010334,
			"BoundingBox3D Origin X" : -16.214345932006836,
			"BoundingBox3D Origin Y" : 7.4224605560302734,
			"BoundingBox3D Origin Z" : 1.2660000324249268,
			"ObjectId" : 27,
			"ObjectType" : "CAR",
			"Occluded" : 0.0,
			"Relative Acceleration X" : -0.087358474731445312,
			"Relative Acceleration Y" : 0.13569790124893188,
			"Relative Acceleration Z" : 0.003680795431137085,
			"Relative Velocity X" : 10.325417518615723,
			"Relative Velocity Y" : -0.42983779311180115,
			"Relative Velocity Z" : -0.14779646694660187,
			"Truncated" : 0
		},
		{
			"Absolute Acceleration X" : -0.24874687194824219,
			"Absolute Acceleration Y" : 0.0072353184223175049,
			"Absolute Acceleration Z" : 0.10313320159912109,
			"Absolute Velocity X" : 25.45713996887207,
			"Absolute Velocity Y" : -0.44595909118652344,
			"Absolute Velocity Z" : -0.17703293263912201,
			"ActorName" : "CAR 28",
			"BoundingBox3D Extent X" : 4.0999999046325684,
			"BoundingBox3D Extent Y" : 2.1605138778686523,
			"BoundingBox3D Extent Z" : 1.5254672765731812,
			"BoundingBox3D Orientation Quat W" : -0.99993622303009033,
			"BoundingBox3D Orientation Quat X" : 0.0013077844632789493,
			"BoundingBox3D Orientation Quat Y" : -0.0060780816711485386,
			"BoundingBox3D Orientation Quat Z" : 0.0088505018502473831,
			"BoundingBox3D Origin X" : 89.895248413085938,
			"BoundingBox3D Origin Y" : 2.195188045501709,
			"BoundingBox3D Origin Z" : -0.088711723685264587,
			"ObjectId" : 28,
			"ObjectType" : "CAR",
			"Occluded" : 0.0,
			"Relative Acceleration X" : -0.51950168609619141,
			"Relative Acceleration Y" : 0.019532054662704468,
			"Relative Acceleration Z" : 0.09112529456615448,
			"Relative Velocity X" : 4.5858306884765625,
			"Relative Velocity Y" : -0.40776577591896057,
			"Relative Velocity Z" : 0.07803642749786377,
			"Truncated" : 0
		},
		{
			"Absolute Acceleration X" : 0.022527694702148438,
			"Absolute Acceleration Y" : 0.28520846366882324,
			"Absolute Acceleration Z" : -0.20050235092639923,
			"Absolute Velocity X" : 31.489370346069336,
			"Absolute Velocity Y" : -0.39609217643737793,