{
	"CapturedObjects" : 
	[
		{
			"Absolute Acceleration X" : -0.22373771667480469,
			"Absolute Acceleration Y" : -0.3553924560546875,
			"Absolute Acceleration Z" : -0.035001538693904877,
			"Absolute Velocity X" : 22.83453369140625,
			"Absolute Velocity Y" : 0.30302122235298157,
			"Absolute Velocity Z" : -0.1150805801153183,
			"ActorName" : "TRUCK 00",
			"BoundingBox3D Extent X" : 11.0,
			"BoundingBox3D Extent Y" : 2.8261775970458984,
			"BoundingBox3D Extent Z" : 2.7759857177734375,
			"BoundingBox3D Orientation Quat W" : 0.99994152784347534,
			"BoundingBox3D Orientation Quat X" : -0.0024148330558091402,
			"BoundingBox3D Orientation Quat Y" : 0.0023548624012619257,
			"BoundingBox3D Orientation Quat Z" : 0.0093719400465488434,
			"BoundingBox3D Origin X" : -21.334024429321289,
			"BoundingBox3D Origin Y" : -3.8883318901062012,
			"BoundingBox3D Origin Z" : 1.4955071210861206,
			"ObjectId" : 0,
			"ObjectType" : "TRUCK",
			"Occluded" : 0.0,
			"Relative Acceleration X" : -0.28699254989624023,
			"Relative Acceleration Y" : -0.15000313520431519,
			"Relative Acceleration Z" : 0.031286478042602539,
			"Relative Velocity X" : -2.5656735897064209,
			"Relative Velocity Y" : -0.038662880659103394,
			"Relative Velocity Z" : 0.0094012375921010971,
			"Truncated" : 0
		},
		{
			"Absolute Acceleration X" : 0.52706336975097656,
			"Absolute Acceleration Y" : -0.6296696662902832,
			"Absolute Acceleration Z" : -0.02634882926940918,
			"Absolute Velocity X" : 24.564008712768555,
			"Absolute Velocity Y" : 1.4324852228164673,
			"Absolute Velocity Z" : -0.090637922286987305,
			"ActorName" : "CAR 01",
			"BoundingBox3D Extent X" : 4.0999999046325684,
			"BoundingBox3D Extent Y" : 1.8643006086349487,
			"BoundingBox3D Extent Z" : 1.5256708860397339,
			"BoundingBox3D Orientation Quat W" : 0.99957311153411865,
			"BoundingBox3D Orientation Quat X" : 0.0038757699076086283,
			"BoundingBox3D Orientation Quat Y" : 0.0022399933077394962,
			"BoundingBox3D Orientation Quat Z" : 0.028691383078694344,
			"BoundingBox3D Origin X" : -65.908447265625,
			"BoundingBox3D Origin Y" : -2.4351699352264404,
			"BoundingBox3D Origin Z" : 1.0360515117645264,
			"ObjectId" : 1,
			"ObjectType" : "CAR",
			"Occluded" : 0.0,
			"Relative Acceleration X" : 0.42360103130340576,
			"Relative Acceleration Y" : -0.80513858795166016,
			"Relative Acceleration Z" : 0.16616454720497131,
			"Relative Velocity X" : -0.86665087938308716,
			"Relative Velocity Y" : 0.085405580699443817,
			"Relative Velocity Z" : -0.074194274842739105,
			"Truncated" : 0
		},
		{
			"Absolute Acceleration X" : -0.12974739074707031,
			"Absolute Acceleration Y" : -0.68969756364822388,
			"Absolute Acceleration Z" : -0.073673233389854431,
			"Absolute Velocity X" : 29.830526351928711,
			"Absolute Velocity Y" : 0.019217642024159431,
			"Absolute Velocity Z" : -0.22259588539600372,
			"ActorName" : "CAR 03",
			"BoundingBox3D Extent X" : 4.3612446784973145,
			"BoundingBox3D Extent Y" : 2.5543322563171387,
			"BoundingBox3D Extent Z" : 1.4967716932296753,
			"BoundingBox3D Orientation Quat W" : 0.99995362758636475,
			"BoundingBox3D Orientation Quat X" : 0.004789749626070261,
			"BoundingBox3D Orientation Quat Y" : 0.0031777597032487392,
			"BoundingBox3D Orientation Quat Z" : -0.0069693080149590969,
			"BoundingBox3D Origin X" : -8.5337400436401367,
			"BoundingBox3D Origin Y" : 3.5714817047119141,
			"BoundingBox3D Origin Z" : 0.7830163836479187,
			"ObjectId" : 3,
			"ObjectType" : "CAR",
			"Occluded" : 0.0,
			"Relative Acceleration X" : -0.26887655258178711,
			"Relative Acceleration Y" : 0.027866151183843613,
			"Relative Acceleration Z" : 0.031286001205444336,
			"Relative Velocity X" : 4.2638559341430664,
			"Relative Velocity Y" : -0.020019639283418655,
			"Relative Velocity Z" : -0.028157457709312439,
			"Truncated" : 0
		},
		{
			"Absolute Acceleration X" : 0.14102554321289062,
			"Absolute Acceleration Y" : -0.73233819007873535,
			"Absolute Acceleration Z" : -0.055258266627788544,
			"Absolute Velocity X" : 24.048500061035156,
			"Absolute Velocity Y" : 3.9338912963867188,
			"Absolute Velocity Z" : 0.11301331967115402,
			"ActorName" : "CAR 06",
			"BoundingBox3D Extent X" : 4.0999999046325684,
			"BoundingBox3D Extent Y" : 2.4307396411895752,
			"BoundingBox3D Extent Z" : 3.0618698596954346,
			"BoundingBox3D Orientation Quat W" : 0.99673730134963989,
			"BoundingBox3D Orientation Quat X" : 0.0039720553904771805,
			"BoundingBox3D Orientation Quat Y" : -0.0014431738527491689,
			"BoundingBox3D Orientation Quat Z" : 0.080506496131420135,
			"BoundingBox3D Origin X" : -160.76617431640625,
			"BoundingBox3D Origin Y" : -11.706459999084473,
			"BoundingBox3D Origin Z" : 1.7460068464279175,
			"ObjectId" : 6,
			"ObjectType" : "CAR",
			"Occluded" : 0.0,
			"Relative Acceleration X" : 0.073476910591125488,
			"Relative Acceleration Y" : -1.9604147672653198,
			"Relative Acceleration Z" : 0.32127469778060913,
			"Relative Velocity X" : -1.1738303899765015,
			"Relative Velocity Y" : 0.42596319317817688,
			"Relative Velocity Z" : -0.15696977078914642,
			"Truncated" : 0
		},
		{
			"Absolute Acceleration X" : -0.44873619079589844,
			"Absolute Acceleration Y" : -0.43235278129577637,
			"Absolute Acceleration Z" : -0.083392009139060974,
			"Absolute Velocity X" : 24.005092620849609,
			"Absolute Velocity Y" : -0.84320604801177979,
			"Absolute Velocity Z" : -0.25097820162773132,
			"ActorName" : "CAR 07",
			"BoundingBox3D Extent X" : 4.1408395767211914,
			"BoundingBox3D Extent Y" : 1.8945406675338745,
			"BoundingBox3D Extent Z" : 1.469247579574585,
			"BoundingBox3D Orientation Quat W" : -0.99989604949951172,
			"BoundingBox3D Orientation Quat X" : 0.0018390300683677197,
			"BoundingBox3D Orientation Quat Y" : -0.0049737226217985153,
			"BoundingBox3D Orientation Quat Z" : 0.01332446001470089,
			"BoundingBox3D Origin X" : 32.975872039794922,
			"BoundingBox3D Origin Y" : -4.5435385704040527,
			"BoundingBox3D Origin Z" : 0.430146723985672,
			"ObjectId" : 7,
			"ObjectType" : "CAR",
			"Occluded" : 0.0,
			"Relative Acceleration X" : -0.48474836349487305,
			"Relative Acceleration Y" : 0.43414616584777832,
			"Relative Acceleration Z" : -0.15146172046661377,
			"Relative Velocity X" : -1.3762805461883545,
			"Relative Velocity Y" : 0.056282561272382736,
			"Relative Velocity Z" : 0.012473885901272297,
			"Truncated" : 0
		},
		{
			"Absolute Acceleration X" : 0.13686370849609375,
			"Absolute Acceleration Y" : -0.44843649864196777,
			"Absolute Acceleration Z" : -0.046331971883773804,
			"Absolute Velocity X" : 25.457344055175781,
			"Absolute Velocity Y" : -1.3049002885818481,
			"Absolute Velocity Z" : -0.3287089467048645,
			"ActorName" : "CAR 08",
			"BoundingBox3D Extent X" : 4.0999999046325684,
			"BoundingBox3D Extent Y" : 1.7251287698745728,
			"BoundingBox3D Extent Z" : 1.5560992956161499,
			"BoundingBox3D Orientation Quat W" : -0.99964940547943115,
			"BoundingBox3D Orientation Quat X" : 0.0050679557025432587,
			"BoundingBox3D Orientation Quat Y" : -0.0072949151508510113,
			"BoundingBox3D Orientation Quat Z" : 0.024811454117298126,
			"BoundingBox3D Origin X" : 61.502262115478516,
			"BoundingBox3D Origin Y" : -2.5941653251647949,
			"BoundingBox3D Origin Z" : 0.097350664436817169,
			"ObjectId" : 8,
			"ObjectType" : "CAR",
			"Occluded" : 0.0,
			"Relative Acceleration X" : 0.08306150883436203,
			"Relative Acceleration Y" : 0.80371749401092529,
			"Relative Acceleration Z" : -0.16671529412269592,
			"Relative Velocity X" : 0.032824825495481491,
			"Relative Velocity Y" : 0.24777232110500336,
			"Relative Velocity Z" : 0.018565323203802109,
			"Truncated" : 0
		},
		{
			"Absolute Acceleration X" : 0.43439292907714844,
			"Absolute Acceleration Y" : -0.8337215781211853,
			"Absolute Acceleration Z" : -0.079457290470600128,
			"Absolute Velocity X" : 30.725582122802734,
			"Absolute Velocity Y" : 1.1187704801559448,
			"Absolute Velocity Z" : -0.14192716777324677,