{
	"CapturedObjects" : 
	[
		{
			"Absolute Acceleration X" : -0.037487030029296875,
			"Absolute Acceleration Y" : 0.44870880246162415,
			"Absolute Acceleration Z" : 0.040851742029190063,
			"Absolute Velocity X" : 23.56787109375,
			"Absolute Velocity Y" : 0.28804075717926025,
			"Absolute Velocity Z" : -0.23182043433189392,
			"ActorName" : "CAR 00",
			"BoundingBox3D Extent X" : 5.0962448120117188,
			"BoundingBox3D Extent Y" : 1.9460623264312744,
			"BoundingBox3D Extent Z" : 1.7667186260223389,
			"BoundingBox3D Orientation Quat W" : 0.99923443794250488,
			"BoundingBox3D Orientation Quat X" : -0.037733305245637894,
			"BoundingBox3D Orientation Quat Y" : 0.0049652666784822941,
			"BoundingBox3D Orientation Quat Z" : 0.006399539764970541,
			"BoundingBox3D Origin X" : 3.9817566871643066,
			"BoundingBox3D Origin Y" : 10.021828651428223,
			"BoundingBox3D Origin Z" : 0.82179844379425049,
			"ObjectId" : 0,
			"ObjectType" : "CAR",
			"Occluded" : 0.0,
			"Relative Acceleration X" : 0.0079317092895507812,
			"Relative Acceleration Y" : 0.21289640665054321,
			"Relative Acceleration Z" : 0.024028262123465538,
			"Relative Velocity X" : 2.1481812000274658,
			"Relative Velocity Y" : 0.44379112124443054,
			"Relative Velocity Z" : -0.056540884077548981,
			"Truncated" : 0
		},
		{
			"Absolute Acceleration X" : -0.020433425903320312,
			"Absolute Acceleration Y" : 0.30068832635879517,
			"Absolute Acceleration Z" : -0.03326714038848877,
			"Absolute Velocity X" : 22.724678039550781,
			"Absolute Velocity Y" : 0.72254186868667603,
			"Absolute Velocity Z" : -0.21856898069381714,
			"ActorName" : "TRUCK 02",
			"BoundingBox3D Extent X" : 11.0,
			"BoundingBox3D Extent Y" : 2.8361189365386963,
			"BoundingBox3D Extent Z" : 3.5865716934204102,
			"BoundingBox3D Orientation Quat W" : 0.99952942132949829,
			"BoundingBox3D Orientation Quat X" : -0.025995021685957909,
			"BoundingBox3D Orientation Quat Y" : 0.0043803844600915909,
			"BoundingBox3D Orientation Quat Z" : 0.015317614190280437,
			"BoundingBox3D Origin X" : 37.555240631103516,
			"BoundingBox3D Origin Y" : 10.944388389587402,
			"BoundingBox3D Origin Z" : 1.4346123933792114,
			"ObjectId" : 2,
			"ObjectType" : "TRUCK",
			"Occluded" : 0.0,
			"Relative Acceleration X" : 0.034159064292907715,
			"Relative Acceleration Y" : -0.10968923568725586,
			"Relative Acceleration Z" : -0.041460383683443069,
			"Relative Velocity X" : 1.3127174377441406,
			"Relative Velocity Y" : 0.57748156785964966,
			"Relative Velocity Z" : -0.015800768509507179,
			"Truncated" : 0
		},
		{
			"Absolute Acceleration X" : 0.27660751342773438,
			"Absolute Acceleration Y" : 0.23450624942779541,
			"Absolute Acceleration Z" : -0.023783698678016663,
			"Absolute Velocity X" : 22.165813446044922,
			"Absolute Velocity Y" : 0.13070616126060486,
			"Absolute Velocity Z" : -0.2140699177980423,
			"ActorName" : "CAR 04",
			"BoundingBox3D Extent X" : 4.1754417419433594,
			"BoundingBox3D Extent Y" : 1.7123286724090576,
			"BoundingBox3D Extent Z" : 1.4943684339523315,
			"BoundingBox3D Orientation Quat W" : 0.99997586011886597,
			"BoundingBox3D Orientation Quat X" : -0.00080140162026509643,
			"BoundingBox3D Orientation Quat Y" : 0.0048947897739708424,
			"BoundingBox3D Orientation Quat Z" : -0.0037107327952980995,
			"BoundingBox3D Origin X" : 27.72581672668457,
			"BoundingBox3D Origin Y" : 0.14714480936527252,
			"BoundingBox3D Origin Z" : 0.44772812724113464,
			"ObjectId" : 4,
			"ObjectType" : "CAR",
			"Occluded" : 0.0,
			"Relative Acceleration X" : 0.26112639904022217,
			"Relative Acceleration Y" : -0.11328275501728058,
			"Relative Acceleration Z" : -0.00023962859995663166,
			"Relative Velocity X" : 0.65685528516769409,
			"Relative Velocity Y" : 0.073592156171798706,
			"Relative Velocity Z" : -0.0087227504700422287,
			"Truncated" : 0
		},
		{
			"Absolute Acceleration X" : -0.017198562622070312,
			"Absolute Acceleration Y" : 0.24269479513168335,
			"Absolute Acceleration Z" : -0.086315557360649109,
			"Absolute Velocity X" : 24.971197128295898,
			"Absolute Velocity Y" : -1.0061360597610474,
			"Absolute Velocity Z" : -0.0082410359755158424,
			"ActorName" : "TRUCK 05",
			"BoundingBox3D Extent X" : 11.0,
			"BoundingBox3D Extent Y" : 2.847881555557251,
			"BoundingBox3D Extent Z" : 1.9118857383728027,
			"BoundingBox3D Orientation Quat W" : -0.99969244003295898,
			"BoundingBox3D Orientation Quat X" : 0.012612415477633476,
			"BoundingBox3D Orientation Quat Y" : 0.00052634126041084528,
			"BoundingBox3D Orientation Quat Z" : 0.019988708198070526,
			"BoundingBox3D Origin X" : -165.93978881835938,
			"BoundingBox3D Origin Y" : 13.512412071228027,
			"BoundingBox3D Origin Z" : 2.2480239868164062,
			"ObjectId" : 5,
			"ObjectType" : "TRUCK",
			"Occluded" : 0.0,
			"Relative Acceleration X" : 0.038249731063842773,
			"Relative Acceleration Y" : 0.94667172431945801,
			"Relative Acceleration Z" : -0.17815057933330536,
			"Relative Velocity X" : 3.581425666809082,
			"Relative Velocity Y" : 0.67965066432952881,
			"Relative Velocity Z" : 0.018630996346473694,
			"Truncated" : 0
		},
		{
			"Absolute Acceleration X" : -0.011640548706054688,
			"Absolute Acceleration Y" : 0.30182898044586182,
			"Absolute Acceleration Z" : -0.018935248255729675,
			"Absolute Velocity X" : 22.72443962097168,
			"Absolute Velocity Y" : 0.80391418933868408,
			"Absolute Velocity Z" : -0.23119756579399109,
			"ActorName" : "TRUCK 12",
			"BoundingBox3D Extent X" : 11.0,
			"BoundingBox3D Extent Y" : 2.2660648822784424,
			"BoundingBox3D Extent Z" : 3.9199919700622559,
			"BoundingBox3D Orientation Quat W" : 0.99950951337814331,
			"BoundingBox3D Orientation Quat X" : -0.024653485044836998,
			"BoundingBox3D Orientation Quat Y" : 0.0044279657304286957,
			"BoundingBox3D Orientation Quat Z" : 0.017580656334757805,
			"BoundingBox3D Origin X" : 47.613201141357422,
			"BoundingBox3D Origin Y" : 10.866486549377441,
			"BoundingBox3D Origin Z" : 1.5280219316482544,
			"ObjectId" : 12,
			"ObjectType" : "TRUCK",
			"Occluded" : 0.0,
			"Relative Acceleration X" : 0.043149590492248535,
			"Relative Acceleration Y" : -0.16522979736328125,
			"Relative Acceleration Z" : -0.022962342947721481,
			"Relative Velocity X" : 1.3116554021835327,
			"Relative Velocity Y" : 0.56828039884567261,
			"Relative Velocity Z" : -0.019750289618968964,
			"Truncated" : 0
		},
		{
			"Absolute Acceleration X" : 0.17853470146656036,
			"Absolute Acceleration Y" : 0.86549782752990723,
			"Absolute Acceleration Z" : -0.10458799451589584,
			"Absolute Velocity X" : 32.416893005371094,
			"Absolute Velocity Y" : 1.3992112874984741,
			"Absolute Velocity Z" : -0.23765388131141663,
			"ActorName" : "CAR 14",
			"BoundingBox3D Extent X" : 4.6743383407592773,
			"BoundingBox3D Extent Y" : 1.8816406726837158,
			"BoundingBox3D Extent Z" : 1.4628437757492065,
			"BoundingBox3D Orientation Quat W" : 0.99640464782714844,
			"BoundingBox3D Orientation Quat X" : -0.081017777323722839,
			"BoundingBox3D Orientation Quat Y" : 0.0036339282523840666,
			"BoundingBox3D Orientation Quat Z" : 0.021266421303153038,
			"BoundingBox3D Origin X" : 41.610115051269531,
			"BoundingBox3D Origin Y" : 15.381945610046387,
			"BoundingBox3D Origin Z" : 0.46993556618690491,
			"ObjectId" : 14,
			"ObjectType" : "CAR",
			"Occluded" : 0.0,
			"Relative Acceleration X" : 0.22598931193351746,
			"Relative Acceleration Y" : 0.45499309897422791,
			"Relative Acceleration Z" : -0.019443530589342117,
			"Relative Velocity X" : 11.047184944152832,
			"Relative Velocity Y" : 1.2065515518188477,
			"Relative Velocity Z" : -0.035746201872825623,
			"Truncated" : 0
		},
		{
			"Absolute Acceleration X" : -0.21211624145507812,
			"Absolute Acceleration Y" : -0.11145418882369995,
			"Absolute Acceleration Z" : -0.068095266819000244,
			"Absolute Velocity X" : 24.402494430541992,
			"Absolute Velocity Y" : -0.62761467695236206,
			"Absolute Velocity Z" : -0.15733581781387329,
			"ActorName" : "CAR 15",