{
	"CapturedObjects" : 
	[
		{
			"Absolute Acceleration X" : -0.18114852905273438,
			"Absolute Acceleration Y" : 0.79974555969238281,
			"Absolute Acceleration Z" : -0.051942169666290283,
			"Absolute Velocity X" : 29.125650405883789,
			"Absolute Velocity Y" : -0.77447479963302612,
			"Absolute Velocity Z" : -0.31197324395179749,
			"ActorName" : "CAR 00",
			"BoundingBox3D Extent X" : 4.6205844879150391,
			"BoundingBox3D Extent Y" : 2.1428279876708984,
			"BoundingBox3D Extent Z" : 1.6920909881591797,
			"BoundingBox3D Orientation Quat W" : -0.99986273050308228,
			"BoundingBox3D Orientation Quat X" : 0.0012979084858670831,
			"BoundingBox3D Orientation Quat Y" : -0.0062758675776422024,
			"BoundingBox3D Orientation Quat Z" : 0.01491436455398798,
			"BoundingBox3D Origin X" : -17.718284606933594,
			"BoundingBox3D Origin Y" : 0.030181249603629112,
			"BoundingBox3D Origin Z" : 1.0397999286651611,
			"ObjectId" : 0,
			"ObjectType" : "CAR",
			"Occluded" : 0.0,
			"Relative Acceleration X" : -0.34305989742279053,
			"Relative Acceleration Y" : 0.013016343116760254,
			"Relative Acceleration Z" : -0.11917847394943237,
			"Relative Velocity X" : 0.9357183575630188,
			"Relative Velocity Y" : -0.034708354622125626,
			"Relative Velocity Z" : -0.036174990236759186,
			"Truncated" : 0
		},
		{
			"Absolute Acceleration X" : -0.55716705322265625,
			"Absolute Acceleration Y" : 0.90811240673065186,
			"Absolute Acceleration Z" : -0.027418762445449829,
			"Absolute Velocity X" : 25.746448516845703,
			"Absolute Velocity Y" : -0.33355945348739624,
			"Absolute Velocity Z" : -0.3456890881061554,
			"ActorName" : "CAR 01",
			"BoundingBox3D Extent X" : 5.0297880172729492,
			"BoundingBox3D Extent Y" : 2.3046054840087891,
			"BoundingBox3D Extent Z" : 1.9340174198150635,
			"BoundingBox3D Orientation Quat W" : 0.99996572732925415,
			"BoundingBox3D Orientation Quat X" : -0.0019651681650429964,
			"BoundingBox3D Orientation Quat Y" : 0.0063030458986759186,
			"BoundingBox3D Orientation Quat Z" : -0.0034254533238708973,
			"BoundingBox3D Origin X" : 11.783692359924316,
			"BoundingBox3D Origin Y" : -6.7597017288208008,
			"BoundingBox3D Origin Z" : 0.81274110078811646,
			"ObjectId" : 1,
			"ObjectType" : "CAR",
			"Occluded" : 0.0,
			"Relative Acceleration X" : -0.72170090675354004,
			"Relative Acceleration Y" : 0.27644240856170654,
			"Relative Acceleration Z" : 0.053620349615812302,
			"Relative Velocity X" : -2.6292836666107178,
			"Relative Velocity Y" : -0.40177616477012634,
			"Relative Velocity Z" : 0.05167553573846817,
			"Truncated" : 0
		},
		{
			"Absolute Acceleration X" : -0.47589874267578125,
			"Absolute Acceleration Y" : 0.53813791275024414,
			"Absolute Acceleration Z" : -0.068371161818504333,
			"Absolute Velocity X" : 26.166677474975586,
			"Absolute Velocity Y" : -1.496967077255249,
			"Absolute Velocity Z" : -0.25293877720832825,
			"ActorName" : "CAR 02",
			"BoundingBox3D Extent X" : 4.5351982116699219,
			"BoundingBox3D Extent Y" : 2.0965876579284668,
			"BoundingBox3D Extent Z" : 1.4524728059768677,
			"BoundingBox3D Orientation Quat W" : -0.99951207637786865,
			"BoundingBox3D Orientation Quat X" : 0.0035399412736296654,
			"BoundingBox3D Orientation Quat Y" : -0.0048963483422994614,
			"BoundingBox3D Orientation Quat Z" : 0.030475929379463196,
			"BoundingBox3D Origin X" : -24.102746963500977,
			"BoundingBox3D Origin Y" : -4.9862794876098633,
			"BoundingBox3D Origin Z" : 0.94825094938278198,
			"ObjectId" : 2,
			"ObjectType" : "CAR",
			"Occluded" : 0.0,
			"Relative Acceleration X" : -0.67417216300964355,
			"Relative Acceleration Y" : -0.084601461887359619,
			"Relative Acceleration Z" : -0.19276446104049683,
			"Relative Velocity X" : -2.1618013381958008,
			"Relative Velocity Y" : -0.5792689323425293,
			"Relative Velocity Z" : 0.027370506897568703,
			"Truncated" : 0
		},
		{
			"Absolute Acceleration X" : 0.67735099792480469,
			"Absolute Acceleration Y" : 0.41673016548156738,
			"Absolute Acceleration Z" : -0.27134686708450317,
			"Absolute Velocity X" : 25.382602691650391,
			"Absolute Velocity Y" : -1.8720145225524902,
			"Absolute Velocity Z" : -0.031675748527050018,
			"ActorName" : "TRUCK 03",
			"BoundingBox3D Extent X" : 11.0,
			"BoundingBox3D Extent Y" : 2.7357983589172363,
			"BoundingBox3D Extent Z" : 2.5310914516448975,
			"BoundingBox3D Orientation Quat W" : -0.99937981367111206,
			"BoundingBox3D Orientation Quat X" : -0.0042795180343091488,
			"BoundingBox3D Orientation Quat Y" : -0.0016949253622442484,
			"BoundingBox3D Orientation Quat Z" : 0.034778855741024017,
			"BoundingBox3D Origin X" : -72.0338134765625,
			"BoundingBox3D Origin Y" : -1.3172667026519775,
			"BoundingBox3D Origin Z" : 1.8694031238555908,
			"ObjectId" : 3,
			"ObjectType" : "TRUCK",
			"Occluded" : 0.0,
			"Relative Acceleration X" : 0.48711013793945312,
			"Relative Acceleration Y" : -0.13061021268367767,
			"Relative Acceleration Z" : -0.68081045150756836,
			"Relative Velocity X" : -2.8474206924438477,
			"Relative Velocity Y" : 0.36358350515365601,
			"Relative Velocity Z" : 0.079537689685821533,
			"Truncated" : 0
		},
		{
			"Absolute Acceleration X" : 0.073238372802734375,
			"Absolute Acceleration Y" : 0.81912577152252197,
			"Absolute Acceleration Z" : -0.080373853445053101,
			"Absolute Velocity X" : 26.461448669433594,
			"Absolute Velocity Y" : 1.2065275907516479,
			"Absolute Velocity Z" : -0.39774554967880249,
			"ActorName" : "CAR 04",
			"BoundingBox3D Extent X" : 4.1293668746948242,
			"BoundingBox3D Extent Y" : 1.8283975124359131,
			"BoundingBox3D Extent Z" : 1.4846968650817871,
			"BoundingBox3D Orientation Quat W" : 0.99970352649688721,
			"BoundingBox3D Orientation Quat X" : -0.00091441289987415075,
			"BoundingBox3D Orientation Quat Y" : 0.0075188097544014454,
			"BoundingBox3D Orientation Quat Z" : 0.022885484620928764,
			"BoundingBox3D Origin X" : 44.253292083740234,
			"BoundingBox3D Origin Y" : -3.2941927909851074,
			"BoundingBox3D Origin Z" : 0.13076241314411163,
			"ObjectId" : 4,
			"ObjectType" : "CAR",
			"Occluded" : 0.0,
			"Relative Acceleration X" : -0.025879383087158203,
			"Relative Acceleration Y" : 0.11709094047546387,
			"Relative Acceleration Z" : 0.1918288916349411,
			"Relative Velocity X" : -1.8161216974258423,
			"Relative Velocity Y" : 0.23951143026351929,
			"Relative Velocity Z" : 0.078466750681400299,
			"Truncated" : 0
		},
		{
			"Absolute Acceleration X" : 0.13522911071777344,
			"Absolute Acceleration Y" : 0.26800823211669922,
			"Absolute Acceleration Z" : 0.0225563645362854,
			"Absolute Velocity X" : 22.050552368164062,
			"Absolute Velocity Y" : 4.0182795524597168,
			"Absolute Velocity Z" : -0.49749171733856201,
			"ActorName" : "CAR 05",
			"BoundingBox3D Extent X" : 4.9718923568725586,
			"BoundingBox3D Extent Y" : 3.5455467700958252,
			"BoundingBox3D Extent Z" : 2.978952169418335,
			"BoundingBox3D Orientation Quat W" : 0.99593573808670044,
			"BoundingBox3D Orientation Quat X" : 0.0047213202342391014,
			"BoundingBox3D Orientation Quat Y" : 0.012290939688682556,
			"BoundingBox3D Orientation Quat Z" : 0.088999643921852112,
			"BoundingBox3D Origin X" : 181.24073791503906,
			"BoundingBox3D Origin Y" : 7.019371509552002,
			"BoundingBox3D Origin Z" : -1.8301910161972046,
			"ObjectId" : 5,
			"ObjectType" : "CAR",
			"Occluded" : 0.0,
			"Relative Acceleration X" : 0.10706090927124023,
			"Relative Acceleration Y" : -0.33280932903289795,
			"Relative Acceleration Z" : 1.0357390642166138,
			"Relative Velocity X" : -5.9426746368408203,
			"Relative Velocity Y" : -0.71970325708389282,
			"Relative Velocity Z" : 0.33141332864761353,
			"Truncated" : 0
		},
		{
			"Absolute Acceleration X" : 0.42107963562011719,
			"Absolute Acceleration Y" : 0.21295571327209473,
			"Absolute Acceleration Z" : -0.073306560516357422,
			"Absolute Velocity X" : 21.149240493774414,
			"Absolute Velocity Y" : 3.6435527801513672,
			"Absolute Velocity Z" : -0.45974504947662354,