{
	"CapturedObjects" : 
	[
		{
			"Absolute Acceleration X" : -0.21978187561035156,
			"Absolute Acceleration Y" : -0.33800730109214783,
			"Absolute Acceleration Z" : -0.10016046464443207,
			"Absolute Velocity X" : 26.984792709350586,
			"Absolute Velocity Y" : -0.40949124097824097,
			"Absolute Velocity Z" : -0.1197686493396759,
			"ActorName" : "CAR 00",
			"BoundingBox3D Extent X" : 4.3256669044494629,
			"BoundingBox3D Extent Y" : 2.2182471752166748,
			"BoundingBox3D Extent Z" : 1.6845625638961792,
			"BoundingBox3D Orientation Quat W" : -0.99999797344207764,
			"BoundingBox3D Orientation Quat X" : 0.0015149090904742479,
			"BoundingBox3D Orientation Quat Y" : -0.0018753015901893377,
			"BoundingBox3D Orientation Quat Z" : -0.00012138023157604039,
			"BoundingBox3D Origin X" : -25.313186645507812,
			"BoundingBox3D Origin Y" : 0.38597926497459412,
			"BoundingBox3D Origin Z" : 0.92744326591491699,
			"ObjectId" : 0,
			"ObjectType" : "CAR",
			"Occluded" : 0.0,
			"Relative Acceleration X" : -0.33990812301635742,
			"Relative Acceleration Y" : -0.07380928099155426,
			"Relative Acceleration Z" : -0.12701578438282013,
			"Relative Velocity X" : -0.21989831328392029,
			"Relative Velocity Y" : -0.13658720254898071,
			"Relative Velocity Z" : 0.086052045226097107,
			"Truncated" : 0
		},
		{
			"Absolute Acceleration X" : 0.15893936157226562,
			"Absolute Acceleration Y" : -0.075489401817321777,
			"Absolute Acceleration Z" : -0.013071984052658081,
			"Absolute Velocity X" : 27.700252532958984,
			"Absolute Velocity Y" : 0.51768797636032104,
			"Absolute Velocity Z" : -0.29631930589675903,
			"ActorName" : "CAR 01",
			"BoundingBox3D Extent X" : 4.0999999046325684,
			"BoundingBox3D Extent Y" : 1.6430835723876953,
			"BoundingBox3D Extent Z" : 1.4837304353713989,
			"BoundingBox3D Orientation Quat W" : 0.99994570016860962,
			"BoundingBox3D Orientation Quat X" : -0.00020979979308322072,
			"BoundingBox3D Orientation Quat Y" : 0.006034614983946085,
			"BoundingBox3D Orientation Quat Z" : 0.0080698681995272636,
			"BoundingBox3D Origin X" : 45.136272430419922,
			"BoundingBox3D Origin Y" : 2.5934007167816162,
			"BoundingBox3D Origin Z" : 0.24482069909572601,
			"ObjectId" : 1,
			"ObjectType" : "CAR",
			"Occluded" : 0.0,
			"Relative Acceleration X" : 0.062877148389816284,
			"Relative Acceleration Y" : -0.55708849430084229,
			"Relative Acceleration Z" : 0.27772122621536255,
			"Relative Velocity X" : 0.50268423557281494,
			"Relative Velocity Y" : 0.61981713771820068,
			"Relative Velocity Z" : -0.053387533873319626,
			"Truncated" : 0
		},
		{
			"Absolute Acceleration X" : 0.71957778930664062,
			"Absolute Acceleration Y" : -0.039099223911762238,
			"Absolute Acceleration Z" : 0.1742020845413208,
			"Absolute Velocity X" : 41.609615325927734,
			"Absolute Velocity Y" : 0.17712405323982239,
			"Absolute Velocity Z" : -0.3537062406539917,
			"ActorName" : "CAR 07",
			"BoundingBox3D Extent X" : 4.2486448287963867,
			"BoundingBox3D Extent Y" : 1.8063856363296509,
			"BoundingBox3D Extent Z" : 2.1072132587432861,
			"BoundingBox3D Orientation Quat W" : 0.99998289346694946,
			"BoundingBox3D Orientation Quat X" : -0.0035348064266145229,
			"BoundingBox3D Orientation Quat Y" : 0.0043638870120048523,
			"BoundingBox3D Orientation Quat Z" : 0.00086212786845862865,
			"BoundingBox3D Origin X" : 112.67960357666016,
			"BoundingBox3D Origin Y" : 3.7406671047210693,
			"BoundingBox3D Origin Z" : -0.16576869785785675,
			"ObjectId" : 7,
			"ObjectType" : "CAR",
			"Occluded" : 0.0,
			"Relative Acceleration X" : 0.63578510284423828,
			"Relative Acceleration Y" : -1.2174692153930664,
			"Relative Acceleration Z" : 0.81090331077575684,
			"Relative Velocity X" : 14.413876533508301,
			"Relative Velocity Y" : 0.090239226818084717,
			"Relative Velocity Z" : -0.082525186240673065,
			"Truncated" : 0
		},
		{
			"Absolute Acceleration X" : 0.16330718994140625,
			"Absolute Acceleration Y" : -0.14436683058738708,
			"Absolute Acceleration Z" : -0.091649681329727173,
			"Absolute Velocity X" : 29.776338577270508,
			"Absolute Velocity Y" : -0.083871394395828247,
			"Absolute Velocity Z" : -0.015443946234881878,
			"ActorName" : "CAR 08",
			"BoundingBox3D Extent X" : 4.1717782020568848,
			"BoundingBox3D Extent Y" : 1.7863059043884277,
			"BoundingBox3D Extent Z" : 1.2831528186798096,
			"BoundingBox3D Orientation Quat W" : 0.99999076128005981,
			"BoundingBox3D Orientation Quat X" : -0.0028855169657617807,
			"BoundingBox3D Orientation Quat Y" : 0.00068118126364424825,
			"BoundingBox3D Orientation Quat Z" : -0.0011766791576519608,
			"BoundingBox3D Origin X" : -69.412918090820312,
			"BoundingBox3D Origin Y" : 4.6485390663146973,
			"BoundingBox3D Origin Z" : 0.77117472887039185,
			"ObjectId" : 8,
			"ObjectType" : "CAR",
			"Occluded" : 0.0,
			"Relative Acceleration X" : 0.090753316879272461,
			"Relative Acceleration Y" : 0.59218764305114746,
			"Relative Acceleration Z" : -0.26523661613464355,
			"Relative Velocity X" : 2.5828907489776611,
			"Relative Velocity Y" : 0.29060986638069153,
			"Relative Velocity Z" : 0.17687924206256866,
			"Truncated" : 0
		},
		{
			"Absolute Acceleration X" : -0.026014328002929688,
			"Absolute Acceleration Y" : 0.18786489963531494,
			"Absolute Acceleration Z" : -0.021700508892536163,
			"Absolute Velocity X" : -12.599509239196777,
			"Absolute Velocity Y" : 0.20347973704338074,
			"Absolute Velocity Z" : 0.12449660897254944,
			"ActorName" : "CAR 09",
			"BoundingBox3D Extent X" : 8.8847694396972656,
			"BoundingBox3D Extent Y" : 2.8085198402404785,
			"BoundingBox3D Extent Z" : 1.9207603931427002,
			"BoundingBox3D Orientation Quat W" : -0.0014157857513055205,
			"BoundingBox3D Orientation Quat X" : 0.0047650807537138462,
			"BoundingBox3D Orientation Quat Y" : 0.0019935506861656904,
			"BoundingBox3D Orientation Quat Z" : 0.99991053342819214,
			"BoundingBox3D Origin X" : -59.377487182617188,
			"BoundingBox3D Origin Y" : 15.446745872497559,
			"BoundingBox3D Origin Z" : 1.745317816734314,
			"ObjectId" : 9,
			"ObjectType" : "CAR",
			"Occluded" : 0.0,
			"Relative Acceleration X" : 0.012317657470703125,
			"Relative Acceleration Y" : 0.74329042434692383,
			"Relative Acceleration Z" : -0.22512689232826233,
			"Relative Velocity X" : -39.766536712646484,
			"Relative Velocity Y" : 0.63072681427001953,
			"Relative Velocity Z" : 0.35082840919494629,
			"Truncated" : 0
		},
		{
			"Absolute Acceleration X" : 0.054655075073242188,
			"Absolute Acceleration Y" : 0.11500333994626999,
			"Absolute Acceleration Z" : -0.0047074556350708008,
			"Absolute Velocity X" : 25.884618759155273,
			"Absolute Velocity Y" : -0.15272834897041321,
			"Absolute Velocity Z" : -0.27476483583450317,
			"ActorName" : "CAR 10",
			"BoundingBox3D Extent X" : 4.277015209197998,
			"BoundingBox3D Extent Y" : 1.7716761827468872,
			"BoundingBox3D Extent Z" : 2.0736072063446045,
			"BoundingBox3D Orientation Quat W" : 0.99998068809509277,
			"BoundingBox3D Orientation Quat X" : -0.0021347245201468468,
			"BoundingBox3D Orientation Quat Y" : 0.0053086783736944199,
			"BoundingBox3D Orientation Quat Z" : 0.00025019995518960059,
			"BoundingBox3D Origin X" : 60.244388580322266,
			"BoundingBox3D Origin Y" : 0.35279476642608643,
			"BoundingBox3D Origin Z" : 0.37605881690979004,
			"ObjectId" : 10,
			"ObjectType" : "CAR",
			"Occluded" : 0.0,
			"Relative Acceleration X" : -0.064221024513244629,
			"Relative Acceleration Y" : -0.53042542934417725,
			"Relative Acceleration Z" : 0.32971620559692383,
			"Relative Velocity X" : -1.3196632862091064,
			"Relative Velocity Y" : -0.084035046398639679,
			"Relative Velocity Z" : -0.029076362028717995,
			"Truncated" : 0
		}
	],
	"FrameId" : 15287,
	"Timestamp" : 1676039850782081192,
	"TimestampMiddle" : 1676039850765081192
}