{
	"CapturedObjects" : 
	[
		{
			"Absolute Acceleration X" : 0.035055160522460938,
			"Absolute Acceleration Y" : 0.030775308609008789,
			"Absolute Acceleration Z" : 0.035788446664810181,
			"Absolute Velocity X" : 24.545631408691406,
			"Absolute Velocity Y" : -0.12617380917072296,
			"Absolute Velocity Z" : -0.28295955061912537,
			"ActorName" : "CAR 01",
			"BoundingBox3D Extent X" : 4.1614699363708496,
			"BoundingBox3D Extent Y" : 1.9984114170074463,
			"BoundingBox3D Extent Z" : 1.3978400230407715,
			"BoundingBox3D Orientation Quat W" : 0.99995124340057373,
			"BoundingBox3D Orientation Quat X" : 0.0022302896250039339,
			"BoundingBox3D Orientation Quat Y" : 0.0057260710746049881,
			"BoundingBox3D Orientation Quat Z" : -0.0072442437522113323,
			"BoundingBox3D Origin X" : -42.892120361328125,
			"BoundingBox3D Origin Y" : 1.4584482908248901,
			"BoundingBox3D Origin Z" : 1.1687852144241333,
			"ObjectId" : 1,
			"ObjectType" : "CAR",
			"Occluded" : 0.0,
			"Relative Acceleration X" : -0.31334388256072998,
			"Relative Acceleration Y" : 0.00037977099418640137,
			"Relative Acceleration Z" : -0.17775678634643555,
			"Relative Velocity X" : -1.3329997062683105,
			"Relative Velocity Y" : 0.23820823431015015,
			"Relative Velocity Z" : -0.15510576963424683,
			"Truncated" : 0
		},
		{
			"Absolute Acceleration X" : 0.32769203186035156,
			"Absolute Acceleration Y" : 0.079181909561157227,
			"Absolute Acceleration Z" : 0.024030387401580811,
			"Absolute Velocity X" : 30.85606575012207,
			"Absolute Velocity Y" : 0.0077099921181797981,
			"Absolute Velocity Z" : -0.36968520283699036,
			"ActorName" : "CAR 02",
			"BoundingBox3D Extent X" : 4.6078062057495117,
			"BoundingBox3D Extent Y" : 2.0203628540039062,
			"BoundingBox3D Extent Z" : 1.4820774793624878,
			"BoundingBox3D Orientation Quat W" : 0.99997091293334961,
			"BoundingBox3D Orientation Quat X" : 0.0017453520558774471,
			"BoundingBox3D Orientation Quat Y" : 0.0055678407661616802,
			"BoundingBox3D Orientation Quat Z" : 0.0038566698785871267,
			"BoundingBox3D Origin X" : 9.8074607849121094,
			"BoundingBox3D Origin Y" : 4.4647746086120605,
			"BoundingBox3D Origin Z" : 0.61421483755111694,
			"ObjectId" : 2,
			"ObjectType" : "CAR",
			"Occluded" : 0.0,
			"Relative Acceleration X" : -0.017714500427246094,
			"Relative Acceleration Y" : 0.010164439678192139,
			"Relative Acceleration Z" : 0.011082695797085762,
			"Relative Velocity X" : 4.9873862266540527,
			"Relative Velocity Y" : 0.23050092160701752,
			"Relative Velocity Z" : -0.031812176108360291,
			"Truncated" : 0
		},
		{
			"Absolute Acceleration X" : -0.15028762817382812,
			"Absolute Acceleration Y" : 0.18176324665546417,
			"Absolute Acceleration Z" : -0.017784625291824341,
			"Absolute Velocity X" : 28.096860885620117,
			"Absolute Velocity Y" : -0.28598308563232422,
			"Absolute Velocity Z" : -0.3524344265460968,
			"ActorName" : "CAR 05",
			"BoundingBox3D Extent X" : 4.38079833984375,
			"BoundingBox3D Extent Y" : 1.7732864618301392,
			"BoundingBox3D Extent Z" : 1.3832014799118042,
			"BoundingBox3D Orientation Quat W" : 0.99996644258499146,
			"BoundingBox3D Orientation Quat X" : 0.00089518132153898478,
			"BoundingBox3D Orientation Quat Y" : 0.0072454591281712055,
			"BoundingBox3D Orientation Quat Z" : -0.0020874221809208393,
			"BoundingBox3D Origin X" : -20.566171646118164,
			"BoundingBox3D Origin Y" : 4.3356328010559082,
			"BoundingBox3D Origin Z" : 0.90427440404891968,
			"ObjectId" : 5,
			"ObjectType" : "CAR",
			"Occluded" : 0.0,
			"Relative Acceleration X" : -0.49739313125610352,
			"Relative Acceleration Y" : 0.13171622157096863,
			"Relative Acceleration Z" : -0.15173625946044922,
			"Relative Velocity X" : 2.2268834114074707,
			"Relative Velocity Y" : 0.018234483897686005,
			"Relative Velocity Z" : -0.13632431626319885,
			"Truncated" : 0
		},
		{
			"Absolute Acceleration X" : -0.11309814453125,
			"Absolute Acceleration Y" : -1.0885330438613892,
			"Absolute Acceleration Z" : -0.016392290592193604,
			"Absolute Velocity X" : 26.875701904296875,
			"Absolute Velocity Y" : 1.6496179103851318,
			"Absolute Velocity Z" : -0.35412389039993286,
			"ActorName" : "CAR 06",
			"BoundingBox3D Extent X" : 4.0999999046325684,
			"BoundingBox3D Extent Y" : 2.0325560569763184,
			"BoundingBox3D Extent Z" : 0.91588109731674194,
			"BoundingBox3D Orientation Quat W" : 0.99966418743133545,
			"BoundingBox3D Orientation Quat X" : 0.0029383574146777391,
			"BoundingBox3D Orientation Quat Y" : 0.0068853311240673065,
			"BoundingBox3D Orientation Quat Z" : 0.024722477421164513,
			"BoundingBox3D Origin X" : -155.04057312011719,
			"BoundingBox3D Origin Y" : 0.73748284578323364,
			"BoundingBox3D Origin Z" : 2.2823841571807861,
			"ObjectId" : 6,
			"ObjectType" : "CAR",
			"Occluded" : 0.0,
			"Relative Acceleration X" : -0.4590604305267334,
			"Relative Acceleration Y" : -1.0954362154006958,
			"Relative Acceleration Z" : -0.6825440526008606,
			"Relative Velocity X" : 0.99185389280319214,
			"Relative Velocity Y" : 2.3113601207733154,
			"Relative Velocity Z" : -0.65721732378005981,
			"Truncated" : 0
		},
		{
			"Absolute Acceleration X" : 0.23528289794921875,
			"Absolute Acceleration Y" : -0.033373266458511353,
			"Absolute Acceleration Z" : 0.011766910552978516,
			"Absolute Velocity X" : 28.635263442993164,
			"Absolute Velocity Y" : -0.35831534862518311,
			"Absolute Velocity Z" : -0.31328317523002625,
			"ActorName" : "CAR 10",
			"BoundingBox3D Extent X" : 4.1645917892456055,
			"BoundingBox3D Extent Y" : 2.0205378532409668,
			"BoundingBox3D Extent Z" : 1.4161386489868164,
			"BoundingBox3D Orientation Quat W" : 0.99995392560958862,
			"BoundingBox3D Orientation Quat X" : 0.0017874266486614943,
			"BoundingBox3D Orientation Quat Y" : 0.0060068010352551937,
			"BoundingBox3D Orientation Quat Z" : -0.0066225663758814335,
			"BoundingBox3D Origin X" : -40.553253173828125,
			"BoundingBox3D Origin Y" : 5.4623885154724121,
			"BoundingBox3D Origin Z" : 1.1120946407318115,
			"ObjectId" : 10,
			"ObjectType" : "CAR",
			"Occluded" : 0.0,
			"Relative Acceleration X" : -0.11239361763000488,
			"Relative Acceleration Y" : -0.079679816961288452,
			"Relative Acceleration Z" : -0.2050088495016098,
			"Relative Velocity X" : 2.7674534320831299,
			"Relative Velocity Y" : -0.0012254873290657997,
			"Relative Velocity Z" : -0.17475801706314087,
			"Truncated" : 0
		},
		{
			"Absolute Acceleration X" : -0.17646980285644531,
			"Absolute Acceleration Y" : 0.093504860997200012,
			"Absolute Acceleration Z" : -0.027239233255386353,
			"Absolute Velocity X" : 30.703008651733398,
			"Absolute Velocity Y" : -0.22482930123806,
			"Absolute Velocity Z" : -0.32735773921012878,
			"ActorName" : "CAR 13",
			"BoundingBox3D Extent X" : 4.1085433959960938,
			"BoundingBox3D Extent Y" : 1.8747290372848511,
			"BoundingBox3D Extent Z" : 1.6336050033569336,
			"BoundingBox3D Orientation Quat W" : 0.9999808669090271,
			"BoundingBox3D Orientation Quat X" : 0.00041174219222739339,
			"BoundingBox3D Orientation Quat Y" : 0.005309665109962225,
			"BoundingBox3D Orientation Quat Z" : -0.0026222015731036663,
			"BoundingBox3D Origin X" : 135.63917541503906,
			"BoundingBox3D Origin Y" : 3.7736847400665283,
			"BoundingBox3D Origin Z" : -0.76807886362075806,
			"ObjectId" : 13,
			"ObjectType" : "CAR",
			"Occluded" : 0.0,
			"Relative Acceleration X" : -0.51801300048828125,
			"Relative Acceleration Y" : -0.011166691780090332,
			"Relative Acceleration Z" : 0.46835112571716309,
			"Relative Velocity X" : 4.8368000984191895,
			"Relative Velocity Y" : -0.33591333031654358,
			"Relative Velocity Z" : 0.49730223417282104,
			"Truncated" : 0
		},
		{
			"Absolute Acceleration X" : 0.16872596740722656,
			"Absolute Acceleration Y" : -0.39759266376495361,
			"Absolute Acceleration Z" : 0.037869006395339966,
			"Absolute Velocity X" : 25.898866653442383,
			"Absolute Velocity Y" : 0.23605054616928101,