{
	"CapturedObjects" : 
	[
		{
			"Absolute Acceleration X" : -0.080320566892623901,
			"Absolute Acceleration Y" : 0.04710494726896286,
			"Absolute Acceleration Z" : 0.018321417272090912,
			"Absolute Velocity X" : 31.241949081420898,
			"Absolute Velocity Y" : 0.10945244133472443,
			"Absolute Velocity Z" : -0.31319129467010498,
			"ActorName" : "TRUCK 00",
			"BoundingBox3D Extent X" : 11.0,
			"BoundingBox3D Extent Y" : 2.6347408294677734,
			"BoundingBox3D Extent Z" : 3.0569512844085693,
			"BoundingBox3D Orientation Quat W" : 0.99998384714126587,
			"BoundingBox3D Orientation Quat X" : -0.0021273044403642416,
			"BoundingBox3D Orientation Quat Y" : 0.0047409473918378353,
			"BoundingBox3D Orientation Quat Z" : 0.0016810969682410359,
			"BoundingBox3D Origin X" : 13.145044326782227,
			"BoundingBox3D Origin Y" : 6.9228062629699707,
			"BoundingBox3D Origin Z" : 1.3358408212661743,
			"ObjectId" : 0,
			"ObjectType" : "TRUCK",
			"Occluded" : 0.0,
			"Relative Acceleration X" : 0.027763472869992256,
			"Relative Acceleration Y" : -0.44150757789611816,
			"Relative Acceleration Z" : 0.050379108637571335,
			"Relative Velocity X" : 9.7302408218383789,
			"Relative Velocity Y" : 0.18646235764026642,
			"Relative Velocity Z" : -0.1130930632352829,
			"Truncated" : 0
		},
		{
			"Absolute Acceleration X" : -0.003999895416200161,
			"Absolute Acceleration Y" : -0.13662827014923096,
			"Absolute Acceleration Z" : -0.032362755388021469,
			"Absolute Velocity X" : 30.338018417358398,
			"Absolute Velocity Y" : 0.15831547975540161,
			"Absolute Velocity Z" : -0.27862086892127991,
			"ActorName" : "CAR 01",
			"BoundingBox3D Extent X" : 4.0999999046325684,
			"BoundingBox3D Extent Y" : 2.0434176921844482,
			"BoundingBox3D Extent Z" : 1.7555222511291504,
			"BoundingBox3D Orientation Quat W" : 0.99998092651367188,
			"BoundingBox3D Orientation Quat X" : -0.0010579397203400731,
			"BoundingBox3D Orientation Quat Y" : 0.0039626061916351318,
			"BoundingBox3D Orientation Quat Z" : 0.0016171588795259595,
			"BoundingBox3D Origin X" : -23.872079849243164,
			"BoundingBox3D Origin Y" : 7.0092964172363281,
			"BoundingBox3D Origin Z" : 1.0371273756027222,
			"ObjectId" : 1,
			"ObjectType" : "CAR",
			"Occluded" : 0.0,
			"Relative Acceleration X" : 0.10600581765174866,
			"Relative Acceleration Y" : -0.30974769592285156,
			"Relative Acceleration Z" : 0.09003787487745285,
			"Relative Velocity X" : 8.8276557922363281,
			"Relative Velocity Y" : 0.33476349711418152,
			"Relative Velocity Z" : -0.12916083633899689,
			"Truncated" : 0
		},
		{
			"Absolute Acceleration X" : 1.2999573945999146,
			"Absolute Acceleration Y" : -0.70485895872116089,
			"Absolute Acceleration Z" : 0.13237550854682922,
			"Absolute Velocity X" : -33.630298614501953,
			"Absolute Velocity Y" : 0.24369893968105316,
			"Absolute Velocity Z" : 0.23508818447589874,
			"ActorName" : "CAR 02",
			"BoundingBox3D Extent X" : 4.0999999046325684,
			"BoundingBox3D Extent Y" : 0.92359977960586548,
			"BoundingBox3D Extent Z" : 1.8867495059967041,
			"BoundingBox3D Orientation Quat W" : 0.007944212295114994,
			"BoundingBox3D Orientation Quat X" : 0.0024906632024794817,
			"BoundingBox3D Orientation Quat Y" : 0.025856861844658852,
			"BoundingBox3D Orientation Quat Z" : 0.99960404634475708,
			"BoundingBox3D Origin X" : -34.407211303710938,
			"BoundingBox3D Origin Y" : 13.328017234802246,
			"BoundingBox3D Origin Z" : 0.99373304843902588,
			"ObjectId" : 2,
			"ObjectType" : "CAR",
			"Occluded" : 0.0,
			"Relative Acceleration X" : 1.4662562608718872,
			"Relative Acceleration Y" : 0.34816306829452515,
			"Relative Acceleration Z" : -0.094037607312202454,
			"Relative Velocity X" : -55.122848510742188,
			"Relative Velocity Y" : 0.76601463556289673,
			"Relative Velocity Z" : 0.25367516279220581,
			"Truncated" : 0
		},
		{
			"Absolute Acceleration X" : -0.20565380156040192,
			"Absolute Acceleration Y" : -0.51071846485137939,
			"Absolute Acceleration Z" : 0.12610547244548798,
			"Absolute Velocity X" : 24.344730377197266,
			"Absolute Velocity Y" : 0.31546464562416077,
			"Absolute Velocity Z" : -0.42295017838478088,
			"ActorName" : "CAR 03",
			"BoundingBox3D Extent X" : 4.0999999046325684,
			"BoundingBox3D Extent Y" : 2.3583855628967285,
			"BoundingBox3D Extent Z" : 1.9576709270477295,
			"BoundingBox3D Orientation Quat W" : 0.9999353289604187,
			"BoundingBox3D Orientation Quat X" : -0.0014872712781652808,
			"BoundingBox3D Orientation Quat Y" : 0.0081503810361027718,
			"BoundingBox3D Orientation Quat Z" : 0.0032906169071793556,
			"BoundingBox3D Origin X" : -145.87532043457031,
			"BoundingBox3D Origin Y" : 3.0003397464752197,
			"BoundingBox3D Origin Z" : 2.2431159019470215,
			"ObjectId" : 3,
			"ObjectType" : "CAR",
			"Occluded" : 0.0,
			"Relative Acceleration X" : -0.1151420921087265,
			"Relative Acceleration Y" : 0.3970954418182373,
			"Relative Acceleration Z" : 0.50738739967346191,
			"Relative Velocity X" : 2.8248069286346436,
			"Relative Velocity Y" : 0.84915554523468018,
			"Relative Velocity Z" : -0.41676613688468933,
			"Truncated" : 0
		},
		{
			"Absolute Acceleration X" : -0.15394346415996552,
			"Absolute Acceleration Y" : 0.057721935212612152,
			"Absolute Acceleration Z" : 0.0022110696882009506,
			"Absolute Velocity X" : 32.133209228515625,
			"Absolute Velocity Y" : 0.23431475460529327,
			"Absolute Velocity Z" : -0.30463966727256775,
			"ActorName" : "CAR 04",
			"BoundingBox3D Extent X" : 4.0999999046325684,
			"BoundingBox3D Extent Y" : 1.6868230104446411,
			"BoundingBox3D Extent Z" : 1.6394811868667603,
			"BoundingBox3D Orientation Quat W" : 0.99996435642242432,
			"BoundingBox3D Orientation Quat X" : -0.0038555627688765526,
			"BoundingBox3D Orientation Quat Y" : 0.0051568970084190369,
			"BoundingBox3D Orientation Quat Z" : 0.0051332544535398483,
			"BoundingBox3D Origin X" : 87.619071960449219,
			"BoundingBox3D Origin Y" : 7.1810793876647949,
			"BoundingBox3D Origin Z" : -0.089613020420074463,
			"ObjectId" : 4,
			"ObjectType" : "CAR",
			"Occluded" : 0.0,
			"Relative Acceleration X" : -0.05260196328163147,
			"Relative Acceleration Y" : -1.0330146551132202,
			"Relative Acceleration Z" : -0.1419408768415451,
			"Relative Velocity X" : 10.623658180236816,
			"Relative Velocity Y" : 0.10281315445899963,
			"Relative Velocity Z" : -0.0066249133087694645,
			"Truncated" : 0
		},
		{
			"Absolute Acceleration X" : 0.14963044226169586,
			"Absolute Acceleration Y" : 0.13931402564048767,
			"Absolute Acceleration Z" : 0.00077742594294250011,
			"Absolute Velocity X" : 31.822538375854492,
			"Absolute Velocity Y" : 0.13989070057868958,
			"Absolute Velocity Z" : -0.31029340624809265,
			"ActorName" : "CAR 05",
			"BoundingBox3D Extent X" : 4.0999999046325684,
			"BoundingBox3D Extent Y" : 1.8871970176696777,
			"BoundingBox3D Extent Z" : 1.9245541095733643,
			"BoundingBox3D Orientation Quat W" : 0.99996590614318848,
			"BoundingBox3D Orientation Quat X" : -0.0051089748740196228,
			"BoundingBox3D Orientation Quat Y" : 0.0046650860458612442,
			"BoundingBox3D Orientation Quat Z" : 0.0013833248522132635,
			"BoundingBox3D Origin X" : 141.8323974609375,
			"BoundingBox3D Origin Y" : 7.6553249359130859,
			"BoundingBox3D Origin Z" : -0.46418416500091553,
			"ObjectId" : 5,
			"ObjectType" : "CAR",
			"Occluded" : 0.0,
			"Relative Acceleration X" : 0.24784936010837555,
			"Relative Acceleration Y" : -1.3850333690643311,
			"Relative Acceleration Z" : -0.26823040843009949,
			"Relative Velocity X" : 10.313486099243164,
			"Relative Velocity Y" : -0.13434278964996338,
			"Relative Velocity Z" : 0.056251946836709976,
			"Truncated" : 0
		},
		{
			"Absolute Acceleration X" : -0.043785009533166885,
			"Absolute Acceleration Y" : 0.20289275050163269,
			"Absolute Acceleration Z" : 0.021603595465421677,
			"Absolute Velocity X" : 25.09703254699707,
			"Absolute Velocity Y" : 0.0011278205784037709,
			"Absolute Velocity Z" : -0.25316888093948364,