{
	"CapturedObjects" : 
	[
		{
			"Absolute Acceleration X" : 0.43214225769042969,
			"Absolute Acceleration Y" : -0.012446209788322449,
			"Absolute Acceleration Z" : 0.073287338018417358,
			"Absolute Velocity X" : 24.898490905761719,
			"Absolute Velocity Y" : -0.14108753204345703,
			"Absolute Velocity Z" : -0.18208372592926025,
			"ActorName" : "TRUCK 00",
			"BoundingBox3D Extent X" : 11.0,
			"BoundingBox3D Extent Y" : 2.844688892364502,
			"BoundingBox3D Extent Z" : 3.1364963054656982,
			"BoundingBox3D Orientation Quat W" : 0.99992704391479492,
			"BoundingBox3D Orientation Quat X" : 0.0026557256933301687,
			"BoundingBox3D Orientation Quat Y" : 0.0034484406933188438,
			"BoundingBox3D Orientation Quat Z" : -0.0037492399569600821,
			"BoundingBox3D Origin X" : 16.965858459472656,
			"BoundingBox3D Origin Y" : 12.017708778381348,
			"BoundingBox3D Origin Z" : 1.1205407381057739,
			"ObjectId" : 0,
			"ObjectType" : "TRUCK",
			"Occluded" : 0.0,
			"Relative Acceleration X" : 0.44550561904907227,
			"Relative Acceleration Y" : -0.018919520080089569,
			"Relative Acceleration Z" : 0.08096468448638916,
			"Relative Velocity X" : 2.7477715015411377,
			"Relative Velocity Y" : 0.071266099810600281,
			"Relative Velocity Z" : -0.091515563428401947,
			"Truncated" : 0
		},
		{
			"Absolute Acceleration X" : -0.18457794189453125,
			"Absolute Acceleration Y" : -0.22814659774303436,
			"Absolute Acceleration Z" : 0.041600450873374939,
			"Absolute Velocity X" : 20.981840133666992,
			"Absolute Velocity Y" : -0.012899059802293777,
			"Absolute Velocity Z" : -0.21666844189167023,
			"ActorName" : "CAR 01",
			"BoundingBox3D Extent X" : 4.334075927734375,
			"BoundingBox3D Extent Y" : 2.0256328582763672,
			"BoundingBox3D Extent Z" : 1.5192403793334961,
			"BoundingBox3D Orientation Quat W" : 0.99997961521148682,
			"BoundingBox3D Orientation Quat X" : 0.0009193645091727376,
			"BoundingBox3D Orientation Quat Y" : 0.0050877146422863007,
			"BoundingBox3D Orientation Quat Z" : -0.0030169074889272451,
			"BoundingBox3D Origin X" : -17.371898651123047,
			"BoundingBox3D Origin Y" : 0.24495936930179596,
			"BoundingBox3D Origin Z" : 0.87162500619888306,
			"ObjectId" : 1,
			"ObjectType" : "CAR",
			"Occluded" : 0.0,
			"Relative Acceleration X" : -0.16690242290496826,
			"Relative Acceleration Y" : -0.24092085659503937,
			"Relative Acceleration Z" : -0.029957044869661331,
			"Relative Velocity X" : -1.1733204126358032,
			"Relative Velocity Y" : 0.2101152092218399,
			"Relative Velocity Z" : 0.042711973190307617,
			"Truncated" : 0
		},
		{
			"Absolute Acceleration X" : -0.10581398010253906,
			"Absolute Acceleration Y" : 0.021636754274368286,
			"Absolute Acceleration Z" : 0.034521080553531647,
			"Absolute Velocity X" : 27.465366363525391,
			"Absolute Velocity Y" : -0.22389794886112213,
			"Absolute Velocity Z" : -0.0819535031914711,
			"ActorName" : "TRUCK 02",
			"BoundingBox3D Extent X" : 11.0,
			"BoundingBox3D Extent Y" : 2.6529262065887451,
			"BoundingBox3D Extent Z" : 3.0765602588653564,
			"BoundingBox3D Orientation Quat W" : 0.99991726875305176,
			"BoundingBox3D Orientation Quat X" : 0.0029591172933578491,
			"BoundingBox3D Orientation Quat Y" : 0.0012890583602711558,
			"BoundingBox3D Orientation Quat Z" : -0.0036081667058169842,
			"BoundingBox3D Origin X" : 61.728797912597656,
			"BoundingBox3D Origin Y" : 15.723454475402832,
			"BoundingBox3D Origin Z" : 0.88468366861343384,
			"ObjectId" : 2,
			"ObjectType" : "TRUCK",
			"Occluded" : 0.0,
			"Relative Acceleration X" : -0.093088626861572266,
			"Relative Acceleration Y" : 0.027236733585596085,
			"Relative Acceleration Z" : 0.12166818976402283,
			"Relative Velocity X" : 5.3148050308227539,
			"Relative Velocity Y" : -0.026510007679462433,
			"Relative Velocity Z" : -0.17145466804504395,
			"Truncated" : 0
		},
		{
			"Absolute Acceleration X" : 0.24026679992675781,
			"Absolute Acceleration Y" : 0.045610785484313965,
			"Absolute Acceleration Z" : 0.040950998663902283,
			"Absolute Velocity X" : 22.719427108764648,
			"Absolute Velocity Y" : -0.22746914625167847,
			"Absolute Velocity Z" : -0.12757097184658051,
			"ActorName" : "CAR 04",
			"BoundingBox3D Extent X" : 4.1162319183349609,
			"BoundingBox3D Extent Y" : 1.7154102325439453,
			"BoundingBox3D Extent Z" : 1.4888672828674316,
			"BoundingBox3D Orientation Quat W" : 0.99998736381530762,
			"BoundingBox3D Orientation Quat X" : -0.00086566124809905887,
			"BoundingBox3D Orientation Quat Y" : 0.0031482242047786713,
			"BoundingBox3D Orientation Quat Z" : -0.0028956006281077862,
			"BoundingBox3D Origin X" : 38.082714080810547,
			"BoundingBox3D Origin Y" : -0.080795057117938995,
			"BoundingBox3D Origin Z" : 0.45126834511756897,
			"ObjectId" : 4,
			"ObjectType" : "CAR",
			"Occluded" : 0.0,
			"Relative Acceleration X" : 0.25859573483467102,
			"Relative Acceleration Y" : 0.049422658979892731,
			"Relative Acceleration Z" : 0.060964863747358322,
			"Relative Velocity X" : 0.5625227689743042,
			"Relative Velocity Y" : -0.023101873695850372,
			"Relative Velocity Z" : -0.075044602155685425,
			"Truncated" : 0
		},
		{
			"Absolute Acceleration X" : -0.49614715576171875,
			"Absolute Acceleration Y" : -0.22653296589851379,
			"Absolute Acceleration Z" : -0.0078788921236991882,
			"Absolute Velocity X" : 21.685611724853516,
			"Absolute Velocity Y" : -0.40122437477111816,
			"Absolute Velocity Z" : -0.027376523241400719,
			"ActorName" : "CAR 09",
			"BoundingBox3D Extent X" : 4.0999999046325684,
			"BoundingBox3D Extent Y" : 1.824843168258667,
			"BoundingBox3D Extent Z" : 1.7381894588470459,
			"BoundingBox3D Orientation Quat W" : -0.99996882677078247,
			"BoundingBox3D Orientation Quat X" : 0.0011794128222391009,
			"BoundingBox3D Orientation Quat Y" : -0.00065000919857993722,
			"BoundingBox3D Orientation Quat Z" : 0.0072477771900594234,
			"BoundingBox3D Origin X" : 178.08277893066406,
			"BoundingBox3D Origin Y" : -4.8881006240844727,
			"BoundingBox3D Origin Z" : 0.18200884759426117,
			"ObjectId" : 9,
			"ObjectType" : "CAR",
			"Occluded" : 0.0,
			"Relative Acceleration X" : -0.4762498140335083,
			"Relative Acceleration Y" : -0.17860960960388184,
			"Relative Acceleration Z" : 0.2504279613494873,
			"Relative Velocity X" : -0.47385647892951965,
			"Relative Velocity Y" : -0.23996946215629578,
			"Relative Velocity Z" : -0.48262003064155579,
			"Truncated" : 0
		},
		{
			"Absolute Acceleration X" : -0.31888961791992188,
			"Absolute Acceleration Y" : 0.0098537802696228027,
			"Absolute Acceleration Z" : 0.075291335582733154,
			"Absolute Velocity X" : 28.263936996459961,
			"Absolute Velocity Y" : -0.093334130942821503,
			"Absolute Velocity Z" : -0.17287987470626831,
			"ActorName" : "CAR 12",
			"BoundingBox3D Extent X" : 4.5750732421875,
			"BoundingBox3D Extent Y" : 1.8780477046966553,
			"BoundingBox3D Extent Z" : 1.9186064004898071,
			"BoundingBox3D Orientation Quat W" : 0.99998277425765991,
			"BoundingBox3D Orientation Quat X" : 0.0033114829566329718,
			"BoundingBox3D Orientation Quat Y" : 0.0025756200775504112,
			"BoundingBox3D Orientation Quat Z" : -0.0013203053968027234,
			"BoundingBox3D Origin X" : 34.057472229003906,
			"BoundingBox3D Origin Y" : 15.709495544433594,
			"BoundingBox3D Origin Z" : 0.42178100347518921,
			"ObjectId" : 12,
			"ObjectType" : "CAR",
			"Occluded" : 0.0,
			"Relative Acceleration X" : -0.30534458160400391,
			"Relative Acceleration Y" : 0.0074611231684684753,
			"Relative Acceleration Z" : 0.10951441526412964,
			"Relative Velocity X" : 6.1116824150085449,
			"Relative Velocity Y" : 0.11058138310909271,
			"Relative Velocity Z" : -0.15868288278579712,
			"Truncated" : 0
		},
		{
			"Absolute Acceleration X" : -0.13270759582519531,
			"Absolute Acceleration Y" : 0.059259533882141113,
			"Absolute Acceleration Z" : 0.051156789064407349,
			"Absolute Velocity X" : 24.800457000732422,
			"Absolute Velocity Y" : -0.52564692497253418,