{
	"CapturedObjects" : 
	[
		{
			"Absolute Acceleration X" : 0.16745948791503906,
			"Absolute Acceleration Y" : -0.59026527404785156,
			"Absolute Acceleration Z" : -0.028049275279045105,
			"Absolute Velocity X" : 22.324060440063477,
			"Absolute Velocity Y" : 0.0282293651252985,
			"Absolute Velocity Z" : -0.26450476050376892,
			"ActorName" : "TRUCK 00",
			"BoundingBox3D Extent X" : 11.0,
			"BoundingBox3D Extent Y" : 2.8261775970458984,
			"BoundingBox3D Extent Z" : 2.7759857177734375,
			"BoundingBox3D Orientation Quat W" : 0.99994510412216187,
			"BoundingBox3D Orientation Quat X" : -0.0073953275568783283,
			"BoundingBox3D Orientation Quat Y" : 0.0059653464704751968,
			"BoundingBox3D Orientation Quat Z" : -0.0014159391866996884,
			"BoundingBox3D Origin X" : -12.69874382019043,
			"BoundingBox3D Origin Y" : -3.8317856788635254,
			"BoundingBox3D Origin Z" : 1.5211719274520874,
			"ObjectId" : 0,
			"ObjectType" : "TRUCK",
			"Occluded" : 0.0,
			"Relative Acceleration X" : 0.24110198020935059,
			"Relative Acceleration Y" : -0.17836636304855347,
			"Relative Acceleration Z" : -0.085500694811344147,
			"Relative Velocity X" : -2.9946577548980713,
			"Relative Velocity Y" : -0.12800304591655731,
			"Relative Velocity Z" : 0.10097644478082657,
			"Truncated" : 0
		},
		{
			"Absolute Acceleration X" : 0.50273704528808594,
			"Absolute Acceleration Y" : -0.5494123101234436,
			"Absolute Acceleration Z" : -0.08382222056388855,
			"Absolute Velocity X" : 23.088190078735352,
			"Absolute Velocity Y" : 1.1978764533996582,
			"Absolute Velocity Z" : -0.17028519511222839,
			"ActorName" : "CAR 01",
			"BoundingBox3D Extent X" : 4.0999999046325684,
			"BoundingBox3D Extent Y" : 1.8643006086349487,
			"BoundingBox3D Extent Z" : 1.5256708860397339,
			"BoundingBox3D Orientation Quat W" : 0.99963510036468506,
			"BoundingBox3D Orientation Quat X" : 0.0038820351473987103,
			"BoundingBox3D Orientation Quat Y" : 0.0034879904706031084,
			"BoundingBox3D Orientation Quat Z" : 0.026279829442501068,
			"BoundingBox3D Origin X" : -60.918815612792969,
			"BoundingBox3D Origin Y" : -2.2065706253051758,
			"BoundingBox3D Origin Z" : 1.3286583423614502,
			"ObjectId" : 1,
			"ObjectType" : "CAR",
			"Occluded" : 0.0,
			"Relative Acceleration X" : 0.54080140590667725,
			"Relative Acceleration Y" : -0.38086852431297302,
			"Relative Acceleration Z" : -0.30907198786735535,
			"Relative Velocity X" : -2.2739889621734619,
			"Relative Velocity Y" : -0.151640385389328,
			"Relative Velocity Z" : 0.42997437715530396,
			"Truncated" : 0
		},
		{
			"Absolute Acceleration X" : -0.1888427734375,
			"Absolute Acceleration Y" : -0.99618279933929443,
			"Absolute Acceleration Z" : -0.069203376770019531,
			"Absolute Velocity X" : 30.814729690551758,
			"Absolute Velocity Y" : 0.37481430172920227,
			"Absolute Velocity Z" : -0.37118971347808838,
			"ActorName" : "CAR 03",
			"BoundingBox3D Extent X" : 4.3612446784973145,
			"BoundingBox3D Extent Y" : 2.5543322563171387,
			"BoundingBox3D Extent Z" : 1.4967716932296753,
			"BoundingBox3D Orientation Quat W" : 0.99994033575057983,
			"BoundingBox3D Orientation Quat X" : 0.0055458811111748219,
			"BoundingBox3D Orientation Quat Y" : 0.0060221906751394272,
			"BoundingBox3D Orientation Quat Z" : 0.0064155617728829384,
			"BoundingBox3D Origin X" : -24.013938903808594,
			"BoundingBox3D Origin Y" : 3.6107661724090576,
			"BoundingBox3D Origin Z" : 1.0336726903915405,
			"ObjectId" : 3,
			"ObjectType" : "CAR",
			"Occluded" : 0.0,
			"Relative Acceleration X" : -0.16735649108886719,
			"Relative Acceleration Y" : -0.20516765117645264,
			"Relative Acceleration Z" : -0.18940284848213196,
			"Relative Velocity X" : 5.3093714714050293,
			"Relative Velocity Y" : -0.055780179798603058,
			"Relative Velocity Z" : 0.11190018057823181,
			"Truncated" : 0
		},
		{
			"Absolute Acceleration X" : 0.3593597412109375,
			"Absolute Acceleration Y" : -0.9547126293182373,
			"Absolute Acceleration Z" : -0.080090880393981934,
			"Absolute Velocity X" : 33.5250244140625,
			"Absolute Velocity Y" : -3.1610605716705322,
			"Absolute Velocity Z" : -0.56571298837661743,
			"ActorName" : "CAR 04",
			"BoundingBox3D Extent X" : 4.0999999046325684,
			"BoundingBox3D Extent Y" : 1.6322613954544067,
			"BoundingBox3D Extent Z" : 1.5688607692718506,
			"BoundingBox3D Orientation Quat W" : -0.9988972544670105,
			"BoundingBox3D Orientation Quat X" : -0.0013437151210382581,
			"BoundingBox3D Orientation Quat Y" : -0.0092951338738203049,
			"BoundingBox3D Orientation Quat Z" : 0.045906968414783478,
			"BoundingBox3D Origin X" : 87.47186279296875,
			"BoundingBox3D Origin Y" : -1.9175478219985962,
			"BoundingBox3D Origin Z" : -0.44839581847190857,
			"ObjectId" : 4,
			"ObjectType" : "CAR",
			"Occluded" : 0.0,
			"Relative Acceleration X" : 0.52387905120849609,
			"Relative Acceleration Y" : 0.63763171434402466,
			"Relative Acceleration Z" : 0.19729655981063843,
			"Relative Velocity X" : 8.1533870697021484,
			"Relative Velocity Y" : -0.81912761926651001,
			"Relative Velocity Z" : -0.60748803615570068,
			"Truncated" : 0
		},
		{
			"Absolute Acceleration X" : 0.45953178405761719,
			"Absolute Acceleration Y" : -0.61847662925720215,
			"Absolute Acceleration Z" : 0.097587287425994873,
			"Absolute Velocity X" : 22.755992889404297,
			"Absolute Velocity Y" : 3.3021702766418457,
			"Absolute Velocity Z" : 0.030792169272899628,
			"ActorName" : "CAR 06",
			"BoundingBox3D Extent X" : 4.0999999046325684,
			"BoundingBox3D Extent Y" : 2.4307396411895752,
			"BoundingBox3D Extent Z" : 3.0618698596954346,
			"BoundingBox3D Orientation Quat W" : 0.99721980094909668,
			"BoundingBox3D Orientation Quat X" : 0.0020073391497135162,
			"BoundingBox3D Orientation Quat Y" : -2.4370337996515445e-05,
			"BoundingBox3D Orientation Quat Z" : 0.074385538697242737,
			"BoundingBox3D Origin X" : -155.60505676269531,
			"BoundingBox3D Origin Y" : -11.530342102050781,
			"BoundingBox3D Origin Z" : 2.1298949718475342,
			"ObjectId" : 6,
			"ObjectType" : "CAR",
			"Occluded" : 0.0,
			"Relative Acceleration X" : 0.50062870979309082,
			"Relative Acceleration Y" : -1.0124175548553467,
			"Relative Acceleration Z" : -0.40263503789901733,
			"Relative Velocity X" : -2.3721902370452881,
			"Relative Velocity Y" : -0.39768108725547791,
			"Relative Velocity Z" : 1.0454251766204834,
			"Truncated" : 0
		},
		{
			"Absolute Acceleration X" : -0.076305389404296875,
			"Absolute Acceleration Y" : -0.75409644842147827,
			"Absolute Acceleration Z" : -0.021203398704528809,
			"Absolute Velocity X" : 24.917135238647461,
			"Absolute Velocity Y" : -1.046269416809082,
			"Absolute Velocity Z" : -0.32267272472381592,
			"ActorName" : "CAR 07",
			"BoundingBox3D Extent X" : 4.1408395767211914,
			"BoundingBox3D Extent Y" : 1.8945406675338745,
			"BoundingBox3D Extent Z" : 1.469247579574585,
			"BoundingBox3D Orientation Quat W" : -0.99965834617614746,
			"BoundingBox3D Orientation Quat X" : 0.0030430301558226347,
			"BoundingBox3D Orientation Quat Y" : -0.0061184791848063469,
			"BoundingBox3D Orientation Quat Z" : 0.025183955207467079,
			"BoundingBox3D Origin X" : 35.115188598632812,
			"BoundingBox3D Origin Y" : -4.8134450912475586,
			"BoundingBox3D Origin Z" : 0.28386598825454712,
			"ObjectId" : 7,
			"ObjectType" : "CAR",
			"Occluded" : 0.0,
			"Relative Acceleration X" : 0.032651245594024658,
			"Relative Acceleration Y" : 0.070938415825366974,
			"Relative Acceleration Z" : 0.088809631764888763,
			"Relative Velocity X" : -0.38125163316726685,
			"Relative Velocity Y" : -0.011566231027245522,
			"Relative Velocity Z" : -0.17191077768802643,
			"Truncated" : 0
		},
		{
			"Absolute Acceleration X" : 0.10153579711914062,
			"Absolute Acceleration Y" : -0.7773590087890625,
			"Absolute Acceleration Z" : -0.031613796949386597,
			"Absolute Velocity X" : 24.762496948242188,
			"Absolute Velocity Y" : -1.7534399032592773,
			"Absolute Velocity Z" : -0.35888287425041199,