{
	"CapturedObjects" : 
	[
		{
			"Absolute Acceleration X" : 0.17535018920898438,
			"Absolute Acceleration Y" : 0.12517982721328735,
			"Absolute Acceleration Z" : 0.023750558495521545,
			"Absolute Velocity X" : 33.843460083007812,
			"Absolute Velocity Y" : -0.2936839759349823,
			"Absolute Velocity Z" : -0.13837511837482452,
			"ActorName" : "CAR 00",
			"BoundingBox3D Extent X" : 4.8987493515014648,
			"BoundingBox3D Extent Y" : 2.3346810340881348,
			"BoundingBox3D Extent Z" : 1.7911391258239746,
			"BoundingBox3D Orientation Quat W" : 0.99999350309371948,
			"BoundingBox3D Orientation Quat X" : 0.00053646339802071452,
			"BoundingBox3D Orientation Quat Y" : 0.0019151929300278425,
			"BoundingBox3D Orientation Quat Z" : -0.0014965781010687351,
			"BoundingBox3D Origin X" : 55.237209320068359,
			"BoundingBox3D Origin Y" : 3.7207660675048828,
			"BoundingBox3D Origin Z" : 0.55705016851425171,
			"ObjectId" : 0,
			"ObjectType" : "CAR",
			"Occluded" : 0.0,
			"Relative Acceleration X" : 0.080393791198730469,
			"Relative Acceleration Y" : 0.1745031327009201,
			"Relative Acceleration Z" : -0.4397122859954834,
			"Relative Velocity X" : 7.395909309387207,
			"Relative Velocity Y" : 0.10655305534601212,
			"Relative Velocity Z" : 0.062587030231952667,
			"Truncated" : 0
		},
		{
			"Absolute Acceleration X" : 0.27186012268066406,
			"Absolute Acceleration Y" : -0.036555424332618713,
			"Absolute Acceleration Z" : 0.10417671501636505,
			"Absolute Velocity X" : 30.221399307250977,
			"Absolute Velocity Y" : -0.20308208465576172,
			"Absolute Velocity Z" : -0.21453098952770233,
			"ActorName" : "CAR 01",
			"BoundingBox3D Extent X" : 4.692725658416748,
			"BoundingBox3D Extent Y" : 2.1507890224456787,
			"BoundingBox3D Extent Z" : 1.6784391403198242,
			"BoundingBox3D Orientation Quat W" : 0.99998623132705688,
			"BoundingBox3D Orientation Quat X" : -0.001151686767116189,
			"BoundingBox3D Orientation Quat Y" : 0.0036966397892683744,
			"BoundingBox3D Orientation Quat Z" : -0.00055906584020704031,
			"BoundingBox3D Origin X" : 13.474782943725586,
			"BoundingBox3D Origin Y" : 3.9554178714752197,
			"BoundingBox3D Origin Z" : 0.7157396674156189,
			"ObjectId" : 1,
			"ObjectType" : "CAR",
			"Occluded" : 0.0,
			"Relative Acceleration X" : 0.17916107177734375,
			"Relative Acceleration Y" : 0.061936035752296448,
			"Relative Acceleration Z" : -0.064165085554122925,
			"Relative Velocity X" : 3.7731118202209473,
			"Relative Velocity Y" : 0.051879864186048508,
			"Relative Velocity Z" : 0.0060063851997256279,
			"Truncated" : 0
		},
		{
			"Absolute Acceleration X" : -0.21820640563964844,
			"Absolute Acceleration Y" : -0.093825787305831909,
			"Absolute Acceleration Z" : -0.057372793555259705,
			"Absolute Velocity X" : 26.961563110351562,
			"Absolute Velocity Y" : -0.10814850032329559,
			"Absolute Velocity Z" : -0.24077194929122925,
			"ActorName" : "CAR 03",
			"BoundingBox3D Extent X" : 4.3168878555297852,
			"BoundingBox3D Extent Y" : 2.1278455257415771,
			"BoundingBox3D Extent Z" : 1.6856460571289062,
			"BoundingBox3D Orientation Quat W" : 0.99996805191040039,
			"BoundingBox3D Orientation Quat X" : 0.0061767282895743847,
			"BoundingBox3D Orientation Quat Y" : 0.0041825864464044571,
			"BoundingBox3D Orientation Quat Z" : -5.7765282690525055e-05,
			"BoundingBox3D Origin X" : -22.948160171508789,
			"BoundingBox3D Origin Y" : 1.0486992597579956,
			"BoundingBox3D Origin Z" : 0.9854012131690979,
			"ObjectId" : 3,
			"ObjectType" : "CAR",
			"Occluded" : 0.0,
			"Relative Acceleration X" : -0.3139667809009552,
			"Relative Acceleration Y" : 0.046865001320838928,
			"Relative Acceleration Z" : 0.051090646535158157,
			"Relative Velocity X" : 0.52355879545211792,
			"Relative Velocity Y" : 0.01985635794699192,
			"Relative Velocity Z" : -0.0075664282776415348,
			"Truncated" : 0
		},
		{
			"Absolute Acceleration X" : -0.2349952757358551,
			"Absolute Acceleration Y" : -0.3261752724647522,
			"Absolute Acceleration Z" : 0.067197643220424652,
			"Absolute Velocity X" : 35.132114410400391,
			"Absolute Velocity Y" : -0.43553411960601807,
			"Absolute Velocity Z" : -0.26743876934051514,
			"ActorName" : "CAR 04",
			"BoundingBox3D Extent X" : 4.0999999046325684,
			"BoundingBox3D Extent Y" : 1.8915352821350098,
			"BoundingBox3D Extent Z" : 1.5626697540283203,
			"BoundingBox3D Orientation Quat W" : 0.99996072053909302,
			"BoundingBox3D Orientation Quat X" : 0.0047441599890589714,
			"BoundingBox3D Orientation Quat Y" : 0.0027046645991504192,
			"BoundingBox3D Orientation Quat Z" : -0.0064367083832621574,
			"BoundingBox3D Origin X" : 170.48641967773438,
			"BoundingBox3D Origin Y" : 2.9304807186126709,
			"BoundingBox3D Origin Z" : -0.36584150791168213,
			"ObjectId" : 4,
			"ObjectType" : "CAR",
			"Occluded" : 0.0,
			"Relative Acceleration X" : -0.33683317899703979,
			"Relative Acceleration Y" : -0.23832875490188599,
			"Relative Acceleration Z" : -0.72922098636627197,
			"Relative Velocity X" : 8.6879062652587891,
			"Relative Velocity Y" : 0.37711101770401001,
			"Relative Velocity Z" : -0.17946335673332214,
			"Truncated" : 0
		},
		{
			"Absolute Acceleration X" : -0.28874588012695312,
			"Absolute Acceleration Y" : -0.050892762839794159,
			"Absolute Acceleration Z" : -0.044321544468402863,
			"Absolute Velocity X" : 26.410598754882812,
			"Absolute Velocity Y" : -0.17544902861118317,
			"Absolute Velocity Z" : -0.094678379595279694,
			"ActorName" : "CAR 13",
			"BoundingBox3D Extent X" : 4.2157607078552246,
			"BoundingBox3D Extent Y" : 1.7754096984863281,
			"BoundingBox3D Extent Z" : 2.0899450778961182,
			"BoundingBox3D Orientation Quat W" : 0.99999302625656128,
			"BoundingBox3D Orientation Quat X" : 0.001342621399089694,
			"BoundingBox3D Orientation Quat Y" : 0.0014822363154962659,
			"BoundingBox3D Orientation Quat Z" : -0.0019496290478855371,
			"BoundingBox3D Origin X" : 73.451789855957031,
			"BoundingBox3D Origin Y" : -0.32396364212036133,
			"BoundingBox3D Origin Z" : 0.62545520067214966,
			"ObjectId" : 13,
			"ObjectType" : "CAR",
			"Occluded" : 0.0,
			"Relative Acceleration X" : -0.39187565445899963,
			"Relative Acceleration Y" : -0.083629816770553589,
			"Relative Acceleration Z" : -0.61552482843399048,
			"Relative Velocity X" : -0.022361958399415016,
			"Relative Velocity Y" : 0.29353269934654236,
			"Relative Velocity Z" : 0.10532780736684799,
			"Truncated" : 0
		},
		{
			"Absolute Acceleration X" : 1.0568046569824219,
			"Absolute Acceleration Y" : 0.17519526183605194,
			"Absolute Acceleration Z" : -0.064299963414669037,
			"Absolute Velocity X" : 25.067256927490234,
			"Absolute Velocity Y" : 0.18279242515563965,
			"Absolute Velocity Z" : -0.031558673828840256,
			"ActorName" : "CAR 17",
			"BoundingBox3D Extent X" : 4.0999999046325684,
			"BoundingBox3D Extent Y" : 1.6638205051422119,
			"BoundingBox3D Extent Z" : 1.9409711360931396,
			"BoundingBox3D Orientation Quat W" : 0.99998277425765991,
			"BoundingBox3D Orientation Quat X" : 0.0043493239209055901,
			"BoundingBox3D Orientation Quat Y" : 0.00088105397298932076,
			"BoundingBox3D Orientation Quat Z" : 0.0030545648187398911,
			"BoundingBox3D Origin X" : -129.24227905273438,
			"BoundingBox3D Origin Y" : 1.5034110546112061,
			"BoundingBox3D Origin Z" : 1.7807818651199341,
			"ObjectId" : 17,
			"ObjectType" : "CAR",
			"Occluded" : 0.0,
			"Relative Acceleration X" : 0.96838754415512085,
			"Relative Acceleration Y" : 0.49290722608566284,
			"Relative Acceleration Z" : 0.79354536533355713,
			"Relative Velocity X" : -1.371961236000061,
			"Relative Velocity Y" : -0.062673270702362061,
			"Relative Velocity Z" : 0.2401244044303894,
			"Truncated" : 0
		},
		{
			"Absolute Acceleration X" : -0.0054531097412109375,
			"Absolute Acceleration Y" : -0.014891352504491806,
			"Absolute Acceleration Z" : 0.024354487657546997,
			"Absolute Velocity X" : 27.028757095336914,
			"Absolute Velocity Y" : 0.039542634040117264,