{
	"CapturedObjects" : 
	[
		{
			"Absolute Acceleration X" : 0.2787020206451416,
			"Absolute Acceleration Y" : -0.65784883499145508,
			"Absolute Acceleration Z" : -0.063524097204208374,
			"Absolute Velocity X" : 29.14178466796875,
			"Absolute Velocity Y" : -0.03419085219502449,
			"Absolute Velocity Z" : -0.19763872027397156,
			"ActorName" : "CAR 00",
			"BoundingBox3D Extent X" : 4.1676054000854492,
			"BoundingBox3D Extent Y" : 2.0217900276184082,
			"BoundingBox3D Extent Z" : 1.4507161378860474,
			"BoundingBox3D Orientation Quat W" : 0.9999549388885498,
			"BoundingBox3D Orientation Quat X" : 0.0039339344948530197,
			"BoundingBox3D Orientation Quat Y" : 0.0041896994225680828,
			"BoundingBox3D Orientation Quat Z" : 0.0071695358492434025,
			"BoundingBox3D Origin X" : -0.55367147922515869,
			"BoundingBox3D Origin Y" : 3.7399616241455078,
			"BoundingBox3D Origin Z" : 0.73034495115280151,
			"ObjectId" : 0,
			"ObjectType" : "CAR",
			"Occluded" : 0.0,
			"Relative Acceleration X" : 0.32616877555847168,
			"Relative Acceleration Y" : -0.2281353622674942,
			"Relative Acceleration Z" : -0.098593935370445251,
			"Relative Velocity X" : 1.9618576765060425,
			"Relative Velocity Y" : 0.22801247239112854,
			"Relative Velocity Z" : 0.061514422297477722,
			"Truncated" : 0
		},
		{
			"Absolute Acceleration X" : -0.0096207503229379654,
			"Absolute Acceleration Y" : -0.26634266972541809,
			"Absolute Acceleration Z" : -0.07853381335735321,
			"Absolute Velocity X" : 28.599660873413086,
			"Absolute Velocity Y" : -0.0060310736298561096,
			"Absolute Velocity Z" : -0.16468252241611481,
			"ActorName" : "CAR 01",
			"BoundingBox3D Extent X" : 4.7093315124511719,
			"BoundingBox3D Extent Y" : 2.1400377750396729,
			"BoundingBox3D Extent Z" : 1.7339202165603638,
			"BoundingBox3D Orientation Quat W" : 0.99996459484100342,
			"BoundingBox3D Orientation Quat X" : 0.0049455440603196621,
			"BoundingBox3D Orientation Quat Y" : 0.0022202541586011648,
			"BoundingBox3D Orientation Quat Z" : -0.0069637615233659744,
			"BoundingBox3D Origin X" : -22.130453109741211,
			"BoundingBox3D Origin Y" : 2.6499521732330322,
			"BoundingBox3D Origin Z" : 1.0123255252838135,
			"ObjectId" : 1,
			"ObjectType" : "CAR",
			"Occluded" : 0.0,
			"Relative Acceleration X" : 0.028993990272283554,
			"Relative Acceleration Y" : 0.19545027613639832,
			"Relative Acceleration Z" : -0.26613321900367737,
			"Relative Velocity X" : 1.4375053644180298,
			"Relative Velocity Y" : -0.10500910878181458,
			"Relative Velocity Z" : 0.20138175785541534,
			"Truncated" : 0
		},
		{
			"Absolute Acceleration X" : 0.0050156204961240292,
			"Absolute Acceleration Y" : -0.11335740983486176,
			"Absolute Acceleration Z" : 0.051132448017597198,
			"Absolute Velocity X" : 26.679559707641602,
			"Absolute Velocity Y" : -1.6153278350830078,
			"Absolute Velocity Z" : -0.22353649139404297,
			"ActorName" : "CAR 02",
			"BoundingBox3D Extent X" : 4.1892967224121094,
			"BoundingBox3D Extent Y" : 1.8758935928344727,
			"BoundingBox3D Extent Z" : 2.1399004459381104,
			"BoundingBox3D Orientation Quat W" : -0.9995192289352417,
			"BoundingBox3D Orientation Quat X" : -0.0044707809574902058,
			"BoundingBox3D Orientation Quat Y" : -0.0042665973305702209,
			"BoundingBox3D Orientation Quat Z" : 0.030258582904934883,
			"BoundingBox3D Origin X" : 87.252029418945312,
			"BoundingBox3D Origin Y" : -2.5087654590606689,
			"BoundingBox3D Origin Z" : 0.31823679804801941,
			"ObjectId" : 2,
			"ObjectType" : "CAR",
			"Occluded" : 0.0,
			"Relative Acceleration X" : 0.056817755103111267,
			"Relative Acceleration Y" : 0.095369920134544373,
			"Relative Acceleration Z" : 0.7835349440574646,
			"Relative Velocity X" : -0.39643153548240662,
			"Relative Velocity Y" : 0.067095391452312469,
			"Relative Velocity Z" : -0.49940082430839539,
			"Truncated" : 0
		},
		{
			"Absolute Acceleration X" : -0.1122070848941803,
			"Absolute Acceleration Y" : -0.42201989889144897,
			"Absolute Acceleration Z" : -0.02929229661822319,
			"Absolute Velocity X" : 28.915451049804688,
			"Absolute Velocity Y" : 0.11123551428318024,
			"Absolute Velocity Z" : -0.18381461501121521,
			"ActorName" : "CAR 03",
			"BoundingBox3D Extent X" : 4.2396087646484375,
			"BoundingBox3D Extent Y" : 2.1024894714355469,
			"BoundingBox3D Extent Z" : 1.6439502239227295,
			"BoundingBox3D Orientation Quat W" : 0.99997872114181519,
			"BoundingBox3D Orientation Quat X" : 0.002272904384881258,
			"BoundingBox3D Orientation Quat Y" : 0.0041279071010649204,
			"BoundingBox3D Orientation Quat Z" : 0.0038861175999045372,
			"BoundingBox3D Origin X" : -39.987201690673828,
			"BoundingBox3D Origin Y" : 2.4434185028076172,
			"BoundingBox3D Origin Z" : 1.0345114469528198,
			"ObjectId" : 3,
			"ObjectType" : "CAR",
			"Occluded" : 0.0,
			"Relative Acceleration X" : -0.070746235549449921,
			"Relative Acceleration Y" : 0.090213596820831299,
			"Relative Acceleration Z" : -0.3413371741771698,
			"Relative Velocity X" : 1.7570366859436035,
			"Relative Velocity Y" : -0.28026497364044189,
			"Relative Velocity Z" : 0.27144721150398254,
			"Truncated" : 0
		},
		{
			"Absolute Acceleration X" : -0.064605467021465302,
			"Absolute Acceleration Y" : -0.41214272379875183,
			"Absolute Acceleration Z" : -0.00041454762686043978,
			"Absolute Velocity X" : 29.569297790527344,
			"Absolute Velocity Y" : -0.38468116521835327,
			"Absolute Velocity Z" : -0.24436686933040619,
			"ActorName" : "CAR 04",
			"BoundingBox3D Extent X" : 4.246734619140625,
			"BoundingBox3D Extent Y" : 1.9392895698547363,
			"BoundingBox3D Extent Z" : 1.4446032047271729,
			"BoundingBox3D Orientation Quat W" : -0.99994134902954102,
			"BoundingBox3D Orientation Quat X" : -0.0042952136136591434,
			"BoundingBox3D Orientation Quat Y" : -0.0037258476950228214,
			"BoundingBox3D Orientation Quat Z" : 0.0088351089507341385,
			"BoundingBox3D Origin X" : 13.626827239990234,
			"BoundingBox3D Origin Y" : 3.257568359375,
			"BoundingBox3D Origin Z" : 0.60559803247451782,
			"ObjectId" : 4,
			"ObjectType" : "CAR",
			"Occluded" : 0.0,
			"Relative Acceleration X" : -0.018999025225639343,
			"Relative Acceleration Y" : 0.039934232831001282,
			"Relative Acceleration Z" : 0.1274726390838623,
			"Relative Velocity X" : 2.4020249843597412,
			"Relative Velocity Y" : 0.1379590630531311,
			"Relative Velocity Z" : -0.083681024610996246,
			"Truncated" : 0
		},
		{
			"Absolute Acceleration X" : -0.038185156881809235,
			"Absolute Acceleration Y" : -0.027637939900159836,
			"Absolute Acceleration Z" : 0.081090435385704041,
			"Absolute Velocity X" : 25.304515838623047,
			"Absolute Velocity Y" : -2.441314697265625,
			"Absolute Velocity Z" : -0.22869908809661865,
			"ActorName" : "CAR 06",
			"BoundingBox3D Extent X" : 4.0999999046325684,
			"BoundingBox3D Extent Y" : 1.5506693124771118,
			"BoundingBox3D Extent Z" : 1.7233115434646606,
			"BoundingBox3D Orientation Quat W" : -0.99888557195663452,
			"BoundingBox3D Orientation Quat X" : -0.001603319076821208,
			"BoundingBox3D Orientation Quat Y" : -0.0019382102182134986,
			"BoundingBox3D Orientation Quat Z" : 0.046964731067419052,
			"BoundingBox3D Origin X" : 135.33184814453125,
			"BoundingBox3D Origin Y" : -5.9135589599609375,
			"BoundingBox3D Origin Z" : -0.21348841488361359,
			"ObjectId" : 6,
			"ObjectType" : "CAR",
			"Occluded" : 0.0,
			"Relative Acceleration X" : 0.022467192262411118,
			"Relative Acceleration Y" : 0.057571284472942352,
			"Relative Acceleration Z" : 1.2328888177871704,
			"Relative Velocity X" : -1.7172836065292358,
			"Relative Velocity Y" : 0.014901503920555115,
			"Relative Velocity Z" : -0.79625678062438965,
			"Truncated" : 0
		},
		{
			"Absolute Acceleration X" : 0.051660697907209396,
			"Absolute Acceleration Y" : 0.071977950632572174,
			"Absolute Acceleration Z" : -0.016374198719859123,
			"Absolute Velocity X" : 25.507213592529297,
			"Absolute Velocity Y" : 1.9222370386123657,