{
	"CapturedObjects" : 
	[
		{
			"Absolute Acceleration X" : -0.22883987426757812,
			"Absolute Acceleration Y" : -1.2476539611816406,
			"Absolute Acceleration Z" : 0.097161002457141876,
			"Absolute Velocity X" : 25.865089416503906,
			"Absolute Velocity Y" : -1.215961217880249,
			"Absolute Velocity Z" : -0.14694799482822418,
			"ActorName" : "TRUCK 00",
			"BoundingBox3D Extent X" : 11.0,
			"BoundingBox3D Extent Y" : 2.7633500099182129,
			"BoundingBox3D Extent Z" : 3.5429394245147705,
			"BoundingBox3D Orientation Quat W" : -0.99966239929199219,
			"BoundingBox3D Orientation Quat X" : -0.0030468886252492666,
			"BoundingBox3D Orientation Quat Y" : -0.0023449363652616739,
			"BoundingBox3D Orientation Quat Z" : 0.025789216160774231,
			"BoundingBox3D Origin X" : 22.972747802734375,
			"BoundingBox3D Origin Y" : -3.8588471412658691,
			"BoundingBox3D Origin Z" : 1.5540472269058228,
			"ObjectId" : 0,
			"ObjectType" : "TRUCK",
			"Occluded" : 0.0,
			"Relative Acceleration X" : -0.12518322467803955,
			"Relative Acceleration Y" : -0.10487395524978638,
			"Relative Acceleration Z" : 0.0086419414728879929,
			"Relative Velocity X" : -1.6937087774276733,
			"Relative Velocity Y" : 0.0071643032133579254,
			"Relative Velocity Z" : -5.2299492381280288e-05,
			"Truncated" : 0
		},
		{
			"Absolute Acceleration X" : -0.056520462036132812,
			"Absolute Acceleration Y" : -1.1895751953125,
			"Absolute Acceleration Z" : 0.13338455557823181,
			"Absolute Velocity X" : 27.856359481811523,
			"Absolute Velocity Y" : 0.54278337955474854,
			"Absolute Velocity Z" : -0.36352720856666565,
			"ActorName" : "CAR 01",
			"BoundingBox3D Extent X" : 4.303131103515625,
			"BoundingBox3D Extent Y" : 2.0774104595184326,
			"BoundingBox3D Extent Z" : 1.457223653793335,
			"BoundingBox3D Orientation Quat W" : 0.99994850158691406,
			"BoundingBox3D Orientation Quat X" : 0.005933813750743866,
			"BoundingBox3D Orientation Quat Y" : 0.0050538145005702972,
			"BoundingBox3D Orientation Quat Z" : 0.0060413475148379803,
			"BoundingBox3D Origin X" : -18.662126541137695,
			"BoundingBox3D Origin Y" : -0.26456889510154724,
			"BoundingBox3D Origin Z" : 0.8747362494468689,
			"ObjectId" : 1,
			"ObjectType" : "CAR",
			"Occluded" : 0.0,
			"Relative Acceleration X" : -0.032806098461151123,
			"Relative Acceleration Y" : 0.061800085008144379,
			"Relative Acceleration Z" : -0.055011183023452759,
			"Relative Velocity X" : 0.12822528183460236,
			"Relative Velocity Y" : -0.13958017528057098,
			"Relative Velocity Z" : -0.0069917296059429646,
			"Truncated" : 0
		},
		{
			"Absolute Acceleration X" : -0.139801025390625,
			"Absolute Acceleration Y" : -1.2521448135375977,
			"Absolute Acceleration Z" : 0.13334962725639343,
			"Absolute Velocity X" : 28.133598327636719,
			"Absolute Velocity Y" : -2.8774187564849854,
			"Absolute Velocity Z" : -0.083515860140323639,
			"ActorName" : "CAR 02",
			"BoundingBox3D Extent X" : 4.4205107688903809,
			"BoundingBox3D Extent Y" : 1.9659700393676758,
			"BoundingBox3D Extent Z" : 2.0693130493164062,
			"BoundingBox3D Orientation Quat W" : -0.99905341863632202,
			"BoundingBox3D Orientation Quat X" : -0.009822627529501915,
			"BoundingBox3D Orientation Quat Y" : -0.0013476547319442034,
			"BoundingBox3D Orientation Quat Z" : 0.042275730520486832,
			"BoundingBox3D Origin X" : 42.762432098388672,
			"BoundingBox3D Origin Y" : -3.7229695320129395,
			"BoundingBox3D Origin Z" : 0.74674361944198608,
			"ObjectId" : 2,
			"ObjectType" : "CAR",
			"Occluded" : 0.0,
			"Relative Acceleration X" : 0.077524304389953613,
			"Relative Acceleration Y" : 0.13414663076400757,
			"Relative Acceleration Z" : 0.060459677129983902,
			"Relative Velocity X" : 0.56341546773910522,
			"Relative Velocity Y" : -0.74893665313720703,
			"Relative Velocity Z" : -0.034984305500984192,
			"Truncated" : 0
		},
		{
			"Absolute Acceleration X" : 0.43228912353515625,
			"Absolute Acceleration Y" : -1.5607539415359497,
			"Absolute Acceleration Z" : 0.049696743488311768,
			"Absolute Velocity X" : 30.323280334472656,
			"Absolute Velocity Y" : 2.73677659034729,
			"Absolute Velocity Z" : -0.49676290154457092,
			"ActorName" : "CAR 05",
			"BoundingBox3D Extent X" : 4.2242927551269531,
			"BoundingBox3D Extent Y" : 2.1238579750061035,
			"BoundingBox3D Extent Z" : 1.4662171602249146,
			"BoundingBox3D Orientation Quat W" : 0.99893403053283691,
			"BoundingBox3D Orientation Quat X" : 0.0060496926307678223,
			"BoundingBox3D Orientation Quat Y" : 0.0076714023016393185,
			"BoundingBox3D Orientation Quat Z" : 0.044986717402935028,
			"BoundingBox3D Origin X" : -55.339317321777344,
			"BoundingBox3D Origin Y" : -9.4569416046142578,
			"BoundingBox3D Origin Z" : 1.3337820768356323,
			"ObjectId" : 5,
			"ObjectType" : "CAR",
			"Occluded" : 0.0,
			"Relative Acceleration X" : 0.35201025009155273,
			"Relative Acceleration Y" : -0.13284711539745331,
			"Relative Acceleration Z" : -0.22775983810424805,
			"Relative Velocity X" : 3.0190842151641846,
			"Relative Velocity Y" : 0.37759861350059509,
			"Relative Velocity Z" : 0.056846186518669128,
			"Truncated" : 0
		},
		{
			"Absolute Acceleration X" : 0.42961502075195312,
			"Absolute Acceleration Y" : -0.51091957092285156,
			"Absolute Acceleration Z" : 0.34075695276260376,
			"Absolute Velocity X" : 23.998897552490234,
			"Absolute Velocity Y" : 7.9202146530151367,
			"Absolute Velocity Z" : -0.56057834625244141,
			"ActorName" : "CAR 06",
			"BoundingBox3D Extent X" : 4.0999999046325684,
			"BoundingBox3D Extent Y" : 2.4878277778625488,
			"BoundingBox3D Extent Z" : 1.6340727806091309,
			"BoundingBox3D Orientation Quat W" : 0.9874042272567749,
			"BoundingBox3D Orientation Quat X" : 0.00018106262723449618,
			"BoundingBox3D Orientation Quat Y" : 0.011216400191187859,
			"BoundingBox3D Orientation Quat Z" : 0.15745723247528076,
			"BoundingBox3D Origin X" : -191.2437744140625,
			"BoundingBox3D Origin Y" : -33.473773956298828,
			"BoundingBox3D Origin Z" : 3.6279177665710449,
			"ObjectId" : 6,
			"ObjectType" : "CAR",
			"Occluded" : 0.0,
			"Relative Acceleration X" : 0.19133162498474121,
			"Relative Acceleration Y" : 0.17672652006149292,
			"Relative Acceleration Z" : -0.12978634238243103,
			"Relative Velocity X" : -2.201458215713501,
			"Relative Velocity Y" : -0.65416121482849121,
			"Relative Velocity Z" : 0.70050197839736938,
			"Truncated" : 0
		},
		{
			"Absolute Acceleration X" : 1.0528144836425781,
			"Absolute Acceleration Y" : -1.1591110229492188,
			"Absolute Acceleration Z" : 0.032241702079772949,
			"Absolute Velocity X" : 27.763828277587891,
			"Absolute Velocity Y" : 3.3212127685546875,
			"Absolute Velocity Z" : -0.43185728788375854,
			"ActorName" : "CAR 08",
			"BoundingBox3D Extent X" : 4.1963486671447754,
			"BoundingBox3D Extent Y" : 1.7770786285400391,
			"BoundingBox3D Extent Z" : 1.2006487846374512,
			"BoundingBox3D Orientation Quat W" : 0.99811983108520508,
			"BoundingBox3D Orientation Quat X" : 0.0083062844350934029,
			"BoundingBox3D Orientation Quat Y" : 0.0085917040705680847,
			"BoundingBox3D Orientation Quat Z" : 0.059960827231407166,
			"BoundingBox3D Origin X" : -58.582931518554688,
			"BoundingBox3D Origin Y" : -3.4664549827575684,
			"BoundingBox3D Origin Z" : 1.3452346324920654,
			"ObjectId" : 8,
			"ObjectType" : "CAR",
			"Occluded" : 0.0,
			"Relative Acceleration X" : 0.91911971569061279,
			"Relative Acceleration Y" : 0.01687467098236084,
			"Relative Acceleration Z" : -0.22833146154880524,
			"Relative Velocity X" : 0.18384170532226562,
			"Relative Velocity Y" : 0.81918781995773315,
			"Relative Velocity Z" : 0.12928250432014465,
			"Truncated" : 0
		},
		{
			"Absolute Acceleration X" : -0.12500953674316406,
			"Absolute Acceleration Y" : -1.1418472528457642,
			"Absolute Acceleration Z" : 0.091887891292572021,
			"Absolute Velocity X" : 27.742321014404297,
			"Absolute Velocity Y" : 0.99524420499801636,
			"Absolute Velocity Z" : -0.40779134631156921,
			"ActorName" : "CAR 10",