{
	"CapturedObjects" : 
	[
		{
			"Absolute Acceleration X" : 0.23026466369628906,
			"Absolute Acceleration Y" : -0.15558302402496338,
			"Absolute Acceleration Z" : -0.089018017053604126,
			"Absolute Velocity X" : 31.081071853637695,
			"Absolute Velocity Y" : 0.21304371953010559,
			"Absolute Velocity Z" : -0.19707588851451874,
			"ActorName" : "CAR 03",
			"BoundingBox3D Extent X" : 4.3612446784973145,
			"BoundingBox3D Extent Y" : 2.5543322563171387,
			"BoundingBox3D Extent Z" : 1.4967716932296753,
			"BoundingBox3D Orientation Quat W" : 0.99998366832733154,
			"BoundingBox3D Orientation Quat X" : -0.00026722601614892483,
			"BoundingBox3D Orientation Quat Y" : 0.0029516676440834999,
			"BoundingBox3D Orientation Quat Z" : 0.0034136052709072828,
			"BoundingBox3D Origin X" : 15.701709747314453,
			"BoundingBox3D Origin Y" : 6.8786697387695312,
			"BoundingBox3D Origin Z" : 0.62379390001296997,
			"ObjectId" : 3,
			"ObjectType" : "CAR",
			"Occluded" : 0.0,
			"Relative Acceleration X" : 0.20174074172973633,
			"Relative Acceleration Y" : -0.18961703777313232,
			"Relative Acceleration Z" : -0.054222054779529572,
			"Relative Velocity X" : 5.5543498992919922,
			"Relative Velocity Y" : 0.39730343222618103,
			"Relative Velocity Z" : -0.026222145184874535,
			"Truncated" : 0
		},
		{
			"Absolute Acceleration X" : 0.031017303466796875,
			"Absolute Acceleration Y" : -0.27428716421127319,
			"Absolute Acceleration Z" : -0.052950918674468994,
			"Absolute Velocity X" : 25.444828033447266,
			"Absolute Velocity Y" : 0.10913662612438202,
			"Absolute Velocity Z" : -0.20284973084926605,
			"ActorName" : "CAR 07",
			"BoundingBox3D Extent X" : 4.1408395767211914,
			"BoundingBox3D Extent Y" : 1.8945406675338745,
			"BoundingBox3D Extent Z" : 1.469247579574585,
			"BoundingBox3D Orientation Quat W" : 0.99998509883880615,
			"BoundingBox3D Orientation Quat X" : 0.0014899593079462647,
			"BoundingBox3D Orientation Quat Y" : 0.0019122648518532515,
			"BoundingBox3D Orientation Quat Z" : 0.0041889138519763947,
			"BoundingBox3D Origin X" : 28.617559432983398,
			"BoundingBox3D Origin Y" : -0.55138313770294189,
			"BoundingBox3D Origin Z" : 0.50632774829864502,
			"ObjectId" : 7,
			"ObjectType" : "CAR",
			"Occluded" : 0.0,
			"Relative Acceleration X" : 0.057389087975025177,
			"Relative Acceleration Y" : -0.1665109246969223,
			"Relative Acceleration Z" : -0.069435462355613708,
			"Relative Velocity X" : -0.10243882983922958,
			"Relative Velocity Y" : 0.25104627013206482,
			"Relative Velocity Z" : -0.0010030446574091911,
			"Truncated" : 0
		},
		{
			"Absolute Acceleration X" : 0.28875425457954407,
			"Absolute Acceleration Y" : 0.15214952826499939,
			"Absolute Acceleration Z" : 0.02181876078248024,
			"Absolute Velocity X" : 26.578754425048828,
			"Absolute Velocity Y" : 0.19834896922111511,
			"Absolute Velocity Z" : -0.20198503136634827,
			"ActorName" : "CAR 08",
			"BoundingBox3D Extent X" : 4.0999999046325684,
			"BoundingBox3D Extent Y" : 1.7251287698745728,
			"BoundingBox3D Extent Z" : 1.5560992956161499,
			"BoundingBox3D Orientation Quat W" : 0.99997252225875854,
			"BoundingBox3D Orientation Quat X" : 9.2824942839797586e-05,
			"BoundingBox3D Orientation Quat Y" : 0.0029814818408340216,
			"BoundingBox3D Orientation Quat Z" : 0.0062073678709566593,
			"BoundingBox3D Origin X" : 63.462642669677734,
			"BoundingBox3D Origin Y" : 3.151803731918335,
			"BoundingBox3D Origin Z" : 0.24603629112243652,
			"ObjectId" : 8,
			"ObjectType" : "CAR",
			"Occluded" : 0.0,
			"Relative Acceleration X" : 0.30471420288085938,
			"Relative Acceleration Y" : 0.26459255814552307,
			"Relative Acceleration Z" : 0.045249238610267639,
			"Relative Velocity X" : 1.0425968170166016,
			"Relative Velocity Y" : 0.24320681393146515,
			"Relative Velocity Z" : 0.073775038123130798,
			"Truncated" : 0
		},
		{
			"Absolute Acceleration X" : -0.031862258911132812,
			"Absolute Acceleration Y" : -0.33952668309211731,
			"Absolute Acceleration Z" : -0.11773063242435455,
			"Absolute Velocity X" : 31.496101379394531,
			"Absolute Velocity Y" : 0.49614953994750977,
			"Absolute Velocity Z" : -0.10023970901966095,
			"ActorName" : "CAR 15",
			"BoundingBox3D Extent X" : 4.9742946624755859,
			"BoundingBox3D Extent Y" : 2.1192083358764648,
			"BoundingBox3D Extent Z" : 1.7263710498809814,
			"BoundingBox3D Orientation Quat W" : 0.99996072053909302,
			"BoundingBox3D Orientation Quat X" : -0.0013277248945087194,
			"BoundingBox3D Orientation Quat Y" : 0.0017948495224118233,
			"BoundingBox3D Orientation Quat Z" : 0.0080826329067349434,
			"BoundingBox3D Origin X" : -17.667215347290039,
			"BoundingBox3D Origin Y" : 6.3652157783508301,
			"BoundingBox3D Origin Z" : 0.90065842866897583,
			"ObjectId" : 15,
			"ObjectType" : "CAR",
			"Occluded" : 0.0,
			"Relative Acceleration X" : -0.052007675170898438,
			"Relative Acceleration Y" : -0.63126355409622192,
			"Relative Acceleration Z" : 0.021968740969896317,
			"Relative Velocity X" : 5.9669489860534668,
			"Relative Velocity Y" : 0.77490073442459106,
			"Relative Velocity Z" : -0.0011015518102794886,
			"Truncated" : 0
		},
		{
			"Absolute Acceleration X" : 0.44277763366699219,
			"Absolute Acceleration Y" : -0.087530374526977539,
			"Absolute Acceleration Z" : 0.0096028745174407959,
			"Absolute Velocity X" : 24.544490814208984,
			"Absolute Velocity Y" : 0.73492646217346191,
			"Absolute Velocity Z" : -0.20176023244857788,
			"ActorName" : "CAR 19",
			"BoundingBox3D Extent X" : 4.0999999046325684,
			"BoundingBox3D Extent Y" : 1.766088604927063,
			"BoundingBox3D Extent Z" : 1.5308927297592163,
			"BoundingBox3D Orientation Quat W" : 0.99989616870880127,
			"BoundingBox3D Orientation Quat X" : 0.0012765196152031422,
			"BoundingBox3D Orientation Quat Y" : 0.0043119140900671482,
			"BoundingBox3D Orientation Quat Z" : 0.013479000888764858,
			"BoundingBox3D Origin X" : 50.647087097167969,
			"BoundingBox3D Origin Y" : 1.4494519233703613,
			"BoundingBox3D Origin Z" : 0.35081470012664795,
			"ObjectId" : 19,
			"ObjectType" : "CAR",
			"Occluded" : 0.0,
			"Relative Acceleration X" : 0.45627826452255249,
			"Relative Acceleration Y" : 0.1959083080291748,
			"Relative Acceleration Z" : -0.085060447454452515,
			"Relative Velocity X" : -0.99729889631271362,
			"Relative Velocity Y" : 0.81371694803237915,
			"Relative Velocity Z" : 0.047668498009443283,
			"Truncated" : 0
		},
		{
			"Absolute Acceleration X" : 0.27199935913085938,
			"Absolute Acceleration Y" : -0.7440178394317627,
			"Absolute Acceleration Z" : -0.04918290302157402,
			"Absolute Velocity X" : 30.065631866455078,
			"Absolute Velocity Y" : 1.4528930187225342,
			"Absolute Velocity Z" : -0.0024155976716428995,
			"ActorName" : "CAR 35",
			"BoundingBox3D Extent X" : 4.1644625663757324,
			"BoundingBox3D Extent Y" : 2.002326488494873,
			"BoundingBox3D Extent Z" : 1.2961398363113403,
			"BoundingBox3D Orientation Quat W" : 0.99952501058578491,
			"BoundingBox3D Orientation Quat X" : -0.00051403377437964082,
			"BoundingBox3D Orientation Quat Y" : 9.5502749900333583e-05,
			"BoundingBox3D Orientation Quat Z" : 0.030650412663817406,
			"BoundingBox3D Origin X" : -61.413475036621094,
			"BoundingBox3D Origin Y" : 5.5225949287414551,
			"BoundingBox3D Origin Z" : 0.69346195459365845,
			"ObjectId" : 35,
			"ObjectType" : "CAR",
			"Occluded" : 0.0,
			"Relative Acceleration X" : 0.26799201965332031,
			"Relative Acceleration Y" : -1.3567795753479004,
			"Relative Acceleration Z" : 0.21512451767921448,
			"Relative Velocity X" : 4.5330262184143066,
			"Relative Velocity Y" : 1.8530620336532593,
			"Relative Velocity Z" : 0.0039427517913281918,
			"Truncated" : 0
		},
		{
			"Absolute Acceleration X" : 1.1626063585281372,
			"Absolute Acceleration Y" : -0.42315706610679626,
			"Absolute Acceleration Z" : -0.0062334584072232246,
			"Absolute Velocity X" : -25.025920867919922,
			"Absolute Velocity Y" : -0.35784533619880676,