{
	"CapturedObjects" : 
	[
		{
			"Absolute Acceleration X" : -0.84761887788772583,
			"Absolute Acceleration Y" : -1.1282353401184082,
			"Absolute Acceleration Z" : 0.023140562698245049,
			"Absolute Velocity X" : 10.245906829833984,
			"Absolute Velocity Y" : -9.0849132537841797,
			"Absolute Velocity Z" : 0.29774543642997742,
			"ActorName" : "CAR 00",
			"BoundingBox3D Extent X" : 4.1457114219665527,
			"BoundingBox3D Extent Y" : 1.86781907081604,
			"BoundingBox3D Extent Z" : 1.567468523979187,
			"BoundingBox3D Orientation Quat W" : -0.93405324220657349,
			"BoundingBox3D Orientation Quat X" : 0.0066347755491733551,
			"BoundingBox3D Orientation Quat Y" : 0.0092676319181919098,
			"BoundingBox3D Orientation Quat Z" : 0.3568916916847229,
			"BoundingBox3D Origin X" : 45.496772766113281,
			"BoundingBox3D Origin Y" : -20.837854385375977,
			"BoundingBox3D Origin Z" : 1.3699166774749756,
			"ObjectId" : 0,
			"ObjectType" : "CAR",
			"Occluded" : 0.0,
			"Relative Acceleration X" : 1.1778556108474731,
			"Relative Acceleration Y" : 1.1574738025665283,
			"Relative Acceleration Z" : -0.073532469570636749,
			"Relative Velocity X" : 1.0456357002258301,
			"Relative Velocity Y" : 0.97374820709228516,
			"Relative Velocity Z" : -0.31757354736328125,
			"Truncated" : 0
		},
		{
			"Absolute Acceleration X" : 1.4229612350463867,
			"Absolute Acceleration Y" : -3.118828296661377,
			"Absolute Acceleration Z" : 0.1870148777961731,
			"Absolute Velocity X" : 12.617709159851074,
			"Absolute Velocity Y" : 5.9669880867004395,
			"Absolute Velocity Z" : -0.48145908117294312,
			"ActorName" : "CAR 01",
			"BoundingBox3D Extent X" : 4.593109130859375,
			"BoundingBox3D Extent Y" : 1.9586663246154785,
			"BoundingBox3D Extent Z" : 1.5214827060699463,
			"BoundingBox3D Orientation Quat W" : 0.97737938165664673,
			"BoundingBox3D Orientation Quat X" : -0.0063039655797183514,
			"BoundingBox3D Orientation Quat Y" : 0.015461016446352005,
			"BoundingBox3D Orientation Quat Z" : 0.21073092520236969,
			"BoundingBox3D Origin X" : -27.444149017333984,
			"BoundingBox3D Origin Y" : -4.5160093307495117,
			"BoundingBox3D Origin Z" : 1.245888352394104,
			"ObjectId" : 1,
			"ObjectType" : "CAR",
			"Occluded" : 0.0,
			"Relative Acceleration X" : 0.26655536890029907,
			"Relative Acceleration Y" : -0.46365472674369812,
			"Relative Acceleration Z" : -0.02987101674079895,
			"Relative Velocity X" : -0.13366378843784332,
			"Relative Velocity Y" : -0.11190199106931686,
			"Relative Velocity Z" : 0.10750275850296021,
			"Truncated" : 0
		},
		{
			"Absolute Acceleration X" : -0.45949363708496094,
			"Absolute Acceleration Y" : 0.5240631103515625,
			"Absolute Acceleration Z" : -0.015111446380615234,
			"Absolute Velocity X" : 13.018977165222168,
			"Absolute Velocity Y" : -11.897678375244141,
			"Absolute Velocity Z" : 0.34503269195556641,
			"ActorName" : "CAR 03",
			"BoundingBox3D Extent X" : 4.0999999046325684,
			"BoundingBox3D Extent Y" : 1.8442362546920776,
			"BoundingBox3D Extent Z" : 1.5108802318572998,
			"BoundingBox3D Orientation Quat W" : -0.932483971118927,
			"BoundingBox3D Orientation Quat X" : 0.0078121796250343323,
			"BoundingBox3D Orientation Quat Y" : 0.0070764715783298016,
			"BoundingBox3D Orientation Quat Z" : 0.36104434728622437,
			"BoundingBox3D Origin X" : 24.134702682495117,
			"BoundingBox3D Origin Y" : 3.1785721778869629,
			"BoundingBox3D Origin Z" : 0.68373388051986694,
			"ObjectId" : 3,
			"ObjectType" : "CAR",
			"Occluded" : 0.0,
			"Relative Acceleration X" : 3.8016202449798584,
			"Relative Acceleration Y" : 3.1064400672912598,
			"Relative Acceleration Z" : -0.24886126816272736,
			"Relative Velocity X" : -1.5459781885147095,
			"Relative Velocity Y" : -6.5422186851501465,
			"Relative Velocity Z" : 0.0045119328424334526,
			"Truncated" : 0
		},
		{
			"Absolute Acceleration X" : -0.098888397216796875,
			"Absolute Acceleration Y" : 0.22318744659423828,
			"Absolute Acceleration Z" : -0.21631985902786255,
			"Absolute Velocity X" : 17.376871109008789,
			"Absolute Velocity Y" : -15.764095306396484,
			"Absolute Velocity Z" : 0.36845311522483826,
			"ActorName" : "CAR 04",
			"BoundingBox3D Extent X" : 3.9202394485473633,
			"BoundingBox3D Extent Y" : 1.9199134111404419,
			"BoundingBox3D Extent Z" : 1.6361038684844971,
			"BoundingBox3D Orientation Quat W" : -0.93283051252365112,
			"BoundingBox3D Orientation Quat X" : 0.014160078950226307,
			"BoundingBox3D Orientation Quat Y" : 0.0083888964727520943,
			"BoundingBox3D Orientation Quat Z" : 0.35952538251876831,
			"BoundingBox3D Origin X" : 67.154541015625,
			"BoundingBox3D Origin Y" : -14.418190956115723,
			"BoundingBox3D Origin Z" : 0.95355719327926636,
			"ObjectId" : 4,
			"ObjectType" : "CAR",
			"Occluded" : 0.0,
			"Relative Acceleration X" : 3.7295026779174805,
			"Relative Acceleration Y" : 5.7846441268920898,
			"Relative Acceleration Z" : -1.2098853588104248,
			"Relative Velocity X" : 6.6815977096557617,
			"Relative Velocity Y" : -0.88457232713699341,
			"Relative Velocity Z" : -0.65043890476226807,
			"Truncated" : 0
		},
		{
			"Absolute Acceleration X" : 0.54256278276443481,
			"Absolute Acceleration Y" : -0.22882811725139618,
			"Absolute Acceleration Z" : 0.051075641065835953,
			"Absolute Velocity X" : 1.0146090984344482,
			"Absolute Velocity Y" : 6.5515527725219727,
			"Absolute Velocity Z" : -1.3400459289550781,
			"ActorName" : "CAR 05",
			"BoundingBox3D Extent X" : 4.1934995651245117,
			"BoundingBox3D Extent Y" : 1.8999999761581421,
			"BoundingBox3D Extent Z" : 1.3894047737121582,
			"BoundingBox3D Orientation Quat W" : 0.75542449951171875,
			"BoundingBox3D Orientation Quat X" : -0.054518472403287888,
			"BoundingBox3D Orientation Quat Y" : 0.081383466720581055,
			"BoundingBox3D Orientation Quat Z" : 0.64504605531692505,
			"BoundingBox3D Origin X" : -73.558219909667969,
			"BoundingBox3D Origin Y" : -20.309137344360352,
			"BoundingBox3D Origin Z" : 1.8277497291564941,
			"ObjectId" : 5,
			"ObjectType" : "CAR",
			"Occluded" : 0.0,
			"Relative Acceleration X" : 1.9115229845046997,
			"Relative Acceleration Y" : -3.0836203098297119,
			"Relative Acceleration Z" : -3.341972827911377,
			"Relative Velocity X" : -8.2787084579467773,
			"Relative Velocity Y" : -9.7221469879150391,
			"Relative Velocity Z" : 0.012380746193230152,
			"Truncated" : 0
		},
		{
			"Absolute Acceleration X" : -0.39654046297073364,
			"Absolute Acceleration Y" : 0.65304732322692871,
			"Absolute Acceleration Z" : 0.089957341551780701,
			"Absolute Velocity X" : 15.573725700378418,
			"Absolute Velocity Y" : -14.314192771911621,
			"Absolute Velocity Z" : 0.33110284805297852,
			"ActorName" : "CAR 06",
			"BoundingBox3D Extent X" : 4.4581217765808105,
			"BoundingBox3D Extent Y" : 1.8999999761581421,
			"BoundingBox3D Extent Z" : 1.5315248966217041,
			"BoundingBox3D Orientation Quat W" : -0.92886626720428467,
			"BoundingBox3D Orientation Quat X" : 0.0033023878931999207,
			"BoundingBox3D Orientation Quat Y" : 0.0086476355791091919,
			"BoundingBox3D Orientation Quat Z" : 0.37026891112327576,
			"BoundingBox3D Origin X" : -4.0170354843139648,
			"BoundingBox3D Origin Y" : 29.166645050048828,
			"BoundingBox3D Origin Z" : -0.070125997066497803,
			"ObjectId" : 6,
			"ObjectType" : "CAR",
			"Occluded" : 0.0,
			"Relative Acceleration X" : 5.1400542259216309,
			"Relative Acceleration Y" : 3.8231828212738037,
			"Relative Acceleration Z" : 0.26071560382843018,
			"Relative Velocity X" : -4.7697067260742188,
			"Relative Velocity Y" : -15.147758483886719,
			"Relative Velocity Z" : 0.3702513575553894,
			"Truncated" : 0
		},
		{
			"Absolute Acceleration X" : -0.31021812558174133,
			"Absolute Acceleration Y" : 0.011809714138507843,
			"Absolute Acceleration Z" : 0.018035236746072769,
			"Absolute Velocity X" : 15.414793014526367,
			"Absolute Velocity Y" : -13.876219749450684,
			"Absolute Velocity Z" : 0.31716933846473694,
			"ActorName" : "CAR 07",