{
	"CapturedObjects" : 
	[
		{
			"Absolute Acceleration X" : 0.11152076721191406,
			"Absolute Acceleration Y" : -0.24910300970077515,
			"Absolute Acceleration Z" : 0.12500181794166565,
			"Absolute Velocity X" : 32.049434661865234,
			"Absolute Velocity Y" : -1.0989367961883545,
			"Absolute Velocity Z" : -0.12920425832271576,
			"ActorName" : "CAR 01",
			"BoundingBox3D Extent X" : 4.0999999046325684,
			"BoundingBox3D Extent Y" : 2.0434176921844482,
			"BoundingBox3D Extent Z" : 1.7555222511291504,
			"BoundingBox3D Orientation Quat W" : -0.99978440999984741,
			"BoundingBox3D Orientation Quat X" : -0.0060127289034426212,
			"BoundingBox3D Orientation Quat Y" : -0.0037365749012678862,
			"BoundingBox3D Orientation Quat Z" : 0.019186396151781082,
			"BoundingBox3D Origin X" : 67.966140747070312,
			"BoundingBox3D Origin Y" : 5.467442512512207,
			"BoundingBox3D Origin Z" : 0.45569464564323425,
			"ObjectId" : 1,
			"ObjectType" : "CAR",
			"Occluded" : 0.0,
			"Relative Acceleration X" : 0.52735996246337891,
			"Relative Acceleration Y" : -0.23222851753234863,
			"Relative Acceleration Z" : 0.021072827279567719,
			"Relative Velocity X" : 11.985036849975586,
			"Relative Velocity Y" : -0.90445244312286377,
			"Relative Velocity Z" : 0.1201239749789238,
			"Truncated" : 0
		},
		{
			"Absolute Acceleration X" : 0.17474365234375,
			"Absolute Acceleration Y" : 0.14577418565750122,
			"Absolute Acceleration Z" : -0.041666500270366669,
			"Absolute Velocity X" : 25.452756881713867,
			"Absolute Velocity Y" : -0.089721269905567169,
			"Absolute Velocity Z" : -0.12589627504348755,
			"ActorName" : "CAR 06",
			"BoundingBox3D Extent X" : 4.0999999046325684,
			"BoundingBox3D Extent Y" : 1.9416749477386475,
			"BoundingBox3D Extent Z" : 1.5827196836471558,
			"BoundingBox3D Orientation Quat W" : 0.99998444318771362,
			"BoundingBox3D Orientation Quat X" : -0.0036059126723557711,
			"BoundingBox3D Orientation Quat Y" : 0.0027695007156580687,
			"BoundingBox3D Orientation Quat Z" : -0.002632081275805831,
			"BoundingBox3D Origin X" : 142.92056274414062,
			"BoundingBox3D Origin Y" : 1.9985014200210571,
			"BoundingBox3D Origin Z" : 0.1101301982998848,
			"ObjectId" : 6,
			"ObjectType" : "CAR",
			"Occluded" : 0.0,
			"Relative Acceleration X" : 0.59115123748779297,
			"Relative Acceleration Y" : 0.18658210337162018,
			"Relative Acceleration Z" : -0.23196032643318176,
			"Relative Velocity X" : 5.3893513679504395,
			"Relative Velocity Y" : 0.11501743644475937,
			"Relative Velocity Z" : 0.26110798120498657,
			"Truncated" : 0
		},
		{
			"Absolute Acceleration X" : 0.57792091369628906,
			"Absolute Acceleration Y" : 0.048403263092041016,
			"Absolute Acceleration Z" : 0.014291122555732727,
			"Absolute Velocity X" : 19.476434707641602,
			"Absolute Velocity Y" : -0.31436222791671753,
			"Absolute Velocity Z" : -0.10560290515422821,
			"ActorName" : "CAR 07",
			"BoundingBox3D Extent X" : 4.1580929756164551,
			"BoundingBox3D Extent Y" : 1.6662228107452393,
			"BoundingBox3D Extent Z" : 1.5035252571105957,
			"BoundingBox3D Orientation Quat W" : -0.99998247623443604,
			"BoundingBox3D Orientation Quat X" : -0.00060499692335724831,
			"BoundingBox3D Orientation Quat Y" : -0.0037070547696202993,
			"BoundingBox3D Orientation Quat Z" : 0.0020578624680638313,
			"BoundingBox3D Origin X" : 21.785781860351562,
			"BoundingBox3D Origin Y" : -0.80829238891601562,
			"BoundingBox3D Origin Z" : 0.56501471996307373,
			"ObjectId" : 7,
			"ObjectType" : "CAR",
			"Occluded" : 0.0,
			"Relative Acceleration X" : 0.99589580297470093,
			"Relative Acceleration Y" : 0.051514189690351486,
			"Relative Acceleration Z" : -0.01993730291724205,
			"Relative Velocity X" : -0.58749443292617798,
			"Relative Velocity Y" : -0.13126403093338013,
			"Relative Velocity Z" : 0.044667694717645645,
			"Truncated" : 0
		},
		{
			"Absolute Acceleration X" : -0.70646095275878906,
			"Absolute Acceleration Y" : -0.14637437462806702,
			"Absolute Acceleration Z" : 0.025689348578453064,
			"Absolute Velocity X" : 29.605094909667969,
			"Absolute Velocity Y" : -0.26127955317497253,
			"Absolute Velocity Z" : -0.20086753368377686,
			"ActorName" : "CAR 10",
			"BoundingBox3D Extent X" : 4.8711099624633789,
			"BoundingBox3D Extent Y" : 2.1350860595703125,
			"BoundingBox3D Extent Z" : 1.4998629093170166,
			"BoundingBox3D Orientation Quat W" : 0.99997395277023315,
			"BoundingBox3D Orientation Quat X" : 0.0019540574867278337,
			"BoundingBox3D Orientation Quat Y" : 0.0043143304064869881,
			"BoundingBox3D Orientation Quat Z" : -0.0014490875182673335,
			"BoundingBox3D Origin X" : 40.720687866210938,
			"BoundingBox3D Origin Y" : 3.4498550891876221,
			"BoundingBox3D Origin Z" : 0.47996282577514648,
			"ObjectId" : 10,
			"ObjectType" : "CAR",
			"Occluded" : 0.0,
			"Relative Acceleration X" : -0.28996181488037109,
			"Relative Acceleration Y" : -0.13832485675811768,
			"Relative Acceleration Z" : -0.04142090305685997,
			"Relative Velocity X" : 9.5406827926635742,
			"Relative Velocity Y" : -0.07172219455242157,
			"Relative Velocity Z" : -0.0087423278018832207,
			"Truncated" : 0
		},
		{
			"Absolute Acceleration X" : 0.14864730834960938,
			"Absolute Acceleration Y" : -0.071847140789031982,
			"Absolute Acceleration Z" : -0.070069015026092529,
			"Absolute Velocity X" : 32.192192077636719,
			"Absolute Velocity Y" : -0.30214002728462219,
			"Absolute Velocity Z" : -0.21924465894699097,
			"ActorName" : "CAR 11",
			"BoundingBox3D Extent X" : 4.1233329772949219,
			"BoundingBox3D Extent Y" : 1.9642138481140137,
			"BoundingBox3D Extent Z" : 1.6645832061767578,
			"BoundingBox3D Orientation Quat W" : 0.99996137619018555,
			"BoundingBox3D Orientation Quat X" : -0.0057960925623774529,
			"BoundingBox3D Orientation Quat Y" : 0.0017151409992948174,
			"BoundingBox3D Orientation Quat Z" : -0.004877142608165741,
			"BoundingBox3D Origin X" : 161.89804077148438,
			"BoundingBox3D Origin Y" : 5.7949213981628418,
			"BoundingBox3D Origin Z" : 0.029082886874675751,
			"ObjectId" : 11,
			"ObjectType" : "CAR",
			"Occluded" : 0.0,
			"Relative Acceleration X" : 0.56369876861572266,
			"Relative Acceleration Y" : -0.025721367448568344,
			"Relative Acceleration Z" : -0.29198151826858521,
			"Relative Velocity X" : 12.128413200378418,
			"Relative Velocity Y" : -0.092098750174045563,
			"Relative Velocity Z" : 0.21095111966133118,
			"Truncated" : 0
		},
		{
			"Absolute Acceleration X" : 0.036777496337890625,
			"Absolute Acceleration Y" : 0.031971633434295654,
			"Absolute Acceleration Z" : -0.041928976774215698,
			"Absolute Velocity X" : 31.835351943969727,
			"Absolute Velocity Y" : -0.34117153286933899,
			"Absolute Velocity Z" : -0.16462007164955139,
			"ActorName" : "CAR 15",
			"BoundingBox3D Extent X" : 5.1093297004699707,
			"BoundingBox3D Extent Y" : 2.1506984233856201,
			"BoundingBox3D Extent Z" : 1.4706367254257202,
			"BoundingBox3D Orientation Quat W" : 0.9999929666519165,
			"BoundingBox3D Orientation Quat X" : -0.0013435762375593185,
			"BoundingBox3D Orientation Quat Y" : 0.0027273949235677719,
			"BoundingBox3D Orientation Quat Z" : -0.0013533048331737518,
			"BoundingBox3D Origin X" : 21.365118026733398,
			"BoundingBox3D Origin Y" : 6.5797319412231445,
			"BoundingBox3D Origin Z" : 0.60808974504470825,
			"ObjectId" : 15,
			"ObjectType" : "CAR",
			"Occluded" : 0.0,
			"Relative Acceleration X" : 0.45235157012939453,
			"Relative Acceleration Y" : 0.033890068531036377,
			"Relative Acceleration Z" : -0.091668501496315002,
			"Relative Velocity X" : 11.770206451416016,
			"Relative Velocity Y" : -0.15421061217784882,
			"Relative Velocity Z" : -0.0016836291179060936,
			"Truncated" : 0
		},
		{
			"Absolute Acceleration X" : -0.013296071439981461,
			"Absolute Acceleration Y" : 0.031872913241386414,
			"Absolute Acceleration Z" : 0.050613924860954285,
			"Absolute Velocity X" : 32.68994140625,
			"Absolute Velocity Y" : -0.33527263998985291,