{
	"CapturedObjects" : 
	[
		{
			"Absolute Acceleration X" : 0.00760650634765625,
			"Absolute Acceleration Y" : 0.17294538021087646,
			"Absolute Acceleration Z" : -0.019635245203971863,
			"Absolute Velocity X" : 22.718584060668945,
			"Absolute Velocity Y" : 0.75404578447341919,
			"Absolute Velocity Z" : -0.22220301628112793,
			"ActorName" : "TRUCK 00",
			"BoundingBox3D Extent X" : 13.333494186401367,
			"BoundingBox3D Extent Y" : 2.6521563529968262,
			"BoundingBox3D Extent Z" : 3.650496244430542,
			"BoundingBox3D Orientation Quat W" : 0.99944829940795898,
			"BoundingBox3D Orientation Quat X" : -0.028195708990097046,
			"BoundingBox3D Orientation Quat Y" : 0.0042030154727399349,
			"BoundingBox3D Orientation Quat Z" : 0.016768643632531166,
			"BoundingBox3D Origin X" : 51.673995971679688,
			"BoundingBox3D Origin Y" : 16.078920364379883,
			"BoundingBox3D Origin Z" : 1.1340845823287964,
			"ObjectId" : 0,
			"ObjectType" : "TRUCK",
			"Occluded" : 0.0,
			"Relative Acceleration X" : -0.089333891868591309,
			"Relative Acceleration Y" : 0.050846606492996216,
			"Relative Acceleration Z" : -0.039776552468538284,
			"Relative Velocity X" : 1.2084037065505981,
			"Relative Velocity Y" : 0.43854948878288269,
			"Relative Velocity Z" : -0.085539340972900391,
			"Truncated" : 0
		},
		{
			"Absolute Acceleration X" : -0.12733840942382812,
			"Absolute Acceleration Y" : 0.18732395768165588,
			"Absolute Acceleration Z" : -0.022603988647460938,
			"Absolute Velocity X" : 22.694307327270508,
			"Absolute Velocity Y" : 0.38067775964736938,
			"Absolute Velocity Z" : -0.21534295380115509,
			"ActorName" : "CAR 01",
			"BoundingBox3D Extent X" : 4.9576702117919922,
			"BoundingBox3D Extent Y" : 1.8935643434524536,
			"BoundingBox3D Extent Z" : 1.7944116592407227,
			"BoundingBox3D Orientation Quat W" : 0.99947053194046021,
			"BoundingBox3D Orientation Quat X" : -0.027962403371930122,
			"BoundingBox3D Orientation Quat Y" : 0.0045814169570803642,
			"BoundingBox3D Orientation Quat Z" : 0.015744473785161972,
			"BoundingBox3D Origin X" : 18.758472442626953,
			"BoundingBox3D Origin Y" : 14.780099868774414,
			"BoundingBox3D Origin Z" : 0.55336993932723999,
			"ObjectId" : 1,
			"ObjectType" : "CAR",
			"Occluded" : 0.0,
			"Relative Acceleration X" : -0.22508203983306885,
			"Relative Acceleration Y" : -0.026662826538085938,
			"Relative Acceleration Z" : -0.042498644441366196,
			"Relative Velocity X" : 1.1700149774551392,
			"Relative Velocity Y" : 0.41139328479766846,
			"Relative Velocity Z" : -0.058396574109792709,
			"Truncated" : 0
		},
		{
			"Absolute Acceleration X" : 0.070172861218452454,
			"Absolute Acceleration Y" : 0.12659312784671783,
			"Absolute Acceleration Z" : -0.2961449921131134,
			"Absolute Velocity X" : -24.063655853271484,
			"Absolute Velocity Y" : 0.50139355659484863,
			"Absolute Velocity Z" : 0.07775096595287323,
			"ActorName" : "CAR 02",
			"BoundingBox3D Extent X" : 4.1627092361450195,
			"BoundingBox3D Extent Y" : 2.2071938514709473,
			"BoundingBox3D Extent Z" : 1.4538054466247559,
			"BoundingBox3D Orientation Quat W" : 0.0079255504533648491,
			"BoundingBox3D Orientation Quat X" : 0.0016564822290092707,
			"BoundingBox3D Orientation Quat Y" : -0.00022466898371931165,
			"BoundingBox3D Orientation Quat Z" : 0.99995511770248413,
			"BoundingBox3D Origin X" : -64.136726379394531,
			"BoundingBox3D Origin Y" : 30.122289657592773,
			"BoundingBox3D Origin Z" : 0.99441206455230713,
			"ObjectId" : 2,
			"ObjectType" : "CAR",
			"Occluded" : 0.0,
			"Relative Acceleration X" : -0.061042793095111847,
			"Relative Acceleration Y" : 0.73109227418899536,
			"Relative Acceleration Z" : -0.60126203298568726,
			"Relative Velocity X" : -45.408779144287109,
			"Relative Velocity Y" : 1.3355063199996948,
			"Relative Velocity Z" : 0.13890174031257629,
			"Truncated" : 0
		},
		{
			"Absolute Acceleration X" : -0.04466131329536438,
			"Absolute Acceleration Y" : 0.049645055085420609,
			"Absolute Acceleration Z" : 0.0090241972357034683,
			"Absolute Velocity X" : 4.8315210733562708e-05,
			"Absolute Velocity Y" : 0.087699823081493378,
			"Absolute Velocity Z" : 0.020360631868243217,
			"ActorName" : "TRUCK 03",
			"BoundingBox3D Extent X" : 11.0,
			"BoundingBox3D Extent Y" : 0.85703611373901367,
			"BoundingBox3D Extent Z" : 2.2014029026031494,
			"BoundingBox3D Orientation Quat W" : -0.96617168188095093,
			"BoundingBox3D Orientation Quat X" : -0.00013875727017875761,
			"BoundingBox3D Orientation Quat Y" : 0.00032097852090373635,
			"BoundingBox3D Orientation Quat Z" : -0.25790643692016602,
			"BoundingBox3D Origin X" : -74.704566955566406,
			"BoundingBox3D Origin Y" : 6.8436098098754883,
			"BoundingBox3D Origin Z" : 1.5874146223068237,
			"ObjectId" : 3,
			"ObjectType" : "TRUCK",
			"Occluded" : 0.0,
			"Relative Acceleration X" : -0.11678314208984375,
			"Relative Acceleration Y" : 0.1049504280090332,
			"Relative Acceleration Z" : -0.016611471772193909,
			"Relative Velocity X" : -21.60693359375,
			"Relative Velocity Y" : 1.0908366441726685,
			"Relative Velocity Z" : 0.26829683780670166,
			"Truncated" : 0
		},
		{
			"Absolute Acceleration X" : 0.05167388916015625,
			"Absolute Acceleration Y" : 0.28704643249511719,
			"Absolute Acceleration Z" : -0.011873319745063782,
			"Absolute Velocity X" : 22.162565231323242,
			"Absolute Velocity Y" : 0.16591709852218628,
			"Absolute Velocity Z" : -0.1993245929479599,
			"ActorName" : "CAR 04",
			"BoundingBox3D Extent X" : 4.2017726898193359,
			"BoundingBox3D Extent Y" : 1.6525812149047852,
			"BoundingBox3D Extent Z" : 1.5048118829727173,
			"BoundingBox3D Orientation Quat W" : 0.99996918439865112,
			"BoundingBox3D Orientation Quat X" : -0.00046136547462083399,
			"BoundingBox3D Orientation Quat Y" : 0.0042981123551726341,
			"BoundingBox3D Orientation Quat Z" : -0.0052009252831339836,
			"BoundingBox3D Origin X" : 28.836219787597656,
			"BoundingBox3D Origin Y" : 0.39875432848930359,
			"BoundingBox3D Origin Z" : 0.44754296541213989,
			"ObjectId" : 4,
			"ObjectType" : "CAR",
			"Occluded" : 0.0,
			"Relative Acceleration X" : -0.013258069753646851,
			"Relative Acceleration Y" : 0.1165955513715744,
			"Relative Acceleration Z" : 0.0031748777255415916,
			"Relative Velocity X" : 0.48718598484992981,
			"Relative Velocity Y" : 0.089695535600185394,
			"Relative Velocity Z" : -0.032137271016836166,
			"Truncated" : 0
		},
		{
			"Absolute Acceleration X" : -0.13425254821777344,
			"Absolute Acceleration Y" : 0.24231258034706116,
			"Absolute Acceleration Z" : -0.018303096294403076,
			"Absolute Velocity X" : 22.87147331237793,
			"Absolute Velocity Y" : 0.43120959401130676,
			"Absolute Velocity Z" : -0.20686022937297821,
			"ActorName" : "CAR 05",
			"BoundingBox3D Extent X" : 4.2343549728393555,
			"BoundingBox3D Extent Y" : 1.528878927230835,
			"BoundingBox3D Extent Z" : 1.693412184715271,
			"BoundingBox3D Orientation Quat W" : 0.9999433159828186,
			"BoundingBox3D Orientation Quat X" : 0.0011108309263363481,
			"BoundingBox3D Orientation Quat Y" : 0.0050023957155644894,
			"BoundingBox3D Orientation Quat Z" : 0.0082578416913747787,
			"BoundingBox3D Origin X" : 53.851085662841797,
			"BoundingBox3D Origin Y" : 0.95610886812210083,
			"BoundingBox3D Origin Z" : 0.31912693381309509,
			"ObjectId" : 5,
			"ObjectType" : "CAR",
			"Occluded" : 0.0,
			"Relative Acceleration X" : -0.19941818714141846,
			"Relative Acceleration Y" : 0.12449981272220612,
			"Relative Acceleration Z" : -0.0019750539213418961,
			"Relative Velocity X" : 1.2017167806625366,
			"Relative Velocity Y" : 0.092143028974533081,
			"Relative Velocity Z" : -0.055453028529882431,
			"Truncated" : 0
		},
		{
			"Absolute Acceleration X" : 0.14861297607421875,
			"Absolute Acceleration Y" : 0.52578318119049072,
			"Absolute Acceleration Z" : 0.067892149090766907,
			"Absolute Velocity X" : 24.550878524780273,
			"Absolute Velocity Y" : -0.96831142902374268,
			"Absolute Velocity Z" : -0.19647370278835297,