{
	"CapturedObjects" : 
	[
		{
			"Absolute Acceleration X" : 0.094781875610351562,
			"Absolute Acceleration Y" : 0.17745789885520935,
			"Absolute Acceleration Z" : -0.0075745135545730591,
			"Absolute Velocity X" : 26.64747428894043,
			"Absolute Velocity Y" : -0.24028998613357544,
			"Absolute Velocity Z" : -0.24948173761367798,
			"ActorName" : "CAR 00",
			"BoundingBox3D Extent X" : 4.3256669044494629,
			"BoundingBox3D Extent Y" : 2.2182471752166748,
			"BoundingBox3D Extent Z" : 1.6845625638961792,
			"BoundingBox3D Orientation Quat W" : 0.99993538856506348,
			"BoundingBox3D Orientation Quat X" : 0.0033064535818994045,
			"BoundingBox3D Orientation Quat Y" : 0.004605680238455534,
			"BoundingBox3D Orientation Quat Z" : -0.0096540972590446472,
			"BoundingBox3D Origin X" : -22.899187088012695,
			"BoundingBox3D Origin Y" : 1.0364806652069092,
			"BoundingBox3D Origin Z" : 0.98172640800476074,
			"ObjectId" : 0,
			"ObjectType" : "CAR",
			"Occluded" : 0.0,
			"Relative Acceleration X" : 0.014998197555541992,
			"Relative Acceleration Y" : 0.058752432465553284,
			"Relative Acceleration Z" : -0.16648748517036438,
			"Relative Velocity X" : -0.15627218782901764,
			"Relative Velocity Y" : -0.20142307877540588,
			"Relative Velocity Z" : 0.042901717126369476,
			"Truncated" : 0
		},
		{
			"Absolute Acceleration X" : -0.37873458862304688,
			"Absolute Acceleration Y" : -0.25092115998268127,
			"Absolute Acceleration Z" : -0.071741655468940735,
			"Absolute Velocity X" : 26.184356689453125,
			"Absolute Velocity Y" : -0.49632439017295837,
			"Absolute Velocity Z" : -0.27063420414924622,
			"ActorName" : "CAR 01",
			"BoundingBox3D Extent X" : 4.0999999046325684,
			"BoundingBox3D Extent Y" : 1.6430835723876953,
			"BoundingBox3D Extent Z" : 1.4837304353713989,
			"BoundingBox3D Orientation Quat W" : -0.99996006488800049,
			"BoundingBox3D Orientation Quat X" : -0.0016269098268821836,
			"BoundingBox3D Orientation Quat Y" : -0.0053860531188547611,
			"BoundingBox3D Orientation Quat Z" : 0.0067685064859688282,
			"BoundingBox3D Origin X" : 49.944145202636719,
			"BoundingBox3D Origin Y" : 0.12449712306261063,
			"BoundingBox3D Origin Z" : 0.30307886004447937,
			"ObjectId" : 1,
			"ObjectType" : "CAR",
			"Occluded" : 0.0,
			"Relative Acceleration X" : -0.44609782099723816,
			"Relative Acceleration Y" : 0.36223006248474121,
			"Relative Acceleration Z" : 0.14054045081138611,
			"Relative Velocity X" : -0.61406046152114868,
			"Relative Velocity Y" : 0.094451382756233215,
			"Relative Velocity Z" : -0.18633106350898743,
			"Truncated" : 0
		},
		{
			"Absolute Acceleration X" : 0.51850128173828125,
			"Absolute Acceleration Y" : -0.0016128122806549072,
			"Absolute Acceleration Z" : -0.065411031246185303,
			"Absolute Velocity X" : 31.323902130126953,
			"Absolute Velocity Y" : -0.35389962792396545,
			"Absolute Velocity Z" : -0.25437241792678833,
			"ActorName" : "CAR 02",
			"BoundingBox3D Extent X" : 4.2486448287963867,
			"BoundingBox3D Extent Y" : 2.080385684967041,
			"BoundingBox3D Extent Z" : 1.7102546691894531,
			"BoundingBox3D Orientation Quat W" : 0.99997186660766602,
			"BoundingBox3D Orientation Quat X" : -0.001468437141738832,
			"BoundingBox3D Orientation Quat Y" : 0.004104164894670248,
			"BoundingBox3D Orientation Quat Z" : -0.0057736271992325783,
			"BoundingBox3D Origin X" : 31.279872894287109,
			"BoundingBox3D Origin Y" : 3.6119792461395264,
			"BoundingBox3D Origin Z" : 0.57350379228591919,
			"ObjectId" : 2,
			"ObjectType" : "CAR",
			"Occluded" : 0.0,
			"Relative Acceleration X" : 0.41382074356079102,
			"Relative Acceleration Y" : 0.43175622820854187,
			"Relative Acceleration Z" : 0.021037831902503967,
			"Relative Velocity X" : 4.4994349479675293,
			"Relative Velocity Y" : 0.098810940980911255,
			"Relative Velocity Z" : -0.11675349622964859,
			"Truncated" : 0
		},
		{
			"Absolute Acceleration X" : -0.14608955383300781,
			"Absolute Acceleration Y" : 0.14103680849075317,
			"Absolute Acceleration Z" : -0.053752034902572632,
			"Absolute Velocity X" : 25.820356369018555,
			"Absolute Velocity Y" : -0.49706441164016724,
			"Absolute Velocity Z" : -0.29583480954170227,
			"ActorName" : "CAR 03",
			"BoundingBox3D Extent X" : 4.277015209197998,
			"BoundingBox3D Extent Y" : 1.7916508913040161,
			"BoundingBox3D Extent Z" : 2.0896675586700439,
			"BoundingBox3D Orientation Quat W" : -0.99994158744812012,
			"BoundingBox3D Orientation Quat X" : -0.0019613835029304028,
			"BoundingBox3D Orientation Quat Y" : -0.0056848865933716297,
			"BoundingBox3D Orientation Quat Z" : 0.0087300883606076241,
			"BoundingBox3D Origin X" : 71.387664794921875,
			"BoundingBox3D Origin Y" : -0.89841556549072266,
			"BoundingBox3D Origin Z" : 0.36581903696060181,
			"ObjectId" : 3,
			"ObjectType" : "CAR",
			"Occluded" : 0.0,
			"Relative Acceleration X" : -0.20641851425170898,
			"Relative Acceleration Y" : 0.97309267520904541,
			"Relative Acceleration Z" : 0.27198949456214905,
			"Relative Velocity X" : -0.97051882743835449,
			"Relative Velocity Y" : 0.25662174820899963,
			"Relative Velocity Z" : -0.27273485064506531,
			"Truncated" : 0
		},
		{
			"Absolute Acceleration X" : -0.0007190704345703125,
			"Absolute Acceleration Y" : -0.26656904816627502,
			"Absolute Acceleration Z" : -0.34921443462371826,
			"Absolute Velocity X" : -24.27570915222168,
			"Absolute Velocity Y" : 0.72354096174240112,
			"Absolute Velocity Z" : -0.16329659521579742,
			"ActorName" : "CAR 05",
			"BoundingBox3D Extent X" : 7.6262812614440918,
			"BoundingBox3D Extent Y" : 2.7959113121032715,
			"BoundingBox3D Extent Z" : 1.086590051651001,
			"BoundingBox3D Orientation Quat W" : 0.013111347332596779,
			"BoundingBox3D Orientation Quat X" : 0.0017173938686028123,
			"BoundingBox3D Orientation Quat Y" : 0.00079708278644829988,
			"BoundingBox3D Orientation Quat Z" : 0.99989145994186401,
			"BoundingBox3D Origin X" : 135.74406433105469,
			"BoundingBox3D Origin Y" : 9.9433841705322266,
			"BoundingBox3D Origin Z" : 1.5207964181900024,
			"ObjectId" : 5,
			"ObjectType" : "CAR",
			"Occluded" : 0.0,
			"Relative Acceleration X" : -0.176116943359375,
			"Relative Acceleration Y" : 1.1892571449279785,
			"Relative Acceleration Z" : 0.4161592423915863,
			"Relative Velocity X" : -51.147468566894531,
			"Relative Velocity Y" : 1.9397095441818237,
			"Relative Velocity Z" : -0.34970399737358093,
			"Truncated" : 0
		}
	],
	"FrameId" : 15159,
	"Timestamp" : 1676039842248737576,
	"TimestampMiddle" : 1676039842231737576
}