{
	"CapturedObjects" : 
	[
		{
			"Absolute Acceleration X" : -0.098884284496307373,
			"Absolute Acceleration Y" : 1.675101637840271,
			"Absolute Acceleration Z" : 0.054846417158842087,
			"Absolute Velocity X" : 27.803606033325195,
			"Absolute Velocity Y" : -1.8575316667556763,
			"Absolute Velocity Z" : -0.16348224878311157,
			"ActorName" : "CAR 03",
			"BoundingBox3D Extent X" : 4.1893835067749023,
			"BoundingBox3D Extent Y" : 2.0180788040161133,
			"BoundingBox3D Extent Z" : 1.4492391347885132,
			"BoundingBox3D Orientation Quat W" : -0.99947458505630493,
			"BoundingBox3D Orientation Quat X" : 0.005513419397175312,
			"BoundingBox3D Orientation Quat Y" : -0.0037834672257304192,
			"BoundingBox3D Orientation Quat Z" : 0.031538058072328568,
			"BoundingBox3D Origin X" : -26.405403137207031,
			"BoundingBox3D Origin Y" : 0.71883755922317505,
			"BoundingBox3D Origin Z" : 0.77822470664978027,
			"ObjectId" : 3,
			"ObjectType" : "CAR",
			"Occluded" : 0.0,
			"Relative Acceleration X" : -0.17794103920459747,
			"Relative Acceleration Y" : -0.2066994309425354,
			"Relative Acceleration Z" : 0.12139396369457245,
			"Relative Velocity X" : 1.1620246171951294,
			"Relative Velocity Y" : -0.15689851343631744,
			"Relative Velocity Z" : 0.059233758598566055,
			"Truncated" : 0
		},
		{
			"Absolute Acceleration X" : -0.098039627075195312,
			"Absolute Acceleration Y" : 1.3698952198028564,
			"Absolute Acceleration Z" : 0.055692519992589951,
			"Absolute Velocity X" : 25.443107604980469,
			"Absolute Velocity Y" : 1.1229209899902344,
			"Absolute Velocity Z" : -0.089407525956630707,
			"ActorName" : "CAR 16",
			"BoundingBox3D Extent X" : 4.8952207565307617,
			"BoundingBox3D Extent Y" : 2.0622305870056152,
			"BoundingBox3D Extent Z" : 2.0487320423126221,
			"BoundingBox3D Orientation Quat W" : 0.99969565868377686,
			"BoundingBox3D Orientation Quat X" : -0.0055215326137840748,
			"BoundingBox3D Orientation Quat Y" : 0.0021567945368587971,
			"BoundingBox3D Orientation Quat Z" : 0.023810671642422676,
			"BoundingBox3D Origin X" : 28.481321334838867,
			"BoundingBox3D Origin Y" : -3.6499013900756836,
			"BoundingBox3D Origin Z" : 0.90197205543518066,
			"ObjectId" : 16,
			"ObjectType" : "CAR",
			"Occluded" : 0.0,
			"Relative Acceleration X" : 0.061810612678527832,
			"Relative Acceleration Y" : 0.31538504362106323,
			"Relative Acceleration Z" : -0.087699204683303833,
			"Relative Velocity X" : -1.423967719078064,
			"Relative Velocity Y" : 0.0046063228510320187,
			"Relative Velocity Z" : -0.04895540326833725,
			"Truncated" : 0
		},
		{
			"Absolute Acceleration X" : -0.11149406433105469,
			"Absolute Acceleration Y" : 1.514586329460144,
			"Absolute Acceleration Z" : -0.035132318735122681,
			"Absolute Velocity X" : 25.463369369506836,
			"Absolute Velocity Y" : 2.8215851783752441,
			"Absolute Velocity Z" : -0.052429337054491043,
			"ActorName" : "CAR 24",
			"BoundingBox3D Extent X" : 4.0999999046325684,
			"BoundingBox3D Extent Y" : 2.1239211559295654,
			"BoundingBox3D Extent Z" : 1.7171030044555664,
			"BoundingBox3D Orientation Quat W" : 0.99863344430923462,
			"BoundingBox3D Orientation Quat X" : -0.0089727761223912239,
			"BoundingBox3D Orientation Quat Y" : 0.00057343178195878863,
			"BoundingBox3D Orientation Quat Z" : 0.051426347345113754,
			"BoundingBox3D Origin X" : 59.318950653076172,
			"BoundingBox3D Origin Y" : -0.85637372732162476,
			"BoundingBox3D Origin Z" : 0.66947561502456665,
			"ObjectId" : 24,
			"ObjectType" : "CAR",
			"Occluded" : 0.0,
			"Relative Acceleration X" : 0.10876178741455078,
			"Relative Acceleration Y" : 0.68180453777313232,
			"Relative Acceleration Z" : -0.306730717420578,
			"Relative Velocity X" : -1.2595243453979492,
			"Relative Velocity Y" : 0.12443281710147858,
			"Relative Velocity Z" : -0.10199969261884689,
			"Truncated" : 0
		},
		{
			"Absolute Acceleration X" : -0.10855467617511749,
			"Absolute Acceleration Y" : 0.56858175992965698,
			"Absolute Acceleration Z" : 0.01056013535708189,
			"Absolute Velocity X" : -22.882883071899414,
			"Absolute Velocity Y" : 5.0061836242675781,
			"Absolute Velocity Z" : 0.27570885419845581,
			"ActorName" : "CAR 28",
			"BoundingBox3D Extent X" : 5.8536577224731445,
			"BoundingBox3D Extent Y" : 2.2410135269165039,
			"BoundingBox3D Extent Z" : 2.5090641975402832,
			"BoundingBox3D Orientation Quat W" : 0.10521337389945984,
			"BoundingBox3D Orientation Quat X" : 0.0063938065432012081,
			"BoundingBox3D Orientation Quat Y" : 0.0066218855790793896,
			"BoundingBox3D Orientation Quat Z" : 0.99436777830123901,
			"BoundingBox3D Origin X" : -109.24140930175781,
			"BoundingBox3D Origin Y" : 24.736751556396484,
			"BoundingBox3D Origin Z" : 2.1709532737731934,
			"ObjectId" : 28,
			"ObjectType" : "CAR",
			"Occluded" : 0.0,
			"Relative Acceleration X" : 0.51488864421844482,
			"Relative Acceleration Y" : 3.7517247200012207,
			"Relative Acceleration Z" : 0.47563228011131287,
			"Relative Velocity X" : -48.321205139160156,
			"Relative Velocity Y" : 10.777094841003418,
			"Relative Velocity Z" : 1.049596905708313,
			"Truncated" : 0
		},
		{
			"Absolute Acceleration X" : -0.15152251720428467,
			"Absolute Acceleration Y" : 1.6170762777328491,
			"Absolute Acceleration Z" : 0.085604920983314514,
			"Absolute Velocity X" : 27.431360244750977,
			"Absolute Velocity Y" : 2.8718280792236328,
			"Absolute Velocity Z" : -0.042204812169075012,
			"ActorName" : "CAR 34",
			"BoundingBox3D Extent X" : 4.1537046432495117,
			"BoundingBox3D Extent Y" : 1.5900887250900269,
			"BoundingBox3D Extent Z" : 1.5009759664535522,
			"BoundingBox3D Orientation Quat W" : 0.99848932027816772,
			"BoundingBox3D Orientation Quat X" : -0.0095748128369450569,
			"BoundingBox3D Orientation Quat Y" : 1.3758832210442051e-05,
			"BoundingBox3D Orientation Quat Z" : 0.054060429334640503,
			"BoundingBox3D Origin X" : 60.109195709228516,
			"BoundingBox3D Origin Y" : 2.4323759078979492,
			"BoundingBox3D Origin Z" : 0.50838851928710938,
			"ObjectId" : 34,
			"ObjectType" : "CAR",
			"Occluded" : 0.0,
			"Relative Acceleration X" : 0.014610177837312222,
			"Relative Acceleration Y" : 0.45726847648620605,
			"Relative Acceleration Z" : -0.12216340005397797,
			"Relative Velocity X" : 0.872478187084198,
			"Relative Velocity Y" : 0.1391204446554184,
			"Relative Velocity Z" : -0.092166967689990997,
			"Truncated" : 0
		},
		{
			"Absolute Acceleration X" : -1.7702696323394775,
			"Absolute Acceleration Y" : 0.91542649269104004,
			"Absolute Acceleration Z" : 0.0055207982659339905,
			"Absolute Velocity X" : -23.743135452270508,
			"Absolute Velocity Y" : 1.9972436428070068,
			"Absolute Velocity Z" : -0.061535835266113281,
			"ActorName" : "TRUCK 35",
			"BoundingBox3D Extent X" : 16.204853057861328,
			"BoundingBox3D Extent Y" : 2.9663267135620117,
			"BoundingBox3D Extent Z" : 2.5175161361694336,
			"BoundingBox3D Orientation Quat W" : 0.045192856341600418,
			"BoundingBox3D Orientation Quat X" : -0.0043378015980124474,
			"BoundingBox3D Orientation Quat Y" : -0.031346917152404785,
			"BoundingBox3D Orientation Quat Z" : 0.99841737747192383,
			"BoundingBox3D Origin X" : -38.013259887695312,
			"BoundingBox3D Origin Y" : 13.303446769714355,
			"BoundingBox3D Origin Z" : 1.7304296493530273,
			"ObjectId" : 35,
			"ObjectType" : "TRUCK",
			"Occluded" : 0.0,
			"Relative Acceleration X" : -1.6552807092666626,
			"Relative Acceleration Y" : 4.6543526649475098,
			"Relative Acceleration Z" : 0.24359342455863953,
			"Relative Velocity X" : -49.7330322265625,
			"Relative Velocity Y" : 4.1835446357727051,
			"Relative Velocity Z" : 0.48531380295753479,
			"Truncated" : 0
		},
		{
			"Absolute Acceleration X" : 1.0461349487304688,
			"Absolute Acceleration Y" : -0.79894447326660156,
			"Absolute Acceleration Z" : -0.00083172321319580078,
			"Absolute Velocity X" : 17.73356819152832,
			"Absolute Velocity Y" : 6.538884162902832,
			"Absolute Velocity Z" : 0.13046453893184662,