{
	"CapturedObjects" : 
	[
		{
			"Absolute Acceleration X" : 0.63378006219863892,
			"Absolute Acceleration Y" : -0.44028368592262268,
			"Absolute Acceleration Z" : -0.055564548820257187,
			"Absolute Velocity X" : 20.434797286987305,
			"Absolute Velocity Y" : 0.75478363037109375,
			"Absolute Velocity Z" : -0.23282194137573242,
			"ActorName" : "CAR 14",
			"BoundingBox3D Extent X" : 5.2294902801513672,
			"BoundingBox3D Extent Y" : 2.2024991512298584,
			"BoundingBox3D Extent Z" : 1.7669569253921509,
			"BoundingBox3D Orientation Quat W" : 0.9991571307182312,
			"BoundingBox3D Orientation Quat X" : 0.0023948363959789276,
			"BoundingBox3D Orientation Quat Y" : 0.0059249782934784889,
			"BoundingBox3D Orientation Quat Z" : 0.040362339466810226,
			"BoundingBox3D Origin X" : -45.806015014648438,
			"BoundingBox3D Origin Y" : -1.2595709562301636,
			"BoundingBox3D Origin Z" : 1.3056226968765259,
			"ObjectId" : 14,
			"ObjectType" : "CAR",
			"Occluded" : 0.0,
			"Relative Acceleration X" : 0.57288664579391479,
			"Relative Acceleration Y" : -0.48325690627098083,
			"Relative Acceleration Z" : -0.16977623105049133,
			"Relative Velocity X" : -4.7666621208190918,
			"Relative Velocity Y" : -0.20873899757862091,
			"Relative Velocity Z" : -0.060304544866085052,
			"Truncated" : 0
		},
		{
			"Absolute Acceleration X" : 0.085893690586090088,
			"Absolute Acceleration Y" : -1.0003870725631714,
			"Absolute Acceleration Z" : -0.10440919548273087,
			"Absolute Velocity X" : 30.568363189697266,
			"Absolute Velocity Y" : 0.99256575107574463,
			"Absolute Velocity Z" : -0.32396429777145386,
			"ActorName" : "CAR 36",
			"BoundingBox3D Extent X" : 4.0999999046325684,
			"BoundingBox3D Extent Y" : 1.7502529621124268,
			"BoundingBox3D Extent Z" : 1.3030147552490234,
			"BoundingBox3D Orientation Quat W" : 0.99983733892440796,
			"BoundingBox3D Orientation Quat X" : 0.0018356603104621172,
			"BoundingBox3D Orientation Quat Y" : 0.004511155653744936,
			"BoundingBox3D Orientation Quat Z" : 0.017054440453648567,
			"BoundingBox3D Origin X" : -48.015151977539062,
			"BoundingBox3D Origin Y" : 3.2515530586242676,
			"BoundingBox3D Origin Z" : 1.1010675430297852,
			"ObjectId" : 36,
			"ObjectType" : "CAR",
			"Occluded" : 0.0,
			"Relative Acceleration X" : -0.021926872432231903,
			"Relative Acceleration Y" : -0.63738375902175903,
			"Relative Acceleration Z" : -0.20606864988803864,
			"Relative Velocity X" : 5.2566041946411133,
			"Relative Velocity Y" : -0.005216158926486969,
			"Relative Velocity Z" : -0.12118637561798096,
			"Truncated" : 0
		},
		{
			"Absolute Acceleration X" : 0.10332521796226501,
			"Absolute Acceleration Y" : -0.83652698993682861,
			"Absolute Acceleration Z" : -0.058019034564495087,
			"Absolute Velocity X" : 30.949132919311523,
			"Absolute Velocity Y" : -1.9271467924118042,
			"Absolute Velocity Z" : -0.37795230746269226,
			"ActorName" : "CAR 37",
			"BoundingBox3D Extent X" : 4.4540386199951172,
			"BoundingBox3D Extent Y" : 1.9846800565719604,
			"BoundingBox3D Extent Z" : 1.5358917713165283,
			"BoundingBox3D Orientation Quat W" : -0.99960404634475708,
			"BoundingBox3D Orientation Quat X" : 0.00074748048791661859,
			"BoundingBox3D Orientation Quat Y" : -0.0070630451664328575,
			"BoundingBox3D Orientation Quat Z" : 0.027054380625486374,
			"BoundingBox3D Origin X" : 56.441307067871094,
			"BoundingBox3D Origin Y" : 1.1774348020553589,
			"BoundingBox3D Origin Z" : 0.14311817288398743,
			"ObjectId" : 37,
			"ObjectType" : "CAR",
			"Occluded" : 0.0,
			"Relative Acceleration X" : 0.089823901653289795,
			"Relative Acceleration Y" : 0.21798588335514069,
			"Relative Acceleration Z" : 0.16529653966426849,
			"Relative Velocity X" : 5.6905264854431152,
			"Relative Velocity Y" : -0.32785311341285706,
			"Relative Velocity Z" : 0.044716466218233109,
			"Truncated" : 0
		},
		{
			"Absolute Acceleration X" : -0.034202445298433304,
			"Absolute Acceleration Y" : -0.55332332849502563,
			"Absolute Acceleration Z" : -0.11195071041584015,
			"Absolute Velocity X" : 24.4183349609375,
			"Absolute Velocity Y" : -1.8679711818695068,
			"Absolute Velocity Z" : -0.39916148781776428,
			"ActorName" : "CAR 41",
			"BoundingBox3D Extent X" : 4.0999999046325684,
			"BoundingBox3D Extent Y" : 1.7367203235626221,
			"BoundingBox3D Extent Z" : 1.1295511722564697,
			"BoundingBox3D Orientation Quat W" : -0.99924713373184204,
			"BoundingBox3D Orientation Quat X" : -0.0012183500220999122,
			"BoundingBox3D Orientation Quat Y" : -0.0052179405465722084,
			"BoundingBox3D Orientation Quat Z" : 0.038303349167108536,
			"BoundingBox3D Origin X" : 65.521614074707031,
			"BoundingBox3D Origin Y" : -3.1734352111816406,
			"BoundingBox3D Origin Z" : -0.16949671506881714,
			"ObjectId" : 41,
			"ObjectType" : "CAR",
			"Occluded" : 0.0,
			"Relative Acceleration X" : -0.019275031983852386,
			"Relative Acceleration Y" : 0.30630648136138916,
			"Relative Acceleration Z" : 0.11772134900093079,
			"Relative Velocity X" : -0.72977423667907715,
			"Relative Velocity Y" : -0.055084764957427979,
			"Relative Velocity Z" : 0.013961514458060265,
			"Truncated" : 0
		},
		{
			"Absolute Acceleration X" : -0.17974326014518738,
			"Absolute Acceleration Y" : -0.59149980545043945,
			"Absolute Acceleration Z" : -0.011481352150440216,
			"Absolute Velocity X" : -24.833700180053711,
			"Absolute Velocity Y" : -0.41882115602493286,
			"Absolute Velocity Z" : 0.26335600018501282,
			"ActorName" : "CAR 42",
			"BoundingBox3D Extent X" : 6.001368522644043,
			"BoundingBox3D Extent Y" : 2.3882279396057129,
			"BoundingBox3D Extent Z" : 2.380807638168335,
			"BoundingBox3D Orientation Quat W" : -0.0084181269630789757,
			"BoundingBox3D Orientation Quat X" : 0.0059159384109079838,
			"BoundingBox3D Orientation Quat Y" : -0.00014601077418774366,
			"BoundingBox3D Orientation Quat Z" : 0.99993735551834106,
			"BoundingBox3D Origin X" : -29.224468231201172,
			"BoundingBox3D Origin Y" : 14.289532661437988,
			"BoundingBox3D Origin Z" : 1.3965866565704346,
			"ObjectId" : 42,
			"ObjectType" : "CAR",
			"Occluded" : 0.0,
			"Relative Acceleration X" : -0.32751408219337463,
			"Relative Acceleration Y" : -2.3230881690979004,
			"Relative Acceleration Z" : 0.039623185992240906,
			"Relative Velocity X" : -50.415733337402344,
			"Relative Velocity Y" : -1.0738962888717651,
			"Relative Velocity Z" : 0.45452257990837097,
			"Truncated" : 0
		},
		{
			"Absolute Acceleration X" : -0.02314402349293232,
			"Absolute Acceleration Y" : -0.80046278238296509,
			"Absolute Acceleration Z" : -0.037576217204332352,
			"Absolute Velocity X" : 22.54994010925293,
			"Absolute Velocity Y" : 2.1168124675750732,
			"Absolute Velocity Z" : -0.12959086894989014,
			"ActorName" : "CAR 43",
			"BoundingBox3D Extent X" : 4.0999999046325684,
			"BoundingBox3D Extent Y" : 1.3886551856994629,
			"BoundingBox3D Extent Z" : 0.92816680669784546,
			"BoundingBox3D Orientation Quat W" : 0.99892419576644897,
			"BoundingBox3D Orientation Quat X" : 0.0032643021550029516,
			"BoundingBox3D Orientation Quat Y" : 0.0036242636851966381,
			"BoundingBox3D Orientation Quat Z" : 0.046054534614086151,
			"BoundingBox3D Origin X" : -79.264564514160156,
			"BoundingBox3D Origin Y" : -3.884066104888916,
			"BoundingBox3D Origin Z" : 1.1298346519470215,
			"ObjectId" : 43,
			"ObjectType" : "CAR",
			"Occluded" : 0.0,
			"Relative Acceleration X" : -0.10971812903881073,
			"Relative Acceleration Y" : -0.98033326864242554,
			"Relative Acceleration Z" : -0.22722965478897095,
			"Relative Velocity X" : -2.5768659114837646,
			"Relative Velocity Y" : 0.35374578833580017,
			"Relative Velocity Z" : -0.054024294018745422,
			"Truncated" : 0
		},
		{
			"Absolute Acceleration X" : 0.8188062310218811,
			"Absolute Acceleration Y" : -1.3302804231643677,
			"Absolute Acceleration Z" : 0.047195989638566971,
			"Absolute Velocity X" : 21.692665100097656,
			"Absolute Velocity Y" : 2.9937641620635986,