{
	"CapturedObjects" : 
	[
		{
			"Absolute Acceleration X" : -0.11410903930664062,
			"Absolute Acceleration Y" : -1.1281008720397949,
			"Absolute Acceleration Z" : 0.09903959184885025,
			"Absolute Velocity X" : 25.326210021972656,
			"Absolute Velocity Y" : -0.92567628622055054,
			"Absolute Velocity Z" : -0.1220618337392807,
			"ActorName" : "TRUCK 00",
			"BoundingBox3D Extent X" : 11.0,
			"BoundingBox3D Extent Y" : 2.7633500099182129,
			"BoundingBox3D Extent Z" : 3.5429394245147705,
			"BoundingBox3D Orientation Quat W" : -0.99984955787658691,
			"BoundingBox3D Orientation Quat X" : -0.0014566578902304173,
			"BoundingBox3D Orientation Quat Y" : -0.002285446273162961,
			"BoundingBox3D Orientation Quat Z" : 0.016957463696599007,
			"BoundingBox3D Origin X" : 18.484315872192383,
			"BoundingBox3D Origin Y" : -3.7200267314910889,
			"BoundingBox3D Origin Z" : 1.6024492979049683,
			"ObjectId" : 0,
			"ObjectType" : "TRUCK",
			"Occluded" : 0.0,
			"Relative Acceleration X" : 0.0058588981628417969,
			"Relative Acceleration Y" : -0.20576965808868408,
			"Relative Acceleration Z" : -0.021448934450745583,
			"Relative Velocity X" : -2.0776805877685547,
			"Relative Velocity Y" : 0.065644152462482452,
			"Relative Velocity Z" : -0.0058874096721410751,
			"Truncated" : 0
		},
		{
			"Absolute Acceleration X" : -0.085290908813476562,
			"Absolute Acceleration Y" : -1.2805063724517822,
			"Absolute Acceleration Z" : 0.11475580930709839,
			"Absolute Velocity X" : 27.608346939086914,
			"Absolute Velocity Y" : 0.70084673166275024,
			"Absolute Velocity Z" : -0.31053721904754639,
			"ActorName" : "CAR 01",
			"BoundingBox3D Extent X" : 4.303131103515625,
			"BoundingBox3D Extent Y" : 2.0774104595184326,
			"BoundingBox3D Extent Z" : 1.457223653793335,
			"BoundingBox3D Orientation Quat W" : 0.99993270635604858,
			"BoundingBox3D Orientation Quat X" : 0.0049680941738188267,
			"BoundingBox3D Orientation Quat Y" : 0.0044492701999843121,
			"BoundingBox3D Orientation Quat Z" : 0.0092073753476142883,
			"BoundingBox3D Origin X" : -18.445259094238281,
			"BoundingBox3D Origin Y" : -0.44597840309143066,
			"BoundingBox3D Origin Z" : 0.86312443017959595,
			"ObjectId" : 1,
			"ObjectType" : "CAR",
			"Occluded" : 0.0,
			"Relative Acceleration X" : -0.016164302825927734,
			"Relative Acceleration Y" : 0.083720088005065918,
			"Relative Acceleration Z" : -0.034066192805767059,
			"Relative Velocity X" : 0.054431624710559845,
			"Relative Velocity Y" : 0.055643118917942047,
			"Relative Velocity Z" : 0.04477979987859726,
			"Truncated" : 0
		},
		{
			"Absolute Acceleration X" : -0.2387237548828125,
			"Absolute Acceleration Y" : -1.0262517929077148,
			"Absolute Acceleration Z" : 0.16985824704170227,
			"Absolute Velocity X" : 28.05506706237793,
			"Absolute Velocity Y" : -2.6209909915924072,
			"Absolute Velocity Z" : -0.023317039012908936,
			"ActorName" : "CAR 02",
			"BoundingBox3D Extent X" : 4.4205107688903809,
			"BoundingBox3D Extent Y" : 1.9659700393676758,
			"BoundingBox3D Extent Z" : 2.0693130493164062,
			"BoundingBox3D Orientation Quat W" : -0.99894094467163086,
			"BoundingBox3D Orientation Quat X" : -0.0021236157044768333,
			"BoundingBox3D Orientation Quat Y" : -0.0006897712592035532,
			"BoundingBox3D Orientation Quat Z" : 0.045901596546173096,
			"BoundingBox3D Origin X" : 44.312671661376953,
			"BoundingBox3D Origin Y" : -4.9046168327331543,
			"BoundingBox3D Origin Z" : 0.78998517990112305,
			"ObjectId" : 2,
			"ObjectType" : "CAR",
			"Occluded" : 0.0,
			"Relative Acceleration X" : -0.029677987098693848,
			"Relative Acceleration Y" : -0.021203935146331787,
			"Relative Acceleration Z" : 0.021247651427984238,
			"Relative Velocity X" : 0.69440430402755737,
			"Relative Velocity Y" : -0.49069368839263916,
			"Relative Velocity Z" : -0.080000557005405426,
			"Truncated" : 0
		},
		{
			"Absolute Acceleration X" : 0.36480140686035156,
			"Absolute Acceleration Y" : -1.3101769685745239,
			"Absolute Acceleration Z" : 0.1769871711730957,
			"Absolute Velocity X" : 30.728010177612305,
			"Absolute Velocity Y" : 2.4454483985900879,
			"Absolute Velocity Z" : -0.48087006807327271,
			"ActorName" : "CAR 05",
			"BoundingBox3D Extent X" : 4.2242927551269531,
			"BoundingBox3D Extent Y" : 2.1238579750061035,
			"BoundingBox3D Extent Z" : 1.4662171602249146,
			"BoundingBox3D Orientation Quat W" : 0.9991382360458374,
			"BoundingBox3D Orientation Quat X" : 0.0054976190440356731,
			"BoundingBox3D Orientation Quat Y" : 0.0086866654455661774,
			"BoundingBox3D Orientation Quat Z" : 0.040073484182357788,
			"BoundingBox3D Origin X" : -47.911365509033203,
			"BoundingBox3D Origin Y" : -9.1462459564208984,
			"BoundingBox3D Origin Z" : 1.1566076278686523,
			"ObjectId" : 5,
			"ObjectType" : "CAR",
			"Occluded" : 0.0,
			"Relative Acceleration X" : 0.28137636184692383,
			"Relative Acceleration Y" : 0.54337936639785767,
			"Relative Acceleration Z" : -0.041847169399261475,
			"Relative Velocity X" : 3.5599079132080078,
			"Relative Velocity Y" : 0.49861529469490051,
			"Relative Velocity Z" : 0.08925957977771759,
			"Truncated" : 0
		},
		{
			"Absolute Acceleration X" : 4.0728535652160645,
			"Absolute Acceleration Y" : 1.1780731678009033,
			"Absolute Acceleration Z" : -0.13276985287666321,
			"Absolute Velocity X" : 24.222991943359375,
			"Absolute Velocity Y" : 9.2111921310424805,
			"Absolute Velocity Z" : -0.95957756042480469,
			"ActorName" : "CAR 06",
			"BoundingBox3D Extent X" : 4.0999999046325684,
			"BoundingBox3D Extent Y" : 2.4878277778625488,
			"BoundingBox3D Extent Z" : 1.6340727806091309,
			"BoundingBox3D Orientation Quat W" : 0.98342204093933105,
			"BoundingBox3D Orientation Quat X" : 0.00033978495048359036,
			"BoundingBox3D Orientation Quat Y" : 0.01840338297188282,
			"BoundingBox3D Orientation Quat Z" : 0.18007950484752655,
			"BoundingBox3D Origin X" : -198.47952270507812,
			"BoundingBox3D Origin Y" : -36.330348968505859,
			"BoundingBox3D Origin Z" : 4.2781610488891602,
			"ObjectId" : 6,
			"ObjectType" : "CAR",
			"Occluded" : 0.0,
			"Relative Acceleration X" : 3.6441283226013184,
			"Relative Acceleration Y" : 3.2847821712493896,
			"Relative Acceleration Z" : 1.45176100730896,
			"Relative Velocity X" : -1.6613054275512695,
			"Relative Velocity Y" : 0.38675063848495483,
			"Relative Velocity Z" : 0.87101113796234131,
			"Truncated" : 0
		},
		{
			"Absolute Acceleration X" : 1.2708650827407837,
			"Absolute Acceleration Y" : 0.56622433662414551,
			"Absolute Acceleration Z" : 0.13893428444862366,
			"Absolute Velocity X" : -26.279603958129883,
			"Absolute Velocity Y" : -1.7702399492263794,
			"Absolute Velocity Z" : 0.60708504915237427,
			"ActorName" : "CAR 09",
			"BoundingBox3D Extent X" : 4.0999999046325684,
			"BoundingBox3D Extent Y" : 1.3618514537811279,
			"BoundingBox3D Extent Z" : 1.4402796030044556,
			"BoundingBox3D Orientation Quat W" : -0.037010587751865387,
			"BoundingBox3D Orientation Quat X" : 0.012132312171161175,
			"BoundingBox3D Orientation Quat Y" : -0.0026485861744731665,
			"BoundingBox3D Orientation Quat Z" : 0.99923604726791382,
			"BoundingBox3D Origin X" : -89.81768798828125,
			"BoundingBox3D Origin Y" : 6.1605491638183594,
			"BoundingBox3D Origin Z" : 1.9579206705093384,
			"ObjectId" : 9,
			"ObjectType" : "CAR",
			"Occluded" : 0.0,
			"Relative Acceleration X" : 1.6875700950622559,
			"Relative Acceleration Y" : -2.9228568077087402,
			"Relative Acceleration Z" : 1.026852011680603,
			"Relative Velocity X" : -54.177490234375,
			"Relative Velocity Y" : -5.0992250442504883,
			"Relative Velocity Z" : 1.505719780921936,
			"Truncated" : 0
		},
		{
			"Absolute Acceleration X" : 0.00103759765625,
			"Absolute Acceleration Y" : -1.3853691816329956,
			"Absolute Acceleration Z" : 0.11648926138877869,
			"Absolute Velocity X" : 27.50575065612793,
			"Absolute Velocity Y" : 1.2716810703277588,
			"Absolute Velocity Z" : -0.34545516967773438,
			"ActorName" : "CAR 10",