{
	"CapturedObjects" : 
	[
		{
			"Absolute Acceleration X" : -0.07672882080078125,
			"Absolute Acceleration Y" : -0.21435585618019104,
			"Absolute Acceleration Z" : -0.090884432196617126,
			"Absolute Velocity X" : 27.076131820678711,
			"Absolute Velocity Y" : -0.2995409369468689,
			"Absolute Velocity Z" : -0.25015813112258911,
			"ActorName" : "CAR 00",
			"BoundingBox3D Extent X" : 4.3256669044494629,
			"BoundingBox3D Extent Y" : 2.2182471752166748,
			"BoundingBox3D Extent Z" : 1.6845625638961792,
			"BoundingBox3D Orientation Quat W" : 0.99998712539672852,
			"BoundingBox3D Orientation Quat X" : -0.00050654227379709482,
			"BoundingBox3D Orientation Quat Y" : 0.0045924317091703415,
			"BoundingBox3D Orientation Quat Z" : 0.00043518099118955433,
			"BoundingBox3D Origin X" : -25.236967086791992,
			"BoundingBox3D Origin Y" : 0.52011376619338989,
			"BoundingBox3D Origin Z" : 1.0716930627822876,
			"ObjectId" : 0,
			"ObjectType" : "CAR",
			"Occluded" : 0.0,
			"Relative Acceleration X" : -0.16715885698795319,
			"Relative Acceleration Y" : 0.067493230104446411,
			"Relative Acceleration Z" : -0.16229112446308136,
			"Relative Velocity X" : -0.064735390245914459,
			"Relative Velocity Y" : -0.28492993116378784,
			"Relative Velocity Z" : -0.099698543548583984,
			"Truncated" : 0
		},
		{
			"Absolute Acceleration X" : 0.27861976623535156,
			"Absolute Acceleration Y" : -0.10798481106758118,
			"Absolute Acceleration Z" : -0.015121668577194214,
			"Absolute Velocity X" : 27.562833786010742,
			"Absolute Velocity Y" : 0.45766067504882812,
			"Absolute Velocity Z" : -0.47840765118598938,
			"ActorName" : "CAR 01",
			"BoundingBox3D Extent X" : 4.0999999046325684,
			"BoundingBox3D Extent Y" : 1.6430835723876953,
			"BoundingBox3D Extent Z" : 1.4837304353713989,
			"BoundingBox3D Orientation Quat W" : 0.9998701810836792,
			"BoundingBox3D Orientation Quat X" : 0.0013457160675898194,
			"BoundingBox3D Orientation Quat Y" : 0.009886215440928936,
			"BoundingBox3D Orientation Quat Z" : 0.012369032949209213,
			"BoundingBox3D Origin X" : 44.819671630859375,
			"BoundingBox3D Origin Y" : 1.9955623149871826,
			"BoundingBox3D Origin Z" : 0.0066145961172878742,
			"ObjectId" : 1,
			"ObjectType" : "CAR",
			"Occluded" : 0.0,
			"Relative Acceleration X" : 0.19533759355545044,
			"Relative Acceleration Y" : -0.13022243976593018,
			"Relative Acceleration Z" : 0.33415800333023071,
			"Relative Velocity X" : 0.41998150944709778,
			"Relative Velocity Y" : 0.99591517448425293,
			"Relative Velocity Z" : 0.20611605048179626,
			"Truncated" : 0
		},
		{
			"Absolute Acceleration X" : 0.98984527587890625,
			"Absolute Acceleration Y" : 0.78654086589813232,
			"Absolute Acceleration Z" : 0.059463262557983398,
			"Absolute Velocity X" : 40.997413635253906,
			"Absolute Velocity Y" : -0.17576298117637634,
			"Absolute Velocity Z" : -0.73168814182281494,
			"ActorName" : "CAR 07",
			"BoundingBox3D Extent X" : 4.2486448287963867,
			"BoundingBox3D Extent Y" : 1.8063856363296509,
			"BoundingBox3D Extent Z" : 2.1072132587432861,
			"BoundingBox3D Orientation Quat W" : 0.9999576210975647,
			"BoundingBox3D Orientation Quat X" : -0.0013981347437947989,
			"BoundingBox3D Orientation Quat Y" : 0.0088077345862984657,
			"BoundingBox3D Orientation Quat Z" : -0.0017030291492119431,
			"BoundingBox3D Origin X" : 103.19759368896484,
			"BoundingBox3D Origin Y" : 3.1524364948272705,
			"BoundingBox3D Origin Z" : -0.73982387781143188,
			"ObjectId" : 7,
			"ObjectType" : "CAR",
			"Occluded" : 0.0,
			"Relative Acceleration X" : 0.92174339294433594,
			"Relative Acceleration Y" : 0.58444619178771973,
			"Relative Acceleration Z" : 0.89092236757278442,
			"Relative Velocity X" : 13.849246978759766,
			"Relative Velocity Y" : 0.79155135154724121,
			"Relative Velocity Z" : 0.40616431832313538,
			"Truncated" : 0
		},
		{
			"Absolute Acceleration X" : 0.31515312194824219,
			"Absolute Acceleration Y" : -0.14458267390727997,
			"Absolute Acceleration Z" : -0.12675707042217255,
			"Absolute Velocity X" : 29.548370361328125,
			"Absolute Velocity Y" : -0.061077922582626343,
			"Absolute Velocity Z" : -0.13550801575183868,
			"ActorName" : "CAR 08",
			"BoundingBox3D Extent X" : 4.1717782020568848,
			"BoundingBox3D Extent Y" : 1.7863059043884277,
			"BoundingBox3D Extent Z" : 1.2831528186798096,
			"BoundingBox3D Orientation Quat W" : 0.99999147653579712,
			"BoundingBox3D Orientation Quat X" : -0.0012328824959695339,
			"BoundingBox3D Orientation Quat Y" : 0.0021750086452811956,
			"BoundingBox3D Orientation Quat Z" : -0.0013497143518179655,
			"BoundingBox3D Origin X" : -71.102584838867188,
			"BoundingBox3D Origin Y" : 4.7217206954956055,
			"BoundingBox3D Origin Z" : 1.1590408086776733,
			"ObjectId" : 8,
			"ObjectType" : "CAR",
			"Occluded" : 0.0,
			"Relative Acceleration X" : 0.2422173023223877,
			"Relative Acceleration Y" : 0.35056787729263306,
			"Relative Acceleration Z" : -0.44959038496017456,
			"Relative Velocity X" : 2.3751466274261475,
			"Relative Velocity Y" : -0.39331105351448059,
			"Relative Velocity Z" : -0.35815638303756714,
			"Truncated" : 0
		},
		{
			"Absolute Acceleration X" : 0.05899810791015625,
			"Absolute Acceleration Y" : 0.34823492169380188,
			"Absolute Acceleration Z" : 0.29040980339050293,
			"Absolute Velocity X" : -12.558128356933594,
			"Absolute Velocity Y" : 0.20049940049648285,
			"Absolute Velocity Z" : 0.1285422295331955,
			"ActorName" : "CAR 09",
			"BoundingBox3D Extent X" : 8.8847694396972656,
			"BoundingBox3D Extent Y" : 2.8085198402404785,
			"BoundingBox3D Extent Z" : 1.9207603931427002,
			"BoundingBox3D Orientation Quat W" : 0.001275712507776916,
			"BoundingBox3D Orientation Quat X" : 0.0031834857072681189,
			"BoundingBox3D Orientation Quat Y" : 0.0011623319005593657,
			"BoundingBox3D Orientation Quat Z" : 0.99991834163665771,
			"BoundingBox3D Origin X" : -32.816253662109375,
			"BoundingBox3D Origin Y" : 15.206984519958496,
			"BoundingBox3D Origin Z" : 1.8266407251358032,
			"ObjectId" : 9,
			"ObjectType" : "CAR",
			"Occluded" : 0.0,
			"Relative Acceleration X" : 0.02325439453125,
			"Relative Acceleration Y" : 0.43836745619773865,
			"Relative Acceleration Z" : -0.23661306500434875,
			"Relative Velocity X" : -39.815864562988281,
			"Relative Velocity Y" : 0.18838202953338623,
			"Relative Velocity Z" : 0.12959368526935577,
			"Truncated" : 0
		},
		{
			"Absolute Acceleration X" : 0.066560745239257812,
			"Absolute Acceleration Y" : -0.23327235877513885,
			"Absolute Acceleration Z" : -0.0023050606250762939,
			"Absolute Velocity X" : 25.827455520629883,
			"Absolute Velocity Y" : -0.24946345388889313,
			"Absolute Velocity Z" : -0.459686279296875,
			"ActorName" : "CAR 10",
			"BoundingBox3D Extent X" : 4.277015209197998,
			"BoundingBox3D Extent Y" : 1.7716761827468872,
			"BoundingBox3D Extent Z" : 2.0736072063446045,
			"BoundingBox3D Orientation Quat W" : 0.99995052814483643,
			"BoundingBox3D Orientation Quat X" : -0.001338631147518754,
			"BoundingBox3D Orientation Quat Y" : 0.0087293451651930809,
			"BoundingBox3D Orientation Quat Z" : -0.0037005208432674408,
			"BoundingBox3D Origin X" : 61.115268707275391,
			"BoundingBox3D Origin Y" : 0.23034483194351196,
			"BoundingBox3D Origin Z" : 0.01612633652985096,
			"ObjectId" : 10,
			"ObjectType" : "CAR",
			"Occluded" : 0.0,
			"Relative Acceleration X" : -0.021852850914001465,
			"Relative Acceleration Y" : -0.33552387356758118,
			"Relative Acceleration Z" : 0.4290173351764679,
			"Relative Velocity X" : -1.302629828453064,
			"Relative Velocity Y" : 0.41281425952911377,
			"Relative Velocity Z" : 0.35917985439300537,
			"Truncated" : 0
		},
		{
			"Absolute Acceleration X" : -3.0356209278106689,
			"Absolute Acceleration Y" : 0.18645294010639191,
			"Absolute Acceleration Z" : 0.48939070105552673,
			"Absolute Velocity X" : -27.888507843017578,
			"Absolute Velocity Y" : 0.25029537081718445,
			"Absolute Velocity Z" : 0.2775689959526062,