{
	"CapturedObjects" : 
	[
		{
			"Absolute Acceleration X" : 0.39030647277832031,
			"Absolute Acceleration Y" : 1.730327844619751,
			"Absolute Acceleration Z" : 0.023674935102462769,
			"Absolute Velocity X" : 27.359983444213867,
			"Absolute Velocity Y" : -1.8939440250396729,
			"Absolute Velocity Z" : -0.34134775400161743,
			"ActorName" : "CAR 00",
			"BoundingBox3D Extent X" : 4.6047258377075195,
			"BoundingBox3D Extent Y" : 2.0758121013641357,
			"BoundingBox3D Extent Z" : 1.6651383638381958,
			"BoundingBox3D Orientation Quat W" : -0.99937325716018677,
			"BoundingBox3D Orientation Quat X" : 0.0023147948086261749,
			"BoundingBox3D Orientation Quat Y" : -0.0061684120446443558,
			"BoundingBox3D Orientation Quat Z" : 0.034570951014757156,
			"BoundingBox3D Origin X" : -38.025352478027344,
			"BoundingBox3D Origin Y" : -4.4220919609069824,
			"BoundingBox3D Origin Z" : 1.3008859157562256,
			"ObjectId" : 0,
			"ObjectType" : "CAR",
			"Occluded" : 0.0,
			"Relative Acceleration X" : 0.1869041919708252,
			"Relative Acceleration Y" : 0.044507205486297607,
			"Relative Acceleration Z" : -0.044427733868360519,
			"Relative Velocity X" : -0.59821599721908569,
			"Relative Velocity Y" : 0.49116659164428711,
			"Relative Velocity Z" : 0.087456032633781433,
			"Truncated" : 0
		},
		{
			"Absolute Acceleration X" : 0.094949722290039062,
			"Absolute Acceleration Y" : 1.541557788848877,
			"Absolute Acceleration Z" : 0.038522034883499146,
			"Absolute Velocity X" : 27.802370071411133,
			"Absolute Velocity Y" : -1.4002038240432739,
			"Absolute Velocity Z" : -0.34018754959106445,
			"ActorName" : "CAR 02",
			"BoundingBox3D Extent X" : 4.2716598510742188,
			"BoundingBox3D Extent Y" : 2.048614501953125,
			"BoundingBox3D Extent Z" : 1.4430321455001831,
			"BoundingBox3D Orientation Quat W" : -0.99972301721572876,
			"BoundingBox3D Orientation Quat X" : 0.006975139956921339,
			"BoundingBox3D Orientation Quat Y" : -0.006212546955794096,
			"BoundingBox3D Orientation Quat Z" : 0.021532099694013596,
			"BoundingBox3D Origin X" : -20.717283248901367,
			"BoundingBox3D Origin Y" : 0.50807851552963257,
			"BoundingBox3D Origin Z" : 0.91730207204818726,
			"ObjectId" : 2,
			"ObjectType" : "CAR",
			"Occluded" : 0.0,
			"Relative Acceleration X" : -0.14395803213119507,
			"Relative Acceleration Y" : -0.063632726669311523,
			"Relative Acceleration Z" : -0.051720350980758667,
			"Relative Velocity X" : 0.098748005926609039,
			"Relative Velocity Y" : 0.078261904418468475,
			"Relative Velocity Z" : -0.0012915675761178136,
			"Truncated" : 0
		},
		{
			"Absolute Acceleration X" : 0.63028526306152344,
			"Absolute Acceleration Y" : 1.4032385349273682,
			"Absolute Acceleration Z" : 0.0069746673107147217,
			"Absolute Velocity X" : 27.043107986450195,
			"Absolute Velocity Y" : -1.5502475500106812,
			"Absolute Velocity Z" : -0.32982465624809265,
			"ActorName" : "CAR 04",
			"BoundingBox3D Extent X" : 4.4662790298461914,
			"BoundingBox3D Extent Y" : 1.9310622215270996,
			"BoundingBox3D Extent Z" : 1.4250738620758057,
			"BoundingBox3D Orientation Quat W" : -0.99960154294967651,
			"BoundingBox3D Orientation Quat X" : 0.0051680924370884895,
			"BoundingBox3D Orientation Quat Y" : -0.0062490412965416908,
			"BoundingBox3D Orientation Quat Z" : 0.026791850104928017,
			"BoundingBox3D Origin X" : -21.202743530273438,
			"BoundingBox3D Origin Y" : -3.3656411170959473,
			"BoundingBox3D Origin Z" : 0.96728092432022095,
			"ObjectId" : 4,
			"ObjectType" : "CAR",
			"Occluded" : 0.0,
			"Relative Acceleration X" : 0.41154599189758301,
			"Relative Acceleration Y" : -0.11741577088832855,
			"Relative Acceleration Z" : -0.0722665935754776,
			"Relative Velocity X" : -0.86237865686416626,
			"Relative Velocity Y" : -0.05014360323548317,
			"Relative Velocity Z" : 0.034062322229146957,
			"Truncated" : 0
		},
		{
			"Absolute Acceleration X" : 0.42462468147277832,
			"Absolute Acceleration Y" : -0.22662079334259033,
			"Absolute Acceleration Z" : 0.019763443619012833,
			"Absolute Velocity X" : 21.936120986938477,
			"Absolute Velocity Y" : -5.7807917594909668,
			"Absolute Velocity Z" : -0.44098663330078125,
			"ActorName" : "TRUCK 17",
			"BoundingBox3D Extent X" : 11.0,
			"BoundingBox3D Extent Y" : 2.8543477058410645,
			"BoundingBox3D Extent Z" : 3.0383388996124268,
			"BoundingBox3D Orientation Quat W" : -0.99146974086761475,
			"BoundingBox3D Orientation Quat X" : 0.0021329375449568033,
			"BoundingBox3D Orientation Quat Y" : -0.01009056530892849,
			"BoundingBox3D Orientation Quat Z" : 0.12977993488311768,
			"BoundingBox3D Origin X" : -130.15113830566406,
			"BoundingBox3D Origin Y" : 13.841489791870117,
			"BoundingBox3D Origin Z" : 3.4880578517913818,
			"ObjectId" : 17,
			"ObjectType" : "TRUCK",
			"Occluded" : 0.0,
			"Relative Acceleration X" : 0.078187927603721619,
			"Relative Acceleration Y" : -1.418459415435791,
			"Relative Acceleration Z" : 0.18825972080230713,
			"Relative Velocity X" : -5.0776195526123047,
			"Relative Velocity Y" : 1.4154956340789795,
			"Relative Velocity Z" : 0.19596157968044281,
			"Truncated" : 0
		},
		{
			"Absolute Acceleration X" : 0.0082263946533203125,
			"Absolute Acceleration Y" : 1.7470660209655762,
			"Absolute Acceleration Z" : 0.13344451785087585,
			"Absolute Velocity X" : 28.512847900390625,
			"Absolute Velocity Y" : -5.7061529159545898,
			"Absolute Velocity Z" : -0.49455973505973816,
			"ActorName" : "CAR 21",
			"BoundingBox3D Extent X" : 4.0999999046325684,
			"BoundingBox3D Extent Y" : 2.1245555877685547,
			"BoundingBox3D Extent Z" : 0.81286168098449707,
			"BoundingBox3D Orientation Quat W" : -0.99542820453643799,
			"BoundingBox3D Orientation Quat X" : 0.006747029721736908,
			"BoundingBox3D Orientation Quat Y" : -0.0091609247028827667,
			"BoundingBox3D Orientation Quat Z" : 0.09480489045381546,
			"BoundingBox3D Origin X" : -95.440528869628906,
			"BoundingBox3D Origin Y" : 10.325462341308594,
			"BoundingBox3D Origin Z" : 1.5922600030899048,
			"ObjectId" : 21,
			"ObjectType" : "CAR",
			"Occluded" : 0.0,
			"Relative Acceleration X" : -0.54975795745849609,
			"Relative Acceleration Y" : -0.55964577198028564,
			"Relative Acceleration Z" : 0.092490874230861664,
			"Relative Velocity X" : 1.327627420425415,
			"Relative Velocity Y" : -0.32161620259284973,
			"Relative Velocity Z" : 0.046384502202272415,
			"Truncated" : 0
		},
		{
			"Absolute Acceleration X" : -0.14620780944824219,
			"Absolute Acceleration Y" : 1.783463716506958,
			"Absolute Acceleration Z" : 0.097586825489997864,
			"Absolute Velocity X" : 25.682405471801758,
			"Absolute Velocity Y" : 0.88180321455001831,
			"Absolute Velocity Z" : -0.055089056491851807,
			"ActorName" : "TRUCK 24",
			"BoundingBox3D Extent X" : 27.532224655151367,
			"BoundingBox3D Extent Y" : 9.5811080932617188,
			"BoundingBox3D Extent Z" : 3.9928343296051025,
			"BoundingBox3D Orientation Quat W" : 0.99997645616531372,
			"BoundingBox3D Orientation Quat X" : 0.0048145647160708904,
			"BoundingBox3D Orientation Quat Y" : 0.0022179791703820229,
			"BoundingBox3D Orientation Quat Z" : 0.0035282864701002836,
			"BoundingBox3D Origin X" : 77.270362854003906,
			"BoundingBox3D Origin Y" : -0.6288907527923584,
			"BoundingBox3D Origin Z" : 1.5262161493301392,
			"ObjectId" : 24,
			"ObjectType" : "TRUCK",
			"Occluded" : 0.0,
			"Relative Acceleration X" : -0.3240654468536377,
			"Relative Acceleration Y" : 1.1819195747375488,
			"Relative Acceleration Z" : -0.053271524608135223,
			"Relative Velocity X" : -2.0620753765106201,
			"Relative Velocity Y" : -2.7491135597229004,
			"Relative Velocity Z" : -0.05104464665055275,
			"Truncated" : 0
		},
		{
			"Absolute Acceleration X" : 4.3834080696105957,
			"Absolute Acceleration Y" : 0.79165518283843994,
			"Absolute Acceleration Z" : -0.018244778737425804,
			"Absolute Velocity X" : -25.521385192871094,
			"Absolute Velocity Y" : 7.430391788482666,
			"Absolute Velocity Z" : 0.4750458300113678,