{
	"CapturedObjects" : 
	[
		{
			"Absolute Acceleration X" : 0.99260902404785156,
			"Absolute Acceleration Y" : 0.3268580436706543,
			"Absolute Acceleration Z" : 0.025391630828380585,
			"Absolute Velocity X" : 18.194309234619141,
			"Absolute Velocity Y" : 5.9604339599609375,
			"Absolute Velocity Z" : -0.071030087769031525,
			"ActorName" : "CAR 00",
			"BoundingBox3D Extent X" : 4.235842227935791,
			"BoundingBox3D Extent Y" : 2.0896267890930176,
			"BoundingBox3D Extent Z" : 1.5755466222763062,
			"BoundingBox3D Orientation Quat W" : 0.98757761716842651,
			"BoundingBox3D Orientation Quat X" : 0.003386966185644269,
			"BoundingBox3D Orientation Quat Y" : 0.0028394144028425217,
			"BoundingBox3D Orientation Quat Z" : 0.15694870054721832,
			"BoundingBox3D Origin X" : -2.5533664226531982,
			"BoundingBox3D Origin Y" : 6.8502516746520996,
			"BoundingBox3D Origin Z" : 0.79924619197845459,
			"ObjectId" : 0,
			"ObjectType" : "CAR",
			"Occluded" : 0.0,
			"Relative Acceleration X" : -1.4152932167053223,
			"Relative Acceleration Y" : 5.4238343238830566,
			"Relative Acceleration Z" : -0.35595765709877014,
			"Relative Velocity X" : 3.1838626861572266,
			"Relative Velocity Y" : 5.2406888008117676,
			"Relative Velocity Z" : -0.06394592672586441,
			"Truncated" : 0
		},
		{
			"Absolute Acceleration X" : -0.037226710468530655,
			"Absolute Acceleration Y" : 0.098759226500988007,
			"Absolute Acceleration Z" : 0.0055184862576425076,
			"Absolute Velocity X" : 16.375762939453125,
			"Absolute Velocity Y" : 5.963355541229248,
			"Absolute Velocity Z" : -0.10569854825735092,
			"ActorName" : "CAR 01",
			"BoundingBox3D Extent X" : 4.264348030090332,
			"BoundingBox3D Extent Y" : 1.8931920528411865,
			"BoundingBox3D Extent Z" : 1.3021485805511475,
			"BoundingBox3D Orientation Quat W" : 0.98531597852706909,
			"BoundingBox3D Orientation Quat X" : -0.0095090931281447411,
			"BoundingBox3D Orientation Quat Y" : -0.00012275093467906117,
			"BoundingBox3D Orientation Quat Z" : 0.17013536393642426,
			"BoundingBox3D Origin X" : 169.80070495605469,
			"BoundingBox3D Origin Y" : 85.621452331542969,
			"BoundingBox3D Origin Z" : -0.052908394485712051,
			"ObjectId" : 1,
			"ObjectType" : "CAR",
			"Occluded" : 0.0,
			"Relative Acceleration X" : -16.84294319152832,
			"Relative Acceleration Y" : 26.839263916015625,
			"Relative Acceleration Z" : -4.2978358268737793,
			"Relative Velocity X" : -15.568675994873047,
			"Relative Velocity Y" : 50.068031311035156,
			"Relative Velocity Z" : -2.6290814876556396,
			"Truncated" : 0
		},
		{
			"Absolute Acceleration X" : -0.044692039489746094,
			"Absolute Acceleration Y" : -0.41267633438110352,
			"Absolute Acceleration Z" : 0.0090494900941848755,
			"Absolute Velocity X" : 12.83643627166748,
			"Absolute Velocity Y" : 4.136563777923584,
			"Absolute Velocity Z" : -0.02338743582367897,
			"ActorName" : "CAR 03",
			"BoundingBox3D Extent X" : 4.3967618942260742,
			"BoundingBox3D Extent Y" : 1.8588123321533203,
			"BoundingBox3D Extent Z" : 1.4206863641738892,
			"BoundingBox3D Orientation Quat W" : 0.98764157295227051,
			"BoundingBox3D Orientation Quat X" : 0.0053183538839221001,
			"BoundingBox3D Orientation Quat Y" : 0.0028145508840680122,
			"BoundingBox3D Orientation Quat Z" : 0.15654881298542023,
			"BoundingBox3D Origin X" : -40.274837493896484,
			"BoundingBox3D Origin Y" : -10.317749977111816,
			"BoundingBox3D Origin Z" : 0.83982187509536743,
			"ObjectId" : 3,
			"ObjectType" : "CAR",
			"Occluded" : 0.0,
			"Relative Acceleration X" : 0.74840056896209717,
			"Relative Acceleration Y" : 2.5804915428161621,
			"Relative Acceleration Z" : 0.64149343967437744,
			"Relative Velocity X" : 2.2175154685974121,
			"Relative Velocity Y" : -6.1691513061523438,
			"Relative Velocity Z" : 0.59795862436294556,
			"Truncated" : 0
		},
		{
			"Absolute Acceleration X" : -0.92779350280761719,
			"Absolute Acceleration Y" : -2.2344205379486084,
			"Absolute Acceleration Z" : 0.094803750514984131,
			"Absolute Velocity X" : 11.000137329101562,
			"Absolute Velocity Y" : -4.3849449157714844,
			"Absolute Velocity Z" : 0.12891435623168945,
			"ActorName" : "CAR 06",
			"BoundingBox3D Extent X" : 4.2034726142883301,
			"BoundingBox3D Extent Y" : 2.0219583511352539,
			"BoundingBox3D Extent Z" : 1.5913317203521729,
			"BoundingBox3D Orientation Quat W" : -0.9838830828666687,
			"BoundingBox3D Orientation Quat X" : -0.022369805723428726,
			"BoundingBox3D Orientation Quat Y" : 0.0095839779824018478,
			"BoundingBox3D Orientation Quat Z" : 0.17710952460765839,
			"BoundingBox3D Origin X" : 24.641363143920898,
			"BoundingBox3D Origin Y" : -5.417396068572998,
			"BoundingBox3D Origin Z" : 0.70757967233657837,
			"ObjectId" : 6,
			"ObjectType" : "CAR",
			"Occluded" : 0.0,
			"Relative Acceleration X" : 0.25034636259078979,
			"Relative Acceleration Y" : 0.77978253364562988,
			"Relative Acceleration Z" : -0.026543334126472473,
			"Relative Velocity X" : -0.76636064052581787,
			"Relative Velocity Y" : 1.8364065885543823,
			"Relative Velocity Z" : 0.087672337889671326,
			"Truncated" : 0
		},
		{
			"Absolute Acceleration X" : -0.29677963256835938,
			"Absolute Acceleration Y" : -0.12515020370483398,
			"Absolute Acceleration Z" : 0.21188600361347198,
			"Absolute Velocity X" : 21.833877563476562,
			"Absolute Velocity Y" : 7.4187750816345215,
			"Absolute Velocity Z" : -0.019560588523745537,
			"ActorName" : "CAR 08",
			"BoundingBox3D Extent X" : 5.7427949905395508,
			"BoundingBox3D Extent Y" : 2.4905531406402588,
			"BoundingBox3D Extent Z" : 1.9797494411468506,
			"BoundingBox3D Orientation Quat W" : 0.98620152473449707,
			"BoundingBox3D Orientation Quat X" : -0.009176984429359436,
			"BoundingBox3D Orientation Quat Y" : -0.0041368282400071621,
			"BoundingBox3D Orientation Quat Z" : 0.1648019403219223,
			"BoundingBox3D Origin X" : 28.311227798461914,
			"BoundingBox3D Origin Y" : 33.023677825927734,
			"BoundingBox3D Origin Z" : 0.54905694723129272,
			"ObjectId" : 8,
			"ObjectType" : "CAR",
			"Occluded" : 0.0,
			"Relative Acceleration X" : -5.3974032402038574,
			"Relative Acceleration Y" : 5.6825847625732422,
			"Relative Acceleration Z" : -1.301537036895752,
			"Relative Velocity X" : 0.17262862622737885,
			"Relative Velocity Y" : 14.497524261474609,
			"Relative Velocity Z" : -0.70340722799301147,
			"Truncated" : 0
		},
		{
			"Absolute Acceleration X" : -0.078271865844726562,
			"Absolute Acceleration Y" : -0.36387729644775391,
			"Absolute Acceleration Z" : -0.052193678915500641,
			"Absolute Velocity X" : 30.800363540649414,
			"Absolute Velocity Y" : 10.529454231262207,
			"Absolute Velocity Z" : -0.040721796452999115,
			"ActorName" : "CAR 26",
			"BoundingBox3D Extent X" : 4.9069347381591797,
			"BoundingBox3D Extent Y" : 1.8999037742614746,
			"BoundingBox3D Extent Z" : 1.4766596555709839,
			"BoundingBox3D Orientation Quat W" : 0.98505955934524536,
			"BoundingBox3D Orientation Quat X" : 0.022339854389429092,
			"BoundingBox3D Orientation Quat Y" : 0.022737288847565651,
			"BoundingBox3D Orientation Quat Z" : 0.16818493604660034,
			"BoundingBox3D Origin X" : 74.69091796875,
			"BoundingBox3D Origin Y" : 51.976848602294922,
			"BoundingBox3D Origin Z" : 0.46188777685165405,
			"ObjectId" : 26,
			"ObjectType" : "CAR",
			"Occluded" : 0.0,
			"Relative Acceleration X" : -9.4339284896850586,
			"Relative Acceleration Y" : 9.3420791625976562,
			"Relative Acceleration Z" : -2.7680470943450928,
			"Relative Velocity X" : 4.3084402084350586,
			"Relative Velocity Y" : 29.360189437866211,
			"Relative Velocity Z" : -1.4442881345748901,
			"Truncated" : 0
		},
		{
			"Absolute Acceleration X" : 0.90608787536621094,
			"Absolute Acceleration Y" : 0.093431472778320312,
			"Absolute Acceleration Z" : 0.055592488497495651,
			"Absolute Velocity X" : 28.754724502563477,
			"Absolute Velocity Y" : 10.097906112670898,
			"Absolute Velocity Z" : -0.085436612367630005,
			"ActorName" : "CAR 30",