{
	"CapturedObjects" : 
	[
		{
			"Absolute Acceleration X" : -0.28295326232910156,
			"Absolute Acceleration Y" : -1.1144182682037354,
			"Absolute Acceleration Z" : 0.18397574126720428,
			"Absolute Velocity X" : 31.690328598022461,
			"Absolute Velocity Y" : 0.036591388285160065,
			"Absolute Velocity Z" : -0.24574002623558044,
			"ActorName" : "CAR 00",
			"BoundingBox3D Extent X" : 4.5042562484741211,
			"BoundingBox3D Extent Y" : 1.9098014831542969,
			"BoundingBox3D Extent Z" : 1.5026005506515503,
			"BoundingBox3D Orientation Quat W" : 0.99998182058334351,
			"BoundingBox3D Orientation Quat X" : -0.00073094607796519995,
			"BoundingBox3D Orientation Quat Y" : 0.0044830739498138428,
			"BoundingBox3D Orientation Quat Z" : 0.0013489591656252742,
			"BoundingBox3D Origin X" : -3.5699334144592285,
			"BoundingBox3D Origin Y" : 4.7920117378234863,
			"BoundingBox3D Origin Z" : 0.76353317499160767,
			"ObjectId" : 0,
			"ObjectType" : "CAR",
			"Occluded" : 0.0,
			"Relative Acceleration X" : -0.043306350708007812,
			"Relative Acceleration Y" : -0.20571623742580414,
			"Relative Acceleration Z" : 0.0039876829832792282,
			"Relative Velocity X" : 3.8747820854187012,
			"Relative Velocity Y" : 0.13335667550563812,
			"Relative Velocity Z" : -0.002660755068063736,
			"Truncated" : 0
		},
		{
			"Absolute Acceleration X" : -0.13882064819335938,
			"Absolute Acceleration Y" : -1.0808353424072266,
			"Absolute Acceleration Z" : 0.189860999584198,
			"Absolute Velocity X" : 32.542537689208984,
			"Absolute Velocity Y" : -0.82513457536697388,
			"Absolute Velocity Z" : -0.11450252681970596,
			"ActorName" : "CAR 01",
			"BoundingBox3D Extent X" : 4.5348529815673828,
			"BoundingBox3D Extent Y" : 1.9780007600784302,
			"BoundingBox3D Extent Z" : 1.5060240030288696,
			"BoundingBox3D Orientation Quat W" : -0.99992281198501587,
			"BoundingBox3D Orientation Quat X" : -0.00063911639153957367,
			"BoundingBox3D Orientation Quat Y" : -0.0021828061435371637,
			"BoundingBox3D Orientation Quat Z" : 0.011826176196336746,
			"BoundingBox3D Origin X" : 20.236705780029297,
			"BoundingBox3D Origin Y" : 4.0352206230163574,
			"BoundingBox3D Origin Z" : 0.63207858800888062,
			"ObjectId" : 1,
			"ObjectType" : "CAR",
			"Occluded" : 0.0,
			"Relative Acceleration X" : 0.12640237808227539,
			"Relative Acceleration Y" : -0.15512871742248535,
			"Relative Acceleration Z" : -0.038245398551225662,
			"Relative Velocity X" : 4.7444925308227539,
			"Relative Velocity Y" : -0.13564525544643402,
			"Relative Velocity Z" : -0.027529271319508553,
			"Truncated" : 0
		},
		{
			"Absolute Acceleration X" : 0.13312911987304688,
			"Absolute Acceleration Y" : -1.9543606042861938,
			"Absolute Acceleration Z" : 0.038074687123298645,
			"Absolute Velocity X" : 17.372159957885742,
			"Absolute Velocity Y" : -0.4977717399597168,
			"Absolute Velocity Z" : 0.16152197122573853,
			"ActorName" : "TRUCK 02",
			"BoundingBox3D Extent X" : 11.0,
			"BoundingBox3D Extent Y" : 2.815864086151123,
			"BoundingBox3D Extent Z" : 3.5491955280303955,
			"BoundingBox3D Orientation Quat W" : 0.99998319149017334,
			"BoundingBox3D Orientation Quat X" : -0.0013790946686640382,
			"BoundingBox3D Orientation Quat Y" : -0.0042086369358003139,
			"BoundingBox3D Orientation Quat Z" : -0.0007654117071069777,
			"BoundingBox3D Origin X" : 79.124908447265625,
			"BoundingBox3D Origin Y" : -7.3870267868041992,
			"BoundingBox3D Origin Z" : 1.8054027557373047,
			"ObjectId" : 2,
			"ObjectType" : "TRUCK",
			"Occluded" : 0.0,
			"Relative Acceleration X" : 0.32172203063964844,
			"Relative Acceleration Y" : -1.8743364810943604,
			"Relative Acceleration Z" : -0.1143714040517807,
			"Relative Velocity X" : -10.126955032348633,
			"Relative Velocity Y" : 1.6746318340301514,
			"Relative Velocity Z" : -0.12674206495285034,
			"Truncated" : 0
		},
		{
			"Absolute Acceleration X" : -0.169342041015625,
			"Absolute Acceleration Y" : -0.79148417711257935,
			"Absolute Acceleration Z" : 0.14117193222045898,
			"Absolute Velocity X" : 26.524044036865234,
			"Absolute Velocity Y" : -1.0408689975738525,
			"Absolute Velocity Z" : 0.043088860809803009,
			"ActorName" : "CAR 04",
			"BoundingBox3D Extent X" : 4.1167516708374023,
			"BoundingBox3D Extent Y" : 1.7308224439620972,
			"BoundingBox3D Extent Z" : 1.4999700784683228,
			"BoundingBox3D Orientation Quat W" : -0.99964016675949097,
			"BoundingBox3D Orientation Quat X" : -0.0023693863768130541,
			"BoundingBox3D Orientation Quat Y" : 0.0013791092205792665,
			"BoundingBox3D Orientation Quat Z" : 0.026600683107972145,
			"BoundingBox3D Origin X" : 44.932071685791016,
			"BoundingBox3D Origin Y" : -0.47897157073020935,
			"BoundingBox3D Origin Z" : 0.57087421417236328,
			"ObjectId" : 4,
			"ObjectType" : "CAR",
			"Occluded" : 0.0,
			"Relative Acceleration X" : 0.087235331535339355,
			"Relative Acceleration Y" : -0.20245085656642914,
			"Relative Acceleration Z" : -0.055334389209747314,
			"Relative Velocity X" : -1.1620795726776123,
			"Relative Velocity Y" : 0.26856842637062073,
			"Relative Velocity Z" : -0.027662444859743118,
			"Truncated" : 0
		},
		{
			"Absolute Acceleration X" : -0.14551544189453125,
			"Absolute Acceleration Y" : -0.45497870445251465,
			"Absolute Acceleration Z" : 0.082670271396636963,
			"Absolute Velocity X" : 24.783140182495117,
			"Absolute Velocity Y" : -3.3705065250396729,
			"Absolute Velocity Z" : 0.43878960609436035,
			"ActorName" : "CAR 05",
			"BoundingBox3D Extent X" : 4.0999999046325684,
			"BoundingBox3D Extent Y" : 1.8278701305389404,
			"BoundingBox3D Extent Z" : 1.5071696043014526,
			"BoundingBox3D Orientation Quat W" : -0.99758255481719971,
			"BoundingBox3D Orientation Quat X" : -0.00025189455482177436,
			"BoundingBox3D Orientation Quat Y" : 0.0080017130821943283,
			"BoundingBox3D Orientation Quat Z" : 0.068975411355495453,
			"BoundingBox3D Origin X" : 127.14999389648438,
			"BoundingBox3D Origin Y" : -7.9692482948303223,
			"BoundingBox3D Origin Z" : 1.3724095821380615,
			"ObjectId" : 5,
			"ObjectType" : "CAR",
			"Occluded" : 0.0,
			"Relative Acceleration X" : 0.16621112823486328,
			"Relative Acceleration Y" : -0.052177727222442627,
			"Relative Acceleration Z" : -0.23434902727603912,
			"Relative Velocity X" : -2.7120637893676758,
			"Relative Velocity Y" : -0.0087724830955266953,
			"Relative Velocity Z" : -0.16295592486858368,
			"Truncated" : 0
		},
		{
			"Absolute Acceleration X" : 0.83357435464859009,
			"Absolute Acceleration Y" : -0.67092597484588623,
			"Absolute Acceleration Z" : -0.063646659255027771,
			"Absolute Velocity X" : -32.138832092285156,
			"Absolute Velocity Y" : -1.4255033731460571,
			"Absolute Velocity Z" : 0.35465651750564575,
			"ActorName" : "CAR 08",
			"BoundingBox3D Extent X" : 4.242802619934082,
			"BoundingBox3D Extent Y" : 1.8973687887191772,
			"BoundingBox3D Extent Z" : 1.1037278175354004,
			"BoundingBox3D Orientation Quat W" : -0.01898903027176857,
			"BoundingBox3D Orientation Quat X" : 0.0047293165698647499,
			"BoundingBox3D Orientation Quat Y" : 0.0016166721470654011,
			"BoundingBox3D Orientation Quat Z" : 0.99980509281158447,
			"BoundingBox3D Origin X" : -61.036342620849609,
			"BoundingBox3D Origin Y" : 10.014342308044434,
			"BoundingBox3D Origin Z" : 1.6508052349090576,
			"ObjectId" : 8,
			"ObjectType" : "CAR",
			"Occluded" : 0.0,
			"Relative Acceleration X" : 1.1151096820831299,
			"Relative Acceleration Y" : -3.0400638580322266,
			"Relative Acceleration Z" : 0.45742878317832947,
			"Relative Velocity X" : -60.076335906982422,
			"Relative Velocity Y" : -2.7091729640960693,
			"Relative Velocity Z" : 0.93528139591217041,
			"Truncated" : 0
		},
		{
			"Absolute Acceleration X" : 0.35610389709472656,
			"Absolute Acceleration Y" : -0.63818728923797607,
			"Absolute Acceleration Z" : -0.071267977356910706,
			"Absolute Velocity X" : -31.590307235717773,
			"Absolute Velocity Y" : -0.89319860935211182,
			"Absolute Velocity Z" : 0.26511287689208984,