{
	"CapturedObjects" : 
	[
		{
			"Absolute Acceleration X" : 0.12872314453125,
			"Absolute Acceleration Y" : 0.038878381252288818,
			"Absolute Acceleration Z" : 0.0015726685523986816,
			"Absolute Velocity X" : 31.92790412902832,
			"Absolute Velocity Y" : -0.76652079820632935,
			"Absolute Velocity Z" : -0.2714863121509552,
			"ActorName" : "CAR 01",
			"BoundingBox3D Extent X" : 4.0999999046325684,
			"BoundingBox3D Extent Y" : 2.0434176921844482,
			"BoundingBox3D Extent Z" : 1.7555222511291504,
			"BoundingBox3D Orientation Quat W" : -0.99994164705276489,
			"BoundingBox3D Orientation Quat X" : 0.0016712101642042398,
			"BoundingBox3D Orientation Quat Y" : -0.0027447761967778206,
			"BoundingBox3D Orientation Quat Z" : 0.009632808156311512,
			"BoundingBox3D Origin X" : 125.17630767822266,
			"BoundingBox3D Origin Y" : 1.9024530649185181,
			"BoundingBox3D Origin Z" : -0.16984263062477112,
			"ObjectId" : 1,
			"ObjectType" : "CAR",
			"Occluded" : 0.0,
			"Relative Acceleration X" : 0.036250114440917969,
			"Relative Acceleration Y" : -0.34317302703857422,
			"Relative Acceleration Z" : -0.20585599541664124,
			"Relative Velocity X" : 12.603849411010742,
			"Relative Velocity Y" : 0.14246107637882233,
			"Relative Velocity Z" : -0.25746762752532959,
			"Truncated" : 0
		},
		{
			"Absolute Acceleration X" : 0.36998936533927917,
			"Absolute Acceleration Y" : 0.41063570976257324,
			"Absolute Acceleration Z" : 0.048024054616689682,
			"Absolute Velocity X" : 26.555791854858398,
			"Absolute Velocity Y" : -0.14549845457077026,
			"Absolute Velocity Z" : -0.23635029792785645,
			"ActorName" : "CAR 06",
			"BoundingBox3D Extent X" : 4.0999999046325684,
			"BoundingBox3D Extent Y" : 1.9416749477386475,
			"BoundingBox3D Extent Z" : 1.5827196836471558,
			"BoundingBox3D Orientation Quat W" : -0.99995797872543335,
			"BoundingBox3D Orientation Quat X" : 0.0068720174022018909,
			"BoundingBox3D Orientation Quat Y" : -0.0050682355649769306,
			"BoundingBox3D Orientation Quat Z" : 0.0026228530332446098,
			"BoundingBox3D Origin X" : 172.64622497558594,
			"BoundingBox3D Origin Y" : 1.1037056446075439,
			"BoundingBox3D Origin Z" : -0.7314445972442627,
			"ObjectId" : 6,
			"ObjectType" : "CAR",
			"Occluded" : 0.0,
			"Relative Acceleration X" : 0.25339382886886597,
			"Relative Acceleration Y" : 1.3470789194107056,
			"Relative Acceleration Z" : 0.75597077608108521,
			"Relative Velocity X" : 7.2405562400817871,
			"Relative Velocity Y" : 1.1718522310256958,
			"Relative Velocity Z" : -0.13008081912994385,
			"Truncated" : 0
		},
		{
			"Absolute Acceleration X" : 0.48792266845703125,
			"Absolute Acceleration Y" : -0.01411120593547821,
			"Absolute Acceleration Z" : -0.0059817135334014893,
			"Absolute Velocity X" : 19.723642349243164,
			"Absolute Velocity Y" : -0.13662999868392944,
			"Absolute Velocity Z" : -0.13373938202857971,
			"ActorName" : "CAR 07",
			"BoundingBox3D Extent X" : 4.1580929756164551,
			"BoundingBox3D Extent Y" : 1.6662228107452393,
			"BoundingBox3D Extent Z" : 1.5035252571105957,
			"BoundingBox3D Orientation Quat W" : 0.9999658465385437,
			"BoundingBox3D Orientation Quat X" : 0.00096099881920963526,
			"BoundingBox3D Orientation Quat Y" : 0.0035082621034234762,
			"BoundingBox3D Orientation Quat Z" : -0.0063596088439226151,
			"BoundingBox3D Origin X" : 22.894424438476562,
			"BoundingBox3D Origin Y" : -0.86600601673126221,
			"BoundingBox3D Origin Z" : 0.5811622142791748,
			"ObjectId" : 7,
			"ObjectType" : "CAR",
			"Occluded" : 0.0,
			"Relative Acceleration X" : 0.38146224617958069,
			"Relative Acceleration Y" : -0.015267111361026764,
			"Relative Acceleration Z" : -0.060404717922210693,
			"Relative Velocity X" : 0.41799464821815491,
			"Relative Velocity Y" : 0.15540443360805511,
			"Relative Velocity Z" : 0.0054633906111121178,
			"Truncated" : 0
		},
		{
			"Absolute Acceleration X" : -1.7821369171142578,
			"Absolute Acceleration Y" : -0.080491960048675537,
			"Absolute Acceleration Z" : -0.082453176379203796,
			"Absolute Velocity X" : 27.377996444702148,
			"Absolute Velocity Y" : -0.47036430239677429,
			"Absolute Velocity Z" : -0.2142530232667923,
			"ActorName" : "CAR 10",
			"BoundingBox3D Extent X" : 4.8711099624633789,
			"BoundingBox3D Extent Y" : 2.1350860595703125,
			"BoundingBox3D Extent Z" : 1.4998629093170166,
			"BoundingBox3D Orientation Quat W" : -0.99993807077407837,
			"BoundingBox3D Orientation Quat X" : 0.0048775901086628437,
			"BoundingBox3D Orientation Quat Y" : 0.0057310769334435463,
			"BoundingBox3D Orientation Quat Z" : 0.0067489566281437874,
			"BoundingBox3D Origin X" : 82.532608032226562,
			"BoundingBox3D Origin Y" : 2.4179806709289551,
			"BoundingBox3D Origin Z" : 0.18499840795993805,
			"ObjectId" : 10,
			"ObjectType" : "CAR",
			"Occluded" : 0.0,
			"Relative Acceleration X" : -1.8732905387878418,
			"Relative Acceleration Y" : -0.2953682541847229,
			"Relative Acceleration Z" : -0.22080811858177185,
			"Relative Velocity X" : 8.0515031814575195,
			"Relative Velocity Y" : 0.17902487516403198,
			"Relative Velocity Z" : -0.15204496681690216,
			"Truncated" : 0
		},
		{
			"Absolute Acceleration X" : -0.10995674133300781,
			"Absolute Acceleration Y" : 0.038978487253189087,
			"Absolute Acceleration Z" : 0.028811529278755188,
			"Absolute Velocity X" : 22.93470573425293,
			"Absolute Velocity Y" : -0.23238416016101837,
			"Absolute Velocity Z" : -0.1951410323381424,
			"ActorName" : "CAR 18",
			"BoundingBox3D Extent X" : 4.1515731811523438,
			"BoundingBox3D Extent Y" : 1.9043769836425781,
			"BoundingBox3D Extent Z" : 1.6695989370346069,
			"BoundingBox3D Orientation Quat W" : 0.99997222423553467,
			"BoundingBox3D Orientation Quat X" : -0.00074847525684162974,
			"BoundingBox3D Orientation Quat Y" : 0.0042959568090736866,
			"BoundingBox3D Orientation Quat Z" : -0.0055069196969270706,
			"BoundingBox3D Origin X" : -40.238811492919922,
			"BoundingBox3D Origin Y" : 3.2097127437591553,
			"BoundingBox3D Origin Z" : 1.0241255760192871,
			"ObjectId" : 18,
			"ObjectType" : "CAR",
			"Occluded" : 0.0,
			"Relative Acceleration X" : -0.19487333297729492,
			"Relative Acceleration Y" : 0.35186982154846191,
			"Relative Acceleration Z" : 0.096378743648529053,
			"Relative Velocity X" : 3.6039731502532959,
			"Relative Velocity Y" : -0.33203849196434021,
			"Relative Velocity Z" : 0.00079452386125922203,
			"Truncated" : 0
		},
		{
			"Absolute Acceleration X" : 0.28287506103515625,
			"Absolute Acceleration Y" : 0.22746182978153229,
			"Absolute Acceleration Z" : -0.15180084109306335,
			"Absolute Velocity X" : 31.777805328369141,
			"Absolute Velocity Y" : -0.37315893173217773,
			"Absolute Velocity Z" : -0.33717405796051025,
			"ActorName" : "TRUCK 21",
			"BoundingBox3D Extent X" : 11.0,
			"BoundingBox3D Extent Y" : 2.7573165893554688,
			"BoundingBox3D Extent Z" : 3.5830585956573486,
			"BoundingBox3D Orientation Quat W" : 0.99996387958526611,
			"BoundingBox3D Orientation Quat X" : 0.00059303449233993888,
			"BoundingBox3D Orientation Quat Y" : 0.0026108892634510994,
			"BoundingBox3D Orientation Quat Z" : -0.0060870330780744553,
			"BoundingBox3D Origin X" : 160.57504272460938,
			"BoundingBox3D Origin Y" : 5.1278576850891113,
			"BoundingBox3D Origin Z" : 0.65424638986587524,
			"ObjectId" : 21,
			"ObjectType" : "TRUCK",
			"Occluded" : 0.0,
			"Relative Acceleration X" : 0.20375251770019531,
			"Relative Acceleration Y" : -0.32086735963821411,
			"Relative Acceleration Z" : -0.41611051559448242,
			"Relative Velocity X" : 12.435420036315918,
			"Relative Velocity Y" : 0.75638812780380249,
			"Relative Velocity Z" : -0.36874017119407654,
			"Truncated" : 0
		},
		{
			"Absolute Acceleration X" : -0.022571414709091187,
			"Absolute Acceleration Y" : -0.44589373469352722,
			"Absolute Acceleration Z" : 0.0014735434670001268,
			"Absolute Velocity X" : -0.00064025225583463907,
			"Absolute Velocity Y" : -0.056870065629482269,