{
	"CapturedObjects" : 
	[
		{
			"Absolute Acceleration X" : -0.058295369148254395,
			"Absolute Acceleration Y" : -0.68089598417282104,
			"Absolute Acceleration Z" : 0.13773621618747711,
			"Absolute Velocity X" : 25.924013137817383,
			"Absolute Velocity Y" : -1.7065912485122681,
			"Absolute Velocity Z" : -0.18085660040378571,
			"ActorName" : "TRUCK 00",
			"BoundingBox3D Extent X" : 11.0,
			"BoundingBox3D Extent Y" : 2.7633500099182129,
			"BoundingBox3D Extent Z" : 3.5429394245147705,
			"BoundingBox3D Orientation Quat W" : -0.99947094917297363,
			"BoundingBox3D Orientation Quat X" : -0.00057409529108554125,
			"BoundingBox3D Orientation Quat Y" : -0.0027069023344665766,
			"BoundingBox3D Orientation Quat Z" : 0.032409891486167908,
			"BoundingBox3D Origin X" : 25.938016891479492,
			"BoundingBox3D Origin Y" : -3.8213698863983154,
			"BoundingBox3D Origin Z" : 1.5000083446502686,
			"ObjectId" : 0,
			"ObjectType" : "TRUCK",
			"Occluded" : 0.0,
			"Relative Acceleration X" : 0.042644944041967392,
			"Relative Acceleration Y" : 0.37386226654052734,
			"Relative Acceleration Z" : 0.034197650849819183,
			"Relative Velocity X" : -1.6829361915588379,
			"Relative Velocity Y" : -0.32951033115386963,
			"Relative Velocity Z" : 0.035077478736639023,
			"Truncated" : 0
		},
		{
			"Absolute Acceleration X" : -0.025467591360211372,
			"Absolute Acceleration Y" : -1.359897255897522,
			"Absolute Acceleration Z" : 0.046584654599428177,
			"Absolute Velocity X" : 27.924667358398438,
			"Absolute Velocity Y" : 0.64149028062820435,
			"Absolute Velocity Z" : -0.29296380281448364,
			"ActorName" : "CAR 01",
			"BoundingBox3D Extent X" : 4.303131103515625,
			"BoundingBox3D Extent Y" : 2.0774104595184326,
			"BoundingBox3D Extent Z" : 1.457223653793335,
			"BoundingBox3D Orientation Quat W" : 0.99995976686477661,
			"BoundingBox3D Orientation Quat X" : 0.0040199626237154007,
			"BoundingBox3D Orientation Quat Y" : 0.0050466344691812992,
			"BoundingBox3D Orientation Quat Z" : 0.0058325575664639473,
			"BoundingBox3D Origin X" : -18.94407844543457,
			"BoundingBox3D Origin Y" : -0.099580511450767517,
			"BoundingBox3D Origin Z" : 0.84091925621032715,
			"ObjectId" : 1,
			"ObjectType" : "CAR",
			"Occluded" : 0.0,
			"Relative Acceleration X" : -0.0029163914732635021,
			"Relative Acceleration Y" : -0.15059252083301544,
			"Relative Acceleration Z" : 0.050110995769500732,
			"Relative Velocity X" : 0.14881235361099243,
			"Relative Velocity Y" : 0.030175777152180672,
			"Relative Velocity Z" : -0.042831171303987503,
			"Truncated" : 0
		},
		{
			"Absolute Acceleration X" : -0.21604397892951965,
			"Absolute Acceleration Y" : -1.3940105438232422,
			"Absolute Acceleration Z" : 0.10682529956102371,
			"Absolute Velocity X" : 28.194175720214844,
			"Absolute Velocity Y" : -2.7852871417999268,
			"Absolute Velocity Z" : -0.084347739815711975,
			"ActorName" : "CAR 02",
			"BoundingBox3D Extent X" : 4.4205107688903809,
			"BoundingBox3D Extent Y" : 1.9659700393676758,
			"BoundingBox3D Extent Z" : 2.0693130493164062,
			"BoundingBox3D Orientation Quat W" : -0.99834054708480835,
			"BoundingBox3D Orientation Quat X" : -0.0064959991723299026,
			"BoundingBox3D Orientation Quat Y" : 0.0001384156639687717,
			"BoundingBox3D Orientation Quat Z" : 0.057160194963216782,
			"BoundingBox3D Origin X" : 41.813961029052734,
			"BoundingBox3D Origin Y" : -2.3348307609558105,
			"BoundingBox3D Origin Z" : 0.70304632186889648,
			"ObjectId" : 2,
			"ObjectType" : "CAR",
			"Occluded" : 0.0,
			"Relative Acceleration X" : -0.023347537964582443,
			"Relative Acceleration Y" : -0.20382466912269592,
			"Relative Acceleration Z" : 0.065026625990867615,
			"Relative Velocity X" : 0.53675776720046997,
			"Relative Velocity Y" : -0.64071553945541382,
			"Relative Velocity Z" : -0.0026080075185745955,
			"Truncated" : 0
		},
		{
			"Absolute Acceleration X" : -0.23765295743942261,
			"Absolute Acceleration Y" : -0.4650999903678894,
			"Absolute Acceleration Z" : 0.14107140898704529,
			"Absolute Velocity X" : 27.644199371337891,
			"Absolute Velocity Y" : 3.6001620292663574,
			"Absolute Velocity Z" : -0.32867506146430969,
			"ActorName" : "CAR 03",
			"BoundingBox3D Extent X" : 4.1127033233642578,
			"BoundingBox3D Extent Y" : 1.7483216524124146,
			"BoundingBox3D Extent Z" : 0.9058912992477417,
			"BoundingBox3D Orientation Quat W" : 0.99811238050460815,
			"BoundingBox3D Orientation Quat X" : -0.0018883338198065758,
			"BoundingBox3D Orientation Quat Y" : 0.0056559448130428791,
			"BoundingBox3D Orientation Quat Z" : 0.061059199273586273,
			"BoundingBox3D Origin X" : -82.460975646972656,
			"BoundingBox3D Origin Y" : -4.9358348846435547,
			"BoundingBox3D Origin Z" : 1.1814554929733276,
			"ObjectId" : 3,
			"ObjectType" : "CAR",
			"Occluded" : 0.0,
			"Relative Acceleration X" : -0.40289959311485291,
			"Relative Acceleration Y" : 0.67084330320358276,
			"Relative Acceleration Z" : 0.46999579668045044,
			"Relative Velocity X" : 0.074936985969543457,
			"Relative Velocity Y" : 0.18339487910270691,
			"Relative Velocity Z" : -0.17149069905281067,
			"Truncated" : 0
		},
		{
			"Absolute Acceleration X" : -0.34077197313308716,
			"Absolute Acceleration Y" : -2.2472817897796631,
			"Absolute Acceleration Z" : 0.38369375467300415,
			"Absolute Velocity X" : 34.843711853027344,
			"Absolute Velocity Y" : -1.8983316421508789,
			"Absolute Velocity Z" : -0.25988814234733582,
			"ActorName" : "CAR 04",
			"BoundingBox3D Extent X" : 4.2349643707275391,
			"BoundingBox3D Extent Y" : 1.8180181980133057,
			"BoundingBox3D Extent Z" : 1.474003791809082,
			"BoundingBox3D Orientation Quat W" : -0.99956804513931274,
			"BoundingBox3D Orientation Quat X" : -0.0011362377554178238,
			"BoundingBox3D Orientation Quat Y" : -0.0051595894619822502,
			"BoundingBox3D Orientation Quat Z" : 0.028605762869119644,
			"BoundingBox3D Origin X" : 25.850509643554688,
			"BoundingBox3D Origin Y" : -7.2070064544677734,
			"BoundingBox3D Origin Z" : 0.45221307873725891,
			"ObjectId" : 4,
			"ObjectType" : "CAR",
			"Occluded" : 0.0,
			"Relative Acceleration X" : -0.1648963987827301,
			"Relative Acceleration Y" : -0.56667643785476685,
			"Relative Acceleration Z" : 0.34031429886817932,
			"Relative Velocity X" : 7.3947596549987793,
			"Relative Velocity Y" : -0.37573409080505371,
			"Relative Velocity Z" : -0.12421069294214249,
			"Truncated" : 0
		},
		{
			"Absolute Acceleration X" : 0.5248645544052124,
			"Absolute Acceleration Y" : -0.95268851518630981,
			"Absolute Acceleration Z" : 0.0086913295090198517,
			"Absolute Velocity X" : 29.304460525512695,
			"Absolute Velocity Y" : 2.3669044971466064,
			"Absolute Velocity Z" : -0.33226549625396729,
			"ActorName" : "CAR 05",
			"BoundingBox3D Extent X" : 4.2242927551269531,
			"BoundingBox3D Extent Y" : 2.1238579750061035,
			"BoundingBox3D Extent Z" : 1.4662171602249146,
			"BoundingBox3D Orientation Quat W" : 0.99920147657394409,
			"BoundingBox3D Orientation Quat X" : 0.0061341095715761185,
			"BoundingBox3D Orientation Quat Y" : 0.0066414321772754192,
			"BoundingBox3D Orientation Quat Z" : 0.038773000240325928,
			"BoundingBox3D Origin X" : -59.733837127685547,
			"BoundingBox3D Origin Y" : -9.9403324127197266,
			"BoundingBox3D Origin Z" : 1.2455993890762329,
			"ObjectId" : 5,
			"ObjectType" : "CAR",
			"Occluded" : 0.0,
			"Relative Acceleration X" : 0.45391318202018738,
			"Relative Acceleration Y" : 0.35363081097602844,
			"Relative Acceleration Z" : 0.12798489630222321,
			"Relative Velocity X" : 1.9542478322982788,
			"Relative Velocity Y" : 0.012516987510025501,
			"Relative Velocity Z" : -0.054861605167388916,
			"Truncated" : 0
		},
		{
			"Absolute Acceleration X" : 0.39342167973518372,
			"Absolute Acceleration Y" : -1.1842935085296631,
			"Absolute Acceleration Z" : -0.1554974764585495,
			"Absolute Velocity X" : 24.222854614257812,
			"Absolute Velocity Y" : 7.746157169342041,
			"Absolute Velocity Z" : -0.67384582757949829,