{
	"CapturedObjects" : 
	[
		{
			"Absolute Acceleration X" : 0.35574531555175781,
			"Absolute Acceleration Y" : -0.300087571144104,
			"Absolute Acceleration Z" : -0.030511915683746338,
			"Absolute Velocity X" : 29.956436157226562,
			"Absolute Velocity Y" : -0.46405363082885742,
			"Absolute Velocity Z" : -0.27326780557632446,
			"ActorName" : "CAR 00",
			"BoundingBox3D Extent X" : 4.1676054000854492,
			"BoundingBox3D Extent Y" : 2.0217900276184082,
			"BoundingBox3D Extent Z" : 1.4507161378860474,
			"BoundingBox3D Orientation Quat W" : -0.99995517730712891,
			"BoundingBox3D Orientation Quat X" : -0.0038203943986445665,
			"BoundingBox3D Orientation Quat Y" : -0.0042755571193993092,
			"BoundingBox3D Orientation Quat Z" : 0.0074870842508971691,
			"BoundingBox3D Origin X" : 10.873837471008301,
			"BoundingBox3D Origin Y" : 3.2971627712249756,
			"BoundingBox3D Origin Z" : 0.64428764581680298,
			"ObjectId" : 0,
			"ObjectType" : "CAR",
			"Occluded" : 0.0,
			"Relative Acceleration X" : 0.36527705192565918,
			"Relative Acceleration Y" : 0.1549566388130188,
			"Relative Acceleration Z" : -0.04854942113161087,
			"Relative Velocity X" : 2.8254187107086182,
			"Relative Velocity Y" : -0.097523778676986694,
			"Relative Velocity Z" : -0.0051925033330917358,
			"Truncated" : 0
		},
		{
			"Absolute Acceleration X" : -0.39510917663574219,
			"Absolute Acceleration Y" : -0.48480814695358276,
			"Absolute Acceleration Z" : 0.020751059055328369,
			"Absolute Velocity X" : 28.989692687988281,
			"Absolute Velocity Y" : -0.040843959897756577,
			"Absolute Velocity Z" : -0.25323417782783508,
			"ActorName" : "CAR 01",
			"BoundingBox3D Extent X" : 4.7093315124511719,
			"BoundingBox3D Extent Y" : 2.1400377750396729,
			"BoundingBox3D Extent Z" : 1.7339202165603638,
			"BoundingBox3D Orientation Quat W" : 0.99997913837432861,
			"BoundingBox3D Orientation Quat X" : 0.0034970615524798632,
			"BoundingBox3D Orientation Quat Y" : 0.0043432647362351418,
			"BoundingBox3D Orientation Quat Z" : 0.0022874686401337385,
			"BoundingBox3D Origin X" : -13.799583435058594,
			"BoundingBox3D Origin Y" : 2.9088914394378662,
			"BoundingBox3D Origin Z" : 0.98904550075531006,
			"ObjectId" : 1,
			"ObjectType" : "CAR",
			"Occluded" : 0.0,
			"Relative Acceleration X" : -0.39120995998382568,
			"Relative Acceleration Y" : -0.055840469896793365,
			"Relative Acceleration Z" : 0.039395526051521301,
			"Relative Velocity X" : 1.8632074594497681,
			"Relative Velocity Y" : -0.019015396013855934,
			"Relative Velocity Z" : -0.08043033629655838,
			"Truncated" : 0
		},
		{
			"Absolute Acceleration X" : -0.017879486083984375,
			"Absolute Acceleration Y" : -0.26525533199310303,
			"Absolute Acceleration Z" : 0.010624170303344727,
			"Absolute Velocity X" : 26.656747817993164,
			"Absolute Velocity Y" : -1.5289715528488159,
			"Absolute Velocity Z" : -0.21570898592472076,
			"ActorName" : "CAR 02",
			"BoundingBox3D Extent X" : 4.1892967224121094,
			"BoundingBox3D Extent Y" : 1.8758935928344727,
			"BoundingBox3D Extent Z" : 2.1399004459381104,
			"BoundingBox3D Orientation Quat W" : -0.99957937002182007,
			"BoundingBox3D Orientation Quat X" : -0.0020734199788421392,
			"BoundingBox3D Orientation Quat Y" : -0.0027625397779047489,
			"BoundingBox3D Orientation Quat Z" : 0.028678547590970993,
			"BoundingBox3D Origin X" : 85.590217590332031,
			"BoundingBox3D Origin Y" : -3.0659821033477783,
			"BoundingBox3D Origin Z" : 0.29838129878044128,
			"ObjectId" : 2,
			"ObjectType" : "CAR",
			"Occluded" : 0.0,
			"Relative Acceleration X" : 0.0056980252265930176,
			"Relative Acceleration Y" : 0.095946744084358215,
			"Relative Acceleration Z" : -0.053412124514579773,
			"Relative Velocity X" : -0.38526555895805359,
			"Relative Velocity Y" : -0.12310844659805298,
			"Relative Velocity Z" : 0.34063994884490967,
			"Truncated" : 0
		},
		{
			"Absolute Acceleration X" : 0.4781036376953125,
			"Absolute Acceleration Y" : -0.15370923280715942,
			"Absolute Acceleration Z" : 0.044172197580337524,
			"Absolute Velocity X" : 29.06117057800293,
			"Absolute Velocity Y" : 0.27836838364601135,
			"Absolute Velocity Z" : -0.28125599026679993,
			"ActorName" : "CAR 03",
			"BoundingBox3D Extent X" : 4.2396087646484375,
			"BoundingBox3D Extent Y" : 2.1024894714355469,
			"BoundingBox3D Extent Z" : 1.6439502239227295,
			"BoundingBox3D Orientation Quat W" : 0.99997466802597046,
			"BoundingBox3D Orientation Quat X" : 0.004853531252592802,
			"BoundingBox3D Orientation Quat Y" : 0.0045885825529694557,
			"BoundingBox3D Orientation Quat Z" : 0.0010514355963096023,
			"BoundingBox3D Origin X" : -32.147296905517578,
			"BoundingBox3D Origin Y" : 1.4494808912277222,
			"BoundingBox3D Origin Z" : 1.0519076585769653,
			"ObjectId" : 3,
			"ObjectType" : "CAR",
			"Occluded" : 0.0,
			"Relative Acceleration X" : 0.47600996494293213,
			"Relative Acceleration Y" : 0.27866104245185852,
			"Relative Acceleration Z" : 0.087102383375167847,
			"Relative Velocity X" : 1.954184889793396,
			"Relative Velocity Y" : 0.046428747475147247,
			"Relative Velocity Z" : -0.1758207380771637,
			"Truncated" : 0
		},
		{
			"Absolute Acceleration X" : -0.1078338623046875,
			"Absolute Acceleration Y" : -0.61547142267227173,
			"Absolute Acceleration Z" : 0.021903932094573975,
			"Absolute Velocity X" : 29.51507568359375,
			"Absolute Velocity Y" : -1.0601260662078857,
			"Absolute Velocity Z" : -0.27353188395500183,
			"ActorName" : "CAR 04",
			"BoundingBox3D Extent X" : 4.246734619140625,
			"BoundingBox3D Extent Y" : 1.9392895698547363,
			"BoundingBox3D Extent Z" : 1.4446032047271729,
			"BoundingBox3D Orientation Quat W" : -0.99981099367141724,
			"BoundingBox3D Orientation Quat X" : -0.004124137107282877,
			"BoundingBox3D Orientation Quat Y" : -0.0047001615166664124,
			"BoundingBox3D Orientation Quat Z" : 0.018368924036622047,
			"BoundingBox3D Origin X" : 24.854804992675781,
			"BoundingBox3D Origin Y" : 2.6007080078125,
			"BoundingBox3D Origin Z" : 0.48432385921478271,
			"ObjectId" : 4,
			"ObjectType" : "CAR",
			"Occluded" : 0.0,
			"Relative Acceleration X" : -0.083903789520263672,
			"Relative Acceleration Y" : -0.17532825469970703,
			"Relative Acceleration Z" : -0.0056719034910202026,
			"Relative Velocity X" : 2.3947205543518066,
			"Relative Velocity Y" : -0.49987146258354187,
			"Relative Velocity Z" : 0.048385094851255417,
			"Truncated" : 0
		},
		{
			"Absolute Acceleration X" : 0.046741485595703125,
			"Absolute Acceleration Y" : -0.36230158805847168,
			"Absolute Acceleration Z" : -0.0074208676815032959,
			"Absolute Velocity X" : 27.539167404174805,
			"Absolute Velocity Y" : 0.7201380729675293,
			"Absolute Velocity Z" : -0.2567170262336731,
			"ActorName" : "CAR 05",
			"BoundingBox3D Extent X" : 4.1308565139770508,
			"BoundingBox3D Extent Y" : 1.8116025924682617,
			"BoundingBox3D Extent Z" : 1.1426653861999512,
			"BoundingBox3D Orientation Quat W" : 0.99991309642791748,
			"BoundingBox3D Orientation Quat X" : 0.0016083581140264869,
			"BoundingBox3D Orientation Quat Y" : 0.0053909546695649624,
			"BoundingBox3D Orientation Quat Z" : 0.011730986647307873,
			"BoundingBox3D Origin X" : -67.040145874023438,
			"BoundingBox3D Origin Y" : -0.76870965957641602,
			"BoundingBox3D Origin Z" : 1.0985727310180664,
			"ObjectId" : 5,
			"ObjectType" : "CAR",
			"Occluded" : 0.0,
			"Relative Acceleration X" : 0.04037436842918396,
			"Relative Acceleration Y" : 0.027493726462125778,
			"Relative Acceleration Z" : 0.093448147177696228,
			"Relative Velocity X" : 0.46358859539031982,
			"Relative Velocity Y" : 0.0012764866696670651,
			"Relative Velocity Z" : -0.28339275717735291,
			"Truncated" : 0
		},
		{
			"Absolute Acceleration X" : -0.00762939453125,
			"Absolute Acceleration Y" : 0.20148004591464996,
			"Absolute Acceleration Z" : 0.0089761819690465927,
			"Absolute Velocity X" : 25.295162200927734,
			"Absolute Velocity Y" : -1.6864733695983887,