{
	"CapturedObjects" : 
	[
		{
			"Absolute Acceleration X" : -0.22393035888671875,
			"Absolute Acceleration Y" : 0.10876339673995972,
			"Absolute Acceleration Z" : -0.0072398930788040161,
			"Absolute Velocity X" : 22.858423233032227,
			"Absolute Velocity Y" : 0.31080368161201477,
			"Absolute Velocity Z" : -0.20103238523006439,
			"ActorName" : "CAR 00",
			"BoundingBox3D Extent X" : 5.0962448120117188,
			"BoundingBox3D Extent Y" : 1.9460623264312744,
			"BoundingBox3D Extent Z" : 1.7667186260223389,
			"BoundingBox3D Orientation Quat W" : 0.99964892864227295,
			"BoundingBox3D Orientation Quat X" : -0.024155156686902046,
			"BoundingBox3D Orientation Quat Y" : 0.0039467033930122852,
			"BoundingBox3D Orientation Quat Z" : 0.0079895518720149994,
			"BoundingBox3D Origin X" : 9.0216178894042969,
			"BoundingBox3D Origin Y" : 11.543205261230469,
			"BoundingBox3D Origin Z" : 0.77914720773696899,
			"ObjectId" : 0,
			"ObjectType" : "CAR",
			"Occluded" : 0.0,
			"Relative Acceleration X" : -0.18409347534179688,
			"Relative Acceleration Y" : -0.2084905207157135,
			"Relative Acceleration Z" : -0.079997718334197998,
			"Relative Velocity X" : 1.4349603652954102,
			"Relative Velocity Y" : 0.40610405802726746,
			"Relative Velocity Z" : -0.027735939249396324,
			"Truncated" : 0
		},
		{
			"Absolute Acceleration X" : -0.016956329345703125,
			"Absolute Acceleration Y" : 0.22205424308776855,
			"Absolute Acceleration Z" : 0.0004644542932510376,
			"Absolute Velocity X" : 22.711727142333984,
			"Absolute Velocity Y" : 0.69315004348754883,
			"Absolute Velocity Z" : -0.21579541265964508,
			"ActorName" : "TRUCK 02",
			"BoundingBox3D Extent X" : 11.0,
			"BoundingBox3D Extent Y" : 2.8361189365386963,
			"BoundingBox3D Extent Z" : 3.5865716934204102,
			"BoundingBox3D Orientation Quat W" : 0.99936622381210327,
			"BoundingBox3D Orientation Quat X" : -0.030636224895715714,
			"BoundingBox3D Orientation Quat Y" : 0.004667084664106369,
			"BoundingBox3D Orientation Quat Z" : 0.017233194783329964,
			"BoundingBox3D Origin X" : 41.276226043701172,
			"BoundingBox3D Origin Y" : 12.473548889160156,
			"BoundingBox3D Origin Z" : 1.3755600452423096,
			"ObjectId" : 2,
			"ObjectType" : "TRUCK",
			"Occluded" : 0.0,
			"Relative Acceleration X" : 0.030706286430358887,
			"Relative Acceleration Y" : -0.19822010397911072,
			"Relative Acceleration Z" : -0.080299653112888336,
			"Relative Velocity X" : 1.2996230125427246,
			"Relative Velocity Y" : 0.38731822371482849,
			"Relative Velocity Z" : -0.020567392930388451,
			"Truncated" : 0
		},
		{
			"Absolute Acceleration X" : -0.56326675415039062,
			"Absolute Acceleration Y" : 0.29277029633522034,
			"Absolute Acceleration Z" : -0.016391366720199585,
			"Absolute Velocity X" : 21.574918746948242,
			"Absolute Velocity Y" : 0.1447940319776535,
			"Absolute Velocity Z" : -0.15585654973983765,
			"ActorName" : "CAR 04",
			"BoundingBox3D Extent X" : 4.1754417419433594,
			"BoundingBox3D Extent Y" : 1.7123286724090576,
			"BoundingBox3D Extent Z" : 1.4943684339523315,
			"BoundingBox3D Orientation Quat W" : 0.99997127056121826,
			"BoundingBox3D Orientation Quat X" : 0.001926604425534606,
			"BoundingBox3D Orientation Quat Y" : 0.0031683263368904591,
			"BoundingBox3D Orientation Quat Z" : 0.0058487947098910809,
			"BoundingBox3D Origin X" : 29.432832717895508,
			"BoundingBox3D Origin Y" : 0.26610177755355835,
			"BoundingBox3D Origin Z" : 0.46180951595306396,
			"ObjectId" : 4,
			"ObjectType" : "CAR",
			"Occluded" : 0.0,
			"Relative Acceleration X" : -0.56800234317779541,
			"Relative Acceleration Y" : -0.062138251960277557,
			"Relative Acceleration Z" : -0.027319155633449554,
			"Relative Velocity X" : 0.01136962603777647,
			"Relative Velocity Y" : -0.01267202477902174,
			"Relative Velocity Z" : 0.042861100286245346,
			"Truncated" : 0
		},
		{
			"Absolute Acceleration X" : 0.14245223999023438,
			"Absolute Acceleration Y" : 0.19849753379821777,
			"Absolute Acceleration Z" : -0.00085178017616271973,
			"Absolute Velocity X" : 25.091009140014648,
			"Absolute Velocity Y" : -1.2014167308807373,
			"Absolute Velocity Z" : -0.28766286373138428,
			"ActorName" : "TRUCK 05",
			"BoundingBox3D Extent X" : 11.0,
			"BoundingBox3D Extent Y" : 2.847881555557251,
			"BoundingBox3D Extent Z" : 1.9118857383728027,
			"BoundingBox3D Orientation Quat W" : -0.99861842393875122,
			"BoundingBox3D Orientation Quat X" : 0.045880790799856186,
			"BoundingBox3D Orientation Quat Y" : -0.0041260309517383575,
			"BoundingBox3D Orientation Quat Z" : 0.024090757593512535,
			"BoundingBox3D Origin X" : -155.53240966796875,
			"BoundingBox3D Origin Y" : 15.816329002380371,
			"BoundingBox3D Origin Z" : 2.2368226051330566,
			"ObjectId" : 5,
			"ObjectType" : "TRUCK",
			"Occluded" : 0.0,
			"Relative Acceleration X" : 0.18489956855773926,
			"Relative Acceleration Y" : 0.38791316747665405,
			"Relative Acceleration Z" : -0.087615959346294403,
			"Relative Velocity X" : 3.721430778503418,
			"Relative Velocity Y" : 0.9408302903175354,
			"Relative Velocity Z" : -0.23556201159954071,
			"Truncated" : 0
		},
		{
			"Absolute Acceleration X" : -0.027101516723632812,
			"Absolute Acceleration Y" : 0.2853931188583374,
			"Absolute Acceleration Z" : -0.0038961023092269897,
			"Absolute Velocity X" : 22.707733154296875,
			"Absolute Velocity Y" : 0.83251559734344482,
			"Absolute Velocity Z" : -0.22453735768795013,
			"ActorName" : "TRUCK 12",
			"BoundingBox3D Extent X" : 11.0,
			"BoundingBox3D Extent Y" : 2.2660648822784424,
			"BoundingBox3D Extent Z" : 3.9199919700622559,
			"BoundingBox3D Orientation Quat W" : 0.99948233366012573,
			"BoundingBox3D Orientation Quat X" : -0.026233222335577011,
			"BoundingBox3D Orientation Quat Y" : 0.0042985836043953896,
			"BoundingBox3D Orientation Quat Z" : 0.016906837001442909,
			"BoundingBox3D Origin X" : 51.363574981689453,
			"BoundingBox3D Origin Y" : 12.315447807312012,
			"BoundingBox3D Origin Z" : 1.472783088684082,
			"ObjectId" : 12,
			"ObjectType" : "TRUCK",
			"Occluded" : 0.0,
			"Relative Acceleration X" : 0.021223545074462891,
			"Relative Acceleration Y" : -0.16866153478622437,
			"Relative Acceleration Z" : -0.084896199405193329,
			"Relative Velocity X" : 1.2937171459197998,
			"Relative Velocity Y" : 0.40109628438949585,
			"Relative Velocity Z" : -0.022108949720859528,
			"Truncated" : 0
		},
		{
			"Absolute Acceleration X" : 0.045782092958688736,
			"Absolute Acceleration Y" : 0.3211338222026825,
			"Absolute Acceleration Z" : -0.051779229193925858,
			"Absolute Velocity X" : 24.358829498291016,
			"Absolute Velocity Y" : -1.1597388982772827,
			"Absolute Velocity Z" : -0.029725480824708939,
			"ActorName" : "CAR 15",
			"BoundingBox3D Extent X" : 5.2638630867004395,
			"BoundingBox3D Extent Y" : 2.1990036964416504,
			"BoundingBox3D Extent Z" : 1.6135897636413574,
			"BoundingBox3D Orientation Quat W" : -0.99769192934036255,
			"BoundingBox3D Orientation Quat X" : 0.063220568001270294,
			"BoundingBox3D Orientation Quat Y" : -0.0023416024632751942,
			"BoundingBox3D Orientation Quat Z" : 0.022427726536989212,
			"BoundingBox3D Origin X" : -98.329132080078125,
			"BoundingBox3D Origin Y" : 13.490070343017578,
			"BoundingBox3D Origin Z" : 1.8312290906906128,
			"ObjectId" : 15,
			"ObjectType" : "CAR",
			"Occluded" : 0.0,
			"Relative Acceleration X" : 0.051948521286249161,
			"Relative Acceleration Y" : 0.30475133657455444,
			"Relative Acceleration Z" : -0.0045846574939787388,
			"Relative Velocity X" : 2.9585938453674316,
			"Relative Velocity Y" : 0.27156257629394531,
			"Relative Velocity Z" : 0.066227376461029053,
			"Truncated" : 0
		},
		{
			"Absolute Acceleration X" : -0.52019882202148438,
			"Absolute Acceleration Y" : 0.49613356590270996,
			"Absolute Acceleration Z" : -0.063770696520805359,
			"Absolute Velocity X" : 29.152059555053711,
			"Absolute Velocity Y" : 2.4992058277130127,
			"Absolute Velocity Z" : -0.27162718772888184,
			"ActorName" : "CAR 19",