{
	"CapturedObjects" : 
	[
		{
			"Absolute Acceleration X" : 0.13677024841308594,
			"Absolute Acceleration Y" : 1.4281426668167114,
			"Absolute Acceleration Z" : 0.064419358968734741,
			"Absolute Velocity X" : 26.355585098266602,
			"Absolute Velocity Y" : -1.8974020481109619,
			"Absolute Velocity Z" : -0.28885969519615173,
			"ActorName" : "CAR 00",
			"BoundingBox3D Extent X" : 4.6047258377075195,
			"BoundingBox3D Extent Y" : 2.0758121013641357,
			"BoundingBox3D Extent Z" : 1.6651383638381958,
			"BoundingBox3D Orientation Quat W" : -0.99937260150909424,
			"BoundingBox3D Orientation Quat X" : -0.0022017492447048426,
			"BoundingBox3D Orientation Quat Y" : -0.0051744431257247925,
			"BoundingBox3D Orientation Quat Z" : 0.034872211515903473,
			"BoundingBox3D Origin X" : -36.241546630859375,
			"BoundingBox3D Origin Y" : -5.2347249984741211,
			"BoundingBox3D Origin Z" : 1.2244536876678467,
			"ObjectId" : 0,
			"ObjectType" : "CAR",
			"Occluded" : 0.0,
			"Relative Acceleration X" : -0.13038730621337891,
			"Relative Acceleration Y" : 0.12235662341117859,
			"Relative Acceleration Z" : -0.090479068458080292,
			"Relative Velocity X" : -1.359499454498291,
			"Relative Velocity Y" : 0.50881880521774292,
			"Relative Velocity Z" : -0.023156832903623581,
			"Truncated" : 0
		},
		{
			"Absolute Acceleration X" : 0.25720596313476562,
			"Absolute Acceleration Y" : 1.4712733030319214,
			"Absolute Acceleration Z" : 0.028179407119750977,
			"Absolute Velocity X" : 27.563278198242188,
			"Absolute Velocity Y" : -1.5505223274230957,
			"Absolute Velocity Z" : -0.2816983163356781,
			"ActorName" : "CAR 02",
			"BoundingBox3D Extent X" : 4.2716598510742188,
			"BoundingBox3D Extent Y" : 2.048614501953125,
			"BoundingBox3D Extent Z" : 1.4430321455001831,
			"BoundingBox3D Orientation Quat W" : -0.99961197376251221,
			"BoundingBox3D Orientation Quat X" : 0.0075314613059163094,
			"BoundingBox3D Orientation Quat Y" : -0.0050231427885591984,
			"BoundingBox3D Orientation Quat Z" : 0.026284543797373772,
			"BoundingBox3D Origin X" : -21.019311904907227,
			"BoundingBox3D Origin Y" : 0.43304577469825745,
			"BoundingBox3D Origin Z" : 0.88501548767089844,
			"ObjectId" : 2,
			"ObjectType" : "CAR",
			"Occluded" : 0.0,
			"Relative Acceleration X" : 0.006912916898727417,
			"Relative Acceleration Y" : -0.0021454654633998871,
			"Relative Acceleration Z" : -0.061410408467054367,
			"Relative Velocity X" : 0.16362550854682922,
			"Relative Velocity Y" : 0.0052242651581764221,
			"Relative Velocity Z" : -0.018375862389802933,
			"Truncated" : 0
		},
		{
			"Absolute Acceleration X" : 0.64514923095703125,
			"Absolute Acceleration Y" : 0.81612682342529297,
			"Absolute Acceleration Z" : 0.030869841575622559,
			"Absolute Velocity X" : 25.916681289672852,
			"Absolute Velocity Y" : -0.75674426555633545,
			"Absolute Velocity Z" : -0.26844918727874756,
			"ActorName" : "CAR 04",
			"BoundingBox3D Extent X" : 4.4662790298461914,
			"BoundingBox3D Extent Y" : 1.9310622215270996,
			"BoundingBox3D Extent Z" : 1.4250738620758057,
			"BoundingBox3D Orientation Quat W" : -0.99985653162002563,
			"BoundingBox3D Orientation Quat X" : 0.0066843358799815178,
			"BoundingBox3D Orientation Quat Y" : -0.0053226705640554428,
			"BoundingBox3D Orientation Quat Z" : 0.014270087704062462,
			"BoundingBox3D Origin X" : -18.817239761352539,
			"BoundingBox3D Origin Y" : -3.719700813293457,
			"BoundingBox3D Origin Z" : 0.91169142723083496,
			"ObjectId" : 4,
			"ObjectType" : "CAR",
			"Occluded" : 0.0,
			"Relative Acceleration X" : 0.45795106887817383,
			"Relative Acceleration Y" : -0.47249951958656311,
			"Relative Acceleration Z" : -0.087435662746429443,
			"Relative Velocity X" : -1.7184940576553345,
			"Relative Velocity Y" : 0.6733173131942749,
			"Relative Velocity Z" : -0.015860768035054207,
			"Truncated" : 0
		},
		{
			"Absolute Acceleration X" : 1.6984138488769531,
			"Absolute Acceleration Y" : 2.4853107929229736,
			"Absolute Acceleration Z" : 0.014565333724021912,
			"Absolute Velocity X" : 34.11260986328125,
			"Absolute Velocity Y" : 1.9200434684753418,
			"Absolute Velocity Z" : -0.25916367769241333,
			"ActorName" : "CAR 05",
			"BoundingBox3D Extent X" : 4.4287924766540527,
			"BoundingBox3D Extent Y" : 1.9533897638320923,
			"BoundingBox3D Extent Z" : 1.4887608289718628,
			"BoundingBox3D Orientation Quat W" : 0.99950301647186279,
			"BoundingBox3D Orientation Quat X" : 6.7798631789628416e-05,
			"BoundingBox3D Orientation Quat Y" : 0.0036265538074076176,
			"BoundingBox3D Orientation Quat Z" : 0.031149178743362427,
			"BoundingBox3D Origin X" : 31.509820938110352,
			"BoundingBox3D Origin Y" : -6.8439040184020996,
			"BoundingBox3D Origin Z" : 0.5512012243270874,
			"ObjectId" : 5,
			"ObjectType" : "CAR",
			"Occluded" : 0.0,
			"Relative Acceleration X" : 1.6439967155456543,
			"Relative Acceleration Y" : 0.2002214789390564,
			"Relative Acceleration Z" : -0.059670574963092804,
			"Relative Velocity X" : 6.3116846084594727,
			"Relative Velocity Y" : 0.53385812044143677,
			"Relative Velocity Z" : -0.059082947671413422,
			"Truncated" : 0
		},
		{
			"Absolute Acceleration X" : 0.90321540832519531,
			"Absolute Acceleration Y" : 1.2341160774230957,
			"Absolute Acceleration Z" : 0.011049509048461914,
			"Absolute Velocity X" : 21.345434188842773,
			"Absolute Velocity Y" : -4.442540168762207,
			"Absolute Velocity Z" : -0.37160533666610718,
			"ActorName" : "TRUCK 17",
			"BoundingBox3D Extent X" : 11.0,
			"BoundingBox3D Extent Y" : 2.8543477058410645,
			"BoundingBox3D Extent Z" : 3.0383388996124268,
			"BoundingBox3D Orientation Quat W" : -0.99520111083984375,
			"BoundingBox3D Orientation Quat X" : 0.004229614045470953,
			"BoundingBox3D Orientation Quat Y" : -0.008676992729306221,
			"BoundingBox3D Orientation Quat Z" : 0.097168222069740295,
			"BoundingBox3D Origin X" : -120.41049194335938,
			"BoundingBox3D Origin Y" : 9.0107851028442383,
			"BoundingBox3D Origin Z" : 3.139538049697876,
			"ObjectId" : 17,
			"ObjectType" : "TRUCK",
			"Occluded" : 0.0,
			"Relative Acceleration X" : 0.65042924880981445,
			"Relative Acceleration Y" : 0.63156437873840332,
			"Relative Acceleration Z" : -0.13409189879894257,
			"Relative Velocity X" : -5.5742402076721191,
			"Relative Velocity Y" : 2.6520001888275146,
			"Relative Velocity Z" : 0.0044643986038863659,
			"Truncated" : 0
		},
		{
			"Absolute Acceleration X" : -0.11127918213605881,
			"Absolute Acceleration Y" : 1.3871766328811646,
			"Absolute Acceleration Z" : -0.0256065484136343,
			"Absolute Velocity X" : 25.205316543579102,
			"Absolute Velocity Y" : 2.3082695007324219,
			"Absolute Velocity Z" : -0.22178648412227631,
			"ActorName" : "TRUCK 20",
			"BoundingBox3D Extent X" : 11.0,
			"BoundingBox3D Extent Y" : 2.281348705291748,
			"BoundingBox3D Extent Z" : 1.7120661735534668,
			"BoundingBox3D Orientation Quat W" : 0.99923187494277954,
			"BoundingBox3D Orientation Quat X" : -0.0054996018297970295,
			"BoundingBox3D Orientation Quat Y" : 0.0038861620705574751,
			"BoundingBox3D Orientation Quat Z" : 0.038578830659389496,
			"BoundingBox3D Origin X" : 48.456844329833984,
			"BoundingBox3D Origin Y" : -2.0087566375732422,
			"BoundingBox3D Origin Z" : 0.48886847496032715,
			"ObjectId" : 20,
			"ObjectType" : "TRUCK",
			"Occluded" : 0.0,
			"Relative Acceleration X" : -0.21030117571353912,
			"Relative Acceleration Y" : -0.12978614866733551,
			"Relative Acceleration Z" : -0.024925947189331055,
			"Relative Velocity X" : -2.3300986289978027,
			"Relative Velocity Y" : 0.19353571534156799,
			"Relative Velocity Z" : 0.0012685490073636174,
			"Truncated" : 0
		},
		{
			"Absolute Acceleration X" : 0.17659378051757812,
			"Absolute Acceleration Y" : 1.7715926170349121,
			"Absolute Acceleration Z" : 0.02333444356918335,
			"Absolute Velocity X" : 29.069589614868164,
			"Absolute Velocity Y" : -6.1836633682250977,
			"Absolute Velocity Z" : -0.41162595152854919,
			"ActorName" : "CAR 21",