{
	"CapturedObjects" : 
	[
		{
			"Absolute Acceleration X" : -0.46185493469238281,
			"Absolute Acceleration Y" : -0.62218838930130005,
			"Absolute Acceleration Z" : 0.060643166303634644,
			"Absolute Velocity X" : 25.382139205932617,
			"Absolute Velocity Y" : -1.2502127885818481,
			"Absolute Velocity Z" : -0.25257372856140137,
			"ActorName" : "CAR 04",
			"BoundingBox3D Extent X" : 4.1167516708374023,
			"BoundingBox3D Extent Y" : 1.7308224439620972,
			"BoundingBox3D Extent Z" : 1.4999700784683228,
			"BoundingBox3D Orientation Quat W" : -0.99960070848464966,
			"BoundingBox3D Orientation Quat X" : 0.0026993816718459129,
			"BoundingBox3D Orientation Quat Y" : -0.0057087005116045475,
			"BoundingBox3D Orientation Quat Z" : 0.027383159846067429,
			"BoundingBox3D Origin X" : 41.048000335693359,
			"BoundingBox3D Origin Y" : -0.7293207049369812,
			"BoundingBox3D Origin Z" : 0.25971797108650208,
			"ObjectId" : 4,
			"ObjectType" : "CAR",
			"Occluded" : 0.0,
			"Relative Acceleration X" : -0.14101600646972656,
			"Relative Acceleration Y" : 0.031394951045513153,
			"Relative Acceleration Z" : 0.36393874883651733,
			"Relative Velocity X" : -0.53799533843994141,
			"Relative Velocity Y" : -0.13592064380645752,
			"Relative Velocity Z" : 0.0099828355014324188,
			"Truncated" : 0
		},
		{
			"Absolute Acceleration X" : -5.9084696769714355,
			"Absolute Acceleration Y" : 0.54240846633911133,
			"Absolute Acceleration Z" : 0.0070408657193183899,
			"Absolute Velocity X" : 18.392635345458984,
			"Absolute Velocity Y" : -2.1197900772094727,
			"Absolute Velocity Z" : -0.35143154859542847,
			"ActorName" : "CAR 05",
			"BoundingBox3D Extent X" : 4.0999999046325684,
			"BoundingBox3D Extent Y" : 1.8278701305389404,
			"BoundingBox3D Extent Z" : 1.5071696043014526,
			"BoundingBox3D Orientation Quat W" : -0.99804598093032837,
			"BoundingBox3D Orientation Quat X" : 0.0021284674294292927,
			"BoundingBox3D Orientation Quat Y" : -0.010695996694266796,
			"BoundingBox3D Orientation Quat Z" : 0.061463769525289536,
			"BoundingBox3D Origin X" : 114.20402526855469,
			"BoundingBox3D Origin Y" : -7.5163712501525879,
			"BoundingBox3D Origin Z" : -0.72297358512878418,
			"ObjectId" : 5,
			"ObjectType" : "CAR",
			"Occluded" : 0.0,
			"Relative Acceleration X" : -5.5604276657104492,
			"Relative Acceleration Y" : 0.20886532962322235,
			"Relative Acceleration Z" : 0.47562965750694275,
			"Relative Velocity X" : -7.3819794654846191,
			"Relative Velocity Y" : 0.57970690727233887,
			"Relative Velocity Z" : -0.054293889552354813,
			"Truncated" : 0
		},
		{
			"Absolute Acceleration X" : -0.53851127624511719,
			"Absolute Acceleration Y" : -0.19862790405750275,
			"Absolute Acceleration Z" : -0.0014395266771316528,
			"Absolute Velocity X" : 19.417430877685547,
			"Absolute Velocity Y" : 0.20964039862155914,
			"Absolute Velocity Z" : -0.15663799643516541,
			"ActorName" : "CAR 14",
			"BoundingBox3D Extent X" : 5.2294902801513672,
			"BoundingBox3D Extent Y" : 2.2024991512298584,
			"BoundingBox3D Extent Z" : 1.7669569253921509,
			"BoundingBox3D Orientation Quat W" : 0.99996721744537354,
			"BoundingBox3D Orientation Quat X" : -0.0062660742551088333,
			"BoundingBox3D Orientation Quat Y" : 0.003631081897765398,
			"BoundingBox3D Orientation Quat Z" : 0.0009074709378182888,
			"BoundingBox3D Origin X" : -5.7395358085632324,
			"BoundingBox3D Origin Y" : -3.353898286819458,
			"BoundingBox3D Origin Z" : 0.91253483295440674,
			"ObjectId" : 14,
			"ObjectType" : "CAR",
			"Occluded" : 0.0,
			"Relative Acceleration X" : -0.26382684707641602,
			"Relative Acceleration Y" : 0.069425433874130249,
			"Relative Acceleration Z" : 0.0011773891746997833,
			"Relative Velocity X" : -6.4454445838928223,
			"Relative Velocity Y" : 0.26590180397033691,
			"Relative Velocity Z" : 0.063568994402885437,
			"Truncated" : 0
		},
		{
			"Absolute Acceleration X" : 0.76757335662841797,
			"Absolute Acceleration Y" : -0.38238400220870972,
			"Absolute Acceleration Z" : 0.048700794577598572,
			"Absolute Velocity X" : 15.528746604919434,
			"Absolute Velocity Y" : 0.74188131093978882,
			"Absolute Velocity Z" : -0.23085862398147583,
			"ActorName" : "CAR 15",
			"BoundingBox3D Extent X" : 4.7818255424499512,
			"BoundingBox3D Extent Y" : 2.1203718185424805,
			"BoundingBox3D Extent Z" : 1.4809430837631226,
			"BoundingBox3D Orientation Quat W" : 0.99984526634216309,
			"BoundingBox3D Orientation Quat X" : -0.00089912605471909046,
			"BoundingBox3D Orientation Quat Y" : 0.0080347908660769463,
			"BoundingBox3D Orientation Quat Z" : 0.01521463505923748,
			"BoundingBox3D Origin X" : -44.862888336181641,
			"BoundingBox3D Origin Y" : -3.9042308330535889,
			"BoundingBox3D Origin Z" : 1.1751149892807007,
			"ObjectId" : 15,
			"ObjectType" : "CAR",
			"Occluded" : 0.0,
			"Relative Acceleration X" : 1.0346975326538086,
			"Relative Acceleration Y" : -0.37208697199821472,
			"Relative Acceleration Z" : -0.19680497050285339,
			"Relative Velocity X" : -10.321471214294434,
			"Relative Velocity Y" : -0.081687025725841522,
			"Relative Velocity Z" : -0.04336707666516304,
			"Truncated" : 0
		},
		{
			"Absolute Acceleration X" : -0.42828664183616638,
			"Absolute Acceleration Y" : -0.03460124135017395,
			"Absolute Acceleration Z" : 0.1226562112569809,
			"Absolute Velocity X" : -24.343822479248047,
			"Absolute Velocity Y" : -1.7271356582641602,
			"Absolute Velocity Z" : 0.68235009908676147,
			"ActorName" : "CAR 17",
			"BoundingBox3D Extent X" : 4.3428263664245605,
			"BoundingBox3D Extent Y" : 1.8999999761581421,
			"BoundingBox3D Extent Z" : 1.8110992908477783,
			"BoundingBox3D Orientation Quat W" : -0.038256373256444931,
			"BoundingBox3D Orientation Quat X" : 0.014548990875482559,
			"BoundingBox3D Orientation Quat Y" : -0.0020228575449436903,
			"BoundingBox3D Orientation Quat Z" : 0.9991459846496582,
			"BoundingBox3D Origin X" : -112.99369049072266,
			"BoundingBox3D Origin Y" : 10.151520729064941,
			"BoundingBox3D Origin Z" : 2.684255838394165,
			"ObjectId" : 17,
			"ObjectType" : "CAR",
			"Occluded" : 0.0,
			"Relative Acceleration X" : 0.11190160363912582,
			"Relative Acceleration Y" : -1.3824931383132935,
			"Relative Acceleration Z" : -0.010597812943160534,
			"Relative Velocity X" : -50.551746368408203,
			"Relative Velocity Y" : -3.9101331233978271,
			"Relative Velocity Z" : 0.7975267767906189,
			"Truncated" : 0
		},
		{
			"Absolute Acceleration X" : -0.18182373046875,
			"Absolute Acceleration Y" : -0.71931874752044678,
			"Absolute Acceleration Z" : -0.076106101274490356,
			"Absolute Velocity X" : 24.573219299316406,
			"Absolute Velocity Y" : -2.0298552513122559,
			"Absolute Velocity Z" : -0.31770482659339905,
			"ActorName" : "CAR 19",
			"BoundingBox3D Extent X" : 4.0999999046325684,
			"BoundingBox3D Extent Y" : 1.751035213470459,
			"BoundingBox3D Extent Z" : 1.5214760303497314,
			"BoundingBox3D Orientation Quat W" : -0.99905377626419067,
			"BoundingBox3D Orientation Quat X" : 0.0020681056194007397,
			"BoundingBox3D Orientation Quat Y" : -0.0073060132563114166,
			"BoundingBox3D Orientation Quat Z" : 0.042764831334352493,
			"BoundingBox3D Origin X" : 71.257026672363281,
			"BoundingBox3D Origin Y" : -3.2440462112426758,
			"BoundingBox3D Origin Z" : -0.048921335488557816,
			"ObjectId" : 19,
			"ObjectType" : "CAR",
			"Occluded" : 0.0,
			"Relative Acceleration X" : 0.16472744941711426,
			"Relative Acceleration Y" : -0.050462998449802399,
			"Relative Acceleration Z" : 0.41347980499267578,
			"Relative Velocity X" : -1.2896270751953125,
			"Relative Velocity Y" : -0.2322542667388916,
			"Relative Velocity Z" : -0.037745919078588486,
			"Truncated" : 0
		},
		{
			"Absolute Acceleration X" : -0.31249013543128967,
			"Absolute Acceleration Y" : -0.69607746601104736,
			"Absolute Acceleration Z" : -0.021701877936720848,
			"Absolute Velocity X" : -31.366115570068359,
			"Absolute Velocity Y" : -2.3834211826324463,