{
	"CapturedObjects" : 
	[
		{
			"Absolute Acceleration X" : 0.1726226806640625,
			"Absolute Acceleration Y" : 0.11083564162254333,
			"Absolute Acceleration Z" : -0.043620258569717407,
			"Absolute Velocity X" : 22.144412994384766,
			"Absolute Velocity Y" : 0.31502863764762878,
			"Absolute Velocity Z" : -0.16395840048789978,
			"ActorName" : "CAR 00",
			"BoundingBox3D Extent X" : 5.0962448120117188,
			"BoundingBox3D Extent Y" : 1.9460623264312744,
			"BoundingBox3D Extent Z" : 1.7667186260223389,
			"BoundingBox3D Orientation Quat W" : 0.99990761280059814,
			"BoundingBox3D Orientation Quat X" : 0.011714747175574303,
			"BoundingBox3D Orientation Quat Y" : 0.0012244541430845857,
			"BoundingBox3D Orientation Quat Z" : 0.0024763303808867931,
			"BoundingBox3D Origin X" : -3.800405740737915,
			"BoundingBox3D Origin Y" : 8.3167619705200195,
			"BoundingBox3D Origin Z" : 1.2084759473800659,
			"ObjectId" : 0,
			"ObjectType" : "CAR",
			"Occluded" : 0.0,
			"Relative Acceleration X" : 0.078868985176086426,
			"Relative Acceleration Y" : 0.045306086540222168,
			"Relative Acceleration Z" : -0.065739348530769348,
			"Relative Velocity X" : 0.77328425645828247,
			"Relative Velocity Y" : 0.5036960244178772,
			"Relative Velocity Z" : 0.059854317456483841,
			"Truncated" : 0
		},
		{
			"Absolute Acceleration X" : 0.025165557861328125,
			"Absolute Acceleration Y" : 0.17583535611629486,
			"Absolute Acceleration Z" : -0.0036184638738632202,
			"Absolute Velocity X" : 30.579730987548828,
			"Absolute Velocity Y" : 0.30586686730384827,
			"Absolute Velocity Z" : -0.25594335794448853,
			"ActorName" : "CAR 01",
			"BoundingBox3D Extent X" : 4.4746065139770508,
			"BoundingBox3D Extent Y" : 1.9185318946838379,
			"BoundingBox3D Extent Z" : 1.4291298389434814,
			"BoundingBox3D Orientation Quat W" : 0.99938887357711792,
			"BoundingBox3D Orientation Quat X" : -0.03354150801897049,
			"BoundingBox3D Orientation Quat Y" : 0.003177145728841424,
			"BoundingBox3D Orientation Quat Z" : 0.0060976999811828136,
			"BoundingBox3D Origin X" : 12.106470108032227,
			"BoundingBox3D Origin Y" : 12.466238021850586,
			"BoundingBox3D Origin Z" : 0.49906149506568909,
			"ObjectId" : 1,
			"ObjectType" : "CAR",
			"Occluded" : 0.0,
			"Relative Acceleration X" : -0.085023880004882812,
			"Relative Acceleration Y" : 0.15042084455490112,
			"Relative Acceleration Z" : 0.045385267585515976,
			"Relative Velocity X" : 9.2111272811889648,
			"Relative Velocity Y" : 0.49084556102752686,
			"Relative Velocity Z" : -0.021306592971086502,
			"Truncated" : 0
		},
		{
			"Absolute Acceleration X" : 0.075860977172851562,
			"Absolute Acceleration Y" : -0.030511438846588135,
			"Absolute Acceleration Z" : -0.1738886684179306,
			"Absolute Velocity X" : 22.699098587036133,
			"Absolute Velocity Y" : 0.29266008734703064,
			"Absolute Velocity Z" : -0.28768792748451233,
			"ActorName" : "TRUCK 02",
			"BoundingBox3D Extent X" : 11.0,
			"BoundingBox3D Extent Y" : 2.8361189365386963,
			"BoundingBox3D Extent Z" : 3.5865716934204102,
			"BoundingBox3D Orientation Quat W" : 0.99994254112243652,
			"BoundingBox3D Orientation Quat X" : -0.0074258497916162014,
			"BoundingBox3D Orientation Quat Y" : 0.00336640072055161,
			"BoundingBox3D Orientation Quat Z" : 0.0061846319586038589,
			"BoundingBox3D Origin X" : 30.760913848876953,
			"BoundingBox3D Origin Y" : 9.0265073776245117,
			"BoundingBox3D Origin Z" : 1.7425234317779541,
			"ObjectId" : 2,
			"ObjectType" : "TRUCK",
			"Occluded" : 0.0,
			"Relative Acceleration X" : -0.021543025970458984,
			"Relative Acceleration Y" : 0.045740336179733276,
			"Relative Acceleration Z" : -0.12874339520931244,
			"Relative Velocity X" : 1.3296607732772827,
			"Relative Velocity Y" : 0.45216825604438782,
			"Relative Velocity Z" : -0.11070706695318222,
			"Truncated" : 0
		},
		{
			"Absolute Acceleration X" : -1.2033669948577881,
			"Absolute Acceleration Y" : 0.2712990939617157,
			"Absolute Acceleration Z" : 0.033519499003887177,
			"Absolute Velocity X" : 29.640600204467773,
			"Absolute Velocity Y" : 0.086822271347045898,
			"Absolute Velocity Z" : -0.20618364214897156,
			"ActorName" : "CAR 03",
			"BoundingBox3D Extent X" : 4.3413829803466797,
			"BoundingBox3D Extent Y" : 1.6511378288269043,
			"BoundingBox3D Extent Z" : 1.4568558931350708,
			"BoundingBox3D Orientation Quat W" : 0.99958521127700806,
			"BoundingBox3D Orientation Quat X" : -0.028550859540700912,
			"BoundingBox3D Orientation Quat Y" : 0.0030428010504692793,
			"BoundingBox3D Orientation Quat Z" : -5.6524266256019473e-05,
			"BoundingBox3D Origin X" : -8.8599557876586914,
			"BoundingBox3D Origin Y" : 12.594315528869629,
			"BoundingBox3D Origin Z" : 0.67785513401031494,
			"ObjectId" : 3,
			"ObjectType" : "CAR",
			"Occluded" : 0.0,
			"Relative Acceleration X" : -1.3375697135925293,
			"Relative Acceleration Y" : 0.051541786640882492,
			"Relative Acceleration Z" : 0.28320124745368958,
			"Relative Velocity X" : 8.2796592712402344,
			"Relative Velocity Y" : 0.29192847013473511,
			"Relative Velocity Z" : 0.10242494940757751,
			"Truncated" : 0
		},
		{
			"Absolute Acceleration X" : -0.12312126159667969,
			"Absolute Acceleration Y" : 0.068128138780593872,
			"Absolute Acceleration Z" : -0.0056531578302383423,
			"Absolute Velocity X" : 21.146745681762695,
			"Absolute Velocity Y" : -0.25525867938995361,
			"Absolute Velocity Z" : -0.17470914125442505,
			"ActorName" : "CAR 04",
			"BoundingBox3D Extent X" : 4.1754417419433594,
			"BoundingBox3D Extent Y" : 1.7123286724090576,
			"BoundingBox3D Extent Z" : 1.4943684339523315,
			"BoundingBox3D Orientation Quat W" : 0.9999765157699585,
			"BoundingBox3D Orientation Quat X" : -0.0029839221388101578,
			"BoundingBox3D Orientation Quat Y" : 0.0041687809862196445,
			"BoundingBox3D Orientation Quat Z" : -0.0032998074311763048,
			"BoundingBox3D Origin X" : 27.338964462280273,
			"BoundingBox3D Origin Y" : 0.21366438269615173,
			"BoundingBox3D Origin Z" : 0.48630568385124207,
			"ObjectId" : 4,
			"ObjectType" : "CAR",
			"Occluded" : 0.0,
			"Relative Acceleration X" : -0.18347141146659851,
			"Relative Acceleration Y" : 0.14274393022060394,
			"Relative Acceleration Z" : -0.033039718866348267,
			"Relative Velocity X" : -0.23139500617980957,
			"Relative Velocity Y" : -0.088990680873394012,
			"Relative Velocity Z" : -0.035898227244615555,
			"Truncated" : 0
		},
		{
			"Absolute Acceleration X" : -0.022657394409179688,
			"Absolute Acceleration Y" : 0.21084916591644287,
			"Absolute Acceleration Z" : -0.015920907258987427,
			"Absolute Velocity X" : 25.301149368286133,
			"Absolute Velocity Y" : -0.41644790768623352,
			"Absolute Velocity Z" : -0.1841592937707901,
			"ActorName" : "TRUCK 05",
			"BoundingBox3D Extent X" : 11.0,
			"BoundingBox3D Extent Y" : 2.847881555557251,
			"BoundingBox3D Extent Z" : 1.9118857383728027,
			"BoundingBox3D Orientation Quat W" : -0.99993699789047241,
			"BoundingBox3D Orientation Quat X" : 0.0018422841094434261,
			"BoundingBox3D Orientation Quat Y" : 0.0030220316257327795,
			"BoundingBox3D Orientation Quat Z" : 0.0075434404425323009,
			"BoundingBox3D Origin X" : -185.7352294921875,
			"BoundingBox3D Origin Y" : 10.184956550598145,
			"BoundingBox3D Origin Z" : 1.8464311361312866,
			"ObjectId" : 5,
			"ObjectType" : "TRUCK",
			"Occluded" : 0.0,
			"Relative Acceleration X" : -0.1268160343170166,
			"Relative Acceleration Y" : -0.64094018936157227,
			"Relative Acceleration Z" : -0.35215801000595093,
			"Relative Velocity X" : 3.9323523044586182,
			"Relative Velocity Y" : -0.08229624480009079,
			"Relative Velocity Z" : 0.31859946250915527,
			"Truncated" : 0
		},
		{
			"Absolute Acceleration X" : 0.58054614067077637,
			"Absolute Acceleration Y" : -0.48016989231109619,
			"Absolute Acceleration Z" : -0.20133022964000702,
			"Absolute Velocity X" : 26.123943328857422,
			"Absolute Velocity Y" : -0.5640099048614502,
			"Absolute Velocity Z" : -0.28054139018058777,