{
	"CapturedObjects" : 
	[
		{
			"Absolute Acceleration X" : 0.81516075134277344,
			"Absolute Acceleration Y" : 0.64261913299560547,
			"Absolute Acceleration Z" : -0.044149637222290039,
			"Absolute Velocity X" : 17.014720916748047,
			"Absolute Velocity Y" : 10.933294296264648,
			"Absolute Velocity Z" : -0.46315100789070129,
			"ActorName" : "CAR 00",
			"BoundingBox3D Extent X" : 4.235842227935791,
			"BoundingBox3D Extent Y" : 2.0896267890930176,
			"BoundingBox3D Extent Z" : 1.5755466222763062,
			"BoundingBox3D Orientation Quat W" : 0.96116071939468384,
			"BoundingBox3D Orientation Quat X" : 0.015496927313506603,
			"BoundingBox3D Orientation Quat Y" : 0.016816707327961922,
			"BoundingBox3D Orientation Quat Z" : 0.27496802806854248,
			"BoundingBox3D Origin X" : -0.20407389104366302,
			"BoundingBox3D Origin Y" : 15.629066467285156,
			"BoundingBox3D Origin Z" : 0.42878448963165283,
			"ObjectId" : 0,
			"ObjectType" : "CAR",
			"Occluded" : 0.0,
			"Relative Acceleration X" : -2.482050895690918,
			"Relative Acceleration Y" : 4.499821662902832,
			"Relative Acceleration Z" : -0.45909970998764038,
			"Relative Velocity X" : 0.88270711898803711,
			"Relative Velocity Y" : 10.843615531921387,
			"Relative Velocity Z" : -0.76491951942443848,
			"Truncated" : 0
		},
		{
			"Absolute Acceleration X" : 0.54712963104248047,
			"Absolute Acceleration Y" : -0.71348381042480469,
			"Absolute Acceleration Z" : -0.054765641689300537,
			"Absolute Velocity X" : 11.725736618041992,
			"Absolute Velocity Y" : 6.5717191696166992,
			"Absolute Velocity Z" : -0.27458617091178894,
			"ActorName" : "CAR 03",
			"BoundingBox3D Extent X" : 4.3967618942260742,
			"BoundingBox3D Extent Y" : 1.8588123321533203,
			"BoundingBox3D Extent Z" : 1.4206863641738892,
			"BoundingBox3D Orientation Quat W" : 0.96786582469940186,
			"BoundingBox3D Orientation Quat X" : -0.005987280048429966,
			"BoundingBox3D Orientation Quat Y" : 0.0096864849328994751,
			"BoundingBox3D Orientation Quat Z" : 0.25116688013076782,
			"BoundingBox3D Origin X" : -37.814407348632812,
			"BoundingBox3D Origin Y" : -14.334595680236816,
			"BoundingBox3D Origin Z" : 1.4299439191818237,
			"ObjectId" : 3,
			"ObjectType" : "CAR",
			"Occluded" : 0.0,
			"Relative Acceleration X" : -0.83091771602630615,
			"Relative Acceleration Y" : 4.2137355804443359,
			"Relative Acceleration Z" : -0.23015832901000977,
			"Relative Velocity X" : 1.9718844890594482,
			"Relative Velocity Y" : -1.4745467901229858,
			"Relative Velocity Z" : 0.630454421043396,
			"Truncated" : 0
		},
		{
			"Absolute Acceleration X" : -0.74275588989257812,
			"Absolute Acceleration Y" : -2.3028461933135986,
			"Absolute Acceleration Z" : 0.22588932514190674,
			"Absolute Velocity X" : 11.160669326782227,
			"Absolute Velocity Y" : -3.9881870746612549,
			"Absolute Velocity Z" : 0.27468052506446838,
			"ActorName" : "CAR 06",
			"BoundingBox3D Extent X" : 4.2034726142883301,
			"BoundingBox3D Extent Y" : 2.0219583511352539,
			"BoundingBox3D Extent Z" : 1.5913317203521729,
			"BoundingBox3D Orientation Quat W" : -0.98608434200286865,
			"BoundingBox3D Orientation Quat X" : -0.0093096597120165825,
			"BoundingBox3D Orientation Quat Y" : 0.012902254238724709,
			"BoundingBox3D Orientation Quat Z" : 0.16541434824466705,
			"BoundingBox3D Origin X" : 23.790914535522461,
			"BoundingBox3D Origin Y" : -3.7146420478820801,
			"BoundingBox3D Origin Z" : 0.86435908079147339,
			"ObjectId" : 6,
			"ObjectType" : "CAR",
			"Occluded" : 0.0,
			"Relative Acceleration X" : 0.047881126403808594,
			"Relative Acceleration Y" : -1.2893977165222168,
			"Relative Acceleration Z" : 0.055097110569477081,
			"Relative Velocity X" : -0.79502910375595093,
			"Relative Velocity Y" : 1.0878798961639404,
			"Relative Velocity Z" : 0.1775076687335968,
			"Truncated" : 0
		},
		{
			"Absolute Acceleration X" : 0.30383872985839844,
			"Absolute Acceleration Y" : 0.013929367065429688,
			"Absolute Acceleration Z" : -0.12926903367042542,
			"Absolute Velocity X" : 19.022270202636719,
			"Absolute Velocity Y" : 12.358991622924805,
			"Absolute Velocity Z" : -0.5087275505065918,
			"ActorName" : "CAR 08",
			"BoundingBox3D Extent X" : 5.7427949905395508,
			"BoundingBox3D Extent Y" : 2.4905531406402588,
			"BoundingBox3D Extent Z" : 1.9797494411468506,
			"BoundingBox3D Orientation Quat W" : 0.9578976035118103,
			"BoundingBox3D Orientation Quat X" : -0.025543399155139923,
			"BoundingBox3D Orientation Quat Y" : 0.00055827590404078364,
			"BoundingBox3D Orientation Quat Z" : 0.28571593761444092,
			"BoundingBox3D Origin X" : 25.731302261352539,
			"BoundingBox3D Origin Y" : 50.635696411132812,
			"BoundingBox3D Origin Z" : -0.6933099627494812,
			"ObjectId" : 8,
			"ObjectType" : "CAR",
			"Occluded" : 0.0,
			"Relative Acceleration X" : -2.993830680847168,
			"Relative Acceleration Y" : 1.9217205047607422,
			"Relative Acceleration Z" : -0.50128340721130371,
			"Relative Velocity X" : -4.538487434387207,
			"Relative Velocity Y" : 17.781072616577148,
			"Relative Velocity Z" : -1.9964818954467773,
			"Truncated" : 0
		},
		{
			"Absolute Acceleration X" : -0.44057652354240417,
			"Absolute Acceleration Y" : 0.034735128283500671,
			"Absolute Acceleration Z" : 0.054498154670000076,
			"Absolute Velocity X" : 26.803840637207031,
			"Absolute Velocity Y" : 17.863395690917969,
			"Absolute Velocity Z" : -0.57595515251159668,
			"ActorName" : "CAR 26",
			"BoundingBox3D Extent X" : 4.9069347381591797,
			"BoundingBox3D Extent Y" : 1.8999037742614746,
			"BoundingBox3D Extent Z" : 1.4766596555709839,
			"BoundingBox3D Orientation Quat W" : 0.9568515419960022,
			"BoundingBox3D Orientation Quat X" : 0.0095895091071724892,
			"BoundingBox3D Orientation Quat Y" : 0.03189469501376152,
			"BoundingBox3D Orientation Quat Z" : 0.28804630041122437,
			"BoundingBox3D Origin X" : 74.5013427734375,
			"BoundingBox3D Origin Y" : 86.166397094726562,
			"BoundingBox3D Origin Z" : -1.9403496980667114,
			"ObjectId" : 26,
			"ObjectType" : "CAR",
			"Occluded" : 0.0,
			"Relative Acceleration X" : -8.0842466354370117,
			"Relative Acceleration Y" : 3.8125379085540771,
			"Relative Acceleration Z" : -1.9921683073043823,
			"Relative Velocity X" : -4.2955617904663086,
			"Relative Velocity Y" : 33.562965393066406,
			"Relative Velocity Z" : -3.5427908897399902,
			"Truncated" : 0
		},
		{
			"Absolute Acceleration X" : 0.76999092102050781,
			"Absolute Acceleration Y" : 0.27811622619628906,
			"Absolute Acceleration Z" : -0.02116847038269043,
			"Absolute Velocity X" : 26.373678207397461,
			"Absolute Velocity Y" : 17.278059005737305,
			"Absolute Velocity Z" : -0.52329099178314209,
			"ActorName" : "CAR 30",
			"BoundingBox3D Extent X" : 5.4020400047302246,
			"BoundingBox3D Extent Y" : 1.9779465198516846,
			"BoundingBox3D Extent Z" : 1.740735650062561,
			"BoundingBox3D Orientation Quat W" : 0.95735830068588257,
			"BoundingBox3D Orientation Quat X" : 0.017498331144452095,
			"BoundingBox3D Orientation Quat Y" : 0.024025995284318924,
			"BoundingBox3D Orientation Quat Z" : 0.28684905171394348,
			"BoundingBox3D Origin X" : 20.603193283081055,
			"BoundingBox3D Origin Y" : 51.449390411376953,
			"BoundingBox3D Origin Z" : -0.62383776903152466,
			"ObjectId" : 30,
			"ObjectType" : "CAR",
			"Occluded" : 0.0,
			"Relative Acceleration X" : -4.1843013763427734,
			"Relative Acceleration Y" : 5.3921928405761719,
			"Relative Acceleration Z" : -0.66091954708099365,
			"Relative Velocity X" : 2.6227264404296875,
			"Relative Velocity Y" : 21.54542350769043,
			"Relative Velocity Z" : -1.9830296039581299,
			"Truncated" : 0
		},
		{
			"Absolute Acceleration X" : 1.3904638290405273,
			"Absolute Acceleration Y" : 4.5844969749450684,
			"Absolute Acceleration Z" : -0.38320231437683105,
			"Absolute Velocity X" : -4.176429271697998,
			"Absolute Velocity Y" : -7.945737361907959,
			"Absolute Velocity Z" : 0.63501572608947754,
			"ActorName" : "CAR 32",