{
	"CapturedObjects" : 
	[
		{
			"Absolute Acceleration X" : -2.6444001197814941,
			"Absolute Acceleration Y" : -2.0759010314941406,
			"Absolute Acceleration Z" : 0.051455974578857422,
			"Absolute Velocity X" : 9.3286256790161133,
			"Absolute Velocity Y" : -10.318380355834961,
			"Absolute Velocity Z" : 0.62301105260848999,
			"ActorName" : "CAR 00",
			"BoundingBox3D Extent X" : 4.1457114219665527,
			"BoundingBox3D Extent Y" : 1.86781907081604,
			"BoundingBox3D Extent Z" : 1.567468523979187,
			"BoundingBox3D Orientation Quat W" : -0.91195064783096313,
			"BoundingBox3D Orientation Quat X" : 0.0097054038196802139,
			"BoundingBox3D Orientation Quat Y" : 0.01967366598546505,
			"BoundingBox3D Orientation Quat Z" : 0.40965229272842407,
			"BoundingBox3D Origin X" : 45.668754577636719,
			"BoundingBox3D Origin Y" : -20.326787948608398,
			"BoundingBox3D Origin Z" : 1.7855044603347778,
			"ObjectId" : 0,
			"ObjectType" : "CAR",
			"Occluded" : 0.0,
			"Relative Acceleration X" : -0.70598518848419189,
			"Relative Acceleration Y" : -0.99693155288696289,
			"Relative Acceleration Z" : -0.96628332138061523,
			"Relative Velocity X" : -0.13057518005371094,
			"Relative Velocity Y" : -0.28551837801933289,
			"Relative Velocity Z" : -0.058892041444778442,
			"Truncated" : 0
		},
		{
			"Absolute Acceleration X" : 1.5786476135253906,
			"Absolute Acceleration Y" : -2.7798061370849609,
			"Absolute Acceleration Z" : 0.27295157313346863,
			"Absolute Velocity X" : 12.362751960754395,
			"Absolute Velocity Y" : 6.6369385719299316,
			"Absolute Velocity Z" : -0.55094105005264282,
			"ActorName" : "CAR 01",
			"BoundingBox3D Extent X" : 4.593109130859375,
			"BoundingBox3D Extent Y" : 1.9586663246154785,
			"BoundingBox3D Extent Z" : 1.5214827060699463,
			"BoundingBox3D Orientation Quat W" : 0.9725029468536377,
			"BoundingBox3D Orientation Quat X" : -0.0075926072895526886,
			"BoundingBox3D Orientation Quat Y" : 0.018476948142051697,
			"BoundingBox3D Orientation Quat Z" : 0.23193728923797607,
			"BoundingBox3D Origin X" : -26.620891571044922,
			"BoundingBox3D Origin Y" : -5.4532065391540527,
			"BoundingBox3D Origin Z" : 1.1772328615188599,
			"ObjectId" : 1,
			"ObjectType" : "CAR",
			"Occluded" : 0.0,
			"Relative Acceleration X" : -0.10517957806587219,
			"Relative Acceleration Y" : 0.43888136744499207,
			"Relative Acceleration Z" : 0.49457916617393494,
			"Relative Velocity X" : -0.38870465755462646,
			"Relative Velocity Y" : 0.6985439658164978,
			"Relative Velocity Z" : -0.11844039708375931,
			"Truncated" : 0
		},
		{
			"Absolute Acceleration X" : -0.4290393590927124,
			"Absolute Acceleration Y" : 1.1508834362030029,
			"Absolute Acceleration Z" : 0.081875838339328766,
			"Absolute Velocity X" : 6.3509554862976074,
			"Absolute Velocity Y" : -19.109895706176758,
			"Absolute Velocity Z" : 0.75715905427932739,
			"ActorName" : "CAR 03",
			"BoundingBox3D Extent X" : 4.0999999046325684,
			"BoundingBox3D Extent Y" : 1.8442362546920776,
			"BoundingBox3D Extent Z" : 1.5108802318572998,
			"BoundingBox3D Orientation Quat W" : -0.81006938219070435,
			"BoundingBox3D Orientation Quat X" : -0.0027809115126729012,
			"BoundingBox3D Orientation Quat Y" : 0.026089858263731003,
			"BoundingBox3D Orientation Quat Z" : 0.58573788404464722,
			"BoundingBox3D Origin X" : 39.971393585205078,
			"BoundingBox3D Origin Y" : 24.740177154541016,
			"BoundingBox3D Origin Z" : 0.075345419347286224,
			"ObjectId" : 3,
			"ObjectType" : "CAR",
			"Occluded" : 0.0,
			"Relative Acceleration X" : 5.7150664329528809,
			"Relative Acceleration Y" : 0.37081986665725708,
			"Relative Acceleration Z" : 0.034560311585664749,
			"Relative Velocity X" : -13.183923721313477,
			"Relative Velocity Y" : -10.138130187988281,
			"Relative Velocity Z" : 0.5185314416885376,
			"Truncated" : 0
		},
		{
			"Absolute Acceleration X" : 0.12304642051458359,
			"Absolute Acceleration Y" : -0.31892243027687073,
			"Absolute Acceleration Z" : 0.14018583297729492,
			"Absolute Velocity X" : 7.362678050994873,
			"Absolute Velocity Y" : -21.976772308349609,
			"Absolute Velocity Z" : 1.0326614379882812,
			"ActorName" : "CAR 04",
			"BoundingBox3D Extent X" : 3.9202394485473633,
			"BoundingBox3D Extent Y" : 1.9199134111404419,
			"BoundingBox3D Extent Z" : 1.6361038684844971,
			"BoundingBox3D Orientation Quat W" : -0.81071287393569946,
			"BoundingBox3D Orientation Quat X" : 0.032620314508676529,
			"BoundingBox3D Orientation Quat Y" : 0.0067534549161791801,
			"BoundingBox3D Orientation Quat Z" : 0.58423954248428345,
			"BoundingBox3D Origin X" : 65.235855102539062,
			"BoundingBox3D Origin Y" : -1.2717258930206299,
			"BoundingBox3D Origin Z" : 0.99595749378204346,
			"ObjectId" : 4,
			"ObjectType" : "CAR",
			"Occluded" : 0.0,
			"Relative Acceleration X" : 6.4255781173706055,
			"Relative Acceleration Y" : 0.78359854221343994,
			"Relative Acceleration Z" : -0.12773840129375458,
			"Relative Velocity X" : -6.3707790374755859,
			"Relative Velocity Y" : -7.430638313293457,
			"Relative Velocity Z" : 0.23219113051891327,
			"Truncated" : 0
		}
	],
	"FrameId" : 19494,
	"Timestamp" : 1676040131248716192,
	"TimestampMiddle" : 1676040131231716192
}