{
	"CapturedObjects" : 
	[
		{
			"Absolute Acceleration X" : 0.17942047119140625,
			"Absolute Acceleration Y" : 0.25614547729492188,
			"Absolute Acceleration Z" : 0.046416088938713074,
			"Absolute Velocity X" : 22.761508941650391,
			"Absolute Velocity Y" : 0.50780487060546875,
			"Absolute Velocity Z" : -0.20635658502578735,
			"ActorName" : "CAR 00",
			"BoundingBox3D Extent X" : 5.0962448120117188,
			"BoundingBox3D Extent Y" : 1.9460623264312744,
			"BoundingBox3D Extent Z" : 1.7667186260223389,
			"BoundingBox3D Orientation Quat W" : 0.99954390525817871,
			"BoundingBox3D Orientation Quat X" : -0.026709239929914474,
			"BoundingBox3D Orientation Quat Y" : 0.0038711591623723507,
			"BoundingBox3D Orientation Quat Z" : 0.012011928483843803,
			"BoundingBox3D Origin X" : 14.588736534118652,
			"BoundingBox3D Origin Y" : 13.033838272094727,
			"BoundingBox3D Origin Z" : 0.66159224510192871,
			"ObjectId" : 0,
			"ObjectType" : "CAR",
			"Occluded" : 0.0,
			"Relative Acceleration X" : 0.15577757358551025,
			"Relative Acceleration Y" : 0.043140828609466553,
			"Relative Acceleration Z" : 0.0084023065865039825,
			"Relative Velocity X" : 1.2789174318313599,
			"Relative Velocity Y" : 0.57609063386917114,
			"Relative Velocity Z" : -0.070795163512229919,
			"Truncated" : 0
		},
		{
			"Absolute Acceleration X" : -0.028858184814453125,
			"Absolute Acceleration Y" : 0.34772408008575439,
			"Absolute Acceleration Z" : -0.035667002201080322,
			"Absolute Velocity X" : 22.726785659790039,
			"Absolute Velocity Y" : 0.88051539659500122,
			"Absolute Velocity Z" : -0.18576116859912872,
			"ActorName" : "TRUCK 02",
			"BoundingBox3D Extent X" : 11.0,
			"BoundingBox3D Extent Y" : 2.8361189365386963,
			"BoundingBox3D Extent Z" : 3.5865716934204102,
			"BoundingBox3D Orientation Quat W" : 0.99944782257080078,
			"BoundingBox3D Orientation Quat X" : -0.027723364531993866,
			"BoundingBox3D Orientation Quat Y" : 0.0037417905405163765,
			"BoundingBox3D Orientation Quat Z" : 0.017647432163357735,
			"BoundingBox3D Origin X" : 46.643207550048828,
			"BoundingBox3D Origin Y" : 14.252097129821777,
			"BoundingBox3D Origin Z" : 1.3314337730407715,
			"ObjectId" : 2,
			"ObjectType" : "TRUCK",
			"Occluded" : 0.0,
			"Relative Acceleration X" : -0.051662921905517578,
			"Relative Acceleration Y" : 0.21465569734573364,
			"Relative Acceleration Z" : -0.04969947412610054,
			"Relative Velocity X" : 1.2564846277236938,
			"Relative Velocity Y" : 0.62093430757522583,
			"Relative Velocity Z" : -0.035092540085315704,
			"Truncated" : 0
		},
		{
			"Absolute Acceleration X" : 0.30691909790039062,
			"Absolute Acceleration Y" : 0.24459806084632874,
			"Absolute Acceleration Z" : -0.011776939034461975,
			"Absolute Velocity X" : 21.626955032348633,
			"Absolute Velocity Y" : 0.045239347964525223,
			"Absolute Velocity Z" : -0.1447833776473999,
			"ActorName" : "CAR 04",
			"BoundingBox3D Extent X" : 4.1754417419433594,
			"BoundingBox3D Extent Y" : 1.7123286724090576,
			"BoundingBox3D Extent Z" : 1.4943684339523315,
			"BoundingBox3D Orientation Quat W" : 0.99998712539672852,
			"BoundingBox3D Orientation Quat X" : 0.00047076944611035287,
			"BoundingBox3D Orientation Quat Y" : 0.0033547417260706425,
			"BoundingBox3D Orientation Quat Z" : -0.0023382229264825583,
			"BoundingBox3D Origin X" : 27.872356414794922,
			"BoundingBox3D Origin Y" : 0.28656512498855591,
			"BoundingBox3D Origin Z" : 0.49879029393196106,
			"ObjectId" : 4,
			"ObjectType" : "CAR",
			"Occluded" : 0.0,
			"Relative Acceleration X" : 0.30280965566635132,
			"Relative Acceleration Y" : 0.090247496962547302,
			"Relative Acceleration Z" : 0.014184394851326942,
			"Relative Velocity X" : 0.013136330991983414,
			"Relative Velocity Y" : -0.024619979783892632,
			"Relative Velocity Z" : 0.046608645468950272,
			"Truncated" : 0
		},
		{
			"Absolute Acceleration X" : 0.075107574462890625,
			"Absolute Acceleration Y" : 0.097039103507995605,
			"Absolute Acceleration Z" : 0.39785408973693848,
			"Absolute Velocity X" : 25.321815490722656,
			"Absolute Velocity Y" : -1.3878394365310669,
			"Absolute Velocity Z" : -0.21173344552516937,
			"ActorName" : "TRUCK 05",
			"BoundingBox3D Extent X" : 11.0,
			"BoundingBox3D Extent Y" : 2.847881555557251,
			"BoundingBox3D Extent Z" : 1.9118857383728027,
			"BoundingBox3D Orientation Quat W" : -0.99738609790802002,
			"BoundingBox3D Orientation Quat X" : 0.066665627062320709,
			"BoundingBox3D Orientation Quat Y" : -0.0053943265229463577,
			"BoundingBox3D Orientation Quat Z" : 0.026247944682836533,
			"BoundingBox3D Origin X" : -139.52655029296875,
			"BoundingBox3D Origin Y" : 17.399301528930664,
			"BoundingBox3D Origin Z" : 1.8302247524261475,
			"ObjectId" : 5,
			"ObjectType" : "TRUCK",
			"Occluded" : 0.0,
			"Relative Acceleration X" : 0.014825820922851562,
			"Relative Acceleration Y" : -0.52884471416473389,
			"Relative Acceleration Z" : 0.20361477136611938,
			"Relative Velocity X" : 3.8830134868621826,
			"Relative Velocity Y" : 0.27577465772628784,
			"Relative Velocity Z" : -0.18679800629615784,
			"Truncated" : 0
		},
		{
			"Absolute Acceleration X" : 0.017055511474609375,
			"Absolute Acceleration Y" : 0.29912936687469482,
			"Absolute Acceleration Z" : 0.0088699758052825928,
			"Absolute Velocity X" : 22.711143493652344,
			"Absolute Velocity Y" : 1.0154787302017212,
			"Absolute Velocity Z" : -0.20477239787578583,
			"ActorName" : "TRUCK 12",
			"BoundingBox3D Extent X" : 11.0,
			"BoundingBox3D Extent Y" : 2.2660648822784424,
			"BoundingBox3D Extent Z" : 3.9199919700622559,
			"BoundingBox3D Orientation Quat W" : 0.99942004680633545,
			"BoundingBox3D Orientation Quat X" : -0.024193517863750458,
			"BoundingBox3D Orientation Quat Y" : 0.0040263659320771694,
			"BoundingBox3D Orientation Quat Z" : 0.022692849859595299,
			"BoundingBox3D Origin X" : 56.744838714599609,
			"BoundingBox3D Origin Y" : 14.243176460266113,
			"BoundingBox3D Origin Z" : 1.4342703819274902,
			"ObjectId" : 12,
			"ObjectType" : "TRUCK",
			"Occluded" : 0.0,
			"Relative Acceleration X" : -0.0037158727645874023,
			"Relative Acceleration Y" : 0.19040453433990479,
			"Relative Acceleration Z" : 0.0039605163037776947,
			"Relative Velocity X" : 1.240639328956604,
			"Relative Velocity Y" : 0.65195178985595703,
			"Relative Velocity Z" : -0.047823883593082428,
			"Truncated" : 0
		},
		{
			"Absolute Acceleration X" : -12.962072372436523,
			"Absolute Acceleration Y" : -1.0090969800949097,
			"Absolute Acceleration Z" : -0.075277663767337799,
			"Absolute Velocity X" : 23.094467163085938,
			"Absolute Velocity Y" : 1.7944923639297485,
			"Absolute Velocity Z" : -0.30617263913154602,
			"ActorName" : "CAR 20",
			"BoundingBox3D Extent X" : 4.1135635375976562,
			"BoundingBox3D Extent Y" : 1.9416730403900146,
			"BoundingBox3D Extent Z" : 1.7621419429779053,
			"BoundingBox3D Orientation Quat W" : 0.99916112422943115,
			"BoundingBox3D Orientation Quat X" : -0.0016894482541829348,
			"BoundingBox3D Orientation Quat Y" : 0.006565755233168602,
			"BoundingBox3D Orientation Quat Z" : 0.039713695645332336,
			"BoundingBox3D Origin X" : 190.92768859863281,
			"BoundingBox3D Origin Y" : 27.222688674926758,
			"BoundingBox3D Origin Z" : -1.5069046020507812,
			"ObjectId" : 20,
			"ObjectType" : "CAR",
			"Occluded" : 0.0,
			"Relative Acceleration X" : -13.009250640869141,
			"Relative Acceleration Y" : -0.94498139619827271,
			"Relative Acceleration Z" : 0.32744517922401428,
			"Relative Velocity X" : 1.7626453638076782,
			"Relative Velocity Y" : 0.013547754846513271,
			"Relative Velocity Z" : -0.31236493587493896,
			"Truncated" : 0
		},
		{
			"Absolute Acceleration X" : 3.8301658630371094,
			"Absolute Acceleration Y" : 0.71831750869750977,
			"Absolute Acceleration Z" : 0.42343935370445251,
			"Absolute Velocity X" : 31.695377349853516,
			"Absolute Velocity Y" : 0.65337830781936646,
			"Absolute Velocity Z" : -0.59796011447906494,
			"ActorName" : "CAR 22",