{
	"CapturedObjects" : 
	[
		{
			"Absolute Acceleration X" : 0.15822020173072815,
			"Absolute Acceleration Y" : 0.38443350791931152,
			"Absolute Acceleration Z" : -0.05051703006029129,
			"Absolute Velocity X" : 23.415311813354492,
			"Absolute Velocity Y" : -0.37120670080184937,
			"Absolute Velocity Z" : -0.088748462498188019,
			"ActorName" : "CAR 00",
			"BoundingBox3D Extent X" : 4.4090428352355957,
			"BoundingBox3D Extent Y" : 1.9519712924957275,
			"BoundingBox3D Extent Z" : 1.7693676948547363,
			"BoundingBox3D Orientation Quat W" : -0.99996852874755859,
			"BoundingBox3D Orientation Quat X" : -0.0038689305074512959,
			"BoundingBox3D Orientation Quat Y" : -0.0011372498702257872,
			"BoundingBox3D Orientation Quat Z" : 0.006648592185229063,
			"BoundingBox3D Origin X" : -12.464829444885254,
			"BoundingBox3D Origin Y" : -3.7127079963684082,
			"BoundingBox3D Origin Z" : 0.88476663827896118,
			"ObjectId" : 0,
			"ObjectType" : "CAR",
			"Occluded" : 0.0,
			"Relative Acceleration X" : 0.0071642515249550343,
			"Relative Acceleration Y" : 0.28207990527153015,
			"Relative Acceleration Z" : 0.047836340963840485,
			"Relative Velocity X" : -2.8765323162078857,
			"Relative Velocity Y" : -0.053237359970808029,
			"Relative Velocity Z" : 0.022908883169293404,
			"Truncated" : 0
		},
		{
			"Absolute Acceleration X" : -0.14906339347362518,
			"Absolute Acceleration Y" : 0.26961055397987366,
			"Absolute Acceleration Z" : -0.14215877652168274,
			"Absolute Velocity X" : 31.331903457641602,
			"Absolute Velocity Y" : -0.25062710046768188,
			"Absolute Velocity Z" : -0.041796140372753143,
			"ActorName" : "CAR 01",
			"BoundingBox3D Extent X" : 4.9785623550415039,
			"BoundingBox3D Extent Y" : 2.0556600093841553,
			"BoundingBox3D Extent Z" : 1.4564532041549683,
			"BoundingBox3D Orientation Quat W" : 0.99999159574508667,
			"BoundingBox3D Orientation Quat X" : 0.0014995567034929991,
			"BoundingBox3D Orientation Quat Y" : 0.00079878023825585842,
			"BoundingBox3D Orientation Quat Z" : -0.00091898819664493203,
			"BoundingBox3D Origin X" : -18.114500045776367,
			"BoundingBox3D Origin Y" : 3.7516024112701416,
			"BoundingBox3D Origin Z" : 0.77010619640350342,
			"ObjectId" : 1,
			"ObjectType" : "CAR",
			"Occluded" : 0.0,
			"Relative Acceleration X" : -0.30522447824478149,
			"Relative Acceleration Y" : 0.031303446739912033,
			"Relative Acceleration Z" : -0.049089957028627396,
			"Relative Velocity X" : 5.1051077842712402,
			"Relative Velocity Y" : 0.13404758274555206,
			"Relative Velocity Z" : 0.029565643519163132,
			"Truncated" : 0
		},
		{
			"Absolute Acceleration X" : 0.12798519432544708,
			"Absolute Acceleration Y" : 0.10804299265146255,
			"Absolute Acceleration Z" : -0.097071297466754913,
			"Absolute Velocity X" : 21.016580581665039,
			"Absolute Velocity Y" : 0.25921863317489624,
			"Absolute Velocity Z" : -0.33463603258132935,
			"ActorName" : "TRUCK 02",
			"BoundingBox3D Extent X" : 11.0,
			"BoundingBox3D Extent Y" : 2.3771471977233887,
			"BoundingBox3D Extent Z" : 3.0124955177307129,
			"BoundingBox3D Orientation Quat W" : 0.99992567300796509,
			"BoundingBox3D Orientation Quat X" : 0.0010495232418179512,
			"BoundingBox3D Orientation Quat Y" : 0.0076664420776069164,
			"BoundingBox3D Orientation Quat Z" : 0.0087028881534934044,
			"BoundingBox3D Origin X" : 113.5203857421875,
			"BoundingBox3D Origin Y" : -2.3318405151367188,
			"BoundingBox3D Origin Z" : 0.44827079772949219,
			"ObjectId" : 2,
			"ObjectType" : "TRUCK",
			"Occluded" : 0.0,
			"Relative Acceleration X" : -0.021071046590805054,
			"Relative Acceleration Y" : -0.065903492271900177,
			"Relative Acceleration Z" : -0.10178655385971069,
			"Relative Velocity X" : -5.2758750915527344,
			"Relative Velocity Y" : -0.27862432599067688,
			"Relative Velocity Z" : -0.28801307082176208,
			"Truncated" : 0
		},
		{
			"Absolute Acceleration X" : 0.133090540766716,
			"Absolute Acceleration Y" : 0.19681018590927124,
			"Absolute Acceleration Z" : -0.035718560218811035,
			"Absolute Velocity X" : 27.824197769165039,
			"Absolute Velocity Y" : 0.15878182649612427,
			"Absolute Velocity Z" : -0.20162360370159149,
			"ActorName" : "CAR 03",
			"BoundingBox3D Extent X" : 4.0999999046325684,
			"BoundingBox3D Extent Y" : 1.7416778802871704,
			"BoundingBox3D Extent Z" : 1.5282447338104248,
			"BoundingBox3D Orientation Quat W" : 0.99998605251312256,
			"BoundingBox3D Orientation Quat X" : 0.0026747637894004583,
			"BoundingBox3D Orientation Quat Y" : 0.0032479546498507261,
			"BoundingBox3D Orientation Quat Z" : 0.00019893412536475807,
			"BoundingBox3D Origin X" : 44.475547790527344,
			"BoundingBox3D Origin Y" : 0.11499977856874466,
			"BoundingBox3D Origin Z" : 0.42131558060646057,
			"ObjectId" : 3,
			"ObjectType" : "CAR",
			"Occluded" : 0.0,
			"Relative Acceleration X" : -0.010433020070195198,
			"Relative Acceleration Y" : -0.0094161499291658401,
			"Relative Acceleration Z" : -0.10918465256690979,
			"Relative Velocity X" : 1.5578674077987671,
			"Relative Velocity Y" : 0.056548845022916794,
			"Relative Velocity Z" : 0.0783214271068573,
			"Truncated" : 0
		},
		{
			"Absolute Acceleration X" : -0.089689299464225769,
			"Absolute Acceleration Y" : 0.40275949239730835,
			"Absolute Acceleration Z" : -0.15383945405483246,
			"Absolute Velocity X" : 32.412223815917969,
			"Absolute Velocity Y" : -1.1702427864074707,
			"Absolute Velocity Z" : 0.16158223152160645,
			"ActorName" : "CAR 04",
			"BoundingBox3D Extent X" : 5.3322725296020508,
			"BoundingBox3D Extent Y" : 2.0638191699981689,
			"BoundingBox3D Extent Z" : 1.4742890596389771,
			"BoundingBox3D Orientation Quat W" : -0.99981057643890381,
			"BoundingBox3D Orientation Quat X" : 0.0060534784570336342,
			"BoundingBox3D Orientation Quat Y" : 0.0029394843149930239,
			"BoundingBox3D Orientation Quat Z" : 0.017872398719191551,
			"BoundingBox3D Origin X" : -56.32012939453125,
			"BoundingBox3D Origin Y" : 4.896632194519043,
			"BoundingBox3D Origin Z" : 0.66885596513748169,
			"ObjectId" : 4,
			"ObjectType" : "CAR",
			"Occluded" : 0.0,
			"Relative Acceleration X" : -0.25682860612869263,
			"Relative Acceleration Y" : 0.14798949658870697,
			"Relative Acceleration Z" : 0.070558242499828339,
			"Relative Velocity X" : 6.1954412460327148,
			"Relative Velocity Y" : -0.47877514362335205,
			"Relative Velocity Z" : 0.086441457271575928,
			"Truncated" : 0
		},
		{
			"Absolute Acceleration X" : -0.15670615434646606,
			"Absolute Acceleration Y" : -0.16821369528770447,
			"Absolute Acceleration Z" : -0.11879289895296097,
			"Absolute Velocity X" : 26.110433578491211,
			"Absolute Velocity Y" : -0.19118495285511017,
			"Absolute Velocity Z" : -0.060576330870389938,
			"ActorName" : "CAR 05",
			"BoundingBox3D Extent X" : 5.1394953727722168,
			"BoundingBox3D Extent Y" : 2.3713786602020264,
			"BoundingBox3D Extent Z" : 1.8860985040664673,
			"BoundingBox3D Orientation Quat W" : 0.99995231628417969,
			"BoundingBox3D Orientation Quat X" : -0.00090171565534546971,
			"BoundingBox3D Orientation Quat Y" : -0.0017212189268320799,
			"BoundingBox3D Orientation Quat Z" : -0.0085832439363002777,
			"BoundingBox3D Origin X" : -10.050355911254883,
			"BoundingBox3D Origin Y" : -0.27756604552268982,
			"BoundingBox3D Origin Z" : 0.97483319044113159,
			"ObjectId" : 5,
			"ObjectType" : "CAR",
			"Occluded" : 0.0,
			"Relative Acceleration X" : -0.30819663405418396,
			"Relative Acceleration Y" : -0.30405730009078979,
			"Relative Acceleration Z" : -0.04828856885433197,
			"Relative Velocity X" : -0.15784265100955963,
			"Relative Velocity Y" : 0.1048908606171608,
			"Relative Velocity Z" : 0.062647052109241486,
			"Truncated" : 0
		},
		{
			"Absolute Acceleration X" : 0.14518283307552338,
			"Absolute Acceleration Y" : 0.63685113191604614,
			"Absolute Acceleration Z" : 0.099395200610160828,
			"Absolute Velocity X" : -26.117916107177734,
			"Absolute Velocity Y" : 0.32698336243629456,