{
	"CapturedObjects" : 
	[
		{
			"Absolute Acceleration X" : -0.86673718690872192,
			"Absolute Acceleration Y" : 0.085154421627521515,
			"Absolute Acceleration Z" : 0.021706374362111092,
			"Absolute Velocity X" : 16.363988876342773,
			"Absolute Velocity Y" : -0.4126189649105072,
			"Absolute Velocity Z" : -0.10508721321821213,
			"ActorName" : "CAR 00",
			"BoundingBox3D Extent X" : 4.3430695533752441,
			"BoundingBox3D Extent Y" : 2.040806770324707,
			"BoundingBox3D Extent Z" : 1.5222905874252319,
			"BoundingBox3D Orientation Quat W" : -0.99991387128829956,
			"BoundingBox3D Orientation Quat X" : -0.0016128685092553496,
			"BoundingBox3D Orientation Quat Y" : -0.0028346246108412743,
			"BoundingBox3D Orientation Quat Z" : 0.011434499174356461,
			"BoundingBox3D Origin X" : -12.05340576171875,
			"BoundingBox3D Origin Y" : 0.84754645824432373,
			"BoundingBox3D Origin Z" : 0.80276781320571899,
			"ObjectId" : 0,
			"ObjectType" : "CAR",
			"Occluded" : 0.0,
			"Relative Acceleration X" : -0.26159572601318359,
			"Relative Acceleration Y" : 0.024304300546646118,
			"Relative Acceleration Z" : 0.052036873996257782,
			"Relative Velocity X" : 0.80371510982513428,
			"Relative Velocity Y" : -0.20034410059452057,
			"Relative Velocity Z" : -0.026639793068170547,
			"Truncated" : 0
		},
		{
			"Absolute Acceleration X" : 0.55009728670120239,
			"Absolute Acceleration Y" : -0.099125884473323822,
			"Absolute Acceleration Z" : -0.039315618574619293,
			"Absolute Velocity X" : 22.673713684082031,
			"Absolute Velocity Y" : 0.013709698803722858,
			"Absolute Velocity Z" : -0.23066999018192291,
			"ActorName" : "TRUCK 01",
			"BoundingBox3D Extent X" : 11.0,
			"BoundingBox3D Extent Y" : 2.7292671203613281,
			"BoundingBox3D Extent Z" : 4.2488150596618652,
			"BoundingBox3D Orientation Quat W" : 0.99995976686477661,
			"BoundingBox3D Orientation Quat X" : -0.0040792920626699924,
			"BoundingBox3D Orientation Quat Y" : 0.0038526970893144608,
			"BoundingBox3D Orientation Quat Z" : -0.0010279745329171419,
			"BoundingBox3D Origin X" : 68.428184509277344,
			"BoundingBox3D Origin Y" : 14.932661056518555,
			"BoundingBox3D Origin Z" : 0.6601264476776123,
			"ObjectId" : 1,
			"ObjectType" : "TRUCK",
			"Occluded" : 0.0,
			"Relative Acceleration X" : 1.0857830047607422,
			"Relative Acceleration Y" : 0.2292693555355072,
			"Relative Acceleration Z" : 1.9431731700897217,
			"Relative Velocity X" : 7.1480755805969238,
			"Relative Velocity Y" : 0.043131660670042038,
			"Relative Velocity Z" : 0.073482245206832886,
			"Truncated" : 0
		},
		{
			"Absolute Acceleration X" : -0.007887144573032856,
			"Absolute Acceleration Y" : -0.083724088966846466,
			"Absolute Acceleration Z" : -0.11884399503469467,
			"Absolute Velocity X" : 25.877826690673828,
			"Absolute Velocity Y" : 0.40003776550292969,
			"Absolute Velocity Z" : -0.30534496903419495,
			"ActorName" : "TRUCK 02",
			"BoundingBox3D Extent X" : 11.0,
			"BoundingBox3D Extent Y" : 3.4651203155517578,
			"BoundingBox3D Extent Z" : 3.2009532451629639,
			"BoundingBox3D Orientation Quat W" : 0.9999004602432251,
			"BoundingBox3D Orientation Quat X" : 0.00023153032816480845,
			"BoundingBox3D Orientation Quat Y" : 0.0064443177543580532,
			"BoundingBox3D Orientation Quat Z" : 0.0076612750999629498,
			"BoundingBox3D Origin X" : 155.63095092773438,
			"BoundingBox3D Origin Y" : 19.396331787109375,
			"BoundingBox3D Origin Z" : -0.075406961143016815,
			"ObjectId" : 2,
			"ObjectType" : "TRUCK",
			"Occluded" : 0.0,
			"Relative Acceleration X" : 0.48170480132102966,
			"Relative Acceleration Y" : 0.90557271242141724,
			"Relative Acceleration Z" : 0.089771516621112823,
			"Relative Velocity X" : 10.363560676574707,
			"Relative Velocity Y" : 0.2226167619228363,
			"Relative Velocity Z" : 0.23507499694824219,
			"Truncated" : 0
		},
		{
			"Absolute Acceleration X" : 0.087801039218902588,
			"Absolute Acceleration Y" : -0.25894820690155029,
			"Absolute Acceleration Z" : 0.18140798807144165,
			"Absolute Velocity X" : 22.881624221801758,
			"Absolute Velocity Y" : 0.35515791177749634,
			"Absolute Velocity Z" : -0.44829067587852478,
			"ActorName" : "TRUCK 03",
			"BoundingBox3D Extent X" : 11.0,
			"BoundingBox3D Extent Y" : 3.1800446510314941,
			"BoundingBox3D Extent Z" : 3.1347098350524902,
			"BoundingBox3D Orientation Quat W" : 0.99990630149841309,
			"BoundingBox3D Orientation Quat X" : 0.00023348095419351012,
			"BoundingBox3D Orientation Quat Y" : 0.010499099269509315,
			"BoundingBox3D Orientation Quat Z" : 0.004435279406607151,
			"BoundingBox3D Origin X" : 152.04319763183594,
			"BoundingBox3D Origin Y" : 15.409849166870117,
			"BoundingBox3D Origin Z" : -0.5064120888710022,
			"ObjectId" : 3,
			"ObjectType" : "TRUCK",
			"Occluded" : 0.0,
			"Relative Acceleration X" : 0.60213220119476318,
			"Relative Acceleration Y" : 0.69593524932861328,
			"Relative Acceleration Z" : 0.37825688719749451,
			"Relative Velocity X" : 7.3590898513793945,
			"Relative Velocity Y" : 0.18165832757949829,
			"Relative Velocity Z" : 0.078663483262062073,
			"Truncated" : 0
		},
		{
			"Absolute Acceleration X" : 0.20672871172428131,
			"Absolute Acceleration Y" : 0.069133035838603973,
			"Absolute Acceleration Z" : 0.10990514606237411,
			"Absolute Velocity X" : 31.925331115722656,
			"Absolute Velocity Y" : -0.63382506370544434,
			"Absolute Velocity Z" : -0.48103338479995728,
			"ActorName" : "CAR 04",
			"BoundingBox3D Extent X" : 4.0999999046325684,
			"BoundingBox3D Extent Y" : 1.7672991752624512,
			"BoundingBox3D Extent Z" : 1.7015149593353271,
			"BoundingBox3D Orientation Quat W" : -0.99970251321792603,
			"BoundingBox3D Orientation Quat X" : -0.0022691029589623213,
			"BoundingBox3D Orientation Quat Y" : -0.0013272912474349141,
			"BoundingBox3D Orientation Quat Z" : 0.0097731463611125946,
			"BoundingBox3D Origin X" : -0.47794809937477112,
			"BoundingBox3D Origin Y" : 19.756280899047852,
			"BoundingBox3D Origin Z" : 0.24550127983093262,
			"ObjectId" : 4,
			"ObjectType" : "CAR",
			"Occluded" : 0.0,
			"Relative Acceleration X" : 0.70112913846969604,
			"Relative Acceleration Y" : 0.14521901309490204,
			"Relative Acceleration Z" : 0.21509250998497009,
			"Relative Velocity X" : 16.41295051574707,
			"Relative Velocity Y" : -0.42616355419158936,
			"Relative Velocity Z" : -0.3508436381816864,
			"Truncated" : 0
		},
		{
			"Absolute Acceleration X" : -0.0720229372382164,
			"Absolute Acceleration Y" : -0.39263290166854858,
			"Absolute Acceleration Z" : 0.14718693494796753,
			"Absolute Velocity X" : 22.098762512207031,
			"Absolute Velocity Y" : 0.58627712726593018,
			"Absolute Velocity Z" : -0.31320586800575256,
			"ActorName" : "CAR 05",
			"BoundingBox3D Extent X" : 4.0999999046325684,
			"BoundingBox3D Extent Y" : 2.0698511600494385,
			"BoundingBox3D Extent Z" : 1.4278992414474487,
			"BoundingBox3D Orientation Quat W" : 0.99980860948562622,
			"BoundingBox3D Orientation Quat X" : 0.00019176802015863359,
			"BoundingBox3D Orientation Quat Y" : 0.0060856188647449017,
			"BoundingBox3D Orientation Quat Z" : 0.015927849337458611,
			"BoundingBox3D Origin X" : 107.14630889892578,
			"BoundingBox3D Origin Y" : 14.937247276306152,
			"BoundingBox3D Origin Z" : -0.73763632774353027,
			"ObjectId" : 5,
			"ObjectType" : "CAR",
			"Occluded" : 0.0,
			"Relative Acceleration X" : 0.4452584981918335,
			"Relative Acceleration Y" : 0.28353530168533325,
			"Relative Acceleration Z" : 0.29326018691062927,
			"Relative Velocity X" : 6.5761713981628418,
			"Relative Velocity Y" : 0.52409625053405762,
			"Relative Velocity Z" : 0.095038145780563354,
			"Truncated" : 0
		},
		{
			"Absolute Acceleration X" : -0.076578423380851746,
			"Absolute Acceleration Y" : 0.18892619013786316,
			"Absolute Acceleration Z" : -0.078151650726795197,
			"Absolute Velocity X" : 22.400119781494141,
			"Absolute Velocity Y" : -0.44192773103713989,
			"Absolute Velocity Z" : -0.30042761564254761,
			"ActorName" : "CAR 06",