{
	"CapturedObjects" : 
	[
		{
			"Absolute Acceleration X" : -0.021738052368164062,
			"Absolute Acceleration Y" : 0.05531775951385498,
			"Absolute Acceleration Z" : 0.018184073269367218,
			"Absolute Velocity X" : 28.627389907836914,
			"Absolute Velocity Y" : -1.247622013092041,
			"Absolute Velocity Z" : -0.061182815581560135,
			"ActorName" : "CAR 01",
			"BoundingBox3D Extent X" : 4.1537046432495117,
			"BoundingBox3D Extent Y" : 1.7743904590606689,
			"BoundingBox3D Extent Z" : 1.5192041397094727,
			"BoundingBox3D Orientation Quat W" : -0.99968153238296509,
			"BoundingBox3D Orientation Quat X" : -0.0010023278882727027,
			"BoundingBox3D Orientation Quat Y" : -0.0010822438634932041,
			"BoundingBox3D Orientation Quat Z" : 0.024804266169667244,
			"BoundingBox3D Origin X" : 49.713153839111328,
			"BoundingBox3D Origin Y" : -0.44617959856987,
			"BoundingBox3D Origin Z" : 0.55166125297546387,
			"ObjectId" : 1,
			"ObjectType" : "CAR",
			"Occluded" : 0.0,
			"Relative Acceleration X" : -0.027174770832061768,
			"Relative Acceleration Y" : 0.60281431674957275,
			"Relative Acceleration Z" : -0.37407794594764709,
			"Relative Velocity X" : 0.92071837186813354,
			"Relative Velocity Y" : -0.67883032560348511,
			"Relative Velocity Z" : 0.041823685169219971,
			"Truncated" : 0
		},
		{
			"Absolute Acceleration X" : 0.21825981140136719,
			"Absolute Acceleration Y" : -0.28194713592529297,
			"Absolute Acceleration Z" : 0.018014907836914062,
			"Absolute Velocity X" : 27.386867523193359,
			"Absolute Velocity Y" : -1.2641596794128418,
			"Absolute Velocity Z" : -0.37180137634277344,
			"ActorName" : "CAR 02",
			"BoundingBox3D Extent X" : 4.1772971153259277,
			"BoundingBox3D Extent Y" : 1.8883059024810791,
			"BoundingBox3D Extent Z" : 1.2917742729187012,
			"BoundingBox3D Orientation Quat W" : -0.99964708089828491,
			"BoundingBox3D Orientation Quat X" : 0.0018423988949507475,
			"BoundingBox3D Orientation Quat Y" : -0.0078154299408197403,
			"BoundingBox3D Orientation Quat Z" : 0.025057101622223854,
			"BoundingBox3D Origin X" : -62.696495056152344,
			"BoundingBox3D Origin Y" : 1.4509574174880981,
			"BoundingBox3D Origin Z" : 1.192895770072937,
			"ObjectId" : 2,
			"ObjectType" : "CAR",
			"Occluded" : 0.0,
			"Relative Acceleration X" : 0.20903199911117554,
			"Relative Acceleration Y" : -0.60566556453704834,
			"Relative Acceleration Z" : 0.30135577917098999,
			"Relative Velocity X" : -0.33140638470649719,
			"Relative Velocity Y" : -1.5074087381362915,
			"Relative Velocity Z" : 0.0011543445289134979,
			"Truncated" : 0
		},
		{
			"Absolute Acceleration X" : 0.075708389282226562,
			"Absolute Acceleration Y" : -0.007256627082824707,
			"Absolute Acceleration Z" : 0.071098834276199341,
			"Absolute Velocity X" : 30.146480560302734,
			"Absolute Velocity Y" : -1.3677589893341064,
			"Absolute Velocity Z" : -0.38995200395584106,
			"ActorName" : "CAR 03",
			"BoundingBox3D Extent X" : 4.1893835067749023,
			"BoundingBox3D Extent Y" : 2.0180788040161133,
			"BoundingBox3D Extent Z" : 1.4492391347885132,
			"BoundingBox3D Orientation Quat W" : -0.99978893995285034,
			"BoundingBox3D Orientation Quat X" : 0.0017555321101099253,
			"BoundingBox3D Orientation Quat Y" : -0.0066126910969614983,
			"BoundingBox3D Orientation Quat Z" : 0.019175233319401741,
			"BoundingBox3D Origin X" : -55.508152008056641,
			"BoundingBox3D Origin Y" : 4.338869571685791,
			"BoundingBox3D Origin Z" : 1.2137970924377441,
			"ObjectId" : 3,
			"ObjectType" : "CAR",
			"Occluded" : 0.0,
			"Relative Acceleration X" : 0.04374384880065918,
			"Relative Acceleration Y" : -0.24664509296417236,
			"Relative Acceleration Z" : 0.27234408259391785,
			"Relative Velocity X" : 2.4071891307830811,
			"Relative Velocity Y" : -1.5576958656311035,
			"Relative Velocity Z" : -0.033404078334569931,
			"Truncated" : 0
		},
		{
			"Absolute Acceleration X" : -0.23340988159179688,
			"Absolute Acceleration Y" : 0.38311195373535156,
			"Absolute Acceleration Z" : -0.033167779445648193,
			"Absolute Velocity X" : 29.754678726196289,
			"Absolute Velocity Y" : -1.5209149122238159,
			"Absolute Velocity Z" : -0.39353704452514648,
			"ActorName" : "CAR 04",
			"BoundingBox3D Extent X" : 4.0999999046325684,
			"BoundingBox3D Extent Y" : 1.6779565811157227,
			"BoundingBox3D Extent Z" : 0.72591483592987061,
			"BoundingBox3D Orientation Quat W" : -0.99968630075454712,
			"BoundingBox3D Orientation Quat X" : 0.00030551588861271739,
			"BoundingBox3D Orientation Quat Y" : -0.0048095905221998692,
			"BoundingBox3D Orientation Quat Z" : 0.024454958736896515,
			"BoundingBox3D Origin X" : -137.9775390625,
			"BoundingBox3D Origin Y" : 8.1532039642333984,
			"BoundingBox3D Origin Z" : 1.9334731101989746,
			"ObjectId" : 4,
			"ObjectType" : "CAR",
			"Occluded" : 0.0,
			"Relative Acceleration X" : -0.28376114368438721,
			"Relative Acceleration Y" : -0.48839163780212402,
			"Relative Acceleration Z" : 0.648398756980896,
			"Relative Velocity X" : 1.9894676208496094,
			"Relative Velocity Y" : -2.3063125610351562,
			"Relative Velocity Z" : 0.16126969456672668,
			"Truncated" : 0
		},
		{
			"Absolute Acceleration X" : 0.33517837524414062,
			"Absolute Acceleration Y" : 2.3872795104980469,
			"Absolute Acceleration Z" : -0.046133950352668762,
			"Absolute Velocity X" : 32.25128173828125,
			"Absolute Velocity Y" : 1.6229802370071411,
			"Absolute Velocity Z" : 0.15784206986427307,
			"ActorName" : "CAR 05",
			"BoundingBox3D Extent X" : 4.0999999046325684,
			"BoundingBox3D Extent Y" : 2.3168530464172363,
			"BoundingBox3D Extent Z" : 1.6310561895370483,
			"BoundingBox3D Orientation Quat W" : 0.99914753437042236,
			"BoundingBox3D Orientation Quat X" : -0.035290297120809555,
			"BoundingBox3D Orientation Quat Y" : -0.0032876157201826572,
			"BoundingBox3D Orientation Quat Z" : 0.021053485572338104,
			"BoundingBox3D Origin X" : 156.92640686035156,
			"BoundingBox3D Origin Y" : -5.980659008026123,
			"BoundingBox3D Origin Z" : 1.0710363388061523,
			"ObjectId" : 5,
			"ObjectType" : "CAR",
			"Occluded" : 0.0,
			"Relative Acceleration X" : 0.32894277572631836,
			"Relative Acceleration Y" : 3.7979497909545898,
			"Relative Acceleration Z" : -1.1126664876937866,
			"Relative Velocity X" : 4.5805635452270508,
			"Relative Velocity Y" : 2.9683330059051514,
			"Relative Velocity Z" : 0.0013533651363104582,
			"Truncated" : 0
		},
		{
			"Absolute Acceleration X" : 0.14679519832134247,
			"Absolute Acceleration Y" : 0.40723896026611328,
			"Absolute Acceleration Z" : -0.041972797363996506,
			"Absolute Velocity X" : 28.668952941894531,
			"Absolute Velocity Y" : -2.035205602645874,
			"Absolute Velocity Z" : -0.38714990019798279,
			"ActorName" : "CAR 06",
			"BoundingBox3D Extent X" : 4.2971534729003906,
			"BoundingBox3D Extent Y" : 1.2805567979812622,
			"BoundingBox3D Extent Z" : 0.97402417659759521,
			"BoundingBox3D Orientation Quat W" : -0.99929296970367432,
			"BoundingBox3D Orientation Quat X" : 0.00076368270674720407,
			"BoundingBox3D Orientation Quat Y" : -0.0070524811744689941,
			"BoundingBox3D Orientation Quat Z" : 0.036820724606513977,
			"BoundingBox3D Origin X" : -116.45499420166016,
			"BoundingBox3D Origin Y" : 0.73723292350769043,
			"BoundingBox3D Origin Z" : 1.7931903600692749,
			"ObjectId" : 6,
			"ObjectType" : "CAR",
			"Occluded" : 0.0,
			"Relative Acceleration X" : 0.12148434668779373,
			"Relative Acceleration Y" : -0.89166772365570068,
			"Relative Acceleration Z" : -0.22476403415203094,
			"Relative Velocity X" : 0.95684623718261719,
			"Relative Velocity Y" : -2.6505656242370605,
			"Relative Velocity Z" : 0.10200409591197968,
			"Truncated" : 0
		},
		{
			"Absolute Acceleration X" : -0.20873832702636719,
			"Absolute Acceleration Y" : 0.0079978704452514648,
			"Absolute Acceleration Z" : 0.093603044748306274,
			"Absolute Velocity X" : 25.651229858398438,
			"Absolute Velocity Y" : -1.4175870418548584,
			"Absolute Velocity Z" : -0.26987776160240173,