{
	"CapturedObjects" : 
	[
		{
			"Absolute Acceleration X" : 0.17174530029296875,
			"Absolute Acceleration Y" : -1.0577428340911865,
			"Absolute Acceleration Z" : 0.030225962400436401,
			"Absolute Velocity X" : 27.077821731567383,
			"Absolute Velocity Y" : 0.3736940324306488,
			"Absolute Velocity Z" : -0.31491899490356445,
			"ActorName" : "CAR 01",
			"BoundingBox3D Extent X" : 4.303131103515625,
			"BoundingBox3D Extent Y" : 2.0774104595184326,
			"BoundingBox3D Extent Z" : 1.457223653793335,
			"BoundingBox3D Orientation Quat W" : 0.99991333484649658,
			"BoundingBox3D Orientation Quat X" : 0.0056439810432493687,
			"BoundingBox3D Orientation Quat Y" : 0.0056978026404976845,
			"BoundingBox3D Orientation Quat Z" : 0.010157043114304543,
			"BoundingBox3D Origin X" : -17.644075393676758,
			"BoundingBox3D Origin Y" : -0.4448564350605011,
			"BoundingBox3D Origin Z" : 0.85187608003616333,
			"ObjectId" : 1,
			"ObjectType" : "CAR",
			"Occluded" : 0.0,
			"Relative Acceleration X" : 0.18665504455566406,
			"Relative Acceleration Y" : -0.118511863052845,
			"Relative Acceleration Z" : 0.0394459068775177,
			"Relative Velocity X" : 0.03118458017706871,
			"Relative Velocity Y" : -0.076082445681095123,
			"Relative Velocity Z" : -0.017196465283632278,
			"Truncated" : 0
		},
		{
			"Absolute Acceleration X" : -0.63207817077636719,
			"Absolute Acceleration Y" : -0.9811481237411499,
			"Absolute Acceleration Z" : 0.060006901621818542,
			"Absolute Velocity X" : 26.033119201660156,
			"Absolute Velocity Y" : 0.84649229049682617,
			"Absolute Velocity Z" : -0.26196220517158508,
			"ActorName" : "CAR 05",
			"BoundingBox3D Extent X" : 4.2242927551269531,
			"BoundingBox3D Extent Y" : 2.1238579750061035,
			"BoundingBox3D Extent Z" : 1.4662171602249146,
			"BoundingBox3D Orientation Quat W" : 0.99988007545471191,
			"BoundingBox3D Orientation Quat X" : 0.0092820655554533005,
			"BoundingBox3D Orientation Quat Y" : 0.0051593207754194736,
			"BoundingBox3D Orientation Quat Z" : 0.010753217153251171,
			"BoundingBox3D Origin X" : -29.060253143310547,
			"BoundingBox3D Origin Y" : -4.7772588729858398,
			"BoundingBox3D Origin Z" : 0.87714993953704834,
			"ObjectId" : 5,
			"ObjectType" : "CAR",
			"Occluded" : 0.0,
			"Relative Acceleration X" : -0.64017170667648315,
			"Relative Acceleration Y" : -0.0951719731092453,
			"Relative Acceleration Z" : 0.16784590482711792,
			"Relative Velocity X" : -0.86915606260299683,
			"Relative Velocity Y" : 0.012092459015548229,
			"Relative Velocity Z" : 0.017582615837454796,
			"Truncated" : 0
		},
		{
			"Absolute Acceleration X" : -0.27471351623535156,
			"Absolute Acceleration Y" : -1.0422838926315308,
			"Absolute Acceleration Z" : -0.10092638432979584,
			"Absolute Velocity X" : 24.299663543701172,
			"Absolute Velocity Y" : 2.2006559371948242,
			"Absolute Velocity Z" : -0.16146159172058105,
			"ActorName" : "CAR 11",
			"BoundingBox3D Extent X" : 5.221282958984375,
			"BoundingBox3D Extent Y" : 2.5728745460510254,
			"BoundingBox3D Extent Z" : 2.0236544609069824,
			"BoundingBox3D Orientation Quat W" : 0.99904978275299072,
			"BoundingBox3D Orientation Quat X" : 0.011391926556825638,
			"BoundingBox3D Orientation Quat Y" : 0.003852796507999301,
			"BoundingBox3D Orientation Quat Z" : 0.041804078966379166,
			"BoundingBox3D Origin X" : -64.037643432617188,
			"BoundingBox3D Origin Y" : -6.0575103759765625,
			"BoundingBox3D Origin Z" : 1.538138747215271,
			"ObjectId" : 11,
			"ObjectType" : "CAR",
			"Occluded" : 0.0,
			"Relative Acceleration X" : -0.32979846000671387,
			"Relative Acceleration Y" : -0.24339848756790161,
			"Relative Acceleration Z" : 0.13789957761764526,
			"Relative Velocity X" : -2.5590176582336426,
			"Relative Velocity Y" : 0.19516679644584656,
			"Relative Velocity Z" : 0.12674129009246826,
			"Truncated" : 0
		},
		{
			"Absolute Acceleration X" : -1.8084449768066406,
			"Absolute Acceleration Y" : -1.7952556610107422,
			"Absolute Acceleration Z" : 0.020631030201911926,
			"Absolute Velocity X" : 19.913991928100586,
			"Absolute Velocity Y" : -3.8941688537597656,
			"Absolute Velocity Z" : -0.27777200937271118,
			"ActorName" : "CAR 15",
			"BoundingBox3D Extent X" : 4.0999999046325684,
			"BoundingBox3D Extent Y" : 1.7401559352874756,
			"BoundingBox3D Extent Z" : 1.5278052091598511,
			"BoundingBox3D Orientation Quat W" : -0.99539679288864136,
			"BoundingBox3D Orientation Quat X" : -0.00043783671571873128,
			"BoundingBox3D Orientation Quat Y" : -0.0069841928780078888,
			"BoundingBox3D Orientation Quat Z" : 0.095421724021434784,
			"BoundingBox3D Origin X" : 74.5177001953125,
			"BoundingBox3D Origin Y" : -13.820683479309082,
			"BoundingBox3D Origin Z" : -0.057682216167449951,
			"ObjectId" : 15,
			"ObjectType" : "CAR",
			"Occluded" : 0.0,
			"Relative Acceleration X" : -1.6200389862060547,
			"Relative Acceleration Y" : -1.4257633686065674,
			"Relative Acceleration Z" : 0.077868402004241943,
			"Relative Velocity X" : -6.6822285652160645,
			"Relative Velocity Y" : -1.2614153623580933,
			"Relative Velocity Z" : -0.11070138216018677,
			"Truncated" : 0
		},
		{
			"Absolute Acceleration X" : 2.3257293701171875,
			"Absolute Acceleration Y" : -0.45175504684448242,
			"Absolute Acceleration Z" : 0.001989215612411499,
			"Absolute Velocity X" : 22.828578948974609,
			"Absolute Velocity Y" : 4.489473819732666,
			"Absolute Velocity Z" : -0.090350978076457977,
			"ActorName" : "CAR 23",
			"BoundingBox3D Extent X" : 4.1327266693115234,
			"BoundingBox3D Extent Y" : 2.3016431331634521,
			"BoundingBox3D Extent Z" : 0.81031769514083862,
			"BoundingBox3D Orientation Quat W" : 0.99509119987487793,
			"BoundingBox3D Orientation Quat X" : 0.0084378728643059731,
			"BoundingBox3D Orientation Quat Y" : 0.0032635040115565062,
			"BoundingBox3D Orientation Quat Z" : 0.098507322371006012,
			"BoundingBox3D Origin X" : -131.79328918457031,
			"BoundingBox3D Origin Y" : -16.293617248535156,
			"BoundingBox3D Origin Z" : 1.1936094760894775,
			"ObjectId" : 23,
			"ObjectType" : "CAR",
			"Occluded" : 0.0,
			"Relative Acceleration X" : 2.1540863513946533,
			"Relative Acceleration Y" : 0.49879932403564453,
			"Relative Acceleration Z" : 0.51353663206100464,
			"Relative Velocity X" : -3.6858301162719727,
			"Relative Velocity Y" : 0.20965367555618286,
			"Relative Velocity Z" : 0.17803367972373962,
			"Truncated" : 0
		},
		{
			"Absolute Acceleration X" : 0.08167266845703125,
			"Absolute Acceleration Y" : -1.0642299652099609,
			"Absolute Acceleration Z" : -0.08479820191860199,
			"Absolute Velocity X" : 27.331281661987305,
			"Absolute Velocity Y" : 4.2214875221252441,
			"Absolute Velocity Z" : -0.16510319709777832,
			"ActorName" : "CAR 27",
			"BoundingBox3D Extent X" : 4.1449112892150879,
			"BoundingBox3D Extent Y" : 1.5086543560028076,
			"BoundingBox3D Extent Z" : 0.68735587596893311,
			"BoundingBox3D Orientation Quat W" : 0.9970623254776001,
			"BoundingBox3D Orientation Quat X" : 0.011849891394376755,
			"BoundingBox3D Orientation Quat Y" : 0.0039089708589017391,
			"BoundingBox3D Orientation Quat Z" : 0.07553737610578537,
			"BoundingBox3D Origin X" : -108.26271057128906,
			"BoundingBox3D Origin Y" : -7.9029841423034668,
			"BoundingBox3D Origin Z" : 1.2724283933639526,
			"ObjectId" : 27,
			"ObjectType" : "CAR",
			"Occluded" : 0.0,
			"Relative Acceleration X" : -0.060271203517913818,
			"Relative Acceleration Y" : -0.032580971717834473,
			"Relative Acceleration Z" : 0.24621832370758057,
			"Relative Velocity X" : 0.53328680992126465,
			"Relative Velocity Y" : 0.73877066373825073,
			"Relative Velocity Z" : 0.14214985072612762,
			"Truncated" : 0
		},
		{
			"Absolute Acceleration X" : -0.21785926818847656,
			"Absolute Acceleration Y" : -1.0269069671630859,
			"Absolute Acceleration Z" : 0.026377886533737183,
			"Absolute Velocity X" : 26.758378982543945,
			"Absolute Velocity Y" : 0.89690762758255005,
			"Absolute Velocity Z" : -0.31585714221000671,