{
	"CapturedObjects" : 
	[
		{
			"Absolute Acceleration X" : 0.58274364471435547,
			"Absolute Acceleration Y" : 0.88226318359375,
			"Absolute Acceleration Z" : -0.0032393932342529297,
			"Absolute Velocity X" : 14.275317192077637,
			"Absolute Velocity Y" : 16.219078063964844,
			"Absolute Velocity Z" : -0.8813621997833252,
			"ActorName" : "CAR 00",
			"BoundingBox3D Extent X" : 4.235842227935791,
			"BoundingBox3D Extent Y" : 2.0896267890930176,
			"BoundingBox3D Extent Z" : 1.5755466222763062,
			"BoundingBox3D Orientation Quat W" : 0.9119333028793335,
			"BoundingBox3D Orientation Quat X" : 0.0041990517638623714,
			"BoundingBox3D Orientation Quat Y" : 0.024934481829404831,
			"BoundingBox3D Orientation Quat Z" : 0.40951046347618103,
			"BoundingBox3D Origin X" : -1.7290284633636475,
			"BoundingBox3D Origin Y" : 35.673061370849609,
			"BoundingBox3D Origin Z" : -0.61935943365097046,
			"ObjectId" : 0,
			"ObjectType" : "CAR",
			"Occluded" : 0.0,
			"Relative Acceleration X" : -5.3060393333435059,
			"Relative Acceleration Y" : 2.4759654998779297,
			"Relative Acceleration Z" : 0.46495667099952698,
			"Relative Velocity X" : -3.8782939910888672,
			"Relative Velocity Y" : 15.945759773254395,
			"Relative Velocity Z" : -0.085775159299373627,
			"Truncated" : 0
		},
		{
			"Absolute Acceleration X" : -0.70872879028320312,
			"Absolute Acceleration Y" : -2.2364487648010254,
			"Absolute Acceleration Z" : 0.15593549609184265,
			"Absolute Velocity X" : 11.15290641784668,
			"Absolute Velocity Y" : -4.5256915092468262,
			"Absolute Velocity Z" : 0.32214421033859253,
			"ActorName" : "CAR 06",
			"BoundingBox3D Extent X" : 4.2034726142883301,
			"BoundingBox3D Extent Y" : 2.0219583511352539,
			"BoundingBox3D Extent Z" : 1.5913317203521729,
			"BoundingBox3D Orientation Quat W" : -0.98089832067489624,
			"BoundingBox3D Orientation Quat X" : 0.00094216316938400269,
			"BoundingBox3D Orientation Quat Y" : 0.013014262542128563,
			"BoundingBox3D Orientation Quat Z" : 0.19403535127639771,
			"BoundingBox3D Origin X" : 22.761829376220703,
			"BoundingBox3D Origin Y" : -3.8253476619720459,
			"BoundingBox3D Origin Z" : 1.0177847146987915,
			"ObjectId" : 6,
			"ObjectType" : "CAR",
			"Occluded" : 0.0,
			"Relative Acceleration X" : 0.7066912055015564,
			"Relative Acceleration Y" : 0.024641245603561401,
			"Relative Acceleration Z" : -0.14298555254936218,
			"Relative Velocity X" : -0.39776387810707092,
			"Relative Velocity Y" : -0.78451210260391235,
			"Relative Velocity Z" : -0.058496903628110886,
			"Truncated" : 0
		},
		{
			"Absolute Acceleration X" : 0.1603146493434906,
			"Absolute Acceleration Y" : -0.23443394899368286,
			"Absolute Acceleration Z" : 0.075099289417266846,
			"Absolute Velocity X" : 15.710015296936035,
			"Absolute Velocity Y" : 16.664278030395508,
			"Absolute Velocity Z" : -0.98487669229507446,
			"ActorName" : "CAR 08",
			"BoundingBox3D Extent X" : 5.7427949905395508,
			"BoundingBox3D Extent Y" : 2.4905531406402588,
			"BoundingBox3D Extent Z" : 1.9797494411468506,
			"BoundingBox3D Orientation Quat W" : 0.91615718603134155,
			"BoundingBox3D Orientation Quat X" : -0.026567764580249786,
			"BoundingBox3D Orientation Quat Y" : 0.0095922388136386871,
			"BoundingBox3D Orientation Quat Z" : 0.39964091777801514,
			"BoundingBox3D Origin X" : 16.742990493774414,
			"BoundingBox3D Origin Y" : 78.046257019042969,
			"BoundingBox3D Origin Z" : -2.7569305896759033,
			"ObjectId" : 8,
			"ObjectType" : "CAR",
			"Occluded" : 0.0,
			"Relative Acceleration X" : -2.8255183696746826,
			"Relative Acceleration Y" : 0.76331174373626709,
			"Relative Acceleration Z" : 1.1373205184936523,
			"Relative Velocity X" : -7.3855705261230469,
			"Relative Velocity Y" : 19.002588272094727,
			"Relative Velocity Z" : -0.73418569564819336,
			"Truncated" : 0
		},
		{
			"Absolute Acceleration X" : 1.2838778495788574,
			"Absolute Acceleration Y" : -0.19404172897338867,
			"Absolute Acceleration Z" : -0.064721912145614624,
			"Absolute Velocity X" : 8.0864086151123047,
			"Absolute Velocity Y" : 7.5057673454284668,
			"Absolute Velocity Z" : -0.49908781051635742,
			"ActorName" : "CAR 33",
			"BoundingBox3D Extent X" : 4.4732680320739746,
			"BoundingBox3D Extent Y" : 1.8166415691375732,
			"BoundingBox3D Extent Z" : 1.4928224086761475,
			"BoundingBox3D Orientation Quat W" : 0.92869859933853149,
			"BoundingBox3D Orientation Quat X" : -0.0090286675840616226,
			"BoundingBox3D Orientation Quat Y" : 0.019739424809813499,
			"BoundingBox3D Orientation Quat Z" : 0.37015148997306824,
			"BoundingBox3D Origin X" : -53.577114105224609,
			"BoundingBox3D Origin Y" : -27.45838737487793,
			"BoundingBox3D Origin Z" : 2.9190871715545654,
			"ObjectId" : 33,
			"ObjectType" : "CAR",
			"Occluded" : 0.0,
			"Relative Acceleration X" : 1.2249647378921509,
			"Relative Acceleration Y" : 0.15020644664764404,
			"Relative Acceleration Z" : -0.49190434813499451,
			"Relative Velocity X" : 0.40252983570098877,
			"Relative Velocity Y" : -1.1966904401779175,
			"Relative Velocity Z" : 0.17788109183311462,
			"Truncated" : 0
		},
		{
			"Absolute Acceleration X" : 0.0088742310181260109,
			"Absolute Acceleration Y" : 0.019609987735748291,
			"Absolute Acceleration Z" : -0.099642261862754822,
			"Absolute Velocity X" : 20.641986846923828,
			"Absolute Velocity Y" : 22.901664733886719,
			"Absolute Velocity Z" : -1.2968597412109375,
			"ActorName" : "CAR 36",
			"BoundingBox3D Extent X" : 4.2691168785095215,
			"BoundingBox3D Extent Y" : 1.7336655855178833,
			"BoundingBox3D Extent Z" : 1.3500300645828247,
			"BoundingBox3D Orientation Quat W" : 0.91339749097824097,
			"BoundingBox3D Orientation Quat X" : -0.0046358397230505943,
			"BoundingBox3D Orientation Quat Y" : 0.020723933354020119,
			"BoundingBox3D Orientation Quat Z" : 0.4065132737159729,
			"BoundingBox3D Origin X" : 38.478828430175781,
			"BoundingBox3D Origin Y" : 108.32485961914062,
			"BoundingBox3D Origin Z" : -4.0573573112487793,
			"ObjectId" : 36,
			"ObjectType" : "CAR",
			"Occluded" : 0.0,
			"Relative Acceleration X" : -4.5886263847351074,
			"Relative Acceleration Y" : 1.5143202543258667,
			"Relative Acceleration Z" : 1.1344066858291626,
			"Relative Velocity X" : -6.5848884582519531,
			"Relative Velocity Y" : 28.377307891845703,
			"Relative Velocity Z" : -1.3016986846923828,
			"Truncated" : 0
		},
		{
			"Absolute Acceleration X" : 0.59360790252685547,
			"Absolute Acceleration Y" : 0.71772384643554688,
			"Absolute Acceleration Z" : 0.0028678774833679199,
			"Absolute Velocity X" : 13.691448211669922,
			"Absolute Velocity Y" : 14.993256568908691,
			"Absolute Velocity Z" : -0.904804527759552,
			"ActorName" : "CAR 37",
			"BoundingBox3D Extent X" : 4.4236717224121094,
			"BoundingBox3D Extent Y" : 1.738594651222229,
			"BoundingBox3D Extent Z" : 1.0687088966369629,
			"BoundingBox3D Orientation Quat W" : 0.91690391302108765,
			"BoundingBox3D Orientation Quat X" : -0.008065967820584774,
			"BoundingBox3D Orientation Quat Y" : 0.020578930154442787,
			"BoundingBox3D Orientation Quat Z" : 0.39834919571876526,
			"BoundingBox3D Origin X" : -45.380947113037109,
			"BoundingBox3D Origin Y" : -12.699664115905762,
			"BoundingBox3D Origin Z" : 2.0172615051269531,
			"ObjectId" : 37,
			"ObjectType" : "CAR",
			"Occluded" : 0.0,
			"Relative Acceleration X" : -2.4776222705841064,
			"Relative Acceleration Y" : 2.4683780670166016,
			"Relative Acceleration Z" : -0.25628197193145752,
			"Relative Velocity X" : 3.4832534790039062,
			"Relative Velocity Y" : 7.647463321685791,
			"Relative Velocity Z" : -0.092661142349243164,
			"Truncated" : 0
		},
		{
			"Absolute Acceleration X" : 0.25973352789878845,
			"Absolute Acceleration Y" : 0.29078951478004456,
			"Absolute Acceleration Z" : -0.0035990704782307148,
			"Absolute Velocity X" : 19.472688674926758,
			"Absolute Velocity Y" : 21.030780792236328,
			"Absolute Velocity Z" : -1.1394535303115845,
			"ActorName" : "CAR 39",