{
	"CapturedObjects" : 
	[
		{
			"Absolute Acceleration X" : -0.14645004272460938,
			"Absolute Acceleration Y" : -0.00031515955924987793,
			"Absolute Acceleration Z" : 0.00014962255954742432,
			"Absolute Velocity X" : 31.092966079711914,
			"Absolute Velocity Y" : -0.41475817561149597,
			"Absolute Velocity Z" : -0.22050932049751282,
			"ActorName" : "TRUCK 00",
			"BoundingBox3D Extent X" : 11.0,
			"BoundingBox3D Extent Y" : 2.6347408294677734,
			"BoundingBox3D Extent Z" : 3.0569512844085693,
			"BoundingBox3D Orientation Quat W" : 0.99996984004974365,
			"BoundingBox3D Orientation Quat X" : -0.0034106734674423933,
			"BoundingBox3D Orientation Quat Y" : 0.0043003465980291367,
			"BoundingBox3D Orientation Quat Z" : -0.0054397415369749069,
			"BoundingBox3D Origin X" : 29.375730514526367,
			"BoundingBox3D Origin Y" : 6.6066884994506836,
			"BoundingBox3D Origin Z" : 1.2459132671356201,
			"ObjectId" : 0,
			"ObjectType" : "TRUCK",
			"Occluded" : 0.0,
			"Relative Acceleration X" : 0.031395912170410156,
			"Relative Acceleration Y" : 0.14670076966285706,
			"Relative Acceleration Z" : 0.085292667150497437,
			"Relative Velocity X" : 9.8057775497436523,
			"Relative Velocity Y" : -0.42773726582527161,
			"Relative Velocity Z" : -0.028482848778367043,
			"Truncated" : 0
		},
		{
			"Absolute Acceleration X" : 0.015707015991210938,
			"Absolute Acceleration Y" : -0.016990840435028076,
			"Absolute Acceleration Z" : 0.020433962345123291,
			"Absolute Velocity X" : 30.331182479858398,
			"Absolute Velocity Y" : -0.59041374921798706,
			"Absolute Velocity Z" : -0.24121706187725067,
			"ActorName" : "CAR 01",
			"BoundingBox3D Extent X" : 4.0999999046325684,
			"BoundingBox3D Extent Y" : 2.0434176921844482,
			"BoundingBox3D Extent Z" : 1.7555222511291504,
			"BoundingBox3D Orientation Quat W" : -0.99991148710250854,
			"BoundingBox3D Orientation Quat X" : 0.0029380733612924814,
			"BoundingBox3D Orientation Quat Y" : -0.0034288191236555576,
			"BoundingBox3D Orientation Quat Z" : 0.011740607209503651,
			"BoundingBox3D Origin X" : -9.0167989730834961,
			"BoundingBox3D Origin Y" : 7.2565908432006836,
			"BoundingBox3D Origin Z" : 0.8757854700088501,
			"ObjectId" : 1,
			"ObjectType" : "CAR",
			"Occluded" : 0.0,
			"Relative Acceleration X" : 0.18714141845703125,
			"Relative Acceleration Y" : -0.35775813460350037,
			"Relative Acceleration Z" : 0.015807595103979111,
			"Relative Velocity X" : 9.049046516418457,
			"Relative Velocity Y" : -0.30859401822090149,
			"Relative Velocity Z" : -0.058911833912134171,
			"Truncated" : 0
		},
		{
			"Absolute Acceleration X" : -0.089324951171875,
			"Absolute Acceleration Y" : -0.15691974759101868,
			"Absolute Acceleration Z" : -0.014557898044586182,
			"Absolute Velocity X" : 31.942373275756836,
			"Absolute Velocity Y" : -0.38528969883918762,
			"Absolute Velocity Z" : -0.2438322901725769,
			"ActorName" : "CAR 04",
			"BoundingBox3D Extent X" : 4.0999999046325684,
			"BoundingBox3D Extent Y" : 1.6868230104446411,
			"BoundingBox3D Extent Z" : 1.6394811868667603,
			"BoundingBox3D Orientation Quat W" : 0.9999578595161438,
			"BoundingBox3D Orientation Quat X" : -0.0049845692701637745,
			"BoundingBox3D Orientation Quat Y" : 0.0038868370465934277,
			"BoundingBox3D Orientation Quat Z" : -0.0064427545294165611,
			"BoundingBox3D Origin X" : 105.31640625,
			"BoundingBox3D Origin Y" : 5.7209949493408203,
			"BoundingBox3D Origin Z" : -0.032716192305088043,
			"ObjectId" : 4,
			"ObjectType" : "CAR",
			"Occluded" : 0.0,
			"Relative Acceleration X" : 0.099740028381347656,
			"Relative Acceleration Y" : 0.96536707878112793,
			"Relative Acceleration Z" : 0.24702763557434082,
			"Relative Velocity X" : 10.649293899536133,
			"Relative Velocity Y" : -0.97755229473114014,
			"Relative Velocity Z" : -0.032307013869285583,
			"Truncated" : 0
		},
		{
			"Absolute Acceleration X" : 0.025842666625976562,
			"Absolute Acceleration Y" : -0.096695035696029663,
			"Absolute Acceleration Z" : 0.0029316097497940063,
			"Absolute Velocity X" : 31.982233047485352,
			"Absolute Velocity Y" : -0.51652711629867554,
			"Absolute Velocity Z" : -0.24293673038482666,
			"ActorName" : "CAR 05",
			"BoundingBox3D Extent X" : 4.0999999046325684,
			"BoundingBox3D Extent Y" : 1.8871970176696777,
			"BoundingBox3D Extent Z" : 1.9245541095733643,
			"BoundingBox3D Orientation Quat W" : 0.9999585747718811,
			"BoundingBox3D Orientation Quat X" : -0.0030763184186071157,
			"BoundingBox3D Orientation Quat Y" : 0.0039223101921379566,
			"BoundingBox3D Orientation Quat Z" : -0.0063804490491747856,
			"BoundingBox3D Origin X" : 159.37353515625,
			"BoundingBox3D Origin Y" : 5.1202330589294434,
			"BoundingBox3D Origin Z" : -0.30811288952827454,
			"ObjectId" : 5,
			"ObjectType" : "CAR",
			"Occluded" : 0.0,
			"Relative Acceleration X" : 0.21885204315185547,
			"Relative Acceleration Y" : 1.7232698202133179,
			"Relative Acceleration Z" : 0.38914692401885986,
			"Relative Velocity X" : 10.685206413269043,
			"Relative Velocity Y" : -1.5231690406799316,
			"Relative Velocity Z" : -0.018096446990966797,
			"Truncated" : 0
		},
		{
			"Absolute Acceleration X" : 0.15124130249023438,
			"Absolute Acceleration Y" : -0.21567367017269135,
			"Absolute Acceleration Z" : -0.030773207545280457,
			"Absolute Velocity X" : 25.131589889526367,
			"Absolute Velocity Y" : -0.33324882388114929,
			"Absolute Velocity Z" : -0.19680315256118774,
			"ActorName" : "CAR 06",
			"BoundingBox3D Extent X" : 4.0999999046325684,
			"BoundingBox3D Extent Y" : 1.9416749477386475,
			"BoundingBox3D Extent Z" : 1.5827196836471558,
			"BoundingBox3D Orientation Quat W" : -0.99995744228363037,
			"BoundingBox3D Orientation Quat X" : -0.0044726859778165817,
			"BoundingBox3D Orientation Quat Y" : -0.0035998793318867683,
			"BoundingBox3D Orientation Quat Z" : 0.0069653289392590523,
			"BoundingBox3D Origin X" : 106.43994903564453,
			"BoundingBox3D Origin Y" : 1.8795690536499023,
			"BoundingBox3D Origin Z" : -0.067382410168647766,
			"ObjectId" : 6,
			"ObjectType" : "CAR",
			"Occluded" : 0.0,
			"Relative Acceleration X" : 0.39042806625366211,
			"Relative Acceleration Y" : 0.97455316781997681,
			"Relative Acceleration Z" : 0.2196088433265686,
			"Relative Velocity X" : 3.8090317249298096,
			"Relative Velocity Y" : -0.94201737642288208,
			"Relative Velocity Z" : -0.0017636945703998208,
			"Truncated" : 0
		},
		{
			"Absolute Acceleration X" : -0.089296340942382812,
			"Absolute Acceleration Y" : 0.033322885632514954,
			"Absolute Acceleration Z" : 0.0095689445734024048,
			"Absolute Velocity X" : 20.891939163208008,
			"Absolute Velocity Y" : -0.23355774581432343,
			"Absolute Velocity Z" : -0.15172149240970612,
			"ActorName" : "CAR 07",
			"BoundingBox3D Extent X" : 4.1580929756164551,
			"BoundingBox3D Extent Y" : 1.6662228107452393,
			"BoundingBox3D Extent Z" : 1.5035252571105957,
			"BoundingBox3D Orientation Quat W" : 0.99993807077407837,
			"BoundingBox3D Orientation Quat X" : -0.00070389558095484972,
			"BoundingBox3D Orientation Quat Y" : 0.0030601604375988245,
			"BoundingBox3D Orientation Quat Z" : -0.010093020275235176,
			"BoundingBox3D Origin X" : 26.31806755065918,
			"BoundingBox3D Origin Y" : -0.53494375944137573,
			"BoundingBox3D Origin Z" : 0.48565444350242615,
			"ObjectId" : 7,
			"ObjectType" : "CAR",
			"Occluded" : 0.0,
			"Relative Acceleration X" : 0.18339124321937561,
			"Relative Acceleration Y" : 0.22035443782806396,
			"Relative Acceleration Z" : 0.064949221909046173,
			"Relative Velocity X" : -0.44995900988578796,
			"Relative Velocity Y" : -0.23268577456474304,
			"Relative Velocity Z" : 0.010721663944423199,
			"Truncated" : 0
		},
		{
			"Absolute Acceleration X" : -0.313261479139328,
			"Absolute Acceleration Y" : 0.088415749371051788,
			"Absolute Acceleration Z" : -0.011238115839660168,
			"Absolute Velocity X" : 19.816440582275391,
			"Absolute Velocity Y" : -0.25060448050498962,