{
	"CapturedObjects" : 
	[
		{
			"Absolute Acceleration X" : -2.5642256736755371,
			"Absolute Acceleration Y" : -1.593541145324707,
			"Absolute Acceleration Z" : 0.15248340368270874,
			"Absolute Velocity X" : 8.8882770538330078,
			"Absolute Velocity Y" : -10.248256683349609,
			"Absolute Velocity Z" : 0.39572077989578247,
			"ActorName" : "CAR 00",
			"BoundingBox3D Extent X" : 4.1457114219665527,
			"BoundingBox3D Extent Y" : 1.86781907081604,
			"BoundingBox3D Extent Z" : 1.567468523979187,
			"BoundingBox3D Orientation Quat W" : -0.90829217433929443,
			"BoundingBox3D Orientation Quat X" : -0.020856695249676704,
			"BoundingBox3D Orientation Quat Y" : 0.026171071454882622,
			"BoundingBox3D Orientation Quat Z" : 0.41693341732025146,
			"BoundingBox3D Origin X" : 45.405277252197266,
			"BoundingBox3D Origin Y" : -22.406026840209961,
			"BoundingBox3D Origin Z" : 1.0846390724182129,
			"ObjectId" : 0,
			"ObjectType" : "CAR",
			"Occluded" : 0.0,
			"Relative Acceleration X" : -1.3105592727661133,
			"Relative Acceleration Y" : -0.43077915906906128,
			"Relative Acceleration Z" : 0.088808983564376831,
			"Relative Velocity X" : 1.1723215579986572,
			"Relative Velocity Y" : 1.3687434196472168,
			"Relative Velocity Z" : 0.34591880440711975,
			"Truncated" : 0
		},
		{
			"Absolute Acceleration X" : 1.1993627548217773,
			"Absolute Acceleration Y" : -2.0054352283477783,
			"Absolute Acceleration Z" : 0.1156596839427948,
			"Absolute Velocity X" : 11.136528015136719,
			"Absolute Velocity Y" : 4.5915141105651855,
			"Absolute Velocity Z" : -0.41144728660583496,
			"ActorName" : "CAR 01",
			"BoundingBox3D Extent X" : 4.593109130859375,
			"BoundingBox3D Extent Y" : 1.9586663246154785,
			"BoundingBox3D Extent Z" : 1.5214827060699463,
			"BoundingBox3D Orientation Quat W" : 0.98409616947174072,
			"BoundingBox3D Orientation Quat X" : 0.0016459723701700568,
			"BoundingBox3D Orientation Quat Y" : 0.01688951812684536,
			"BoundingBox3D Orientation Quat Z" : 0.17669844627380371,
			"BoundingBox3D Origin X" : -22.346580505371094,
			"BoundingBox3D Origin Y" : -4.7262873649597168,
			"BoundingBox3D Origin Z" : 1.1079623699188232,
			"ObjectId" : 1,
			"ObjectType" : "CAR",
			"Occluded" : 0.0,
			"Relative Acceleration X" : -0.18410813808441162,
			"Relative Acceleration Y" : 1.2759497165679932,
			"Relative Acceleration Z" : 0.061106100678443909,
			"Relative Velocity X" : -1.163501501083374,
			"Relative Velocity Y" : -1.2352283000946045,
			"Relative Velocity Z" : -0.060319628566503525,
			"Truncated" : 0
		},
		{
			"Absolute Acceleration X" : -1.8296337127685547,
			"Absolute Acceleration Y" : 0.238949254155159,
			"Absolute Acceleration Z" : -0.23102143406867981,
			"Absolute Velocity X" : -20.727205276489258,
			"Absolute Velocity Y" : 0.012709791772067547,
			"Absolute Velocity Z" : -0.16086918115615845,
			"ActorName" : "CAR 02",
			"BoundingBox3D Extent X" : 4.4249858856201172,
			"BoundingBox3D Extent Y" : 1.8999999761581421,
			"BoundingBox3D Extent Z" : 1.3428494930267334,
			"BoundingBox3D Orientation Quat W" : 0.00027351928292773664,
			"BoundingBox3D Orientation Quat X" : -0.0037934803403913975,
			"BoundingBox3D Orientation Quat Y" : 0.0024539786390960217,
			"BoundingBox3D Orientation Quat Z" : 0.9999544620513916,
			"BoundingBox3D Origin X" : 36.442440032958984,
			"BoundingBox3D Origin Y" : 16.241802215576172,
			"BoundingBox3D Origin Z" : 1.6534696817398071,
			"ObjectId" : 2,
			"ObjectType" : "CAR",
			"Occluded" : 0.0,
			"Relative Acceleration X" : -4.2496414184570312,
			"Relative Acceleration Y" : -15.851189613342285,
			"Relative Acceleration Z" : 0.00071235001087188721,
			"Relative Velocity X" : -38.165981292724609,
			"Relative Velocity Y" : 9.4618740081787109,
			"Relative Velocity Z" : -0.43018102645874023,
			"Truncated" : 0
		}
	],
	"FrameId" : 19419,
	"Timestamp" : 1676040126248720256,
	"TimestampMiddle" : 1676040126231720256
}