{
	"CapturedObjects" : 
	[
		{
			"Absolute Acceleration X" : 0.23931312561035156,
			"Absolute Acceleration Y" : -0.49394011497497559,
			"Absolute Acceleration Z" : -0.062599748373031616,
			"Absolute Velocity X" : 30.716047286987305,
			"Absolute Velocity Y" : 0.98410946130752563,
			"Absolute Velocity Z" : -0.23621070384979248,
			"ActorName" : "CAR 03",
			"BoundingBox3D Extent X" : 4.3612446784973145,
			"BoundingBox3D Extent Y" : 2.5543322563171387,
			"BoundingBox3D Extent Z" : 1.4967716932296753,
			"BoundingBox3D Orientation Quat W" : 0.99988412857055664,
			"BoundingBox3D Orientation Quat X" : 0.00017180939903482795,
			"BoundingBox3D Orientation Quat Y" : 0.0041510052978992462,
			"BoundingBox3D Orientation Quat Z" : 0.014242362231016159,
			"BoundingBox3D Origin X" : 5.3605990409851074,
			"BoundingBox3D Origin Y" : 5.4149966239929199,
			"BoundingBox3D Origin Z" : 0.68993395566940308,
			"ObjectId" : 3,
			"ObjectType" : "CAR",
			"Occluded" : 0.0,
			"Relative Acceleration X" : 0.41078948974609375,
			"Relative Acceleration Y" : -0.1498723030090332,
			"Relative Acceleration Z" : -0.011178672313690186,
			"Relative Velocity X" : 5.0400376319885254,
			"Relative Velocity Y" : 1.1710225343704224,
			"Relative Velocity Z" : -0.045610561966896057,
			"Truncated" : 0
		},
		{
			"Absolute Acceleration X" : 0.40163803100585938,
			"Absolute Acceleration Y" : -0.19206905364990234,
			"Absolute Acceleration Z" : -0.085337087512016296,
			"Absolute Velocity X" : 25.067165374755859,
			"Absolute Velocity Y" : 0.54315680265426636,
			"Absolute Velocity Z" : -0.24793779850006104,
			"ActorName" : "CAR 07",
			"BoundingBox3D Extent X" : 4.1408395767211914,
			"BoundingBox3D Extent Y" : 1.8945406675338745,
			"BoundingBox3D Extent Z" : 1.469247579574585,
			"BoundingBox3D Orientation Quat W" : 0.9999161958694458,
			"BoundingBox3D Orientation Quat X" : 0.0013628462329506874,
			"BoundingBox3D Orientation Quat Y" : 0.0040106079541146755,
			"BoundingBox3D Orientation Quat Z" : 0.011983734555542469,
			"BoundingBox3D Origin X" : 29.130363464355469,
			"BoundingBox3D Origin Y" : -1.4985063076019287,
			"BoundingBox3D Origin Z" : 0.44289535284042358,
			"ObjectId" : 7,
			"ObjectType" : "CAR",
			"Occluded" : 0.0,
			"Relative Acceleration X" : 0.37089967727661133,
			"Relative Acceleration Y" : -0.70719307661056519,
			"Relative Acceleration Z" : -0.10471461713314056,
			"Relative Velocity X" : -0.53371208906173706,
			"Relative Velocity Y" : 1.0104203224182129,
			"Relative Velocity Z" : 0.018638717010617256,
			"Truncated" : 0
		},
		{
			"Absolute Acceleration X" : 0.20911598205566406,
			"Absolute Acceleration Y" : -0.157997727394104,
			"Absolute Acceleration Z" : -0.062393844127655029,
			"Absolute Velocity X" : 26.053783416748047,
			"Absolute Velocity Y" : 0.47514182329177856,
			"Absolute Velocity Z" : -0.35123234987258911,
			"ActorName" : "CAR 08",
			"BoundingBox3D Extent X" : 4.0999999046325684,
			"BoundingBox3D Extent Y" : 1.7251287698745728,
			"BoundingBox3D Extent Z" : 1.5560992956161499,
			"BoundingBox3D Orientation Quat W" : 0.99995964765548706,
			"BoundingBox3D Orientation Quat X" : 0.0027260072529315948,
			"BoundingBox3D Orientation Quat Y" : 0.0069898366928100586,
			"BoundingBox3D Orientation Quat Z" : 0.0042039062827825546,
			"BoundingBox3D Origin X" : 62.058780670166016,
			"BoundingBox3D Origin Y" : 2.7398314476013184,
			"BoundingBox3D Origin Z" : 0.1011480838060379,
			"ObjectId" : 8,
			"ObjectType" : "CAR",
			"Occluded" : 0.0,
			"Relative Acceleration X" : 0.29567545652389526,
			"Relative Acceleration Y" : -1.6269644498825073,
			"Relative Acceleration Z" : -0.14588439464569092,
			"Relative Velocity X" : 0.40810433030128479,
			"Relative Velocity Y" : 1.2977762222290039,
			"Relative Velocity Z" : -0.040417760610580444,
			"Truncated" : 0
		},
		{
			"Absolute Acceleration X" : 0.041269302368164062,
			"Absolute Acceleration Y" : -0.72278308868408203,
			"Absolute Acceleration Z" : -0.081256583333015442,
			"Absolute Velocity X" : 31.640775680541992,
			"Absolute Velocity Y" : 1.9391775131225586,
			"Absolute Velocity Z" : -0.17200285196304321,
			"ActorName" : "CAR 15",
			"BoundingBox3D Extent X" : 4.9742946624755859,
			"BoundingBox3D Extent Y" : 2.1192083358764648,
			"BoundingBox3D Extent Z" : 1.7263710498809814,
			"BoundingBox3D Orientation Quat W" : 0.99952560663223267,
			"BoundingBox3D Orientation Quat X" : 0.0022934023290872574,
			"BoundingBox3D Orientation Quat Y" : 0.0019431107211858034,
			"BoundingBox3D Orientation Quat Z" : 0.03050723485648632,
			"BoundingBox3D Origin X" : -29.329339981079102,
			"BoundingBox3D Origin Y" : 3.4723420143127441,
			"BoundingBox3D Origin Z" : 1.0221011638641357,
			"ObjectId" : 15,
			"ObjectType" : "CAR",
			"Occluded" : 0.0,
			"Relative Acceleration X" : 0.14175987243652344,
			"Relative Acceleration Y" : 0.68464744091033936,
			"Relative Acceleration Z" : 0.039452496916055679,
			"Relative Velocity X" : 5.9878091812133789,
			"Relative Velocity Y" : 1.7438951730728149,
			"Relative Velocity Z" : -0.037961568683385849,
			"Truncated" : 0
		},
		{
			"Absolute Acceleration X" : 0.18430900573730469,
			"Absolute Acceleration Y" : 0.12069594860076904,
			"Absolute Acceleration Z" : -0.043402999639511108,
			"Absolute Velocity X" : 23.922218322753906,
			"Absolute Velocity Y" : 0.91642743349075317,
			"Absolute Velocity Z" : -0.3082554042339325,
			"ActorName" : "CAR 19",
			"BoundingBox3D Extent X" : 4.0999999046325684,
			"BoundingBox3D Extent Y" : 1.766088604927063,
			"BoundingBox3D Extent Z" : 1.5308927297592163,
			"BoundingBox3D Orientation Quat W" : 0.99982839822769165,
			"BoundingBox3D Orientation Quat X" : 0.0016571329906582832,
			"BoundingBox3D Orientation Quat Y" : 0.0067590540274977684,
			"BoundingBox3D Orientation Quat Z" : 0.017030674964189529,
			"BoundingBox3D Origin X" : 53.330181121826172,
			"BoundingBox3D Origin Y" : -0.23529987037181854,
			"BoundingBox3D Origin Z" : 0.18801490962505341,
			"ObjectId" : 19,
			"ObjectType" : "CAR",
			"Occluded" : 0.0,
			"Relative Acceleration X" : 0.17637836933135986,
			"Relative Acceleration Y" : -1.142346978187561,
			"Relative Acceleration Z" : -0.12322728335857391,
			"Relative Velocity X" : -1.6901782751083374,
			"Relative Velocity Y" : 1.6517140865325928,
			"Relative Velocity Z" : -0.00045940422569401562,
			"Truncated" : 0
		},
		{
			"Absolute Acceleration X" : 0.09051600843667984,
			"Absolute Acceleration Y" : -0.60489535331726074,
			"Absolute Acceleration Z" : -0.10362102091312408,
			"Absolute Velocity X" : 29.737215042114258,
			"Absolute Velocity Y" : 3.9832985401153564,
			"Absolute Velocity Z" : 0.016953239217400551,
			"ActorName" : "CAR 28",
			"BoundingBox3D Extent X" : 4.120110034942627,
			"BoundingBox3D Extent Y" : 1.7350342273712158,
			"BoundingBox3D Extent Z" : 0.85335826873779297,
			"BoundingBox3D Orientation Quat W" : 0.99773401021957397,
			"BoundingBox3D Orientation Quat X" : 0.0076259900815784931,
			"BoundingBox3D Orientation Quat Y" : 0.00095924531342461705,
			"BoundingBox3D Orientation Quat Z" : 0.066748730838298798,
			"BoundingBox3D Origin X" : -103.97203063964844,
			"BoundingBox3D Origin Y" : -2.6840894222259521,
			"BoundingBox3D Origin Z" : 0.66231590509414673,
			"ObjectId" : 28,
			"ObjectType" : "CAR",
			"Occluded" : 0.0,
			"Relative Acceleration X" : -0.12384926527738571,
			"Relative Acceleration Y" : 3.6699433326721191,
			"Relative Acceleration Z" : -0.3152281641960144,
			"Relative Velocity X" : 4.1587295532226562,
			"Relative Velocity Y" : 2.8527758121490479,
			"Relative Velocity Z" : -0.16937080025672913,
			"Truncated" : 0
		},
		{
			"Absolute Acceleration X" : 0.23174190521240234,
			"Absolute Acceleration Y" : 0.27167320251464844,
			"Absolute Acceleration Z" : 0.36593306064605713,
			"Absolute Velocity X" : -26.35765266418457,
			"Absolute Velocity Y" : -1.0386511087417603,
			"Absolute Velocity Z" : 0.10162204504013062,