{
	"CapturedObjects" : 
	[
		{
			"Absolute Acceleration X" : 0.010412216186523438,
			"Absolute Acceleration Y" : -0.025454744696617126,
			"Absolute Acceleration Z" : -0.010086700320243835,
			"Absolute Velocity X" : 22.602321624755859,
			"Absolute Velocity Y" : -0.25606626272201538,
			"Absolute Velocity Z" : -0.22023969888687134,
			"ActorName" : "TRUCK 00",
			"BoundingBox3D Extent X" : 15.675508499145508,
			"BoundingBox3D Extent Y" : 2.846585750579834,
			"BoundingBox3D Extent Z" : 2.7976827621459961,
			"BoundingBox3D Orientation Quat W" : 0.99994909763336182,
			"BoundingBox3D Orientation Quat X" : 0.003414342412725091,
			"BoundingBox3D Orientation Quat Y" : 0.0041682245209813118,
			"BoundingBox3D Orientation Quat Z" : -0.0058218156918883324,
			"BoundingBox3D Origin X" : 8.787322998046875,
			"BoundingBox3D Origin Y" : 2.9861557483673096,
			"BoundingBox3D Origin Z" : 1.2672481536865234,
			"ObjectId" : 0,
			"ObjectType" : "TRUCK",
			"Occluded" : 0.0,
			"Relative Acceleration X" : -0.14969420433044434,
			"Relative Acceleration Y" : -0.020661741495132446,
			"Relative Acceleration Z" : -0.024819608777761459,
			"Relative Velocity X" : 2.1744272708892822,
			"Relative Velocity Y" : -0.09000241756439209,
			"Relative Velocity Z" : -0.025361839681863785,
			"Truncated" : 0
		},
		{
			"Absolute Acceleration X" : 0.0410308837890625,
			"Absolute Acceleration Y" : 0.038134545087814331,
			"Absolute Acceleration Z" : -0.014767438173294067,
			"Absolute Velocity X" : 22.489631652832031,
			"Absolute Velocity Y" : -0.30115774273872375,
			"Absolute Velocity Z" : -0.20649495720863342,
			"ActorName" : "CAR 02",
			"BoundingBox3D Extent X" : 4.6524553298950195,
			"BoundingBox3D Extent Y" : 2.1059317588806152,
			"BoundingBox3D Extent Z" : 1.7193666696548462,
			"BoundingBox3D Orientation Quat W" : -0.99994945526123047,
			"BoundingBox3D Orientation Quat X" : -0.00241512106731534,
			"BoundingBox3D Orientation Quat Y" : -0.0042526973411440849,
			"BoundingBox3D Orientation Quat Z" : 0.0074707162566483021,
			"BoundingBox3D Origin X" : -22.513278961181641,
			"BoundingBox3D Origin Y" : 3.0690455436706543,
			"BoundingBox3D Origin Z" : 1.01712965965271,
			"ObjectId" : 2,
			"ObjectType" : "CAR",
			"Occluded" : 0.0,
			"Relative Acceleration X" : -0.11995291709899902,
			"Relative Acceleration Y" : -0.086437240242958069,
			"Relative Acceleration Z" : 0.038653846830129623,
			"Relative Velocity X" : 2.0613791942596436,
			"Relative Velocity Y" : -0.09999452531337738,
			"Relative Velocity Z" : 0.038892634212970734,
			"Truncated" : 0
		},
		{
			"Absolute Acceleration X" : 0.62884902954101562,
			"Absolute Acceleration Y" : -0.060182332992553711,
			"Absolute Acceleration Z" : 0.024213254451751709,
			"Absolute Velocity X" : 32.232021331787109,
			"Absolute Velocity Y" : -0.29376605153083801,
			"Absolute Velocity Z" : -0.32456314563751221,
			"ActorName" : "CAR 07",
			"BoundingBox3D Extent X" : 4.1769990921020508,
			"BoundingBox3D Extent Y" : 1.9059116840362549,
			"BoundingBox3D Extent Z" : 1.6264179944992065,
			"BoundingBox3D Orientation Quat W" : 0.99994850158691406,
			"BoundingBox3D Orientation Quat X" : 0.0027830072212964296,
			"BoundingBox3D Orientation Quat Y" : 0.0048280190676450729,
			"BoundingBox3D Orientation Quat Z" : -0.0063316142186522484,
			"BoundingBox3D Origin X" : 88.479598999023438,
			"BoundingBox3D Origin Y" : 5.2248735427856445,
			"BoundingBox3D Origin Z" : -0.095248021185398102,
			"ObjectId" : 7,
			"ObjectType" : "CAR",
			"Occluded" : 0.0,
			"Relative Acceleration X" : 0.45605564117431641,
			"Relative Acceleration Y" : 0.27209967374801636,
			"Relative Acceleration Z" : -0.13886012136936188,
			"Relative Velocity X" : 11.804708480834961,
			"Relative Velocity Y" : -0.20964661240577698,
			"Relative Velocity Z" : -0.24717928469181061,
			"Truncated" : 0
		},
		{
			"Absolute Acceleration X" : 0.42881202697753906,
			"Absolute Acceleration Y" : -0.11789743602275848,
			"Absolute Acceleration Z" : -0.024250417947769165,
			"Absolute Velocity X" : 20.501857757568359,
			"Absolute Velocity Y" : -0.25399699807167053,
			"Absolute Velocity Z" : -0.18961860239505768,
			"ActorName" : "CAR 08",
			"BoundingBox3D Extent X" : 4.203056812286377,
			"BoundingBox3D Extent Y" : 1.7073705196380615,
			"BoundingBox3D Extent Z" : 1.5064666271209717,
			"BoundingBox3D Orientation Quat W" : 0.99997615814208984,
			"BoundingBox3D Orientation Quat X" : -0.0030228814575821161,
			"BoundingBox3D Orientation Quat Y" : 0.0041812225244939327,
			"BoundingBox3D Orientation Quat Z" : -0.00052839197451248765,
			"BoundingBox3D Origin X" : 26.863391876220703,
			"BoundingBox3D Origin Y" : -0.63811182975769043,
			"BoundingBox3D Origin Z" : 0.45643791556358337,
			"ObjectId" : 8,
			"ObjectType" : "CAR",
			"Occluded" : 0.0,
			"Relative Acceleration X" : 0.28209039568901062,
			"Relative Acceleration Y" : -0.028956584632396698,
			"Relative Acceleration Z" : -0.10153879225254059,
			"Relative Velocity X" : 0.068581275641918182,
			"Relative Velocity Y" : -0.10914483666419983,
			"Relative Velocity Z" : -0.02865452878177166,
			"Truncated" : 0
		},
		{
			"Absolute Acceleration X" : 0.035703122615814209,
			"Absolute Acceleration Y" : 0.096291050314903259,
			"Absolute Acceleration Z" : 0.0033714510500431061,
			"Absolute Velocity X" : 32.100170135498047,
			"Absolute Velocity Y" : -0.1177588477730751,
			"Absolute Velocity Z" : -0.28432366251945496,
			"ActorName" : "CAR 09",
			"BoundingBox3D Extent X" : 4.0999999046325684,
			"BoundingBox3D Extent Y" : 2.0305180549621582,
			"BoundingBox3D Extent Z" : 1.9494680166244507,
			"BoundingBox3D Orientation Quat W" : 0.99950915575027466,
			"BoundingBox3D Orientation Quat X" : -0.030213607475161552,
			"BoundingBox3D Orientation Quat Y" : 0.004115142859518528,
			"BoundingBox3D Orientation Quat Z" : -0.0024718479253351688,
			"BoundingBox3D Origin X" : 200.27908325195312,
			"BoundingBox3D Origin Y" : 4.2071647644042969,
			"BoundingBox3D Origin Z" : -0.84906637668609619,
			"ObjectId" : 9,
			"ObjectType" : "CAR",
			"Occluded" : 0.0,
			"Relative Acceleration X" : -0.15680734813213348,
			"Relative Acceleration Y" : 0.26146972179412842,
			"Relative Acceleration Z" : -1.1172612905502319,
			"Relative Velocity X" : 11.67977237701416,
			"Relative Velocity Y" : -0.23926767706871033,
			"Relative Velocity Z" : -0.56907480955123901,
			"Truncated" : 0
		},
		{
			"Absolute Acceleration X" : -0.050855636596679688,
			"Absolute Acceleration Y" : 0.042428344488143921,
			"Absolute Acceleration Z" : -0.022673934698104858,
			"Absolute Velocity X" : 30.289667129516602,
			"Absolute Velocity Y" : -0.43906262516975403,
			"Absolute Velocity Z" : -0.26654189825057983,
			"ActorName" : "CAR 10",
			"BoundingBox3D Extent X" : 4.6715030670166016,
			"BoundingBox3D Extent Y" : 1.8999999761581421,
			"BoundingBox3D Extent Z" : 1.5655958652496338,
			"BoundingBox3D Orientation Quat W" : -0.99997437000274658,
			"BoundingBox3D Orientation Quat X" : 0.00014463410479947925,
			"BoundingBox3D Orientation Quat Y" : -0.0043115578591823578,
			"BoundingBox3D Orientation Quat Z" : 0.0050961738452315331,
			"BoundingBox3D Origin X" : -25.220335006713867,
			"BoundingBox3D Origin Y" : 6.8385815620422363,
			"BoundingBox3D Origin Z" : 0.96196848154067993,
			"ObjectId" : 10,
			"ObjectType" : "CAR",
			"Occluded" : 0.0,
			"Relative Acceleration X" : -0.22781276702880859,
			"Relative Acceleration Y" : -0.10507653653621674,
			"Relative Acceleration Z" : 0.067319080233573914,
			"Relative Velocity X" : 9.8656787872314453,
			"Relative Velocity Y" : -0.22957964241504669,
			"Relative Velocity Z" : -0.0062342090532183647,
			"Truncated" : 0
		},
		{
			"Absolute Acceleration X" : -0.09513092041015625,
			"Absolute Acceleration Y" : -0.072117805480957031,
			"Absolute Acceleration Z" : 0.0093984007835388184,
			"Absolute Velocity X" : 25.947214126586914,
			"Absolute Velocity Y" : -0.2131866067647934,