{
	"CapturedObjects" : 
	[
		{
			"Absolute Acceleration X" : -0.34343147277832031,
			"Absolute Acceleration Y" : 0.052416175603866577,
			"Absolute Acceleration Z" : 0.013684369623661041,
			"Absolute Velocity X" : 22.340873718261719,
			"Absolute Velocity Y" : -0.12292385101318359,
			"Absolute Velocity Z" : -0.081050977110862732,
			"ActorName" : "CAR 01",
			"BoundingBox3D Extent X" : 4.9576702117919922,
			"BoundingBox3D Extent Y" : 1.8935643434524536,
			"BoundingBox3D Extent Z" : 1.7944116592407227,
			"BoundingBox3D Orientation Quat W" : 0.99965715408325195,
			"BoundingBox3D Orientation Quat X" : -0.024229401722550392,
			"BoundingBox3D Orientation Quat Y" : 0.0013417133595794439,
			"BoundingBox3D Orientation Quat Z" : -0.0097359279170632362,
			"BoundingBox3D Origin X" : 30.667858123779297,
			"BoundingBox3D Origin Y" : 16.277942657470703,
			"BoundingBox3D Origin Z" : 0.55755001306533813,
			"ObjectId" : 1,
			"ObjectType" : "CAR",
			"Occluded" : 0.0,
			"Relative Acceleration X" : 0.14183014631271362,
			"Relative Acceleration Y" : -0.099757924675941467,
			"Relative Acceleration Z" : -0.023017771542072296,
			"Relative Velocity X" : 0.80897372961044312,
			"Relative Velocity Y" : 0.029741227626800537,
			"Relative Velocity Z" : 0.14704488217830658,
			"Truncated" : 0
		},
		{
			"Absolute Acceleration X" : -0.09698486328125,
			"Absolute Acceleration Y" : 0.038230016827583313,
			"Absolute Acceleration Z" : 0.027841642498970032,
			"Absolute Velocity X" : 21.145238876342773,
			"Absolute Velocity Y" : -0.18484558165073395,
			"Absolute Velocity Z" : -0.069668903946876526,
			"ActorName" : "CAR 04",
			"BoundingBox3D Extent X" : 4.2017726898193359,
			"BoundingBox3D Extent Y" : 1.6525812149047852,
			"BoundingBox3D Extent Z" : 1.5048118829727173,
			"BoundingBox3D Orientation Quat W" : 0.99998241662979126,
			"BoundingBox3D Orientation Quat X" : -0.0028773148078471422,
			"BoundingBox3D Orientation Quat Y" : 0.0015335716307163239,
			"BoundingBox3D Orientation Quat Z" : -0.0029388582333922386,
			"BoundingBox3D Origin X" : 27.88258171081543,
			"BoundingBox3D Origin Y" : 0.37021592259407043,
			"BoundingBox3D Origin Z" : 0.55191576480865479,
			"ObjectId" : 4,
			"ObjectType" : "CAR",
			"Occluded" : 0.0,
			"Relative Acceleration X" : 0.33147245645523071,
			"Relative Acceleration Y" : -0.10114116966724396,
			"Relative Acceleration Z" : -0.043717972934246063,
			"Relative Velocity X" : -0.41714808344841003,
			"Relative Velocity Y" : -0.026221537962555885,
			"Relative Velocity Z" : 0.047901619225740433,
			"Truncated" : 0
		},
		{
			"Absolute Acceleration X" : 0.28663253784179688,
			"Absolute Acceleration Y" : 0.11439049243927002,
			"Absolute Acceleration Z" : -0.01790279895067215,
			"Absolute Velocity X" : 23.654739379882812,
			"Absolute Velocity Y" : -0.64642512798309326,
			"Absolute Velocity Z" : -0.09700312465429306,
			"ActorName" : "TRUCK 06",
			"BoundingBox3D Extent X" : 11.0,
			"BoundingBox3D Extent Y" : 2.2770223617553711,
			"BoundingBox3D Extent Z" : 2.3187522888183594,
			"BoundingBox3D Orientation Quat W" : -0.99959790706634521,
			"BoundingBox3D Orientation Quat X" : 0.025384895503520966,
			"BoundingBox3D Orientation Quat Y" : -0.0026333858259022236,
			"BoundingBox3D Orientation Quat Z" : 0.01198285911232233,
			"BoundingBox3D Origin X" : -52.670028686523438,
			"BoundingBox3D Origin Y" : 18.360225677490234,
			"BoundingBox3D Origin Z" : 1.1600977182388306,
			"ObjectId" : 6,
			"ObjectType" : "TRUCK",
			"Occluded" : 0.0,
			"Relative Acceleration X" : 0.78007471561431885,
			"Relative Acceleration Y" : 0.25381863117218018,
			"Relative Acceleration Z" : 0.13984158635139465,
			"Relative Velocity X" : 2.1270411014556885,
			"Relative Velocity Y" : -0.34062314033508301,
			"Relative Velocity Z" : 0.18716716766357422,
			"Truncated" : 0
		},
		{
			"Absolute Acceleration X" : 0.34186553955078125,
			"Absolute Acceleration Y" : -0.12232215702533722,
			"Absolute Acceleration Z" : 0.042701840400695801,
			"Absolute Velocity X" : 23.590509414672852,
			"Absolute Velocity Y" : -0.27262485027313232,
			"Absolute Velocity Z" : -0.1278105229139328,
			"ActorName" : "TRUCK 09",
			"BoundingBox3D Extent X" : 11.0,
			"BoundingBox3D Extent Y" : 0.74468886852264404,
			"BoundingBox3D Extent Z" : 3.1286568641662598,
			"BoundingBox3D Orientation Quat W" : 0.99965828657150269,
			"BoundingBox3D Orientation Quat X" : -0.022810189053416252,
			"BoundingBox3D Orientation Quat Y" : 0.0039278073236346245,
			"BoundingBox3D Orientation Quat Z" : -0.0043397550471127033,
			"BoundingBox3D Origin X" : 66.421302795410156,
			"BoundingBox3D Origin Y" : 15.084421157836914,
			"BoundingBox3D Origin Z" : 1.1081787347793579,
			"ObjectId" : 9,
			"ObjectType" : "TRUCK",
			"Occluded" : 0.0,
			"Relative Acceleration X" : 0.82339322566986084,
			"Relative Acceleration Y" : -0.40729218721389771,
			"Relative Acceleration Z" : -0.080491527915000916,
			"Relative Velocity X" : 2.0563459396362305,
			"Relative Velocity Y" : -0.19261913001537323,
			"Relative Velocity Z" : 0.069724231958389282,
			"Truncated" : 0
		},
		{
			"Absolute Acceleration X" : -0.03910064697265625,
			"Absolute Acceleration Y" : 0.23893833160400391,
			"Absolute Acceleration Z" : -0.01548544317483902,
			"Absolute Velocity X" : 26.068233489990234,
			"Absolute Velocity Y" : -1.5812366008758545,
			"Absolute Velocity Z" : -0.07451474666595459,
			"ActorName" : "CAR 12",
			"BoundingBox3D Extent X" : 4.0999999046325684,
			"BoundingBox3D Extent Y" : 1.973698616027832,
			"BoundingBox3D Extent Z" : 0.78355199098587036,
			"BoundingBox3D Orientation Quat W" : -0.99953949451446533,
			"BoundingBox3D Orientation Quat X" : -0.00024598807794973254,
			"BoundingBox3D Orientation Quat Y" : -0.0012005344033241272,
			"BoundingBox3D Orientation Quat Z" : 0.030178524553775787,
			"BoundingBox3D Origin X" : -157.23985290527344,
			"BoundingBox3D Origin Y" : 5.8869724273681641,
			"BoundingBox3D Origin Z" : 0.99698126316070557,
			"ObjectId" : 12,
			"ObjectType" : "CAR",
			"Occluded" : 0.0,
			"Relative Acceleration X" : 0.40802288055419922,
			"Relative Acceleration Y" : 0.74710208177566528,
			"Relative Acceleration Z" : 0.34818929433822632,
			"Relative Velocity X" : 4.5162787437438965,
			"Relative Velocity Y" : -1.0764739513397217,
			"Relative Velocity Z" : 0.16961658000946045,
			"Truncated" : 0
		},
		{
			"Absolute Acceleration X" : 0.054201126098632812,
			"Absolute Acceleration Y" : -0.061102151870727539,
			"Absolute Acceleration Z" : 0.017811715602874756,
			"Absolute Velocity X" : 21.149665832519531,
			"Absolute Velocity Y" : -0.26380190253257751,
			"Absolute Velocity Z" : -0.079875923693180084,
			"ActorName" : "CAR 24",
			"BoundingBox3D Extent X" : 4.0999999046325684,
			"BoundingBox3D Extent Y" : 1.2091541290283203,
			"BoundingBox3D Extent Z" : 1.6158829927444458,
			"BoundingBox3D Orientation Quat W" : 0.99995589256286621,
			"BoundingBox3D Orientation Quat X" : -0.0058326190337538719,
			"BoundingBox3D Orientation Quat Y" : 0.0018498802091926336,
			"BoundingBox3D Orientation Quat Z" : -0.0070901773869991302,
			"BoundingBox3D Origin X" : 67.310081481933594,
			"BoundingBox3D Origin Y" : -0.67012929916381836,
			"BoundingBox3D Origin Z" : 0.49383088946342468,
			"ObjectId" : 24,
			"ObjectType" : "CAR",
			"Occluded" : 0.0,
			"Relative Acceleration X" : 0.47806912660598755,
			"Relative Acceleration Y" : -0.34140855073928833,
			"Relative Acceleration Z" : -0.14968283474445343,
			"Relative Velocity X" : -0.41499915719032288,
			"Relative Velocity Y" : -0.17980782687664032,
			"Relative Velocity Z" : 0.0085109258070588112,
			"Truncated" : 0
		},
		{
			"Absolute Acceleration X" : 3.1365966796875,
			"Absolute Acceleration Y" : -0.12301826477050781,
			"Absolute Acceleration Z" : 0.30597066879272461,
			"Absolute Velocity X" : -22.936738967895508,
			"Absolute Velocity Y" : 0.2480105459690094,
			"Absolute Velocity Z" : 0.079483956098556519,