{
	"CapturedObjects" : 
	[
		{
			"Absolute Acceleration X" : -0.35760688781738281,
			"Absolute Acceleration Y" : 0.22278280556201935,
			"Absolute Acceleration Z" : 0.0008961409330368042,
			"Absolute Velocity X" : 23.267990112304688,
			"Absolute Velocity Y" : -0.3500811755657196,
			"Absolute Velocity Z" : -0.18985773622989655,
			"ActorName" : "CAR 01",
			"BoundingBox3D Extent X" : 4.9576702117919922,
			"BoundingBox3D Extent Y" : 1.8935643434524536,
			"BoundingBox3D Extent Z" : 1.7944116592407227,
			"BoundingBox3D Orientation Quat W" : -0.99968284368515015,
			"BoundingBox3D Orientation Quat X" : 0.02406398206949234,
			"BoundingBox3D Orientation Quat Y" : -0.0041970931924879551,
			"BoundingBox3D Orientation Quat Z" : 0.0052700103260576725,
			"BoundingBox3D Origin X" : 28.827518463134766,
			"BoundingBox3D Origin Y" : 16.382011413574219,
			"BoundingBox3D Origin Z" : 0.52710831165313721,
			"ObjectId" : 1,
			"ObjectType" : "CAR",
			"Occluded" : 0.0,
			"Relative Acceleration X" : -0.44906240701675415,
			"Relative Acceleration Y" : 0.18931566178798676,
			"Relative Acceleration Z" : -0.27286297082901001,
			"Relative Velocity X" : 1.1578910350799561,
			"Relative Velocity Y" : -0.26707577705383301,
			"Relative Velocity Z" : 0.1590723842382431,
			"Truncated" : 0
		},
		{
			"Absolute Acceleration X" : -0.12508010864257812,
			"Absolute Acceleration Y" : 0.13246943056583405,
			"Absolute Acceleration Z" : -0.0077108144760131836,
			"Absolute Velocity X" : 21.615375518798828,
			"Absolute Velocity Y" : -0.28264498710632324,
			"Absolute Velocity Z" : -0.19919775426387787,
			"ActorName" : "CAR 04",
			"BoundingBox3D Extent X" : 4.2017726898193359,
			"BoundingBox3D Extent Y" : 1.6525812149047852,
			"BoundingBox3D Extent Z" : 1.5048118829727173,
			"BoundingBox3D Orientation Quat W" : 0.99991053342819214,
			"BoundingBox3D Orientation Quat X" : 0.0017067183507606387,
			"BoundingBox3D Orientation Quat Y" : 0.0047134957276284695,
			"BoundingBox3D Orientation Quat Z" : -0.011751526966691017,
			"BoundingBox3D Origin X" : 29.247238159179688,
			"BoundingBox3D Origin Y" : 0.47883975505828857,
			"BoundingBox3D Origin Z" : 0.4386725127696991,
			"ObjectId" : 4,
			"ObjectType" : "CAR",
			"Occluded" : 0.0,
			"Relative Acceleration X" : -0.16648721694946289,
			"Relative Acceleration Y" : 0.11790052056312561,
			"Relative Acceleration Z" : -0.059429608285427094,
			"Relative Velocity X" : -0.57545828819274902,
			"Relative Velocity Y" : -0.20266103744506836,
			"Relative Velocity Z" : 0.081468440592288971,
			"Truncated" : 0
		},
		{
			"Absolute Acceleration X" : -0.064760208129882812,
			"Absolute Acceleration Y" : 0.14915788173675537,
			"Absolute Acceleration Z" : -0.034396424889564514,
			"Absolute Velocity X" : 23.5408935546875,
			"Absolute Velocity Y" : -0.70845746994018555,
			"Absolute Velocity Z" : -0.19736625254154205,
			"ActorName" : "TRUCK 06",
			"BoundingBox3D Extent X" : 11.0,
			"BoundingBox3D Extent Y" : 2.2770223617553711,
			"BoundingBox3D Extent Z" : 2.3187522888183594,
			"BoundingBox3D Orientation Quat W" : -0.99956154823303223,
			"BoundingBox3D Orientation Quat X" : 0.024815581738948822,
			"BoundingBox3D Orientation Quat Y" : -0.0048317010514438152,
			"BoundingBox3D Orientation Quat Z" : 0.015137159265577793,
			"BoundingBox3D Origin X" : -56.254676818847656,
			"BoundingBox3D Origin Y" : 19.202077865600586,
			"BoundingBox3D Origin Z" : 1.4272805452346802,
			"ObjectId" : 6,
			"ObjectType" : "TRUCK",
			"Occluded" : 0.0,
			"Relative Acceleration X" : -0.16484951972961426,
			"Relative Acceleration Y" : -0.1386638879776001,
			"Relative Acceleration Z" : -0.25712311267852783,
			"Relative Velocity X" : 1.4435873031616211,
			"Relative Velocity Y" : -0.19614648818969727,
			"Relative Velocity Z" : -0.016218284144997597,
			"Truncated" : 0
		},
		{
			"Absolute Acceleration X" : 1.4976558685302734,
			"Absolute Acceleration Y" : 0.11428585648536682,
			"Absolute Acceleration Z" : 0.021347671747207642,
			"Absolute Velocity X" : 25.407209396362305,
			"Absolute Velocity Y" : -0.20852363109588623,
			"Absolute Velocity Z" : -0.22406955063343048,
			"ActorName" : "TRUCK 09",
			"BoundingBox3D Extent X" : 11.0,
			"BoundingBox3D Extent Y" : 0.74468886852264404,
			"BoundingBox3D Extent Z" : 3.1286568641662598,
			"BoundingBox3D Orientation Quat W" : 0.99984246492385864,
			"BoundingBox3D Orientation Quat X" : -0.01305116806179285,
			"BoundingBox3D Orientation Quat Y" : 0.0022411413956433535,
			"BoundingBox3D Orientation Quat Z" : -0.0030688284896314144,
			"BoundingBox3D Origin X" : 62.153766632080078,
			"BoundingBox3D Origin Y" : 15.18317699432373,
			"BoundingBox3D Origin Z" : 0.94460189342498779,
			"ObjectId" : 9,
			"ObjectType" : "TRUCK",
			"Occluded" : 0.0,
			"Relative Acceleration X" : 1.4111841917037964,
			"Relative Acceleration Y" : 0.18687103688716888,
			"Relative Acceleration Z" : -0.26928189396858215,
			"Relative Velocity X" : 3.2899432182312012,
			"Relative Velocity Y" : -0.29489275813102722,
			"Relative Velocity Z" : 0.19361656904220581,
			"Truncated" : 0
		},
		{
			"Absolute Acceleration X" : -0.0059356689453125,
			"Absolute Acceleration Y" : 0.53939056396484375,
			"Absolute Acceleration Z" : -0.012615278363227844,
			"Absolute Velocity X" : 26.141763687133789,
			"Absolute Velocity Y" : -2.7036733627319336,
			"Absolute Velocity Z" : -0.15198199450969696,
			"ActorName" : "CAR 12",
			"BoundingBox3D Extent X" : 4.0999999046325684,
			"BoundingBox3D Extent Y" : 1.973698616027832,
			"BoundingBox3D Extent Z" : 0.78355199098587036,
			"BoundingBox3D Orientation Quat W" : -0.99863851070404053,
			"BoundingBox3D Orientation Quat X" : -0.0023328543175011873,
			"BoundingBox3D Orientation Quat Y" : -0.0036151916719973087,
			"BoundingBox3D Orientation Quat Z" : 0.051908683031797409,
			"BoundingBox3D Origin X" : -166.29739379882812,
			"BoundingBox3D Origin Y" : 9.4353065490722656,
			"BoundingBox3D Origin Z" : 1.5087721347808838,
			"ObjectId" : 12,
			"ObjectType" : "CAR",
			"Occluded" : 0.0,
			"Relative Acceleration X" : -0.093457937240600586,
			"Relative Acceleration Y" : -0.11339259147644043,
			"Relative Acceleration Z" : 0.028598368167877197,
			"Relative Velocity X" : 3.9959983825683594,
			"Relative Velocity Y" : -1.6308168172836304,
			"Relative Velocity Z" : -0.23201717436313629,
			"Truncated" : 0
		},
		{
			"Absolute Acceleration X" : 0.27046585083007812,
			"Absolute Acceleration Y" : -0.21252216398715973,
			"Absolute Acceleration Z" : 0.03442324697971344,
			"Absolute Velocity X" : 20.980653762817383,
			"Absolute Velocity Y" : -0.13987568020820618,
			"Absolute Velocity Z" : -0.13325321674346924,
			"ActorName" : "CAR 24",
			"BoundingBox3D Extent X" : 4.0999999046325684,
			"BoundingBox3D Extent Y" : 1.2091541290283203,
			"BoundingBox3D Extent Z" : 1.6158829927444458,
			"BoundingBox3D Orientation Quat W" : 0.99998760223388672,
			"BoundingBox3D Orientation Quat X" : -0.0022089462727308273,
			"BoundingBox3D Orientation Quat Y" : 0.0033169176895171404,
			"BoundingBox3D Orientation Quat Z" : -0.0018572963308542967,
			"BoundingBox3D Origin X" : 69.205451965332031,
			"BoundingBox3D Origin Y" : -0.41017192602157593,
			"BoundingBox3D Origin Z" : 0.14508654177188873,
			"ObjectId" : 24,
			"ObjectType" : "CAR",
			"Occluded" : 0.0,
			"Relative Acceleration X" : 0.23274123668670654,
			"Relative Acceleration Y" : -0.10014419257640839,
			"Relative Acceleration Z" : -0.046310931444168091,
			"Relative Velocity X" : -1.2146995067596436,
			"Relative Velocity Y" : -0.26238915324211121,
			"Relative Velocity Z" : 0.22712041437625885,
			"Truncated" : 0
		},
		{
			"Absolute Acceleration X" : 0.35067176818847656,
			"Absolute Acceleration Y" : -0.20867311954498291,
			"Absolute Acceleration Z" : -0.023517893627285957,
			"Absolute Velocity X" : -25.373903274536133,
			"Absolute Velocity Y" : -0.093734301626682281,
			"Absolute Velocity Z" : 0.10126090049743652,