{
	"CapturedObjects" : 
	[
		{
			"Absolute Acceleration X" : -0.06866455078125,
			"Absolute Acceleration Y" : -0.10819190740585327,
			"Absolute Acceleration Z" : 0.095912039279937744,
			"Absolute Velocity X" : 24.705816268920898,
			"Absolute Velocity Y" : -0.58297896385192871,
			"Absolute Velocity Z" : -0.53037327527999878,
			"ActorName" : "CAR 04",
			"BoundingBox3D Extent X" : 4.0999999046325684,
			"BoundingBox3D Extent Y" : 3.1590290069580078,
			"BoundingBox3D Extent Z" : 2.4310636520385742,
			"BoundingBox3D Orientation Quat W" : -0.99982732534408569,
			"BoundingBox3D Orientation Quat X" : 0.001293261768296361,
			"BoundingBox3D Orientation Quat Y" : -0.011066228151321411,
			"BoundingBox3D Orientation Quat Z" : 0.014456218108534813,
			"BoundingBox3D Origin X" : -151.76065063476562,
			"BoundingBox3D Origin Y" : 6.4179534912109375,
			"BoundingBox3D Origin Z" : 3.3293328285217285,
			"ObjectId" : 4,
			"ObjectType" : "CAR",
			"Occluded" : 0.0,
			"Relative Acceleration X" : -0.39223694801330566,
			"Relative Acceleration Y" : -1.9306701421737671,
			"Relative Acceleration Z" : -0.18670335412025452,
			"Relative Velocity X" : 3.5972537994384766,
			"Relative Velocity Y" : -0.49868488311767578,
			"Relative Velocity Z" : -0.35781434178352356,
			"Truncated" : 0
		},
		{
			"Absolute Acceleration X" : -0.031957626342773438,
			"Absolute Acceleration Y" : -0.013521075248718262,
			"Absolute Acceleration Z" : -0.0010141879320144653,
			"Absolute Velocity X" : 21.383983612060547,
			"Absolute Velocity Y" : -0.34299463033676147,
			"Absolute Velocity Z" : -0.18628911674022675,
			"ActorName" : "CAR 07",
			"BoundingBox3D Extent X" : 4.1699776649475098,
			"BoundingBox3D Extent Y" : 1.6994683742523193,
			"BoundingBox3D Extent Z" : 1.4860941171646118,
			"BoundingBox3D Orientation Quat W" : -0.99996089935302734,
			"BoundingBox3D Orientation Quat X" : -0.0013303027953952551,
			"BoundingBox3D Orientation Quat Y" : -0.0046676998026669025,
			"BoundingBox3D Orientation Quat Z" : 0.0060776891186833382,
			"BoundingBox3D Origin X" : 27.420089721679688,
			"BoundingBox3D Origin Y" : -1.0707626342773438,
			"BoundingBox3D Origin Z" : 0.45666727423667908,
			"ObjectId" : 7,
			"ObjectType" : "CAR",
			"Occluded" : 0.0,
			"Relative Acceleration X" : -0.27304491400718689,
			"Relative Acceleration Y" : 0.34745079278945923,
			"Relative Acceleration Z" : 0.066878475248813629,
			"Relative Velocity X" : 0.28016406297683716,
			"Relative Velocity Y" : -0.14639167487621307,
			"Relative Velocity Z" : 0.021269381046295166,
			"Truncated" : 0
		},
		{
			"Absolute Acceleration X" : 0.07448577880859375,
			"Absolute Acceleration Y" : 0.091785848140716553,
			"Absolute Acceleration Z" : -0.027949154376983643,
			"Absolute Velocity X" : 31.5126953125,
			"Absolute Velocity Y" : -0.60938751697540283,
			"Absolute Velocity Z" : -0.27848696708679199,
			"ActorName" : "CAR 16",
			"BoundingBox3D Extent X" : 4.2679734230041504,
			"BoundingBox3D Extent Y" : 2.018740177154541,
			"BoundingBox3D Extent Z" : 1.5272120237350464,
			"BoundingBox3D Orientation Quat W" : -0.99995625019073486,
			"BoundingBox3D Orientation Quat X" : 0.00043829652713611722,
			"BoundingBox3D Orientation Quat Y" : -0.0044591324403882027,
			"BoundingBox3D Orientation Quat Z" : 0.0068736430257558823,
			"BoundingBox3D Origin X" : 42.944240570068359,
			"BoundingBox3D Origin Y" : 5.9738612174987793,
			"BoundingBox3D Origin Z" : 0.35675549507141113,
			"ObjectId" : 16,
			"ObjectType" : "CAR",
			"Occluded" : 0.0,
			"Relative Acceleration X" : -0.25225925445556641,
			"Relative Acceleration Y" : 0.74939233064651489,
			"Relative Acceleration Z" : 0.12714490294456482,
			"Relative Velocity X" : 10.404886245727539,
			"Relative Velocity Y" : -0.39652618765830994,
			"Relative Velocity Z" : -0.038600325584411621,
			"Truncated" : 0
		},
		{
			"Absolute Acceleration X" : -0.03630828857421875,
			"Absolute Acceleration Y" : -0.0083811283111572266,
			"Absolute Acceleration Z" : 0.029313519597053528,
			"Absolute Velocity X" : 22.530309677124023,
			"Absolute Velocity Y" : -0.42248830199241638,
			"Absolute Velocity Z" : -0.2282383143901825,
			"ActorName" : "TRUCK 22",
			"BoundingBox3D Extent X" : 11.0,
			"BoundingBox3D Extent Y" : 2.990412712097168,
			"BoundingBox3D Extent Z" : 2.7194168567657471,
			"BoundingBox3D Orientation Quat W" : -0.99997806549072266,
			"BoundingBox3D Orientation Quat X" : -0.00088018603855744004,
			"BoundingBox3D Orientation Quat Y" : -0.0053756432607769966,
			"BoundingBox3D Orientation Quat Z" : 7.4023213528562337e-05,
			"BoundingBox3D Origin X" : -37.514190673828125,
			"BoundingBox3D Origin Y" : 4.0543503761291504,
			"BoundingBox3D Origin Z" : 1.6767995357513428,
			"ObjectId" : 22,
			"ObjectType" : "TRUCK",
			"Occluded" : 0.0,
			"Relative Acceleration X" : -0.33739757537841797,
			"Relative Acceleration Y" : -0.44074612855911255,
			"Relative Acceleration Z" : -0.013337675482034683,
			"Relative Velocity X" : 1.4231535196304321,
			"Relative Velocity Y" : -0.26703348755836487,
			"Relative Velocity Z" : -0.028219869360327721,
			"Truncated" : 0
		},
		{
			"Absolute Acceleration X" : 0.16776084899902344,
			"Absolute Acceleration Y" : 0.029554426670074463,
			"Absolute Acceleration Z" : 0.017915397882461548,
			"Absolute Velocity X" : 31.36945915222168,
			"Absolute Velocity Y" : -0.59066879749298096,
			"Absolute Velocity Z" : -0.29250055551528931,
			"ActorName" : "CAR 27",
			"BoundingBox3D Extent X" : 7.2125682830810547,
			"BoundingBox3D Extent Y" : 2.621485710144043,
			"BoundingBox3D Extent Z" : 2.3079128265380859,
			"BoundingBox3D Orientation Quat W" : -0.99993336200714111,
			"BoundingBox3D Orientation Quat X" : 0.00068984436802566051,
			"BoundingBox3D Orientation Quat Y" : -0.0043911179527640343,
			"BoundingBox3D Orientation Quat Z" : 0.0098296012729406357,
			"BoundingBox3D Origin X" : -7.2842373847961426,
			"BoundingBox3D Origin Y" : 7.0726447105407715,
			"BoundingBox3D Origin Z" : 1.1720700263977051,
			"ObjectId" : 27,
			"ObjectType" : "CAR",
			"Occluded" : 0.0,
			"Relative Acceleration X" : -0.17060661315917969,
			"Relative Acceleration Y" : 0.063963353633880615,
			"Relative Acceleration Z" : 0.067821510136127472,
			"Relative Velocity X" : 10.260778427124023,
			"Relative Velocity Y" : -0.41007557511329651,
			"Relative Velocity Z" : -0.065920419991016388,
			"Truncated" : 0
		},
		{
			"Absolute Acceleration X" : -0.1884307861328125,
			"Absolute Acceleration Y" : 0.084304660558700562,
			"Absolute Acceleration Z" : -0.021949827671051025,
			"Absolute Velocity X" : 25.181814193725586,
			"Absolute Velocity Y" : -0.55754601955413818,
			"Absolute Velocity Z" : -0.1386430412530899,
			"ActorName" : "CAR 28",
			"BoundingBox3D Extent X" : 4.0999999046325684,
			"BoundingBox3D Extent Y" : 2.1605138778686523,
			"BoundingBox3D Extent Z" : 1.5254672765731812,
			"BoundingBox3D Orientation Quat W" : -0.9999275803565979,
			"BoundingBox3D Orientation Quat X" : 0.0015515033155679703,
			"BoundingBox3D Orientation Quat Y" : -0.0078972503542900085,
			"BoundingBox3D Orientation Quat Z" : 0.0086174001917243004,
			"BoundingBox3D Origin X" : 93.663719177246094,
			"BoundingBox3D Origin Y" : 1.8252761363983154,
			"BoundingBox3D Origin Z" : -0.03050258569419384,
			"ObjectId" : 28,
			"ObjectType" : "CAR",
			"Occluded" : 0.0,
			"Relative Acceleration X" : -0.4673917293548584,
			"Relative Acceleration Y" : 1.3001869916915894,
			"Relative Acceleration Z" : 0.21534761786460876,
			"Relative Velocity X" : 4.0763773918151855,
			"Relative Velocity Y" : -0.3173968493938446,
			"Relative Velocity Z" : 0.10028388351202011,
			"Truncated" : 0
		},
		{
			"Absolute Acceleration X" : 0.072170257568359375,
			"Absolute Acceleration Y" : 0.071069031953811646,
			"Absolute Acceleration Z" : -0.27149417996406555,
			"Absolute Velocity X" : 31.528287887573242,
			"Absolute Velocity Y" : -0.1948893666267395,