{
	"CapturedObjects" : 
	[
		{
			"Absolute Acceleration X" : 0.3615875244140625,
			"Absolute Acceleration Y" : -0.22406810522079468,
			"Absolute Acceleration Z" : 0.0045902281999588013,
			"Absolute Velocity X" : 33.153964996337891,
			"Absolute Velocity Y" : -0.59342914819717407,
			"Absolute Velocity Z" : -0.23853851854801178,
			"ActorName" : "CAR 00",
			"BoundingBox3D Extent X" : 4.1676054000854492,
			"BoundingBox3D Extent Y" : 2.0217900276184082,
			"BoundingBox3D Extent Z" : 1.4507161378860474,
			"BoundingBox3D Orientation Quat W" : -0.99998211860656738,
			"BoundingBox3D Orientation Quat X" : -0.0029483404941856861,
			"BoundingBox3D Orientation Quat Y" : -0.003813812043517828,
			"BoundingBox3D Orientation Quat Z" : 0.0029436072800308466,
			"BoundingBox3D Origin X" : 41.250930786132812,
			"BoundingBox3D Origin Y" : 2.8653254508972168,
			"BoundingBox3D Origin Z" : 0.38113343715667725,
			"ObjectId" : 0,
			"ObjectType" : "CAR",
			"Occluded" : 0.0,
			"Relative Acceleration X" : 0.41553640365600586,
			"Relative Acceleration Y" : -0.56497836112976074,
			"Relative Acceleration Z" : 0.10153754055500031,
			"Relative Velocity X" : 6.1135387420654297,
			"Relative Velocity Y" : -0.25142976641654968,
			"Relative Velocity Z" : 0.1878824383020401,
			"Truncated" : 0
		},
		{
			"Absolute Acceleration X" : 0.12380409240722656,
			"Absolute Acceleration Y" : -0.59102237224578857,
			"Absolute Acceleration Z" : -0.004642978310585022,
			"Absolute Velocity X" : 26.485218048095703,
			"Absolute Velocity Y" : -0.13847251236438751,
			"Absolute Velocity Z" : -0.19731898605823517,
			"ActorName" : "CAR 01",
			"BoundingBox3D Extent X" : 4.7093315124511719,
			"BoundingBox3D Extent Y" : 2.1400377750396729,
			"BoundingBox3D Extent Z" : 1.7339202165603638,
			"BoundingBox3D Orientation Quat W" : 0.99996370077133179,
			"BoundingBox3D Orientation Quat X" : 0.0052231764420866966,
			"BoundingBox3D Orientation Quat Y" : 0.0038661821745336056,
			"BoundingBox3D Orientation Quat Z" : -0.0050253323279321194,
			"BoundingBox3D Origin X" : -9.4288482666015625,
			"BoundingBox3D Origin Y" : 2.9254755973815918,
			"BoundingBox3D Origin Z" : 0.89293891191482544,
			"ObjectId" : 1,
			"ObjectType" : "CAR",
			"Occluded" : 0.0,
			"Relative Acceleration X" : 0.17398068308830261,
			"Relative Acceleration Y" : -0.30899661779403687,
			"Relative Acceleration Z" : 0.034360591322183609,
			"Relative Velocity X" : -0.55804026126861572,
			"Relative Velocity Y" : 0.013235902413725853,
			"Relative Velocity Z" : -0.090681299567222595,
			"Truncated" : 0
		},
		{
			"Absolute Acceleration X" : -0.2259521484375,
			"Absolute Acceleration Y" : 0.22269743680953979,
			"Absolute Acceleration Z" : 0.052288942039012909,
			"Absolute Velocity X" : 26.307098388671875,
			"Absolute Velocity Y" : -0.20445938408374786,
			"Absolute Velocity Z" : -0.14958488941192627,
			"ActorName" : "CAR 02",
			"BoundingBox3D Extent X" : 4.1892967224121094,
			"BoundingBox3D Extent Y" : 1.8758935928344727,
			"BoundingBox3D Extent Z" : 2.1399004459381104,
			"BoundingBox3D Orientation Quat W" : 0.99997371435165405,
			"BoundingBox3D Orientation Quat X" : 0.00059515872271731496,
			"BoundingBox3D Orientation Quat Y" : 0.0022590192966163158,
			"BoundingBox3D Orientation Quat Z" : -0.0062011587433516979,
			"BoundingBox3D Origin X" : 82.099800109863281,
			"BoundingBox3D Origin Y" : -1.5094420909881592,
			"BoundingBox3D Origin Z" : 0.42281359434127808,
			"ObjectId" : 2,
			"ObjectType" : "CAR",
			"Occluded" : 0.0,
			"Relative Acceleration X" : -0.23626941442489624,
			"Relative Acceleration Y" : -0.75574302673339844,
			"Relative Acceleration Z" : 0.1888166218996048,
			"Relative Velocity X" : -0.71333783864974976,
			"Relative Velocity Y" : 0.33034303784370422,
			"Relative Velocity Z" : 0.54197901487350464,
			"Truncated" : 0
		},
		{
			"Absolute Acceleration X" : -0.91776847839355469,
			"Absolute Acceleration Y" : -0.4123130738735199,
			"Absolute Acceleration Z" : 0.044634267687797546,
			"Absolute Velocity X" : 26.397985458374023,
			"Absolute Velocity Y" : 0.45402088761329651,
			"Absolute Velocity Z" : -0.20146545767784119,
			"ActorName" : "CAR 03",
			"BoundingBox3D Extent X" : 4.2396087646484375,
			"BoundingBox3D Extent Y" : 2.1024894714355469,
			"BoundingBox3D Extent Z" : 1.6439502239227295,
			"BoundingBox3D Orientation Quat W" : 0.99989879131317139,
			"BoundingBox3D Orientation Quat X" : 0.0073717376217246056,
			"BoundingBox3D Orientation Quat Y" : 0.0043873079121112823,
			"BoundingBox3D Orientation Quat Z" : 0.01114764716476202,
			"BoundingBox3D Origin X" : -22.958316802978516,
			"BoundingBox3D Origin Y" : 1.8156305551528931,
			"BoundingBox3D Origin Z" : 0.89149713516235352,
			"ObjectId" : 3,
			"ObjectType" : "CAR",
			"Occluded" : 0.0,
			"Relative Acceleration X" : -0.8861505389213562,
			"Relative Acceleration Y" : 0.061688482761383057,
			"Relative Acceleration Z" : 0.075482703745365143,
			"Relative Velocity X" : -0.63922947645187378,
			"Relative Velocity Y" : 0.54891729354858398,
			"Relative Velocity Z" : -0.18667961657047272,
			"Truncated" : 0
		},
		{
			"Absolute Acceleration X" : -0.056734085083007812,
			"Absolute Acceleration Y" : 0.02414405345916748,
			"Absolute Acceleration Z" : -0.013124227523803711,
			"Absolute Velocity X" : 28.933633804321289,
			"Absolute Velocity Y" : -0.48934152722358704,
			"Absolute Velocity Z" : -0.2155192643404007,
			"ActorName" : "CAR 04",
			"BoundingBox3D Extent X" : 4.246734619140625,
			"BoundingBox3D Extent Y" : 1.9392895698547363,
			"BoundingBox3D Extent Z" : 1.4446032047271729,
			"BoundingBox3D Orientation Quat W" : -0.99998015165328979,
			"BoundingBox3D Orientation Quat X" : 0.00010897003812715411,
			"BoundingBox3D Orientation Quat Y" : -0.0038780488539487123,
			"BoundingBox3D Orientation Quat Z" : 0.0056615709327161312,
			"BoundingBox3D Origin X" : 37.800045013427734,
			"BoundingBox3D Origin Y" : -0.81157374382019043,
			"BoundingBox3D Origin Z" : 0.38581681251525879,
			"ObjectId" : 4,
			"ObjectType" : "CAR",
			"Occluded" : 0.0,
			"Relative Acceleration X" : -0.05218815803527832,
			"Relative Acceleration Y" : -0.31602916121482849,
			"Relative Acceleration Z" : 0.086214154958724976,
			"Relative Velocity X" : 1.9087157249450684,
			"Relative Velocity Y" : -0.14792710542678833,
			"Relative Velocity Z" : 0.18716201186180115,
			"Truncated" : 0
		},
		{
			"Absolute Acceleration X" : 0.0079193115234375,
			"Absolute Acceleration Y" : -0.57245099544525146,
			"Absolute Acceleration Z" : -0.052933871746063232,
			"Absolute Velocity X" : 26.109764099121094,
			"Absolute Velocity Y" : 2.0937216281890869,
			"Absolute Velocity Z" : -0.27459311485290527,
			"ActorName" : "CAR 09",
			"BoundingBox3D Extent X" : 4.0999999046325684,
			"BoundingBox3D Extent Y" : 2.0588500499725342,
			"BoundingBox3D Extent Z" : 1.1443734169006348,
			"BoundingBox3D Orientation Quat W" : 0.99921208620071411,
			"BoundingBox3D Orientation Quat X" : 0.00035179761471226811,
			"BoundingBox3D Orientation Quat Y" : 0.0043991967104375362,
			"BoundingBox3D Orientation Quat Z" : 0.039198212325572968,
			"BoundingBox3D Origin X" : -187.22479248046875,
			"BoundingBox3D Origin Y" : -7.0864639282226562,
			"BoundingBox3D Origin Z" : 1.4792066812515259,
			"ObjectId" : 9,
			"ObjectType" : "CAR",
			"Occluded" : 0.0,
			"Relative Acceleration X" : -0.091322541236877441,
			"Relative Acceleration Y" : 2.1508991718292236,
			"Relative Acceleration Z" : -0.13218377530574799,
			"Relative Velocity X" : -0.89249974489212036,
			"Relative Velocity Y" : 1.5031481981277466,
			"Relative Velocity Z" : -1.3445144891738892,
			"Truncated" : 0
		},
		{
			"Absolute Acceleration X" : -3.866851806640625,
			"Absolute Acceleration Y" : -0.21313953399658203,
			"Absolute Acceleration Z" : 0.012835025787353516,
			"Absolute Velocity X" : 23.9208984375,
			"Absolute Velocity Y" : 0.91133517026901245,
			"Absolute Velocity Z" : -0.19465003907680511,