{
	"CapturedObjects" : 
	[
		{
			"Absolute Acceleration X" : 0.12225151062011719,
			"Absolute Acceleration Y" : -0.5493476390838623,
			"Absolute Acceleration Z" : 0.015407383441925049,
			"Absolute Velocity X" : 29.46699333190918,
			"Absolute Velocity Y" : -0.33505463600158691,
			"Absolute Velocity Z" : -0.24272817373275757,
			"ActorName" : "CAR 00",
			"BoundingBox3D Extent X" : 4.1676054000854492,
			"BoundingBox3D Extent Y" : 2.0217900276184082,
			"BoundingBox3D Extent Z" : 1.4507161378860474,
			"BoundingBox3D Orientation Quat W" : 0.99982833862304688,
			"BoundingBox3D Orientation Quat X" : 0.0034897958394140005,
			"BoundingBox3D Orientation Quat Y" : 0.0042494265362620354,
			"BoundingBox3D Orientation Quat Z" : -0.017566533759236336,
			"BoundingBox3D Origin X" : 2.6264610290527344,
			"BoundingBox3D Origin Y" : 3.8104474544525146,
			"BoundingBox3D Origin Z" : 0.70353639125823975,
			"ObjectId" : 0,
			"ObjectType" : "CAR",
			"Occluded" : 0.0,
			"Relative Acceleration X" : 0.15096926689147949,
			"Relative Acceleration Y" : -0.13440620899200439,
			"Relative Acceleration Z" : 0.000994119793176651,
			"Relative Velocity X" : 2.3407773971557617,
			"Relative Velocity Y" : -0.082253254950046539,
			"Relative Velocity Z" : -0.045301742851734161,
			"Truncated" : 0
		},
		{
			"Absolute Acceleration X" : 0.116912841796875,
			"Absolute Acceleration Y" : -0.36577892303466797,
			"Absolute Acceleration Z" : -0.00081352889537811279,
			"Absolute Velocity X" : 28.594377517700195,
			"Absolute Velocity Y" : 0.17000190913677216,
			"Absolute Velocity Z" : -0.21422766149044037,
			"ActorName" : "CAR 01",
			"BoundingBox3D Extent X" : 4.7093315124511719,
			"BoundingBox3D Extent Y" : 2.1400377750396729,
			"BoundingBox3D Extent Z" : 1.7339202165603638,
			"BoundingBox3D Orientation Quat W" : 0.99997150897979736,
			"BoundingBox3D Orientation Quat X" : 0.0053489180281758308,
			"BoundingBox3D Orientation Quat Y" : 0.0038299767766147852,
			"BoundingBox3D Orientation Quat Z" : -0.0030911499634385109,
			"BoundingBox3D Origin X" : -19.991964340209961,
			"BoundingBox3D Origin Y" : 2.7142603397369385,
			"BoundingBox3D Origin Z" : 0.99919778108596802,
			"ObjectId" : 1,
			"ObjectType" : "CAR",
			"Occluded" : 0.0,
			"Relative Acceleration X" : 0.13620162010192871,
			"Relative Acceleration Y" : 0.072760798037052155,
			"Relative Acceleration Z" : 0.050476603209972382,
			"Relative Velocity X" : 1.4819507598876953,
			"Relative Velocity Y" : 0.12668028473854065,
			"Relative Velocity Z" : -0.043911177664995193,
			"Truncated" : 0
		},
		{
			"Absolute Acceleration X" : -0.0084781646728515625,
			"Absolute Acceleration Y" : -0.4733421802520752,
			"Absolute Acceleration Z" : -0.033068567514419556,
			"Absolute Velocity X" : 26.74786376953125,
			"Absolute Velocity Y" : -1.3415436744689941,
			"Absolute Velocity Z" : -0.16404387354850769,
			"ActorName" : "CAR 02",
			"BoundingBox3D Extent X" : 4.1892967224121094,
			"BoundingBox3D Extent Y" : 1.8758935928344727,
			"BoundingBox3D Extent Z" : 2.1399004459381104,
			"BoundingBox3D Orientation Quat W" : -0.99963921308517456,
			"BoundingBox3D Orientation Quat X" : -0.003840242512524128,
			"BoundingBox3D Orientation Quat Y" : -0.0025785691104829311,
			"BoundingBox3D Orientation Quat Z" : 0.026363223791122437,
			"BoundingBox3D Origin X" : 86.727066040039062,
			"BoundingBox3D Origin Y" : -2.3856966495513916,
			"BoundingBox3D Origin Z" : 0.40894913673400879,
			"ObjectId" : 2,
			"ObjectType" : "CAR",
			"Occluded" : 0.0,
			"Relative Acceleration X" : 0.020992398262023926,
			"Relative Acceleration Y" : -0.29753649234771729,
			"Relative Acceleration Z" : -0.29472661018371582,
			"Relative Velocity X" : -0.29644766449928284,
			"Relative Velocity Y" : 0.013863972388207912,
			"Relative Velocity Z" : 0.16103006899356842,
			"Truncated" : 0
		},
		{
			"Absolute Acceleration X" : -0.085567474365234375,
			"Absolute Acceleration Y" : -0.56590020656585693,
			"Absolute Acceleration Z" : -0.022552847862243652,
			"Absolute Velocity X" : 28.744026184082031,
			"Absolute Velocity Y" : 0.082009196281433105,
			"Absolute Velocity Z" : -0.22234895825386047,
			"ActorName" : "CAR 03",
			"BoundingBox3D Extent X" : 4.2396087646484375,
			"BoundingBox3D Extent Y" : 2.1024894714355469,
			"BoundingBox3D Extent Z" : 1.6439502239227295,
			"BoundingBox3D Orientation Quat W" : 0.99997526407241821,
			"BoundingBox3D Orientation Quat X" : 0.0051428298465907574,
			"BoundingBox3D Orientation Quat Y" : 0.0038127303123474121,
			"BoundingBox3D Orientation Quat Z" : 0.0020931134931743145,
			"BoundingBox3D Origin X" : -37.469371795654297,
			"BoundingBox3D Origin Y" : 2.1450622081756592,
			"BoundingBox3D Origin Z" : 1.0415387153625488,
			"ObjectId" : 3,
			"ObjectType" : "CAR",
			"Occluded" : 0.0,
			"Relative Acceleration X" : -0.060997605323791504,
			"Relative Acceleration Y" : -0.089007526636123657,
			"Relative Acceleration Z" : 0.079382024705410004,
			"Relative Velocity X" : 1.6390767097473145,
			"Relative Velocity Y" : -0.19080103933811188,
			"Relative Velocity Z" : -0.075581453740596771,
			"Truncated" : 0
		},
		{
			"Absolute Acceleration X" : 0.0095882415771484375,
			"Absolute Acceleration Y" : -0.60870075225830078,
			"Absolute Acceleration Z" : 0.0073600560426712036,
			"Absolute Velocity X" : 29.519891738891602,
			"Absolute Velocity Y" : -0.40983659029006958,
			"Absolute Velocity Z" : -0.21166270971298218,
			"ActorName" : "CAR 04",
			"BoundingBox3D Extent X" : 4.246734619140625,
			"BoundingBox3D Extent Y" : 1.9392895698547363,
			"BoundingBox3D Extent Z" : 1.4446032047271729,
			"BoundingBox3D Orientation Quat W" : -0.99994802474975586,
			"BoundingBox3D Orientation Quat X" : -0.0037943830247968435,
			"BoundingBox3D Orientation Quat Y" : -0.0041034659370779991,
			"BoundingBox3D Orientation Quat Z" : 0.0082860337570309639,
			"BoundingBox3D Origin X" : 17.128782272338867,
			"BoundingBox3D Origin Y" : 3.4615840911865234,
			"BoundingBox3D Origin Z" : 0.57154440879821777,
			"ObjectId" : 4,
			"ObjectType" : "CAR",
			"Occluded" : 0.0,
			"Relative Acceleration X" : 0.037544727325439453,
			"Relative Acceleration Y" : -0.22112704813480377,
			"Relative Acceleration Z" : -0.049210511147975922,
			"Relative Velocity X" : 2.3987879753112793,
			"Relative Velocity Y" : 0.032831195741891861,
			"Relative Velocity Z" : 0.005570707842707634,
			"Truncated" : 0
		},
		{
			"Absolute Acceleration X" : 0.10764312744140625,
			"Absolute Acceleration Y" : -0.39550095796585083,
			"Absolute Acceleration Z" : -0.00048996508121490479,
			"Absolute Velocity X" : 27.27366828918457,
			"Absolute Velocity Y" : 0.77028447389602661,
			"Absolute Velocity Z" : -0.1316734254360199,
			"ActorName" : "CAR 05",
			"BoundingBox3D Extent X" : 4.1308565139770508,
			"BoundingBox3D Extent Y" : 1.8116025924682617,
			"BoundingBox3D Extent Z" : 1.1426653861999512,
			"BoundingBox3D Orientation Quat W" : 0.99989742040634155,
			"BoundingBox3D Orientation Quat X" : -0.00049929850501939654,
			"BoundingBox3D Orientation Quat Y" : 0.0022842953912913799,
			"BoundingBox3D Orientation Quat Z" : 0.013976155780255795,
			"BoundingBox3D Origin X" : -68.113616943359375,
			"BoundingBox3D Origin Y" : -0.98929232358932495,
			"BoundingBox3D Origin Z" : 0.91433757543563843,
			"ObjectId" : 5,
			"ObjectType" : "CAR",
			"Occluded" : 0.0,
			"Relative Acceleration X" : 0.11030726134777069,
			"Relative Acceleration Y" : 0.10294270515441895,
			"Relative Acceleration Z" : 0.18971897661685944,
			"Relative Velocity X" : 0.20993936061859131,
			"Relative Velocity Y" : 0.095933638513088226,
			"Relative Velocity Z" : -0.019219854846596718,
			"Truncated" : 0
		},
		{
			"Absolute Acceleration X" : -0.015142440795898438,
			"Absolute Acceleration Y" : -0.069883346557617188,
			"Absolute Acceleration Z" : -0.019835427403450012,
			"Absolute Velocity X" : 25.252849578857422,
			"Absolute Velocity Y" : -2.0226991176605225,