{
	"CapturedObjects" : 
	[
		{
			"Absolute Acceleration X" : -0.16057014465332031,
			"Absolute Acceleration Y" : -1.3209704160690308,
			"Absolute Acceleration Z" : -0.018619447946548462,
			"Absolute Velocity X" : 26.986865997314453,
			"Absolute Velocity Y" : 0.5806574821472168,
			"Absolute Velocity Z" : -0.24485978484153748,
			"ActorName" : "CAR 01",
			"BoundingBox3D Extent X" : 4.303131103515625,
			"BoundingBox3D Extent Y" : 2.0774104595184326,
			"BoundingBox3D Extent Z" : 1.457223653793335,
			"BoundingBox3D Orientation Quat W" : 0.99989038705825806,
			"BoundingBox3D Orientation Quat X" : 0.0075071891769766808,
			"BoundingBox3D Orientation Quat Y" : 0.0045643970370292664,
			"BoundingBox3D Orientation Quat Z" : 0.011654346249997616,
			"BoundingBox3D Origin X" : -17.22450065612793,
			"BoundingBox3D Origin Y" : -0.048627588897943497,
			"BoundingBox3D Origin Z" : 0.82996058464050293,
			"ObjectId" : 1,
			"ObjectType" : "CAR",
			"Occluded" : 0.0,
			"Relative Acceleration X" : -0.17508745193481445,
			"Relative Acceleration Y" : -0.20679724216461182,
			"Relative Acceleration Z" : 0.058514058589935303,
			"Relative Velocity X" : -0.095878742635250092,
			"Relative Velocity Y" : -0.029827531427145004,
			"Relative Velocity Z" : -0.043166592717170715,
			"Truncated" : 0
		},
		{
			"Absolute Acceleration X" : -0.60323905944824219,
			"Absolute Acceleration Y" : -1.9152971506118774,
			"Absolute Acceleration Z" : 0.037174329161643982,
			"Absolute Velocity X" : 28.517478942871094,
			"Absolute Velocity Y" : 1.7298130989074707,
			"Absolute Velocity Z" : -0.26151543855667114,
			"ActorName" : "CAR 05",
			"BoundingBox3D Extent X" : 4.2242927551269531,
			"BoundingBox3D Extent Y" : 2.1238579750061035,
			"BoundingBox3D Extent Z" : 1.4662171602249146,
			"BoundingBox3D Orientation Quat W" : 0.99936449527740479,
			"BoundingBox3D Orientation Quat X" : 0.0020879483781754971,
			"BoundingBox3D Orientation Quat Y" : 0.0043962039053440094,
			"BoundingBox3D Orientation Quat Z" : 0.035145904868841171,
			"BoundingBox3D Origin X" : -30.426856994628906,
			"BoundingBox3D Origin Y" : -4.9603824615478516,
			"BoundingBox3D Origin Z" : 0.8737562894821167,
			"ObjectId" : 5,
			"ObjectType" : "CAR",
			"Occluded" : 0.0,
			"Relative Acceleration X" : -0.66838300228118896,
			"Relative Acceleration Y" : -0.72433364391326904,
			"Relative Acceleration Z" : 0.1603536456823349,
			"Relative Velocity X" : 1.6564322710037231,
			"Relative Velocity Y" : 0.52993291616439819,
			"Relative Velocity Z" : -0.13119582831859589,
			"Truncated" : 0
		},
		{
			"Absolute Acceleration X" : -0.026617050170898438,
			"Absolute Acceleration Y" : -1.14116370677948,
			"Absolute Acceleration Z" : 0.0787067711353302,
			"Absolute Velocity X" : 24.663545608520508,
			"Absolute Velocity Y" : 2.2383482456207275,
			"Absolute Velocity Z" : -0.27631601691246033,
			"ActorName" : "CAR 11",
			"BoundingBox3D Extent X" : 5.221282958984375,
			"BoundingBox3D Extent Y" : 2.5728745460510254,
			"BoundingBox3D Extent Z" : 2.0236544609069824,
			"BoundingBox3D Orientation Quat W" : 0.99925297498703003,
			"BoundingBox3D Orientation Quat X" : 0.0013467080425471067,
			"BoundingBox3D Orientation Quat Y" : 0.0060081155970692635,
			"BoundingBox3D Orientation Quat Z" : 0.038054168224334717,
			"BoundingBox3D Origin X" : -55.4384765625,
			"BoundingBox3D Origin Y" : -5.6926774978637695,
			"BoundingBox3D Origin Z" : 1.4052072763442993,
			"ObjectId" : 11,
			"ObjectType" : "CAR",
			"Occluded" : 0.0,
			"Relative Acceleration X" : -0.084679841995239258,
			"Relative Acceleration Y" : -0.42256295680999756,
			"Relative Acceleration Z" : 0.19310522079467773,
			"Relative Velocity X" : -2.1692013740539551,
			"Relative Velocity Y" : -0.081145666539669037,
			"Relative Velocity Z" : -0.26309913396835327,
			"Truncated" : 0
		},
		{
			"Absolute Acceleration X" : -0.28157234191894531,
			"Absolute Acceleration Y" : -0.62821745872497559,
			"Absolute Acceleration Z" : -0.10089853405952454,
			"Absolute Velocity X" : 24.235589981079102,
			"Absolute Velocity Y" : -3.9285488128662109,
			"Absolute Velocity Z" : -0.22959513962268829,
			"ActorName" : "CAR 15",
			"BoundingBox3D Extent X" : 4.0999999046325684,
			"BoundingBox3D Extent Y" : 1.7401559352874756,
			"BoundingBox3D Extent Z" : 1.5278052091598511,
			"BoundingBox3D Orientation Quat W" : -0.9967229962348938,
			"BoundingBox3D Orientation Quat X" : 0.0095284963026642799,
			"BoundingBox3D Orientation Quat Y" : -0.0045793256722390652,
			"BoundingBox3D Orientation Quat Z" : 0.080012612044811249,
			"BoundingBox3D Origin X" : 89.501121520996094,
			"BoundingBox3D Origin Y" : -15.181404113769531,
			"BoundingBox3D Origin Z" : -0.28730303049087524,
			"ObjectId" : 15,
			"ObjectType" : "CAR",
			"Occluded" : 0.0,
			"Relative Acceleration X" : -0.032924175262451172,
			"Relative Acceleration Y" : 0.80312711000442505,
			"Relative Acceleration Z" : 0.10365530848503113,
			"Relative Velocity X" : -2.1705355644226074,
			"Relative Velocity Y" : 0.22440977394580841,
			"Relative Velocity Z" : 0.39267176389694214,
			"Truncated" : 0
		},
		{
			"Absolute Acceleration X" : 0.03472137451171875,
			"Absolute Acceleration Y" : -1.7869024276733398,
			"Absolute Acceleration Z" : 0.069997578859329224,
			"Absolute Velocity X" : 31.769203186035156,
			"Absolute Velocity Y" : -4.1337671279907227,
			"Absolute Velocity Z" : -0.42332497239112854,
			"ActorName" : "CAR 16",
			"BoundingBox3D Extent X" : 4.0999999046325684,
			"BoundingBox3D Extent Y" : 1.8003275394439697,
			"BoundingBox3D Extent Z" : 1.4762531518936157,
			"BoundingBox3D Orientation Quat W" : -0.99778068065643311,
			"BoundingBox3D Orientation Quat X" : 0.0027621109038591385,
			"BoundingBox3D Orientation Quat Y" : -0.006718609482049942,
			"BoundingBox3D Orientation Quat Z" : 0.066065073013305664,
			"BoundingBox3D Origin X" : 79.595306396484375,
			"BoundingBox3D Origin Y" : -5.8035893440246582,
			"BoundingBox3D Origin Z" : -0.23454102873802185,
			"ObjectId" : 16,
			"ObjectType" : "CAR",
			"Occluded" : 0.0,
			"Relative Acceleration X" : 0.27787017822265625,
			"Relative Acceleration Y" : 0.27004724740982056,
			"Relative Acceleration Z" : 0.20824351906776428,
			"Relative Velocity X" : 4.9484415054321289,
			"Relative Velocity Y" : -0.41226428747177124,
			"Relative Velocity Z" : 0.19486847519874573,
			"Truncated" : 0
		},
		{
			"Absolute Acceleration X" : -0.11864662170410156,
			"Absolute Acceleration Y" : -0.48253488540649414,
			"Absolute Acceleration Z" : -0.26338249444961548,
			"Absolute Velocity X" : 25.607019424438477,
			"Absolute Velocity Y" : -6.2320065498352051,
			"Absolute Velocity Z" : -0.59910303354263306,
			"ActorName" : "CAR 18",
			"BoundingBox3D Extent X" : 4.0999999046325684,
			"BoundingBox3D Extent Y" : 2.118316650390625,
			"BoundingBox3D Extent Z" : 2.5989341735839844,
			"BoundingBox3D Orientation Quat W" : -0.9927484393119812,
			"BoundingBox3D Orientation Quat X" : 0.0014667914947494864,
			"BoundingBox3D Orientation Quat Y" : -0.011676670983433723,
			"BoundingBox3D Orientation Quat Z" : 0.11928173154592514,
			"BoundingBox3D Origin X" : 188.09530639648438,
			"BoundingBox3D Origin Y" : -32.540760040283203,
			"BoundingBox3D Origin Z" : -0.54228758811950684,
			"ObjectId" : 18,
			"ObjectType" : "CAR",
			"Occluded" : 0.0,
			"Relative Acceleration X" : 0.25174397230148315,
			"Relative Acceleration Y" : 1.6147840023040771,
			"Relative Acceleration Z" : 0.103616863489151,
			"Relative Velocity X" : -0.027726436033844948,
			"Relative Velocity Y" : 2.3232924938201904,
			"Relative Velocity Z" : 0.40604197978973389,
			"Truncated" : 0
		},
		{
			"Absolute Acceleration X" : -0.10637430101633072,
			"Absolute Acceleration Y" : -0.68217039108276367,
			"Absolute Acceleration Z" : -0.011635375209152699,
			"Absolute Velocity X" : -25.038280487060547,
			"Absolute Velocity Y" : -1.4169380664825439,
			"Absolute Velocity Z" : 0.2546430230140686,