{
	"CapturedObjects" : 
	[
		{
			"Absolute Acceleration X" : 0.33230113983154297,
			"Absolute Acceleration Y" : -1.8585821390151978,
			"Absolute Acceleration Z" : 0.014439776539802551,
			"Absolute Velocity X" : 10.264737129211426,
			"Absolute Velocity Y" : 2.2538070678710938,
			"Absolute Velocity Z" : -0.086425721645355225,
			"ActorName" : "CAR 00",
			"BoundingBox3D Extent X" : 4.3430695533752441,
			"BoundingBox3D Extent Y" : 2.040806770324707,
			"BoundingBox3D Extent Z" : 1.5222905874252319,
			"BoundingBox3D Orientation Quat W" : 0.99401968717575073,
			"BoundingBox3D Orientation Quat X" : -0.016111813485622406,
			"BoundingBox3D Orientation Quat Y" : 0.0027637926395982504,
			"BoundingBox3D Orientation Quat Z" : 0.10780332237482071,
			"BoundingBox3D Origin X" : -13.830509185791016,
			"BoundingBox3D Origin Y" : -1.4528371095657349,
			"BoundingBox3D Origin Z" : 0.79091793298721313,
			"ObjectId" : 0,
			"ObjectType" : "CAR",
			"Occluded" : 0.0,
			"Relative Acceleration X" : 0.017370820045471191,
			"Relative Acceleration Y" : -1.1594513654708862,
			"Relative Acceleration Z" : -0.01021854393184185,
			"Relative Velocity X" : -1.1197229623794556,
			"Relative Velocity Y" : -0.15069907903671265,
			"Relative Velocity Z" : 0.07382839173078537,
			"Truncated" : 0
		},
		{
			"Absolute Acceleration X" : -1.8803999423980713,
			"Absolute Acceleration Y" : -1.6318092346191406,
			"Absolute Acceleration Z" : -0.045061603188514709,
			"Absolute Velocity X" : 6.3853945732116699,
			"Absolute Velocity Y" : -11.126589775085449,
			"Absolute Velocity Z" : 0.16829326748847961,
			"ActorName" : "CAR 07",
			"BoundingBox3D Extent X" : 4.2264785766601562,
			"BoundingBox3D Extent Y" : 1.5974174737930298,
			"BoundingBox3D Extent Z" : 1.7152019739151001,
			"BoundingBox3D Orientation Quat W" : -0.86699086427688599,
			"BoundingBox3D Orientation Quat X" : -0.020228758454322815,
			"BoundingBox3D Orientation Quat Y" : 0.019199933856725693,
			"BoundingBox3D Orientation Quat Z" : 0.49746772646903992,
			"BoundingBox3D Origin X" : 51.650989532470703,
			"BoundingBox3D Origin Y" : -32.601039886474609,
			"BoundingBox3D Origin Z" : 1.1046640872955322,
			"ObjectId" : 7,
			"ObjectType" : "CAR",
			"Occluded" : 0.0,
			"Relative Acceleration X" : 1.319265604019165,
			"Relative Acceleration Y" : 1.5678224563598633,
			"Relative Acceleration Z" : -0.51572376489639282,
			"Relative Velocity X" : 0.44657877087593079,
			"Relative Velocity Y" : -2.0308663845062256,
			"Relative Velocity Z" : 0.052497584372758865,
			"Truncated" : 0
		},
		{
			"Absolute Acceleration X" : -1.2519063949584961,
			"Absolute Acceleration Y" : -1.9790282249450684,
			"Absolute Acceleration Z" : 0.10373544692993164,
			"Absolute Velocity X" : 9.0104408264160156,
			"Absolute Velocity Y" : -7.6977405548095703,
			"Absolute Velocity Z" : 0.1501958966255188,
			"ActorName" : "CAR 13",
			"BoundingBox3D Extent X" : 4.2246856689453125,
			"BoundingBox3D Extent Y" : 1.7600514888763428,
			"BoundingBox3D Extent Z" : 1.5527822971343994,
			"BoundingBox3D Orientation Quat W" : -0.93808776140213013,
			"BoundingBox3D Orientation Quat X" : -0.017057038843631744,
			"BoundingBox3D Orientation Quat Y" : 0.013491742312908173,
			"BoundingBox3D Orientation Quat Z" : 0.34564769268035889,
			"BoundingBox3D Origin X" : 38.746036529541016,
			"BoundingBox3D Origin Y" : -15.798872947692871,
			"BoundingBox3D Origin Z" : 0.71727049350738525,
			"ObjectId" : 13,
			"ObjectType" : "CAR",
			"Occluded" : 0.0,
			"Relative Acceleration X" : 1.2052301168441772,
			"Relative Acceleration Y" : 2.2788689136505127,
			"Relative Acceleration Z" : -0.17604006826877594,
			"Relative Velocity X" : 0.1607835590839386,
			"Relative Velocity Y" : -0.8234565258026123,
			"Relative Velocity Z" : 0.080184571444988251,
			"Truncated" : 0
		},
		{
			"Absolute Acceleration X" : -0.22297841310501099,
			"Absolute Acceleration Y" : -0.20251116156578064,
			"Absolute Acceleration Z" : -0.11165938526391983,
			"Absolute Velocity X" : 18.302345275878906,
			"Absolute Velocity Y" : 17.593351364135742,
			"Absolute Velocity Z" : -0.18523032963275909,
			"ActorName" : "CAR 16",
			"BoundingBox3D Extent X" : 4.800750732421875,
			"BoundingBox3D Extent Y" : 1.9782946109771729,
			"BoundingBox3D Extent Z" : 1.6048147678375244,
			"BoundingBox3D Orientation Quat W" : 0.92912578582763672,
			"BoundingBox3D Orientation Quat X" : -0.017706409096717834,
			"BoundingBox3D Orientation Quat Y" : -0.0055501386523246765,
			"BoundingBox3D Orientation Quat Z" : 0.36916983127593994,
			"BoundingBox3D Origin X" : 13.422101020812988,
			"BoundingBox3D Origin Y" : 60.922878265380859,
			"BoundingBox3D Origin Z" : -0.23376652598381042,
			"ObjectId" : 16,
			"ObjectType" : "CAR",
			"Occluded" : 0.0,
			"Relative Acceleration X" : -7.8073196411132812,
			"Relative Acceleration Y" : 3.3758180141448975,
			"Relative Acceleration Z" : 0.087878815829753876,
			"Relative Velocity X" : -4.236426830291748,
			"Relative Velocity Y" : 19.906496047973633,
			"Relative Velocity Z" : -0.16093319654464722,
			"Truncated" : 0
		},
		{
			"Absolute Acceleration X" : 1.3390121459960938,
			"Absolute Acceleration Y" : 0.56415224075317383,
			"Absolute Acceleration Z" : -0.047897867858409882,
			"Absolute Velocity X" : 9.0988683700561523,
			"Absolute Velocity Y" : 7.3011283874511719,
			"Absolute Velocity Z" : -0.024980019778013229,
			"ActorName" : "CAR 23",
			"BoundingBox3D Extent X" : 4.9677152633666992,
			"BoundingBox3D Extent Y" : 1.695246696472168,
			"BoundingBox3D Extent Z" : 1.3319857120513916,
			"BoundingBox3D Orientation Quat W" : 0.94373536109924316,
			"BoundingBox3D Orientation Quat X" : -0.011480908840894699,
			"BoundingBox3D Orientation Quat Y" : -0.0025467025116086006,
			"BoundingBox3D Orientation Quat Z" : 0.3304436206817627,
			"BoundingBox3D Origin X" : -55.322273254394531,
			"BoundingBox3D Origin Y" : -26.64881706237793,
			"BoundingBox3D Origin Z" : 1.1246273517608643,
			"ObjectId" : 23,
			"ObjectType" : "CAR",
			"Occluded" : 0.0,
			"Relative Acceleration X" : 2.3761777877807617,
			"Relative Acceleration Y" : -1.1447122097015381,
			"Relative Acceleration Z" : -0.33807027339935303,
			"Relative Velocity X" : 2.1309208869934082,
			"Relative Velocity Y" : -2.4163308143615723,
			"Relative Velocity Z" : 0.36477291584014893,
			"Truncated" : 0
		},
		{
			"Absolute Acceleration X" : 0.20173358917236328,
			"Absolute Acceleration Y" : -0.3575596809387207,
			"Absolute Acceleration Z" : 0.0095785185694694519,
			"Absolute Velocity X" : 8.2652921676635742,
			"Absolute Velocity Y" : 6.305361270904541,
			"Absolute Velocity Z" : -0.063245654106140137,
			"ActorName" : "CAR 24",
			"BoundingBox3D Extent X" : 4.2054839134216309,
			"BoundingBox3D Extent Y" : 1.8136767148971558,
			"BoundingBox3D Extent Z" : 1.263856053352356,
			"BoundingBox3D Orientation Quat W" : 0.94799959659576416,
			"BoundingBox3D Orientation Quat X" : -0.016879729926586151,
			"BoundingBox3D Orientation Quat Y" : -0.0040900735184550285,
			"BoundingBox3D Orientation Quat Z" : 0.31774938106536865,
			"BoundingBox3D Origin X" : -46.316066741943359,
			"BoundingBox3D Origin Y" : -19.209110260009766,
			"BoundingBox3D Origin Z" : 1.0178359746932983,
			"ObjectId" : 24,
			"ObjectType" : "CAR",
			"Occluded" : 0.0,
			"Relative Acceleration X" : 0.65212547779083252,
			"Relative Acceleration Y" : -1.8490920066833496,
			"Relative Acceleration Z" : -0.20176589488983154,
			"Relative Velocity X" : -0.010197400115430355,
			"Relative Velocity Y" : -1.8392157554626465,
			"Relative Velocity Z" : 0.27338242530822754,
			"Truncated" : 0
		}
	],
	"FrameId" : 19309,
	"Timestamp" : 1676040118915385096,
	"TimestampMiddle" : 1676040118898385096
}