{
	"CapturedObjects" : 
	[
		{
			"Absolute Acceleration X" : -0.0865325927734375,
			"Absolute Acceleration Y" : 0.19446632266044617,
			"Absolute Acceleration Z" : -0.049287229776382446,
			"Absolute Velocity X" : 32.471324920654297,
			"Absolute Velocity Y" : -0.16040684282779694,
			"Absolute Velocity Z" : -0.44696426391601562,
			"ActorName" : "CAR 00",
			"BoundingBox3D Extent X" : 4.8987493515014648,
			"BoundingBox3D Extent Y" : 2.3346810340881348,
			"BoundingBox3D Extent Z" : 1.7911391258239746,
			"BoundingBox3D Orientation Quat W" : 0.99995779991149902,
			"BoundingBox3D Orientation Quat X" : -0.0041227140463888645,
			"BoundingBox3D Orientation Quat Y" : 0.0069673159159719944,
			"BoundingBox3D Orientation Quat Z" : -0.0035628632176667452,
			"BoundingBox3D Origin X" : 27.419015884399414,
			"BoundingBox3D Origin Y" : 3.3913455009460449,
			"BoundingBox3D Origin Z" : 0.50592195987701416,
			"ObjectId" : 0,
			"ObjectType" : "CAR",
			"Occluded" : 0.0,
			"Relative Acceleration X" : -0.045276641845703125,
			"Relative Acceleration Y" : 0.42381808161735535,
			"Relative Acceleration Z" : 0.33375388383865356,
			"Relative Velocity X" : 6.2098398208618164,
			"Relative Velocity Y" : 0.22227419912815094,
			"Relative Velocity Z" : -0.018034530803561211,
			"Truncated" : 0
		},
		{
			"Absolute Acceleration X" : 0.073652267456054688,
			"Absolute Acceleration Y" : 0.024876885116100311,
			"Absolute Acceleration Z" : -0.13723303377628326,
			"Absolute Velocity X" : 29.628814697265625,
			"Absolute Velocity Y" : -0.029863175004720688,
			"Absolute Velocity Z" : -0.28728398680686951,
			"ActorName" : "CAR 01",
			"BoundingBox3D Extent X" : 4.692725658416748,
			"BoundingBox3D Extent Y" : 2.1507890224456787,
			"BoundingBox3D Extent Z" : 1.6784391403198242,
			"BoundingBox3D Orientation Quat W" : 0.99994486570358276,
			"BoundingBox3D Orientation Quat X" : -0.003996838815510273,
			"BoundingBox3D Orientation Quat Y" : 0.0053810360841453075,
			"BoundingBox3D Orientation Quat Z" : 0.0072217029519379139,
			"BoundingBox3D Origin X" : -1.1459290981292725,
			"BoundingBox3D Origin Y" : 4.0396718978881836,
			"BoundingBox3D Origin Z" : 0.81971198320388794,
			"ObjectId" : 1,
			"ObjectType" : "CAR",
			"Occluded" : 0.0,
			"Relative Acceleration X" : 0.11286020278930664,
			"Relative Acceleration Y" : 0.20744402706623077,
			"Relative Acceleration Z" : -0.03279402107000351,
			"Relative Velocity X" : 3.3621318340301514,
			"Relative Velocity Y" : 0.1859525740146637,
			"Relative Velocity Z" : -0.017157562077045441,
			"Truncated" : 0
		},
		{
			"Absolute Acceleration X" : -0.27869796752929688,
			"Absolute Acceleration Y" : -0.098555900156497955,
			"Absolute Acceleration Z" : -0.084470883011817932,
			"Absolute Velocity X" : 28.00677490234375,
			"Absolute Velocity Y" : -0.039639823138713837,
			"Absolute Velocity Z" : -0.19293421506881714,
			"ActorName" : "CAR 03",
			"BoundingBox3D Extent X" : 4.3168878555297852,
			"BoundingBox3D Extent Y" : 2.1278455257415771,
			"BoundingBox3D Extent Z" : 1.6856460571289062,
			"BoundingBox3D Orientation Quat W" : 0.99997276067733765,
			"BoundingBox3D Orientation Quat X" : 0.0016432056436315179,
			"BoundingBox3D Orientation Quat Y" : 0.0035543001722544432,
			"BoundingBox3D Orientation Quat Z" : -0.0055522616021335125,
			"BoundingBox3D Origin X" : -27.741899490356445,
			"BoundingBox3D Origin Y" : 0.87621641159057617,
			"BoundingBox3D Origin Z" : 1.0034395456314087,
			"ObjectId" : 3,
			"ObjectType" : "CAR",
			"Occluded" : 0.0,
			"Relative Acceleration X" : -0.23950362205505371,
			"Relative Acceleration Y" : 0.052013777196407318,
			"Relative Acceleration Z" : -0.24428418278694153,
			"Relative Velocity X" : 1.7578887939453125,
			"Relative Velocity Y" : 0.020444482564926147,
			"Relative Velocity Z" : -0.065743997693061829,
			"Truncated" : 0
		},
		{
			"Absolute Acceleration X" : 0.027496337890625,
			"Absolute Acceleration Y" : -0.017920129001140594,
			"Absolute Acceleration Z" : 0.11312875151634216,
			"Absolute Velocity X" : 34.881942749023438,
			"Absolute Velocity Y" : -0.13418331742286682,
			"Absolute Velocity Z" : -0.44069483876228333,
			"ActorName" : "CAR 04",
			"BoundingBox3D Extent X" : 4.0999999046325684,
			"BoundingBox3D Extent Y" : 1.8915352821350098,
			"BoundingBox3D Extent Z" : 1.5626697540283203,
			"BoundingBox3D Orientation Quat W" : 0.9999658465385437,
			"BoundingBox3D Orientation Quat X" : -0.0045943856239318848,
			"BoundingBox3D Orientation Quat Y" : 0.005864195991307497,
			"BoundingBox3D Orientation Quat Z" : -0.0024452938232570887,
			"BoundingBox3D Origin X" : 133.76957702636719,
			"BoundingBox3D Origin Y" : 3.1185770034790039,
			"BoundingBox3D Origin Z" : -1.1719633340835571,
			"ObjectId" : 4,
			"ObjectType" : "CAR",
			"Occluded" : 0.0,
			"Relative Acceleration X" : 0.076842308044433594,
			"Relative Acceleration Y" : 0.29683250188827515,
			"Relative Acceleration Z" : 1.4857072830200195,
			"Relative Velocity X" : 8.6298646926879883,
			"Relative Velocity Y" : 0.86875802278518677,
			"Relative Velocity Z" : 0.56261152029037476,
			"Truncated" : 0
		},
		{
			"Absolute Acceleration X" : 0.10298919677734375,
			"Absolute Acceleration Y" : -0.039311394095420837,
			"Absolute Acceleration Z" : -0.03662601113319397,
			"Absolute Velocity X" : 26.31187629699707,
			"Absolute Velocity Y" : -0.13931386172771454,
			"Absolute Velocity Z" : -0.38127505779266357,
			"ActorName" : "CAR 13",
			"BoundingBox3D Extent X" : 4.2157607078552246,
			"BoundingBox3D Extent Y" : 1.7754096984863281,
			"BoundingBox3D Extent Z" : 2.0899450778961182,
			"BoundingBox3D Orientation Quat W" : 0.99996024370193481,
			"BoundingBox3D Orientation Quat X" : 0.0045737442560493946,
			"BoundingBox3D Orientation Quat Y" : 0.0070358738303184509,
			"BoundingBox3D Orientation Quat Z" : -0.0020795022137463093,
			"BoundingBox3D Origin X" : 72.645034790039062,
			"BoundingBox3D Origin Y" : -0.5159841775894165,
			"BoundingBox3D Origin Z" : 0.026363756507635117,
			"ObjectId" : 13,
			"ObjectType" : "CAR",
			"Occluded" : 0.0,
			"Relative Acceleration X" : 0.14790274202823639,
			"Relative Acceleration Y" : 0.14622822403907776,
			"Relative Acceleration Z" : 0.70831221342086792,
			"Relative Velocity X" : 0.075373925268650055,
			"Relative Velocity Y" : 0.50608974695205688,
			"Relative Velocity Z" : 0.28131213784217834,
			"Truncated" : 0
		}
	],
	"FrameId" : 15032,
	"Timestamp" : 1676039833782053192,
	"TimestampMiddle" : 1676039833765053192
}