{
	"CapturedObjects" : 
	[
		{
			"Absolute Acceleration X" : 0.014630642719566822,
			"Absolute Acceleration Y" : 0.17845702171325684,
			"Absolute Acceleration Z" : -0.027978204190731049,
			"Absolute Velocity X" : 22.735940933227539,
			"Absolute Velocity Y" : 0.74841994047164917,
			"Absolute Velocity Z" : -0.28111016750335693,
			"ActorName" : "TRUCK 00",
			"BoundingBox3D Extent X" : 13.333494186401367,
			"BoundingBox3D Extent Y" : 2.6521563529968262,
			"BoundingBox3D Extent Z" : 3.650496244430542,
			"BoundingBox3D Orientation Quat W" : 0.99943679571151733,
			"BoundingBox3D Orientation Quat X" : -0.028482656925916672,
			"BoundingBox3D Orientation Quat Y" : 0.0053308354690670967,
			"BoundingBox3D Orientation Quat Z" : 0.016608916223049164,
			"BoundingBox3D Origin X" : 52.380161285400391,
			"BoundingBox3D Origin Y" : 16.373153686523438,
			"BoundingBox3D Origin Z" : 1.0207815170288086,
			"ObjectId" : 0,
			"ObjectType" : "TRUCK",
			"Occluded" : 0.0,
			"Relative Acceleration X" : -0.07977941632270813,
			"Relative Acceleration Y" : 0.039292227476835251,
			"Relative Acceleration Z" : -0.0015790234319865704,
			"Relative Velocity X" : 1.1750204563140869,
			"Relative Velocity Y" : 0.44073331356048584,
			"Relative Velocity Z" : 0.017103513702750206,
			"Truncated" : 0
		},
		{
			"Absolute Acceleration X" : 0.088865280151367188,
			"Absolute Acceleration Y" : 0.23052230477333069,
			"Absolute Acceleration Z" : 0.0030013322830200195,
			"Absolute Velocity X" : 22.721540451049805,
			"Absolute Velocity Y" : 0.38200950622558594,
			"Absolute Velocity Z" : -0.26200172305107117,
			"ActorName" : "CAR 01",
			"BoundingBox3D Extent X" : 4.9576702117919922,
			"BoundingBox3D Extent Y" : 1.8935643434524536,
			"BoundingBox3D Extent Z" : 1.7944116592407227,
			"BoundingBox3D Orientation Quat W" : 0.9994962215423584,
			"BoundingBox3D Orientation Quat X" : -0.02753005176782608,
			"BoundingBox3D Orientation Quat Y" : 0.0055426829494535923,
			"BoundingBox3D Orientation Quat Z" : 0.01449039950966835,
			"BoundingBox3D Origin X" : 19.413677215576172,
			"BoundingBox3D Origin Y" : 15.018547058105469,
			"BoundingBox3D Origin Z" : 0.49445754289627075,
			"ObjectId" : 1,
			"ObjectType" : "CAR",
			"Occluded" : 0.0,
			"Relative Acceleration X" : 0.022983551025390625,
			"Relative Acceleration Y" : -0.0052300095558166504,
			"Relative Acceleration Z" : 0.02132459357380867,
			"Relative Velocity X" : 1.1480675935745239,
			"Relative Velocity Y" : 0.40455275774002075,
			"Relative Velocity Z" : -0.013736040331423283,
			"Truncated" : 0
		},
		{
			"Absolute Acceleration X" : -0.01766498014330864,
			"Absolute Acceleration Y" : -0.081857584416866302,
			"Absolute Acceleration Z" : -0.025132672861218452,
			"Absolute Velocity X" : -0.029895653948187828,
			"Absolute Velocity Y" : 0.076789140701293945,
			"Absolute Velocity Z" : 0.01448418851941824,
			"ActorName" : "TRUCK 03",
			"BoundingBox3D Extent X" : 11.0,
			"BoundingBox3D Extent Y" : 0.85703611373901367,
			"BoundingBox3D Extent Z" : 2.2014029026031494,
			"BoundingBox3D Orientation Quat W" : -0.96690100431442261,
			"BoundingBox3D Orientation Quat X" : -0.00029788815299980342,
			"BoundingBox3D Orientation Quat Y" : -0.00050711166113615036,
			"BoundingBox3D Orientation Quat Z" : -0.2551552951335907,
			"BoundingBox3D Origin X" : -87.696456909179688,
			"BoundingBox3D Origin Y" : 7.5034613609313965,
			"BoundingBox3D Origin Z" : 1.8655108213424683,
			"ObjectId" : 3,
			"ObjectType" : "TRUCK",
			"Occluded" : 0.0,
			"Relative Acceleration X" : -0.081838607788085938,
			"Relative Acceleration Y" : 0.12301123142242432,
			"Relative Acceleration Z" : -0.36633852124214172,
			"Relative Velocity X" : -21.681060791015625,
			"Relative Velocity Y" : 1.1827483177185059,
			"Relative Velocity Z" : 0.045126348733901978,
			"Truncated" : 0
		},
		{
			"Absolute Acceleration X" : -0.042219161987304688,
			"Absolute Acceleration Y" : 0.23834308981895447,
			"Absolute Acceleration Z" : -0.001751631498336792,
			"Absolute Velocity X" : 22.160367965698242,
			"Absolute Velocity Y" : 0.23286999762058258,
			"Absolute Velocity Z" : -0.23659172654151917,
			"ActorName" : "CAR 04",
			"BoundingBox3D Extent X" : 4.2017726898193359,
			"BoundingBox3D Extent Y" : 1.6525812149047852,
			"BoundingBox3D Extent Z" : 1.5048118829727173,
			"BoundingBox3D Orientation Quat W" : 0.99996894598007202,
			"BoundingBox3D Orientation Quat X" : 0.00054902711417526007,
			"BoundingBox3D Orientation Quat Y" : 0.0048872143961489201,
			"BoundingBox3D Orientation Quat Z" : 0.0045614293776452541,
			"BoundingBox3D Origin X" : 29.11976432800293,
			"BoundingBox3D Origin Y" : 0.48112660646438599,
			"BoundingBox3D Origin Z" : 0.39137783646583557,
			"ObjectId" : 4,
			"ObjectType" : "CAR",
			"Occluded" : 0.0,
			"Relative Acceleration X" : -0.10924091935157776,
			"Relative Acceleration Y" : 0.018056362867355347,
			"Relative Acceleration Z" : 0.088868677616119385,
			"Relative Velocity X" : 0.44108471274375916,
			"Relative Velocity Y" : 0.1586901992559433,
			"Relative Velocity Z" : 0.028773166239261627,
			"Truncated" : 0
		},
		{
			"Absolute Acceleration X" : -0.0081806182861328125,
			"Absolute Acceleration Y" : 0.12919574975967407,
			"Absolute Acceleration Z" : -0.011055171489715576,
			"Absolute Velocity X" : 22.724382400512695,
			"Absolute Velocity Y" : 0.38267064094543457,
			"Absolute Velocity Z" : -0.25969073176383972,
			"ActorName" : "CAR 05",
			"BoundingBox3D Extent X" : 4.2343549728393555,
			"BoundingBox3D Extent Y" : 1.528878927230835,
			"BoundingBox3D Extent Z" : 1.693412184715271,
			"BoundingBox3D Orientation Quat W" : 0.99993318319320679,
			"BoundingBox3D Orientation Quat X" : 0.00077901053009554744,
			"BoundingBox3D Orientation Quat Y" : 0.0059268693439662457,
			"BoundingBox3D Orientation Quat Z" : 0.0087854983285069466,
			"BoundingBox3D Origin X" : 54.50921630859375,
			"BoundingBox3D Origin Y" : 1.0295530557632446,
			"BoundingBox3D Origin Z" : 0.21150854229927063,
			"ObjectId" : 5,
			"ObjectType" : "CAR",
			"Occluded" : 0.0,
			"Relative Acceleration X" : -0.073683857917785645,
			"Relative Acceleration Y" : -0.099594831466674805,
			"Relative Acceleration Z" : 0.15737329423427582,
			"Relative Velocity X" : 1.0104786157608032,
			"Relative Velocity Y" : 0.053836610168218613,
			"Relative Velocity Z" : 0.045704491436481476,
			"Truncated" : 0
		},
		{
			"Absolute Acceleration X" : -0.021425247192382812,
			"Absolute Acceleration Y" : 0.50718826055526733,
			"Absolute Acceleration Z" : 0.037009000778198242,
			"Absolute Velocity X" : 24.569705963134766,
			"Absolute Velocity Y" : -0.78257638216018677,
			"Absolute Velocity Z" : -0.20929354429244995,
			"ActorName" : "TRUCK 06",
			"BoundingBox3D Extent X" : 11.0,
			"BoundingBox3D Extent Y" : 2.2770223617553711,
			"BoundingBox3D Extent Z" : 2.3187522888183594,
			"BoundingBox3D Orientation Quat W" : -0.99952447414398193,
			"BoundingBox3D Orientation Quat X" : 0.027258418500423431,
			"BoundingBox3D Orientation Quat Y" : -0.0049815559759736061,
			"BoundingBox3D Orientation Quat Z" : 0.013140123337507248,
			"BoundingBox3D Origin X" : -78.528839111328125,
			"BoundingBox3D Origin Y" : 16.149225234985352,
			"BoundingBox3D Origin Z" : 1.6362804174423218,
			"ObjectId" : 6,
			"ObjectType" : "TRUCK",
			"Occluded" : 0.0,
			"Relative Acceleration X" : -0.10425281524658203,
			"Relative Acceleration Y" : 0.21355672180652618,
			"Relative Acceleration Z" : -0.24121050536632538,
			"Relative Velocity X" : 3.0062038898468018,
			"Relative Velocity Y" : 0.22232893109321594,
			"Relative Velocity Z" : -0.10621032118797302,
			"Truncated" : 0
		},
		{
			"Absolute Acceleration X" : -1.2680984735488892,
			"Absolute Acceleration Y" : -0.79234439134597778,
			"Absolute Acceleration Z" : -0.18315568566322327,
			"Absolute Velocity X" : 15.649877548217773,
			"Absolute Velocity Y" : -0.18798722326755524,
			"Absolute Velocity Z" : -0.23135223984718323,