{
	"CapturedObjects" : 
	[
		{
			"Absolute Acceleration X" : -0.013821601867675781,
			"Absolute Acceleration Y" : 0.30276370048522949,
			"Absolute Acceleration Z" : -0.0083152726292610168,
			"Absolute Velocity X" : 14.012066841125488,
			"Absolute Velocity Y" : -0.37240579724311829,
			"Absolute Velocity Z" : -0.12592735886573792,
			"ActorName" : "CAR 00",
			"BoundingBox3D Extent X" : 4.235842227935791,
			"BoundingBox3D Extent Y" : 2.0896267890930176,
			"BoundingBox3D Extent Z" : 1.5755466222763062,
			"BoundingBox3D Orientation Quat W" : -0.99994915723800659,
			"BoundingBox3D Orientation Quat X" : 0.0020795103628188372,
			"BoundingBox3D Orientation Quat Y" : -0.0045600328594446182,
			"BoundingBox3D Orientation Quat Z" : 0.0068788998760282993,
			"BoundingBox3D Origin X" : -24.052377700805664,
			"BoundingBox3D Origin Y" : 0.12374788522720337,
			"BoundingBox3D Origin Z" : 0.95367634296417236,
			"ObjectId" : 0,
			"ObjectType" : "CAR",
			"Occluded" : 0.0,
			"Relative Acceleration X" : -0.21969985961914062,
			"Relative Acceleration Y" : 0.11585515737533569,
			"Relative Acceleration Z" : -0.0066985604353249073,
			"Relative Velocity X" : 0.71318674087524414,
			"Relative Velocity Y" : -0.17097495496273041,
			"Relative Velocity Z" : -0.15546216070652008,
			"Truncated" : 0
		},
		{
			"Absolute Acceleration X" : 1.4686775207519531,
			"Absolute Acceleration Y" : -0.076344728469848633,
			"Absolute Acceleration Z" : -0.26380163431167603,
			"Absolute Velocity X" : 33.976654052734375,
			"Absolute Velocity Y" : -0.97150510549545288,
			"Absolute Velocity Z" : -0.42591330409049988,
			"ActorName" : "CAR 01",
			"BoundingBox3D Extent X" : 4.264348030090332,
			"BoundingBox3D Extent Y" : 1.8931920528411865,
			"BoundingBox3D Extent Z" : 1.3021485805511475,
			"BoundingBox3D Orientation Quat W" : -0.99982386827468872,
			"BoundingBox3D Orientation Quat X" : -0.0087983319535851479,
			"BoundingBox3D Orientation Quat Y" : -0.0023740269243717194,
			"BoundingBox3D Orientation Quat Z" : 0.012237245216965675,
			"BoundingBox3D Origin X" : 27.930465698242188,
			"BoundingBox3D Origin Y" : 21.225358963012695,
			"BoundingBox3D Origin Z" : 0.060653857886791229,
			"ObjectId" : 1,
			"ObjectType" : "CAR",
			"Occluded" : 0.0,
			"Relative Acceleration X" : 1.1407661437988281,
			"Relative Acceleration Y" : -0.073074817657470703,
			"Relative Acceleration Z" : -0.11407783627510071,
			"Relative Velocity X" : 20.731775283813477,
			"Relative Velocity Y" : -0.88674008846282959,
			"Relative Velocity Z" : -0.23788259923458099,
			"Truncated" : 0
		},
		{
			"Absolute Acceleration X" : 0.67400741577148438,
			"Absolute Acceleration Y" : -0.085208892822265625,
			"Absolute Acceleration Z" : -0.21523374319076538,
			"Absolute Velocity X" : 32.415615081787109,
			"Absolute Velocity Y" : -0.82594078779220581,
			"Absolute Velocity Z" : -0.20941105484962463,
			"ActorName" : "CAR 02",
			"BoundingBox3D Extent X" : 4.6198415756225586,
			"BoundingBox3D Extent Y" : 1.8999999761581421,
			"BoundingBox3D Extent Z" : 1.3687719106674194,
			"BoundingBox3D Orientation Quat W" : -0.99987667798995972,
			"BoundingBox3D Orientation Quat X" : 0.00031243308330886066,
			"BoundingBox3D Orientation Quat Y" : -0.0030615106225013733,
			"BoundingBox3D Orientation Quat Z" : 0.01516267005354166,
			"BoundingBox3D Origin X" : -18.665412902832031,
			"BoundingBox3D Origin Y" : 22.664159774780273,
			"BoundingBox3D Origin Z" : 0.55801510810852051,
			"ObjectId" : 2,
			"ObjectType" : "CAR",
			"Occluded" : 0.0,
			"Relative Acceleration X" : 0.33996391296386719,
			"Relative Acceleration Y" : -0.3424045741558075,
			"Relative Acceleration Z" : -0.05814671516418457,
			"Relative Velocity X" : 19.171333312988281,
			"Relative Velocity Y" : -0.63189136981964111,
			"Relative Velocity Z" : -0.25790229439735413,
			"Truncated" : 0
		},
		{
			"Absolute Acceleration X" : 0.41366863250732422,
			"Absolute Acceleration Y" : -0.3500095009803772,
			"Absolute Acceleration Z" : -0.035437285900115967,
			"Absolute Velocity X" : 13.204013824462891,
			"Absolute Velocity Y" : -0.96712809801101685,
			"Absolute Velocity Z" : -0.097939983010292053,
			"ActorName" : "CAR 03",
			"BoundingBox3D Extent X" : 4.3967618942260742,
			"BoundingBox3D Extent Y" : 1.8588123321533203,
			"BoundingBox3D Extent Z" : 1.4206863641738892,
			"BoundingBox3D Orientation Quat W" : -0.99912512302398682,
			"BoundingBox3D Orientation Quat X" : -0.0017530733020976186,
			"BoundingBox3D Orientation Quat Y" : -0.0046499148011207581,
			"BoundingBox3D Orientation Quat Z" : 0.041269343346357346,
			"BoundingBox3D Origin X" : -37.701210021972656,
			"BoundingBox3D Origin Y" : 3.8337550163269043,
			"BoundingBox3D Origin Z" : 0.96650272607803345,
			"ObjectId" : 3,
			"ObjectType" : "CAR",
			"Occluded" : 0.0,
			"Relative Acceleration X" : 0.1856265664100647,
			"Relative Acceleration Y" : -0.60731303691864014,
			"Relative Acceleration Z" : -0.0067599937319755554,
			"Relative Velocity X" : -0.086380362510681152,
			"Relative Velocity Y" : -0.73422414064407349,
			"Relative Velocity Z" : -0.19326318800449371,
			"Truncated" : 0
		},
		{
			"Absolute Acceleration X" : -1.331202507019043,
			"Absolute Acceleration Y" : -0.19302290678024292,
			"Absolute Acceleration Z" : 0.024333186447620392,
			"Absolute Velocity X" : 13.964125633239746,
			"Absolute Velocity Y" : -1.1242883205413818,
			"Absolute Velocity Z" : -0.080783747136592865,
			"ActorName" : "CAR 05",
			"BoundingBox3D Extent X" : 4.2034134864807129,
			"BoundingBox3D Extent Y" : 1.8194049596786499,
			"BoundingBox3D Extent Z" : 1.486355185508728,
			"BoundingBox3D Orientation Quat W" : -0.9992600679397583,
			"BoundingBox3D Orientation Quat X" : 0.0002462919510435313,
			"BoundingBox3D Orientation Quat Y" : -0.0030657274182885885,
			"BoundingBox3D Orientation Quat Z" : 0.038180511444807053,
			"BoundingBox3D Origin X" : -52.633487701416016,
			"BoundingBox3D Origin Y" : 3.1738405227661133,
			"BoundingBox3D Origin Z" : 1.1096690893173218,
			"ObjectId" : 5,
			"ObjectType" : "CAR",
			"Occluded" : 0.0,
			"Relative Acceleration X" : -1.5563476085662842,
			"Relative Acceleration Y" : -0.54531079530715942,
			"Relative Acceleration Z" : 0.045329239219427109,
			"Relative Velocity X" : 0.67126059532165527,
			"Relative Velocity Y" : -0.85563176870346069,
			"Relative Velocity Z" : -0.25721150636672974,
			"Truncated" : 0
		},
		{
			"Absolute Acceleration X" : -0.33097267150878906,
			"Absolute Acceleration Y" : 0.46152734756469727,
			"Absolute Acceleration Z" : 0.024704158306121826,
			"Absolute Velocity X" : 17.020587921142578,
			"Absolute Velocity Y" : -1.0233649015426636,
			"Absolute Velocity Z" : -0.16169621050357819,
			"ActorName" : "CAR 06",
			"BoundingBox3D Extent X" : 4.2034726142883301,
			"BoundingBox3D Extent Y" : 2.0219583511352539,
			"BoundingBox3D Extent Z" : 1.5913317203521729,
			"BoundingBox3D Orientation Quat W" : -0.99939340353012085,
			"BoundingBox3D Orientation Quat X" : 0.0057271993719041348,
			"BoundingBox3D Orientation Quat Y" : -0.0050180135294795036,
			"BoundingBox3D Orientation Quat Z" : 0.033661030232906342,
			"BoundingBox3D Origin X" : 22.466135025024414,
			"BoundingBox3D Origin Y" : -0.386373370885849,
			"BoundingBox3D Origin Z" : 0.5283656120300293,
			"ObjectId" : 6,
			"ObjectType" : "CAR",
			"Occluded" : 0.0,
			"Relative Acceleration X" : -0.53902292251586914,
			"Relative Acceleration Y" : 0.52217757701873779,
			"Relative Acceleration Z" : 0.025254439562559128,
			"Relative Velocity X" : 3.7236011028289795,
			"Relative Velocity Y" : -0.92988091707229614,
			"Relative Velocity Z" : 0.038729585707187653,
			"Truncated" : 0
		},
		{
			"Absolute Acceleration X" : -0.10263633728027344,
			"Absolute Acceleration Y" : -0.15431791543960571,
			"Absolute Acceleration Z" : -0.035695061087608337,
			"Absolute Velocity X" : 19.602453231811523,
			"Absolute Velocity Y" : -0.32462000846862793,