{
	"CapturedObjects" : 
	[
		{
			"Absolute Acceleration X" : -1.0505653619766235,
			"Absolute Acceleration Y" : 0.066169865429401398,
			"Absolute Acceleration Z" : 0.021171372383832932,
			"Absolute Velocity X" : 16.339954376220703,
			"Absolute Velocity Y" : -0.40526571869850159,
			"Absolute Velocity Z" : -0.091355539858341217,
			"ActorName" : "CAR 00",
			"BoundingBox3D Extent X" : 4.3430695533752441,
			"BoundingBox3D Extent Y" : 2.040806770324707,
			"BoundingBox3D Extent Z" : 1.5222905874252319,
			"BoundingBox3D Orientation Quat W" : -0.99991601705551147,
			"BoundingBox3D Orientation Quat X" : -0.00068417907459661365,
			"BoundingBox3D Orientation Quat Y" : -0.0024676029570400715,
			"BoundingBox3D Orientation Quat Z" : 0.011304513551294804,
			"BoundingBox3D Origin X" : -11.948173522949219,
			"BoundingBox3D Origin Y" : 0.82574766874313354,
			"BoundingBox3D Origin Z" : 0.7903287410736084,
			"ObjectId" : 0,
			"ObjectType" : "CAR",
			"Occluded" : 0.0,
			"Relative Acceleration X" : -0.41468402743339539,
			"Relative Acceleration Y" : 0.035577170550823212,
			"Relative Acceleration Z" : -0.02589031495153904,
			"Relative Velocity X" : 0.84159582853317261,
			"Relative Velocity Y" : -0.21061737835407257,
			"Relative Velocity Z" : -0.014681700617074966,
			"Truncated" : 0
		},
		{
			"Absolute Acceleration X" : 0.45995929837226868,
			"Absolute Acceleration Y" : -0.076181307435035706,
			"Absolute Acceleration Z" : -0.037771161645650864,
			"Absolute Velocity X" : 22.739191055297852,
			"Absolute Velocity Y" : -0.0032748812809586525,
			"Absolute Velocity Z" : -0.22721612453460693,
			"ActorName" : "TRUCK 01",
			"BoundingBox3D Extent X" : 11.0,
			"BoundingBox3D Extent Y" : 2.7292671203613281,
			"BoundingBox3D Extent Z" : 4.2488150596618652,
			"BoundingBox3D Orientation Quat W" : 0.99994510412216187,
			"BoundingBox3D Orientation Quat X" : -0.0067991768009960651,
			"BoundingBox3D Orientation Quat Y" : 0.0039116288535296917,
			"BoundingBox3D Orientation Quat Z" : -0.0012329663150012493,
			"BoundingBox3D Origin X" : 69.394622802734375,
			"BoundingBox3D Origin Y" : 14.917978286743164,
			"BoundingBox3D Origin Z" : 0.66359871625900269,
			"ObjectId" : 1,
			"ObjectType" : "TRUCK",
			"Occluded" : 0.0,
			"Relative Acceleration X" : 1.0507237911224365,
			"Relative Acceleration Y" : 0.20163370668888092,
			"Relative Acceleration Z" : 0.43547874689102173,
			"Relative Velocity X" : 7.2513628005981445,
			"Relative Velocity Y" : 0.13957394659519196,
			"Relative Velocity Z" : 0.029612137004733086,
			"Truncated" : 0
		},
		{
			"Absolute Acceleration X" : -0.027653690427541733,
			"Absolute Acceleration Y" : -0.063231371343135834,
			"Absolute Acceleration Z" : -0.20104417204856873,
			"Absolute Velocity X" : 25.880609512329102,
			"Absolute Velocity Y" : 0.33293396234512329,
			"Absolute Velocity Z" : -0.26246184110641479,
			"ActorName" : "TRUCK 02",
			"BoundingBox3D Extent X" : 11.0,
			"BoundingBox3D Extent Y" : 3.4651203155517578,
			"BoundingBox3D Extent Z" : 3.2009532451629639,
			"BoundingBox3D Orientation Quat W" : 0.99991124868392944,
			"BoundingBox3D Orientation Quat X" : -0.00073598150629550219,
			"BoundingBox3D Orientation Quat Y" : 0.0055609033443033695,
			"BoundingBox3D Orientation Quat Z" : 0.0069541982375085354,
			"BoundingBox3D Origin X" : 157.01420593261719,
			"BoundingBox3D Origin Y" : 19.54571533203125,
			"BoundingBox3D Origin Z" : -0.026029640808701515,
			"ObjectId" : 2,
			"ObjectType" : "TRUCK",
			"Occluded" : 0.0,
			"Relative Acceleration X" : 0.51215553283691406,
			"Relative Acceleration Y" : 0.78049826622009277,
			"Relative Acceleration Z" : 1.0230973958969116,
			"Relative Velocity X" : 10.39704704284668,
			"Relative Velocity Y" : 0.41318702697753906,
			"Relative Velocity Z" : 0.1836811900138855,
			"Truncated" : 0
		},
		{
			"Absolute Acceleration X" : 0.10001074522733688,
			"Absolute Acceleration Y" : -0.056407097727060318,
			"Absolute Acceleration Z" : 0.11855849623680115,
			"Absolute Velocity X" : 22.890565872192383,
			"Absolute Velocity Y" : 0.22927853465080261,
			"Absolute Velocity Z" : -0.39725947380065918,
			"ActorName" : "TRUCK 03",
			"BoundingBox3D Extent X" : 11.0,
			"BoundingBox3D Extent Y" : 3.1800446510314941,
			"BoundingBox3D Extent Z" : 3.1347098350524902,
			"BoundingBox3D Orientation Quat W" : 0.99991989135742188,
			"BoundingBox3D Orientation Quat X" : -0.00073267857078462839,
			"BoundingBox3D Orientation Quat Y" : 0.0093991775065660477,
			"BoundingBox3D Orientation Quat Z" : 0.0038523527327924967,
			"BoundingBox3D Origin X" : 153.017822265625,
			"BoundingBox3D Origin Y" : 15.479677200317383,
			"BoundingBox3D Origin Z" : -0.47356608510017395,
			"ObjectId" : 3,
			"ObjectType" : "TRUCK",
			"Occluded" : 0.0,
			"Relative Acceleration X" : 0.66224038600921631,
			"Relative Acceleration Y" : 0.74940651655197144,
			"Relative Acceleration Z" : 1.2941043376922607,
			"Relative Velocity X" : 7.405097484588623,
			"Relative Velocity Y" : 0.3073844313621521,
			"Relative Velocity Z" : 0.037123717367649078,
			"Truncated" : 0
		},
		{
			"Absolute Acceleration X" : 0.21283261477947235,
			"Absolute Acceleration Y" : 0.080146230757236481,
			"Absolute Acceleration Z" : 0.19241055846214294,
			"Absolute Velocity X" : 31.932544708251953,
			"Absolute Velocity Y" : -0.6460195779800415,
			"Absolute Velocity Z" : -0.47970885038375854,
			"ActorName" : "CAR 04",
			"BoundingBox3D Extent X" : 4.0999999046325684,
			"BoundingBox3D Extent Y" : 1.7672991752624512,
			"BoundingBox3D Extent Z" : 1.7015149593353271,
			"BoundingBox3D Orientation Quat W" : -0.99970531463623047,
			"BoundingBox3D Orientation Quat X" : 0.00083690363680943847,
			"BoundingBox3D Orientation Quat Y" : -0.00086284574354067445,
			"BoundingBox3D Orientation Quat Z" : 0.0097395041957497597,
			"BoundingBox3D Origin X" : 1.7341469526290894,
			"BoundingBox3D Origin Y" : 19.693767547607422,
			"BoundingBox3D Origin Z" : 0.14354607462882996,
			"ObjectId" : 4,
			"ObjectType" : "CAR",
			"Occluded" : 0.0,
			"Relative Acceleration X" : 0.76529544591903687,
			"Relative Acceleration Y" : 0.20593038201332092,
			"Relative Acceleration Z" : 0.3907744288444519,
			"Relative Velocity X" : 16.451080322265625,
			"Relative Velocity Y" : -0.43305820226669312,
			"Relative Velocity Z" : -0.35767766833305359,
			"Truncated" : 0
		},
		{
			"Absolute Acceleration X" : -0.026057550683617592,
			"Absolute Acceleration Y" : -0.30309593677520752,
			"Absolute Acceleration Z" : 0.11109874397516251,
			"Absolute Velocity X" : 22.082832336425781,
			"Absolute Velocity Y" : 0.48731577396392822,
			"Absolute Velocity Z" : -0.28319379687309265,
			"ActorName" : "CAR 05",
			"BoundingBox3D Extent X" : 4.0999999046325684,
			"BoundingBox3D Extent Y" : 2.0698511600494385,
			"BoundingBox3D Extent Z" : 1.4278992414474487,
			"BoundingBox3D Orientation Quat W" : 0.99985390901565552,
			"BoundingBox3D Orientation Quat X" : -0.00076615327270701528,
			"BoundingBox3D Orientation Quat Y" : 0.0054854978807270527,
			"BoundingBox3D Orientation Quat Z" : 0.013037360273301601,
			"BoundingBox3D Origin X" : 108.01318359375,
			"BoundingBox3D Origin Y" : 14.921516418457031,
			"BoundingBox3D Origin Z" : -0.72921472787857056,
			"ObjectId" : 5,
			"ObjectType" : "CAR",
			"Occluded" : 0.0,
			"Relative Acceleration X" : 0.54267072677612305,
			"Relative Acceleration Y" : 0.27777546644210815,
			"Relative Acceleration Z" : 0.9481315016746521,
			"Relative Velocity X" : 6.597010612487793,
			"Relative Velocity Y" : 0.59899067878723145,
			"Relative Velocity Z" : 0.055213961750268936,
			"Truncated" : 0
		},
		{
			"Absolute Acceleration X" : -0.11188442260026932,
			"Absolute Acceleration Y" : 0.14597171545028687,
			"Absolute Acceleration Z" : -0.070502333343029022,
			"Absolute Velocity X" : 22.412851333618164,
			"Absolute Velocity Y" : -0.42100459337234497,
			"Absolute Velocity Z" : -0.28684350848197937,
			"ActorName" : "CAR 06",