{
	"CapturedObjects" : 
	[
		{
			"Absolute Acceleration X" : -0.20408439636230469,
			"Absolute Acceleration Y" : -0.86550772190093994,
			"Absolute Acceleration Z" : -0.058276921510696411,
			"Absolute Velocity X" : 24.920120239257812,
			"Absolute Velocity Y" : -1.3979276418685913,
			"Absolute Velocity Z" : -0.33876809477806091,
			"ActorName" : "CAR 04",
			"BoundingBox3D Extent X" : 4.1167516708374023,
			"BoundingBox3D Extent Y" : 1.7308224439620972,
			"BoundingBox3D Extent Z" : 1.4999700784683228,
			"BoundingBox3D Orientation Quat W" : -0.99953246116638184,
			"BoundingBox3D Orientation Quat X" : -0.00032523414120078087,
			"BoundingBox3D Orientation Quat Y" : -0.0070629259571433067,
			"BoundingBox3D Orientation Quat Z" : 0.029612984508275986,
			"BoundingBox3D Origin X" : 40.11126708984375,
			"BoundingBox3D Origin Y" : -0.72389453649520874,
			"BoundingBox3D Origin Z" : 0.29460355639457703,
			"ObjectId" : 4,
			"ObjectType" : "CAR",
			"Occluded" : 0.0,
			"Relative Acceleration X" : 0.039269447326660156,
			"Relative Acceleration Y" : -0.44511258602142334,
			"Relative Acceleration Z" : -0.012186028063297272,
			"Relative Velocity X" : -0.63775461912155151,
			"Relative Velocity Y" : -0.02370828203856945,
			"Relative Velocity Z" : -0.25580441951751709,
			"Truncated" : 0
		},
		{
			"Absolute Acceleration X" : -0.0539703369140625,
			"Absolute Acceleration Y" : -0.13626480102539062,
			"Absolute Acceleration Z" : -0.040510833263397217,
			"Absolute Velocity X" : 19.003593444824219,
			"Absolute Velocity Y" : 0.87731802463531494,
			"Absolute Velocity Z" : -0.22960051894187927,
			"ActorName" : "CAR 14",
			"BoundingBox3D Extent X" : 5.2294902801513672,
			"BoundingBox3D Extent Y" : 2.2024991512298584,
			"BoundingBox3D Extent Z" : 1.7669569253921509,
			"BoundingBox3D Orientation Quat W" : 0.99980539083480835,
			"BoundingBox3D Orientation Quat X" : -0.0060324175283312798,
			"BoundingBox3D Orientation Quat Y" : 0.005614567082375288,
			"BoundingBox3D Orientation Quat Z" : 0.01756800152361393,
			"BoundingBox3D Origin X" : -15.782466888427734,
			"BoundingBox3D Origin Y" : -2.8506102561950684,
			"BoundingBox3D Origin Z" : 1.052817702293396,
			"ObjectId" : 14,
			"ObjectType" : "CAR",
			"Occluded" : 0.0,
			"Relative Acceleration X" : 0.091312408447265625,
			"Relative Acceleration Y" : 0.3987809419631958,
			"Relative Acceleration Z" : -0.1299673467874527,
			"Relative Velocity X" : -6.4863486289978027,
			"Relative Velocity Y" : 0.55728578567504883,
			"Relative Velocity Z" : 0.10383313894271851,
			"Truncated" : 0
		},
		{
			"Absolute Acceleration X" : 1.9238579273223877,
			"Absolute Acceleration Y" : -0.073370151221752167,
			"Absolute Acceleration Z" : 0.048392452299594879,
			"Absolute Velocity X" : 17.997613906860352,
			"Absolute Velocity Y" : 1.3077194690704346,
			"Absolute Velocity Z" : -0.14244571328163147,
			"ActorName" : "CAR 15",
			"BoundingBox3D Extent X" : 4.7818255424499512,
			"BoundingBox3D Extent Y" : 2.1203718185424805,
			"BoundingBox3D Extent Z" : 1.4809430837631226,
			"BoundingBox3D Orientation Quat W" : 0.9993242621421814,
			"BoundingBox3D Orientation Quat X" : -0.00073070538928732276,
			"BoundingBox3D Orientation Quat Y" : 0.003965119831264019,
			"BoundingBox3D Orientation Quat Z" : 0.036350999027490616,
			"BoundingBox3D Origin X" : -58.868698120117188,
			"BoundingBox3D Origin Y" : -4.6315336227416992,
			"BoundingBox3D Origin Z" : 1.277851939201355,
			"ObjectId" : 15,
			"ObjectType" : "CAR",
			"Occluded" : 0.0,
			"Relative Acceleration X" : 2.1452484130859375,
			"Relative Acceleration Y" : -0.018039623275399208,
			"Relative Acceleration Z" : 0.46820160746574402,
			"Relative Velocity X" : -7.4418911933898926,
			"Relative Velocity Y" : -0.31699076294898987,
			"Relative Velocity Z" : 0.38091519474983215,
			"Truncated" : 0
		},
		{
			"Absolute Acceleration X" : 14.46367359161377,
			"Absolute Acceleration Y" : 1.8353625535964966,
			"Absolute Acceleration Z" : -0.37107053399085999,
			"Absolute Velocity X" : -7.602353572845459,
			"Absolute Velocity Y" : -1.266369104385376,
			"Absolute Velocity Z" : 0.20329642295837402,
			"ActorName" : "CAR 24",
			"BoundingBox3D Extent X" : 3.968726634979248,
			"BoundingBox3D Extent Y" : 1.8999999761581421,
			"BoundingBox3D Extent Z" : 1.5380229949951172,
			"BoundingBox3D Orientation Quat W" : -0.07989213615655899,
			"BoundingBox3D Orientation Quat X" : 0.012981632724404335,
			"BoundingBox3D Orientation Quat Y" : -0.0055688847787678242,
			"BoundingBox3D Orientation Quat Z" : 0.99669355154037476,
			"BoundingBox3D Origin X" : -154.71600341796875,
			"BoundingBox3D Origin Y" : 3.6178677082061768,
			"BoundingBox3D Origin Z" : 2.9812107086181641,
			"ObjectId" : 24,
			"ObjectType" : "CAR",
			"Occluded" : 0.0,
			"Relative Acceleration X" : 14.91737174987793,
			"Relative Acceleration Y" : -0.4602738618850708,
			"Relative Acceleration Z" : 0.56802797317504883,
			"Relative Velocity X" : -33.291664123535156,
			"Relative Velocity Y" : -5.7714486122131348,
			"Relative Velocity Z" : 1.1315553188323975,
			"Truncated" : 0
		},
		{
			"Absolute Acceleration X" : 5.5722732543945312,
			"Absolute Acceleration Y" : 0.80961418151855469,
			"Absolute Acceleration Z" : -0.14580604434013367,
			"Absolute Velocity X" : -19.782299041748047,
			"Absolute Velocity Y" : -3.675673246383667,
			"Absolute Velocity Z" : 0.51779627799987793,
			"ActorName" : "CAR 25",
			"BoundingBox3D Extent X" : 4.0999999046325684,
			"BoundingBox3D Extent Y" : 1.6048614978790283,
			"BoundingBox3D Extent Z" : 1.3107339143753052,
			"BoundingBox3D Orientation Quat W" : -0.090089656412601471,
			"BoundingBox3D Orientation Quat X" : 0.013434959575533867,
			"BoundingBox3D Orientation Quat Y" : -0.0052508683875203133,
			"BoundingBox3D Orientation Quat Z" : 0.99581122398376465,
			"BoundingBox3D Origin X" : -150.98330688476562,
			"BoundingBox3D Origin Y" : 7.4900531768798828,
			"BoundingBox3D Origin Z" : 2.763317346572876,
			"ObjectId" : 25,
			"ObjectType" : "CAR",
			"Occluded" : 0.0,
			"Relative Acceleration X" : 6.1595268249511719,
			"Relative Acceleration Y" : 0.19602489471435547,
			"Relative Acceleration Z" : -0.56730735301971436,
			"Relative Velocity X" : -45.60107421875,
			"Relative Velocity Y" : -8.0064315795898438,
			"Relative Velocity Z" : 1.4153999090194702,
			"Truncated" : 0
		},
		{
			"Absolute Acceleration X" : 0.15553092956542969,
			"Absolute Acceleration Y" : -0.38276076316833496,
			"Absolute Acceleration Z" : 0.11994081735610962,
			"Absolute Velocity X" : 23.794895172119141,
			"Absolute Velocity Y" : 3.5445287227630615,
			"Absolute Velocity Z" : -0.59343469142913818,
			"ActorName" : "CAR 28",
			"BoundingBox3D Extent X" : 4.0999999046325684,
			"BoundingBox3D Extent Y" : 2.3790092468261719,
			"BoundingBox3D Extent Z" : 1.7195987701416016,
			"BoundingBox3D Orientation Quat W" : 0.99731773138046265,
			"BoundingBox3D Orientation Quat X" : 0.0046127540990710258,
			"BoundingBox3D Orientation Quat Y" : 0.011894837953150272,
			"BoundingBox3D Orientation Quat Z" : 0.071997888386249542,
			"BoundingBox3D Origin X" : -141.67091369628906,
			"BoundingBox3D Origin Y" : -8.9485187530517578,
			"BoundingBox3D Origin Z" : 2.6859767436981201,
			"ObjectId" : 28,
			"ObjectType" : "CAR",
			"Occluded" : 0.0,
			"Relative Acceleration X" : 0.19636893272399902,
			"Relative Acceleration Y" : 1.4516346454620361,
			"Relative Acceleration Z" : -0.31023550033569336,
			"Relative Velocity X" : -1.5038502216339111,
			"Relative Velocity Y" : -0.63077837228775024,
			"Relative Velocity Z" : 0.30293172597885132,
			"Truncated" : 0
		},
		{
			"Absolute Acceleration X" : 0.38389778137207031,
			"Absolute Acceleration Y" : -0.36936384439468384,
			"Absolute Acceleration Z" : -0.067994609475135803,
			"Absolute Velocity X" : 19.696727752685547,
			"Absolute Velocity Y" : -0.8141096830368042,
			"Absolute Velocity Z" : -0.26670771837234497,
			"ActorName" : "TRUCK 30",