{
	"CapturedObjects" : 
	[
		{
			"Absolute Acceleration X" : -0.2699737548828125,
			"Absolute Acceleration Y" : -0.27677902579307556,
			"Absolute Acceleration Z" : -0.055899545550346375,
			"Absolute Velocity X" : 23.863348007202148,
			"Absolute Velocity Y" : -0.45867183804512024,
			"Absolute Velocity Z" : -0.2385796457529068,
			"ActorName" : "TRUCK 00",
			"BoundingBox3D Extent X" : 10.260261535644531,
			"BoundingBox3D Extent Y" : 3.0,
			"BoundingBox3D Extent Z" : 3.1876621246337891,
			"BoundingBox3D Orientation Quat W" : -0.99905514717102051,
			"BoundingBox3D Orientation Quat X" : -0.027366960421204567,
			"BoundingBox3D Orientation Quat Y" : -0.0054585770703852177,
			"BoundingBox3D Orientation Quat Z" : 0.010923381894826889,
			"BoundingBox3D Origin X" : -7.2586531639099121,
			"BoundingBox3D Origin Y" : 16.920246124267578,
			"BoundingBox3D Origin Z" : 1.500356912612915,
			"ObjectId" : 0,
			"ObjectType" : "TRUCK",
			"Occluded" : 0.0,
			"Relative Acceleration X" : -0.46263241767883301,
			"Relative Acceleration Y" : -0.24618162214756012,
			"Relative Acceleration Z" : 0.14820355176925659,
			"Relative Velocity X" : 3.8344988822937012,
			"Relative Velocity Y" : -0.29124787449836731,
			"Relative Velocity Z" : -0.014775276184082031,
			"Truncated" : 0
		},
		{
			"Absolute Acceleration X" : 0.20352935791015625,
			"Absolute Acceleration Y" : 0.049728155136108398,
			"Absolute Acceleration Z" : 0.059240713715553284,
			"Absolute Velocity X" : 24.949516296386719,
			"Absolute Velocity Y" : -0.19862085580825806,
			"Absolute Velocity Z" : -0.17905516922473907,
			"ActorName" : "CAR 01",
			"BoundingBox3D Extent X" : 6.9825677871704102,
			"BoundingBox3D Extent Y" : 2.6750645637512207,
			"BoundingBox3D Extent Z" : 2.7412784099578857,
			"BoundingBox3D Orientation Quat W" : 0.9998619556427002,
			"BoundingBox3D Orientation Quat X" : -0.0022199105005711317,
			"BoundingBox3D Orientation Quat Y" : 0.0027780896052718163,
			"BoundingBox3D Orientation Quat Z" : -0.0052551156841218472,
			"BoundingBox3D Origin X" : -31.065654754638672,
			"BoundingBox3D Origin Y" : 17.730920791625977,
			"BoundingBox3D Origin Z" : 1.3883816003799438,
			"ObjectId" : 1,
			"ObjectType" : "CAR",
			"Occluded" : 0.0,
			"Relative Acceleration X" : 0.0077657699584960938,
			"Relative Acceleration Y" : 0.036680445075035095,
			"Relative Acceleration Z" : 0.32056006789207458,
			"Relative Velocity X" : 4.9179534912109375,
			"Relative Velocity Y" : -0.099465511739253998,
			"Relative Velocity Z" : 0.066469840705394745,
			"Truncated" : 0
		},
		{
			"Absolute Acceleration X" : -0.14299583435058594,
			"Absolute Acceleration Y" : 0.0042225420475006104,
			"Absolute Acceleration Z" : 0.26904138922691345,
			"Absolute Velocity X" : 22.883726119995117,
			"Absolute Velocity Y" : -0.49111351370811462,
			"Absolute Velocity Z" : -0.30425462126731873,
			"ActorName" : "CAR 02",
			"BoundingBox3D Extent X" : 4.43939208984375,
			"BoundingBox3D Extent Y" : 1.774179220199585,
			"BoundingBox3D Extent Z" : 1.8107035160064697,
			"BoundingBox3D Orientation Quat W" : -0.99951565265655518,
			"BoundingBox3D Orientation Quat X" : -0.017712539061903954,
			"BoundingBox3D Orientation Quat Y" : -0.0047088190913200378,
			"BoundingBox3D Orientation Quat Z" : 0.011673428118228912,
			"BoundingBox3D Origin X" : 40.913009643554688,
			"BoundingBox3D Origin Y" : 15.28164005279541,
			"BoundingBox3D Origin Z" : 0.070246241986751556,
			"ObjectId" : 2,
			"ObjectType" : "CAR",
			"Occluded" : 0.0,
			"Relative Acceleration X" : -0.33547353744506836,
			"Relative Acceleration Y" : 0.1449165940284729,
			"Relative Acceleration Z" : 0.36054915189743042,
			"Relative Velocity X" : 2.8584544658660889,
			"Relative Velocity Y" : -0.1813095360994339,
			"Relative Velocity Z" : -0.12162744253873825,
			"Truncated" : 0
		},
		{
			"Absolute Acceleration X" : 0.52950245141983032,
			"Absolute Acceleration Y" : -0.053840953856706619,
			"Absolute Acceleration Z" : -0.10569325834512711,
			"Absolute Velocity X" : 0.057097360491752625,
			"Absolute Velocity Y" : -0.017539970576763153,
			"Absolute Velocity Z" : -0.0038622368592768908,
			"ActorName" : "TRUCK 03",
			"BoundingBox3D Extent X" : 11.0,
			"BoundingBox3D Extent Y" : 0.60374879837036133,
			"BoundingBox3D Extent Z" : 0.65512114763259888,
			"BoundingBox3D Orientation Quat W" : 0.027350261807441711,
			"BoundingBox3D Orientation Quat X" : 0.0070878956466913223,
			"BoundingBox3D Orientation Quat Y" : -0.044707484543323517,
			"BoundingBox3D Orientation Quat Z" : 0.99846166372299194,
			"BoundingBox3D Origin X" : -88.683013916015625,
			"BoundingBox3D Origin Y" : 13.216177940368652,
			"BoundingBox3D Origin Z" : 1.2699412107467651,
			"ObjectId" : 3,
			"ObjectType" : "TRUCK",
			"Occluded" : 0.0,
			"Relative Acceleration X" : 0.49246633052825928,
			"Relative Acceleration Y" : -0.40954035520553589,
			"Relative Acceleration Z" : 0.31053543090820312,
			"Relative Velocity X" : -19.949546813964844,
			"Relative Velocity Y" : -0.098700016736984253,
			"Relative Velocity Z" : 0.36748456954956055,
			"Truncated" : 0
		},
		{
			"Absolute Acceleration X" : -0.10798454284667969,
			"Absolute Acceleration Y" : 0.2462553083896637,
			"Absolute Acceleration Z" : 0.042588964104652405,
			"Absolute Velocity X" : 25.752542495727539,
			"Absolute Velocity Y" : -0.37136411666870117,
			"Absolute Velocity Z" : -0.113702692091465,
			"ActorName" : "CAR 05",
			"BoundingBox3D Extent X" : 4.0999999046325684,
			"BoundingBox3D Extent Y" : 1.7586958408355713,
			"BoundingBox3D Extent Z" : 0.90542548894882202,
			"BoundingBox3D Orientation Quat W" : -0.99995565414428711,
			"BoundingBox3D Orientation Quat X" : -0.0011294034775346518,
			"BoundingBox3D Orientation Quat Y" : -0.005286164116114378,
			"BoundingBox3D Orientation Quat Z" : 0.0070708282291889191,
			"BoundingBox3D Origin X" : -130.03961181640625,
			"BoundingBox3D Origin Y" : 1.8784551620483398,
			"BoundingBox3D Origin Z" : 1.1827461719512939,
			"ObjectId" : 5,
			"ObjectType" : "CAR",
			"Occluded" : 0.0,
			"Relative Acceleration X" : -0.27040529251098633,
			"Relative Acceleration Y" : 0.035657793283462524,
			"Relative Acceleration Z" : 0.31673204898834229,
			"Relative Velocity X" : 5.7667579650878906,
			"Relative Velocity Y" : -0.55823642015457153,
			"Relative Velocity Z" : 0.17224055528640747,
			"Truncated" : 0
		},
		{
			"Absolute Acceleration X" : -6.2459471337206196e-06,
			"Absolute Acceleration Y" : -1.9159729163220618e-06,
			"Absolute Acceleration Z" : -3.7123838865227299e-06,
			"Absolute Velocity X" : 3.4055527066811919e-05,
			"Absolute Velocity Y" : -2.2465619622380473e-05,
			"Absolute Velocity Z" : -2.7525970835995395e-06,
			"ActorName" : "TRUCK 06",
			"BoundingBox3D Extent X" : 11.0,
			"BoundingBox3D Extent Y" : 0.40052270889282227,
			"BoundingBox3D Extent Z" : 1.0915939807891846,
			"BoundingBox3D Orientation Quat W" : 0.97164750099182129,
			"BoundingBox3D Orientation Quat X" : -0.0027041903231292963,
			"BoundingBox3D Orientation Quat Y" : 0.00046592022408731282,
			"BoundingBox3D Orientation Quat Z" : -0.23641061782836914,
			"BoundingBox3D Origin X" : -115.56192016601562,
			"BoundingBox3D Origin Y" : 15.797586441040039,
			"BoundingBox3D Origin Z" : 1.3312879800796509,
			"ObjectId" : 6,
			"ObjectType" : "TRUCK",
			"Occluded" : 0.0,
			"Relative Acceleration X" : -0.047349594533443451,
			"Relative Acceleration Y" : -0.46735662221908569,
			"Relative Acceleration Z" : 0.54915052652359009,
			"Relative Velocity X" : -20.0140380859375,
			"Relative Velocity Y" : -0.16075856983661652,
			"Relative Velocity Z" : 0.42972809076309204,
			"Truncated" : 0
		},
		{
			"Absolute Acceleration X" : 0.3157196044921875,
			"Absolute Acceleration Y" : 0.048351690173149109,
			"Absolute Acceleration Z" : 0.0085848569869995117,
			"Absolute Velocity X" : 21.334625244140625,
			"Absolute Velocity Y" : -0.20347192883491516,
			"Absolute Velocity Z" : -0.18049393594264984,