{
	"CapturedObjects" : 
	[
		{
			"Absolute Acceleration X" : 1.2619104385375977,
			"Absolute Acceleration Y" : -2.7427492141723633,
			"Absolute Acceleration Z" : 0.049163758754730225,
			"Absolute Velocity X" : 12.52466869354248,
			"Absolute Velocity Y" : 6.0127620697021484,
			"Absolute Velocity Z" : -0.280251145362854,
			"ActorName" : "CAR 01",
			"BoundingBox3D Extent X" : 4.593109130859375,
			"BoundingBox3D Extent Y" : 1.9586663246154785,
			"BoundingBox3D Extent Z" : 1.5214827060699463,
			"BoundingBox3D Orientation Quat W" : 0.97649693489074707,
			"BoundingBox3D Orientation Quat X" : 0.020181570202112198,
			"BoundingBox3D Orientation Quat Y" : 0.014062766917049885,
			"BoundingBox3D Orientation Quat Z" : 0.21402180194854736,
			"BoundingBox3D Origin X" : -27.340356826782227,
			"BoundingBox3D Origin Y" : -5.2623586654663086,
			"BoundingBox3D Origin Z" : 1.1336888074874878,
			"ObjectId" : 1,
			"ObjectType" : "CAR",
			"Occluded" : 0.0,
			"Relative Acceleration X" : 0.062162891030311584,
			"Relative Acceleration Y" : 0.56632339954376221,
			"Relative Acceleration Z" : -0.063108593225479126,
			"Relative Velocity X" : 0.21899877488613129,
			"Relative Velocity Y" : -0.62466907501220703,
			"Relative Velocity Z" : -0.12949672341346741,
			"Truncated" : 0
		},
		{
			"Absolute Acceleration X" : -0.33794593811035156,
			"Absolute Acceleration Y" : 0.056155204772949219,
			"Absolute Acceleration Z" : 0.018388450145721436,
			"Absolute Velocity X" : 15.431781768798828,
			"Absolute Velocity Y" : -6.9671063423156738,
			"Absolute Velocity Z" : -0.2299480140209198,
			"ActorName" : "CAR 03",
			"BoundingBox3D Extent X" : 4.0999999046325684,
			"BoundingBox3D Extent Y" : 1.8442362546920776,
			"BoundingBox3D Extent Z" : 1.5108802318572998,
			"BoundingBox3D Orientation Quat W" : -0.97780013084411621,
			"BoundingBox3D Orientation Quat X" : -0.0070276269689202309,
			"BoundingBox3D Orientation Quat Y" : -0.0057041952386498451,
			"BoundingBox3D Orientation Quat Z" : 0.20932437479496002,
			"BoundingBox3D Origin X" : 25.01220703125,
			"BoundingBox3D Origin Y" : -2.0826773643493652,
			"BoundingBox3D Origin Z" : 0.51951432228088379,
			"ObjectId" : 3,
			"ObjectType" : "CAR",
			"Occluded" : 0.0,
			"Relative Acceleration X" : 1.7298368215560913,
			"Relative Acceleration Y" : 3.9884781837463379,
			"Relative Acceleration Z" : 0.12364540994167328,
			"Relative Velocity X" : 2.2606806755065918,
			"Relative Velocity Y" : -1.0363383293151855,
			"Relative Velocity Z" : -0.19304823875427246,
			"Truncated" : 0
		},
		{
			"Absolute Acceleration X" : -1.3239898681640625,
			"Absolute Acceleration Y" : 0.71902179718017578,
			"Absolute Acceleration Z" : -0.035147339105606079,
			"Absolute Velocity X" : 18.152254104614258,
			"Absolute Velocity Y" : -8.1429615020751953,
			"Absolute Velocity Z" : -0.24640324711799622,
			"ActorName" : "CAR 06",
			"BoundingBox3D Extent X" : 4.4581217765808105,
			"BoundingBox3D Extent Y" : 1.8999999761581421,
			"BoundingBox3D Extent Z" : 1.5315248966217041,
			"BoundingBox3D Orientation Quat W" : -0.97657811641693115,
			"BoundingBox3D Orientation Quat X" : -0.0082361893728375435,
			"BoundingBox3D Orientation Quat Y" : -0.0046281013637781143,
			"BoundingBox3D Orientation Quat Z" : 0.21489270031452179,
			"BoundingBox3D Origin X" : -5.498908519744873,
			"BoundingBox3D Origin Y" : 12.205934524536133,
			"BoundingBox3D Origin Z" : 0.98866301774978638,
			"ObjectId" : 6,
			"ObjectType" : "CAR",
			"Occluded" : 0.0,
			"Relative Acceleration X" : 3.0438132286071777,
			"Relative Acceleration Y" : 5.373197078704834,
			"Relative Acceleration Z" : -0.97110939025878906,
			"Relative Velocity X" : 1.5002954006195068,
			"Relative Velocity Y" : -9.5365447998046875,
			"Relative Velocity Z" : 0.17793966829776764,
			"Truncated" : 0
		},
		{
			"Absolute Acceleration X" : -0.10906600952148438,
			"Absolute Acceleration Y" : 0.19436836242675781,
			"Absolute Acceleration Z" : 0.15420621633529663,
			"Absolute Velocity X" : 18.592628479003906,
			"Absolute Velocity Y" : -8.4871673583984375,
			"Absolute Velocity Z" : -0.27756613492965698,
			"ActorName" : "CAR 07",
			"BoundingBox3D Extent X" : 4.145263671875,
			"BoundingBox3D Extent Y" : 1.7642011642456055,
			"BoundingBox3D Extent Z" : 1.4417575597763062,
			"BoundingBox3D Orientation Quat W" : -0.97611016035079956,
			"BoundingBox3D Orientation Quat X" : -0.036315932869911194,
			"BoundingBox3D Orientation Quat Y" : -9.3929607828613371e-05,
			"BoundingBox3D Orientation Quat Z" : 0.21410870552062988,
			"BoundingBox3D Origin X" : -51.488178253173828,
			"BoundingBox3D Origin Y" : 33.353076934814453,
			"BoundingBox3D Origin Z" : 1.4880470037460327,
			"ObjectId" : 7,
			"ObjectType" : "CAR",
			"Occluded" : 0.0,
			"Relative Acceleration X" : 7.0456399917602539,
			"Relative Acceleration Y" : 4.3553028106689453,
			"Relative Acceleration Z" : -2.2035048007965088,
			"Relative Velocity X" : -3.1258542537689209,
			"Relative Velocity Y" : -20.821407318115234,
			"Relative Velocity Z" : 0.69392478466033936,
			"Truncated" : 0
		},
		{
			"Absolute Acceleration X" : 1.2035694122314453,
			"Absolute Acceleration Y" : 0.29981982707977295,
			"Absolute Acceleration Z" : 0.0048606721684336662,
			"Absolute Velocity X" : 15.186919212341309,
			"Absolute Velocity Y" : -5.7176122665405273,
			"Absolute Velocity Z" : -0.18047930300235748,
			"ActorName" : "CAR 08",
			"BoundingBox3D Extent X" : 4.1580638885498047,
			"BoundingBox3D Extent Y" : 1.5731987953186035,
			"BoundingBox3D Extent Z" : 1.5737732648849487,
			"BoundingBox3D Orientation Quat W" : -0.98294961452484131,
			"BoundingBox3D Orientation Quat X" : -0.004762622993439436,
			"BoundingBox3D Orientation Quat Y" : -0.0045003127306699753,
			"BoundingBox3D Orientation Quat Z" : 0.18374836444854736,
			"BoundingBox3D Origin X" : 72.389907836914062,
			"BoundingBox3D Origin Y" : -26.078300476074219,
			"BoundingBox3D Origin Z" : -0.10181085020303726,
			"ObjectId" : 8,
			"ObjectType" : "CAR",
			"Occluded" : 0.0,
			"Relative Acceleration X" : 1.7198737859725952,
			"Relative Acceleration Y" : 6.2948012351989746,
			"Relative Acceleration Z" : 0.26523077487945557,
			"Relative Velocity X" : 7.9203920364379883,
			"Relative Velocity Y" : 11.407953262329102,
			"Relative Velocity Z" : -0.9963269829750061,
			"Truncated" : 0
		},
		{
			"Absolute Acceleration X" : -0.31699982285499573,
			"Absolute Acceleration Y" : 0.30438438057899475,
			"Absolute Acceleration Z" : 0.23359149694442749,
			"Absolute Velocity X" : 23.006149291992188,
			"Absolute Velocity Y" : -10.318346977233887,
			"Absolute Velocity Z" : 0.052392676472663879,
			"ActorName" : "CAR 09",
			"BoundingBox3D Extent X" : 4.0999999046325684,
			"BoundingBox3D Extent Y" : 1.5370982885360718,
			"BoundingBox3D Extent Z" : 1.5583558082580566,
			"BoundingBox3D Orientation Quat W" : -0.97820585966110229,
			"BoundingBox3D Orientation Quat X" : -0.0028590227011591196,
			"BoundingBox3D Orientation Quat Y" : -0.0022835929412394762,
			"BoundingBox3D Orientation Quat Z" : 0.20755192637443542,
			"BoundingBox3D Origin X" : 49.985908508300781,
			"BoundingBox3D Origin Y" : 3.9271037578582764,
			"BoundingBox3D Origin Z" : 0.020692700520157814,
			"ObjectId" : 9,
			"ObjectType" : "CAR",
			"Occluded" : 0.0,
			"Relative Acceleration X" : 3.4011232852935791,
			"Relative Acceleration Y" : 7.7130050659179688,
			"Relative Acceleration Z" : -0.035879243165254593,
			"Relative Velocity X" : 8.3242950439453125,
			"Relative Velocity Y" : 1.5499212741851807,
			"Relative Velocity Z" : 0.05645427480340004,
			"Truncated" : 0
		},
		{
			"Absolute Acceleration X" : 0.1013336181640625,
			"Absolute Acceleration Y" : 0.30692672729492188,
			"Absolute Acceleration Z" : 0.10774901509284973,
			"Absolute Velocity X" : 19.95244026184082,
			"Absolute Velocity Y" : -9.0248661041259766,
			"Absolute Velocity Z" : -0.38177904486656189,
			"ActorName" : "CAR 10",