{
	"CapturedObjects" : 
	[
		{
			"Absolute Acceleration X" : 0.16776466369628906,
			"Absolute Acceleration Y" : 0.25629547238349915,
			"Absolute Acceleration Z" : 0.020008578896522522,
			"Absolute Velocity X" : 22.966482162475586,
			"Absolute Velocity Y" : 0.5222821831703186,
			"Absolute Velocity Z" : -0.17996595799922943,
			"ActorName" : "CAR 00",
			"BoundingBox3D Extent X" : 5.0962448120117188,
			"BoundingBox3D Extent Y" : 1.9460623264312744,
			"BoundingBox3D Extent Z" : 1.7667186260223389,
			"BoundingBox3D Orientation Quat W" : 0.99949473142623901,
			"BoundingBox3D Orientation Quat X" : -0.029236171394586563,
			"BoundingBox3D Orientation Quat Y" : 0.0036334611941128969,
			"BoundingBox3D Orientation Quat Z" : 0.010116303339600563,
			"BoundingBox3D Origin X" : 15.597251892089844,
			"BoundingBox3D Origin Y" : 13.469216346740723,
			"BoundingBox3D Origin Z" : 0.60931569337844849,
			"ObjectId" : 0,
			"ObjectType" : "CAR",
			"Occluded" : 0.0,
			"Relative Acceleration X" : 0.16890871524810791,
			"Relative Acceleration Y" : 0.036155641078948975,
			"Relative Acceleration Z" : 0.037300437688827515,
			"Relative Velocity X" : 1.4717079401016235,
			"Relative Velocity Y" : 0.59725862741470337,
			"Relative Velocity Z" : -0.044874332845211029,
			"Truncated" : 0
		},
		{
			"Absolute Acceleration X" : -0.0094356536865234375,
			"Absolute Acceleration Y" : 0.25297510623931885,
			"Absolute Acceleration Z" : 0.034010201692581177,
			"Absolute Velocity X" : 22.720855712890625,
			"Absolute Velocity Y" : 0.93672919273376465,
			"Absolute Velocity Z" : -0.18888969719409943,
			"ActorName" : "TRUCK 02",
			"BoundingBox3D Extent X" : 11.0,
			"BoundingBox3D Extent Y" : 2.8361189365386963,
			"BoundingBox3D Extent Z" : 3.5865716934204102,
			"BoundingBox3D Orientation Quat W" : 0.99944275617599487,
			"BoundingBox3D Orientation Quat X" : -0.027531344443559647,
			"BoundingBox3D Orientation Quat Y" : 0.0039458363316953182,
			"BoundingBox3D Orientation Quat Z" : 0.01817099004983902,
			"BoundingBox3D Origin X" : 47.543582916259766,
			"BoundingBox3D Origin Y" : 14.77964973449707,
			"BoundingBox3D Origin Z" : 1.256232738494873,
			"ObjectId" : 2,
			"ObjectType" : "TRUCK",
			"Occluded" : 0.0,
			"Relative Acceleration X" : -0.0035960674285888672,
			"Relative Acceleration Y" : 0.044839024543762207,
			"Relative Acceleration Z" : 0.04236939549446106,
			"Relative Velocity X" : 1.2379859685897827,
			"Relative Velocity Y" : 0.71980041265487671,
			"Relative Velocity Z" : -0.053114708513021469,
			"Truncated" : 0
		},
		{
			"Absolute Acceleration X" : 0.18375968933105469,
			"Absolute Acceleration Y" : 0.21640518307685852,
			"Absolute Acceleration Z" : -0.02631455659866333,
			"Absolute Velocity X" : 21.750734329223633,
			"Absolute Velocity Y" : 0.067956514656543732,
			"Absolute Velocity Z" : -0.17403475940227509,
			"ActorName" : "CAR 04",
			"BoundingBox3D Extent X" : 4.1754417419433594,
			"BoundingBox3D Extent Y" : 1.7123286724090576,
			"BoundingBox3D Extent Z" : 1.4943684339523315,
			"BoundingBox3D Orientation Quat W" : 0.99998480081558228,
			"BoundingBox3D Orientation Quat X" : -0.0007479581399820745,
			"BoundingBox3D Orientation Quat Y" : 0.0043875779956579208,
			"BoundingBox3D Orientation Quat Z" : -0.0010884744115173817,
			"BoundingBox3D Origin X" : 27.948844909667969,
			"BoundingBox3D Origin Y" : 0.31142014265060425,
			"BoundingBox3D Origin Z" : 0.51347333192825317,
			"ObjectId" : 4,
			"ObjectType" : "CAR",
			"Occluded" : 0.0,
			"Relative Acceleration X" : 0.17873269319534302,
			"Relative Acceleration Y" : 0.022949192672967911,
			"Relative Acceleration Z" : -0.029469044879078865,
			"Relative Velocity X" : 0.13449254631996155,
			"Relative Velocity Y" : 0.028665196150541306,
			"Relative Velocity Z" : 0.017087245360016823,
			"Truncated" : 0
		},
		{
			"Absolute Acceleration X" : 0.042284011840820312,
			"Absolute Acceleration Y" : 0.059740424156188965,
			"Absolute Acceleration Z" : -0.025733709335327148,
			"Absolute Velocity X" : 25.336645126342773,
			"Absolute Velocity Y" : -1.6196275949478149,
			"Absolute Velocity Z" : -0.10750924050807953,
			"ActorName" : "TRUCK 05",
			"BoundingBox3D Extent X" : 11.0,
			"BoundingBox3D Extent Y" : 2.847881555557251,
			"BoundingBox3D Extent Z" : 1.9118857383728027,
			"BoundingBox3D Orientation Quat W" : -0.99817019701004028,
			"BoundingBox3D Orientation Quat X" : 0.052303902804851532,
			"BoundingBox3D Orientation Quat Y" : -0.0048287520185112953,
			"BoundingBox3D Orientation Quat Z" : 0.028957638889551163,
			"BoundingBox3D Origin X" : -136.67877197265625,
			"BoundingBox3D Origin Y" : 17.371667861938477,
			"BoundingBox3D Origin Z" : 1.8727680444717407,
			"ObjectId" : 5,
			"ObjectType" : "TRUCK",
			"Occluded" : 0.0,
			"Relative Acceleration X" : 0.016633987426757812,
			"Relative Acceleration Y" : -0.25248003005981445,
			"Relative Acceleration Z" : 0.050071936100721359,
			"Relative Velocity X" : 3.8776977062225342,
			"Relative Velocity Y" : -0.1342054158449173,
			"Relative Velocity Z" : -0.01747109554708004,
			"Truncated" : 0
		},
		{
			"Absolute Acceleration X" : -0.023672103881835938,
			"Absolute Acceleration Y" : 0.15612554550170898,
			"Absolute Acceleration Z" : 0.06728614866733551,
			"Absolute Velocity X" : 22.735315322875977,
			"Absolute Velocity Y" : 1.0334368944168091,
			"Absolute Velocity Z" : -0.1576237678527832,
			"ActorName" : "TRUCK 12",
			"BoundingBox3D Extent X" : 11.0,
			"BoundingBox3D Extent Y" : 2.2660648822784424,
			"BoundingBox3D Extent Z" : 3.9199919700622559,
			"BoundingBox3D Orientation Quat W" : 0.99939310550689697,
			"BoundingBox3D Orientation Quat X" : -0.023664388805627823,
			"BoundingBox3D Orientation Quat Y" : 0.0039816512726247311,
			"BoundingBox3D Orientation Quat Z" : 0.024367811158299446,
			"BoundingBox3D Origin X" : 57.680534362792969,
			"BoundingBox3D Origin Y" : 14.796649932861328,
			"BoundingBox3D Origin Z" : 1.3618189096450806,
			"ObjectId" : 12,
			"ObjectType" : "TRUCK",
			"Occluded" : 0.0,
			"Relative Acceleration X" : -0.017178058624267578,
			"Relative Acceleration Y" : -0.049576401710510254,
			"Relative Acceleration Z" : 0.07252095639705658,
			"Relative Velocity X" : 1.2525153160095215,
			"Relative Velocity Y" : 0.72347885370254517,
			"Relative Velocity Z" : -0.020024586468935013,
			"Truncated" : 0
		},
		{
			"Absolute Acceleration X" : -0.031764984130859375,
			"Absolute Acceleration Y" : 0.55179953575134277,
			"Absolute Acceleration Z" : 0.039543256163597107,
			"Absolute Velocity X" : 32.243183135986328,
			"Absolute Velocity Y" : 0.96228998899459839,
			"Absolute Velocity Z" : -0.24382784962654114,
			"ActorName" : "CAR 22",
			"BoundingBox3D Extent X" : 9.0738592147827148,
			"BoundingBox3D Extent Y" : 1.9226126670837402,
			"BoundingBox3D Extent Z" : 1.546721339225769,
			"BoundingBox3D Orientation Quat W" : 0.99987906217575073,
			"BoundingBox3D Orientation Quat X" : -0.0029935217462480068,
			"BoundingBox3D Orientation Quat Y" : 0.0037359858397394419,
			"BoundingBox3D Orientation Quat Z" : 0.013683375902473927,
			"BoundingBox3D Origin X" : 32.997756958007812,
			"BoundingBox3D Origin Y" : 18.221233367919922,
			"BoundingBox3D Origin Z" : 0.14822466671466827,
			"ObjectId" : 22,
			"ObjectType" : "CAR",
			"Occluded" : 0.0,
			"Relative Acceleration X" : -0.026719093322753906,
			"Relative Acceleration Y" : 0.1604570746421814,
			"Relative Acceleration Z" : 0.069474384188652039,
			"Relative Velocity X" : 10.792614936828613,
			"Relative Velocity Y" : 0.87454980611801147,
			"Relative Velocity Z" : -0.12730687856674194,
			"Truncated" : 0
		},
		{
			"Absolute Acceleration X" : 0.13211822509765625,
			"Absolute Acceleration Y" : 0.14661000669002533,
			"Absolute Acceleration Z" : -0.036512091755867004,
			"Absolute Velocity X" : 22.505685806274414,
			"Absolute Velocity Y" : 0.3264613151550293,
			"Absolute Velocity Z" : -0.2087862491607666,
			"ActorName" : "CAR 24",