{
	"CapturedObjects" : 
	[
		{
			"Absolute Acceleration X" : -0.32527261972427368,
			"Absolute Acceleration Y" : 1.7558938264846802,
			"Absolute Acceleration Z" : 0.072533540427684784,
			"Absolute Velocity X" : 27.698431015014648,
			"Absolute Velocity Y" : 2.6444392204284668,
			"Absolute Velocity Z" : -0.048291262239217758,
			"ActorName" : "CAR 01",
			"BoundingBox3D Extent X" : 4.1537046432495117,
			"BoundingBox3D Extent Y" : 1.7743904590606689,
			"BoundingBox3D Extent Z" : 1.5192041397094727,
			"BoundingBox3D Orientation Quat W" : 0.99886870384216309,
			"BoundingBox3D Orientation Quat X" : -0.0029511519242078066,
			"BoundingBox3D Orientation Quat Y" : 0.00026788120158016682,
			"BoundingBox3D Orientation Quat Z" : 0.04725150391459465,
			"BoundingBox3D Origin X" : 55.090999603271484,
			"BoundingBox3D Origin Y" : 1.1859686374664307,
			"BoundingBox3D Origin Z" : 0.47765704989433289,
			"ObjectId" : 1,
			"ObjectType" : "CAR",
			"Occluded" : 0.0,
			"Relative Acceleration X" : -0.12940287590026855,
			"Relative Acceleration Y" : 0.16952064633369446,
			"Relative Acceleration Z" : -0.048095062375068665,
			"Relative Velocity X" : 0.41178455948829651,
			"Relative Velocity Y" : 0.54010486602783203,
			"Relative Velocity Z" : -0.075622387230396271,
			"Truncated" : 0
		},
		{
			"Absolute Acceleration X" : -0.030292510986328125,
			"Absolute Acceleration Y" : 0.62556672096252441,
			"Absolute Acceleration Z" : 0.060953378677368164,
			"Absolute Velocity X" : 27.438987731933594,
			"Absolute Velocity Y" : -2.438718318939209,
			"Absolute Velocity Z" : -0.35910290479660034,
			"ActorName" : "CAR 02",
			"BoundingBox3D Extent X" : 4.1772971153259277,
			"BoundingBox3D Extent Y" : 1.8883059024810791,
			"BoundingBox3D Extent Z" : 1.2917742729187012,
			"BoundingBox3D Orientation Quat W" : -0.99864017963409424,
			"BoundingBox3D Orientation Quat X" : -0.0010288716293871403,
			"BoundingBox3D Orientation Quat Y" : -0.0062793469987809658,
			"BoundingBox3D Orientation Quat Z" : 0.051609445363283157,
			"BoundingBox3D Origin X" : -62.86224365234375,
			"BoundingBox3D Origin Y" : 0.011966048739850521,
			"BoundingBox3D Origin Z" : 1.197162389755249,
			"ObjectId" : 2,
			"ObjectType" : "CAR",
			"Occluded" : 0.0,
			"Relative Acceleration X" : 0.0067919865250587463,
			"Relative Acceleration Y" : -0.11755198240280151,
			"Relative Acceleration Z" : -0.0028563514351844788,
			"Relative Velocity X" : 0.09831661731004715,
			"Relative Velocity Y" : 0.54592698812484741,
			"Relative Velocity Z" : 0.10755599290132523,
			"Truncated" : 0
		},
		{
			"Absolute Acceleration X" : -0.25512313842773438,
			"Absolute Acceleration Y" : 0.96118128299713135,
			"Absolute Acceleration Z" : 0.10715761780738831,
			"Absolute Velocity X" : 29.763900756835938,
			"Absolute Velocity Y" : -2.1369340419769287,
			"Absolute Velocity Z" : -0.35957849025726318,
			"ActorName" : "CAR 03",
			"BoundingBox3D Extent X" : 4.1893835067749023,
			"BoundingBox3D Extent Y" : 2.0180788040161133,
			"BoundingBox3D Extent Z" : 1.4492391347885132,
			"BoundingBox3D Orientation Quat W" : -0.99912112951278687,
			"BoundingBox3D Orientation Quat X" : 0.0010249386541545391,
			"BoundingBox3D Orientation Quat Y" : -0.006786394864320755,
			"BoundingBox3D Orientation Quat Z" : 0.041254766285419464,
			"BoundingBox3D Origin X" : -38.648155212402344,
			"BoundingBox3D Origin Y" : 1.3225668668746948,
			"BoundingBox3D Origin Z" : 1.009188175201416,
			"ObjectId" : 3,
			"ObjectType" : "CAR",
			"Occluded" : 0.0,
			"Relative Acceleration X" : -0.22148799896240234,
			"Relative Acceleration Y" : -0.15560552477836609,
			"Relative Acceleration Z" : 0.023836066946387291,
			"Relative Velocity X" : 2.4777746200561523,
			"Relative Velocity Y" : -0.19879463315010071,
			"Relative Velocity Z" : 0.0020448323339223862,
			"Truncated" : 0
		},
		{
			"Absolute Acceleration X" : -0.99003982543945312,
			"Absolute Acceleration Y" : -1.1572265625,
			"Absolute Acceleration Z" : -0.083678513765335083,
			"Absolute Velocity X" : 22.777589797973633,
			"Absolute Velocity Y" : -3.7031385898590088,
			"Absolute Velocity Z" : -0.324462890625,
			"ActorName" : "CAR 07",
			"BoundingBox3D Extent X" : 4.2836589813232422,
			"BoundingBox3D Extent Y" : 2.0887618064880371,
			"BoundingBox3D Extent Z" : 1.6546962261199951,
			"BoundingBox3D Orientation Quat W" : -0.99596768617630005,
			"BoundingBox3D Orientation Quat X" : -0.0303473100066185,
			"BoundingBox3D Orientation Quat Y" : -0.0050591100007295609,
			"BoundingBox3D Orientation Quat Z" : 0.084017157554626465,
			"BoundingBox3D Origin X" : -51.582042694091797,
			"BoundingBox3D Origin Y" : -5.5782217979431152,
			"BoundingBox3D Origin Z" : 1.1756688356399536,
			"ObjectId" : 7,
			"ObjectType" : "CAR",
			"Occluded" : 0.0,
			"Relative Acceleration X" : -1.131688117980957,
			"Relative Acceleration Y" : -1.5477520227432251,
			"Relative Acceleration Z" : -0.11240465939044952,
			"Relative Velocity X" : -4.8140807151794434,
			"Relative Velocity Y" : -1.1924786567687988,
			"Relative Velocity Z" : 0.12363796681165695,
			"Truncated" : 0
		},
		{
			"Absolute Acceleration X" : 0.039653375744819641,
			"Absolute Acceleration Y" : 0.42756471037864685,
			"Absolute Acceleration Z" : 0.0869268998503685,
			"Absolute Velocity X" : 26.293010711669922,
			"Absolute Velocity Y" : -2.8377652168273926,
			"Absolute Velocity Z" : -0.71987020969390869,
			"ActorName" : "CAR 09",
			"BoundingBox3D Extent X" : 4.0999999046325684,
			"BoundingBox3D Extent Y" : 2.0136153697967529,
			"BoundingBox3D Extent Z" : 0.99019056558609009,
			"BoundingBox3D Orientation Quat W" : -0.99800723791122437,
			"BoundingBox3D Orientation Quat X" : -0.030465975403785706,
			"BoundingBox3D Orientation Quat Y" : -0.0117415776476264,
			"BoundingBox3D Orientation Quat Z" : 0.053937520831823349,
			"BoundingBox3D Origin X" : -174.46469116210938,
			"BoundingBox3D Origin Y" : 12.845644950866699,
			"BoundingBox3D Origin Z" : 3.2784905433654785,
			"ObjectId" : 9,
			"ObjectType" : "CAR",
			"Occluded" : 0.0,
			"Relative Acceleration X" : 0.31328484416007996,
			"Relative Acceleration Y" : 0.98513484001159668,
			"Relative Acceleration Z" : 0.011608019471168518,
			"Relative Velocity X" : -0.4789268970489502,
			"Relative Velocity Y" : 4.9672317504882812,
			"Relative Velocity Z" : 0.15147265791893005,
			"Truncated" : 0
		},
		{
			"Absolute Acceleration X" : 0.088727034628391266,
			"Absolute Acceleration Y" : 1.1409314870834351,
			"Absolute Acceleration Z" : 0.020139269530773163,
			"Absolute Velocity X" : 25.929710388183594,
			"Absolute Velocity Y" : 3.039482593536377,
			"Absolute Velocity Z" : -0.053947832435369492,
			"ActorName" : "TRUCK 12",
			"BoundingBox3D Extent X" : 11.0,
			"BoundingBox3D Extent Y" : 2.1977038383483887,
			"BoundingBox3D Extent Z" : 2.3247249126434326,
			"BoundingBox3D Orientation Quat W" : 0.99841845035552979,
			"BoundingBox3D Orientation Quat X" : -0.0020315004512667656,
			"BoundingBox3D Orientation Quat Y" : 0.00099894462618976831,
			"BoundingBox3D Orientation Quat Z" : 0.056099973618984222,
			"BoundingBox3D Origin X" : 73.337417602539062,
			"BoundingBox3D Origin Y" : 0.10074129700660706,
			"BoundingBox3D Origin Z" : 0.87435704469680786,
			"ObjectId" : 12,
			"ObjectType" : "TRUCK",
			"Occluded" : 0.0,
			"Relative Acceleration X" : 0.30765721201896667,
			"Relative Acceleration Y" : -0.45069557428359985,
			"Relative Acceleration Z" : -0.085665762424468994,
			"Relative Velocity X" : -1.4095624685287476,
			"Relative Velocity Y" : 0.15244957804679871,
			"Relative Velocity Z" : -0.15055619180202484,
			"Truncated" : 0
		},
		{
			"Absolute Acceleration X" : -0.023450851440429688,
			"Absolute Acceleration Y" : 1.2525467872619629,
			"Absolute Acceleration Z" : 0.057937528938055038,
			"Absolute Velocity X" : 25.593900680541992,
			"Absolute Velocity Y" : 1.4214649200439453,
			"Absolute Velocity Z" : -0.095786496996879578,
			"ActorName" : "CAR 16",