{
	"CapturedObjects" : 
	[
		{
			"Absolute Acceleration X" : -0.014418715611100197,
			"Absolute Acceleration Y" : -0.27467441558837891,
			"Absolute Acceleration Z" : -0.039251293987035751,
			"Absolute Velocity X" : 22.612821578979492,
			"Absolute Velocity Y" : 1.0320531129837036,
			"Absolute Velocity Z" : -0.088046625256538391,
			"ActorName" : "TRUCK 00",
			"BoundingBox3D Extent X" : 11.0,
			"BoundingBox3D Extent Y" : 2.8261775970458984,
			"BoundingBox3D Extent Z" : 2.7759857177734375,
			"BoundingBox3D Orientation Quat W" : 0.99971139430999756,
			"BoundingBox3D Orientation Quat X" : 0.0036110342480242252,
			"BoundingBox3D Orientation Quat Y" : 0.0021281794179230928,
			"BoundingBox3D Orientation Quat Z" : 0.023261275142431259,
			"BoundingBox3D Origin X" : -25.247516632080078,
			"BoundingBox3D Origin Y" : -4.0343222618103027,
			"BoundingBox3D Origin Z" : 1.4579774141311646,
			"ObjectId" : 0,
			"ObjectType" : "TRUCK",
			"Occluded" : 0.0,
			"Relative Acceleration X" : -0.099630802869796753,
			"Relative Acceleration Y" : 0.21044416725635529,
			"Relative Acceleration Z" : -0.070732854306697845,
			"Relative Velocity X" : -2.848325252532959,
			"Relative Velocity Y" : 0.11989197880029678,
			"Relative Velocity Z" : -0.039880018681287766,
			"Truncated" : 0
		},
		{
			"Absolute Acceleration X" : -0.20500946044921875,
			"Absolute Acceleration Y" : -0.68194818496704102,
			"Absolute Acceleration Z" : -0.045557849109172821,
			"Absolute Velocity X" : 24.700799942016602,
			"Absolute Velocity Y" : 1.6009031534194946,
			"Absolute Velocity Z" : -0.034838579595088959,
			"ActorName" : "CAR 01",
			"BoundingBox3D Extent X" : 4.0999999046325684,
			"BoundingBox3D Extent Y" : 1.8643006086349487,
			"BoundingBox3D Extent Z" : 1.5256708860397339,
			"BoundingBox3D Orientation Quat W" : 0.99947655200958252,
			"BoundingBox3D Orientation Quat X" : 0.010808983817696571,
			"BoundingBox3D Orientation Quat Y" : 0.0018059159629046917,
			"BoundingBox3D Orientation Quat Z" : 0.030252667143940926,
			"BoundingBox3D Origin X" : -66.879096984863281,
			"BoundingBox3D Origin Y" : -3.3695316314697266,
			"BoundingBox3D Origin Z" : 0.92896556854248047,
			"ObjectId" : 1,
			"ObjectType" : "CAR",
			"Occluded" : 0.0,
			"Relative Acceleration X" : -0.28274691104888916,
			"Relative Acceleration Y" : 0.063974082469940186,
			"Relative Acceleration Z" : 0.070733159780502319,
			"Relative Velocity X" : -0.78040319681167603,
			"Relative Velocity Y" : -0.97046363353729248,
			"Relative Velocity Z" : -0.23689873516559601,
			"Truncated" : 0
		},
		{
			"Absolute Acceleration X" : 0.40551948547363281,
			"Absolute Acceleration Y" : -0.81972092390060425,
			"Absolute Acceleration Z" : -0.098811760544776917,
			"Absolute Velocity X" : 30.062217712402344,
			"Absolute Velocity Y" : 0.50745910406112671,
			"Absolute Velocity Z" : -0.20745646953582764,
			"ActorName" : "CAR 03",
			"BoundingBox3D Extent X" : 4.3612446784973145,
			"BoundingBox3D Extent Y" : 2.5543322563171387,
			"BoundingBox3D Extent Z" : 1.4967716932296753,
			"BoundingBox3D Orientation Quat W" : 0.99994349479675293,
			"BoundingBox3D Orientation Quat X" : 0.0073753055185079575,
			"BoundingBox3D Orientation Quat Y" : 0.0042619495652616024,
			"BoundingBox3D Orientation Quat Z" : 0.0053645721636712551,
			"BoundingBox3D Origin X" : -2.6793243885040283,
			"BoundingBox3D Origin Y" : 3.7673430442810059,
			"BoundingBox3D Origin Z" : 0.77765852212905884,
			"ObjectId" : 3,
			"ObjectType" : "CAR",
			"Occluded" : 0.0,
			"Relative Acceleration X" : 0.29571771621704102,
			"Relative Acceleration Y" : 0.55560302734375,
			"Relative Acceleration Z" : -0.034211136400699615,
			"Relative Velocity X" : 4.2965011596679688,
			"Relative Velocity Y" : 0.50322747230529785,
			"Relative Velocity Z" : -0.029257986694574356,
			"Truncated" : 0
		},
		{
			"Absolute Acceleration X" : 0.47734501957893372,
			"Absolute Acceleration Y" : -0.34321868419647217,
			"Absolute Acceleration Z" : -0.17297840118408203,
			"Absolute Velocity X" : 24.303354263305664,
			"Absolute Velocity Y" : 4.4620571136474609,
			"Absolute Velocity Z" : 0.053108513355255127,
			"ActorName" : "CAR 06",
			"BoundingBox3D Extent X" : 4.0999999046325684,
			"BoundingBox3D Extent Y" : 2.4307396411895752,
			"BoundingBox3D Extent Z" : 3.0618698596954346,
			"BoundingBox3D Orientation Quat W" : 0.99544686079025269,
			"BoundingBox3D Orientation Quat X" : 0.010623125359416008,
			"BoundingBox3D Orientation Quat Y" : -7.7835884439991787e-06,
			"BoundingBox3D Orientation Quat Z" : 0.094639495015144348,
			"BoundingBox3D Origin X" : -162.28350830078125,
			"BoundingBox3D Origin Y" : -13.661450386047363,
			"BoundingBox3D Origin Z" : 1.3969300985336304,
			"ObjectId" : 6,
			"ObjectType" : "CAR",
			"Occluded" : 0.0,
			"Relative Acceleration X" : 0.40407711267471313,
			"Relative Acceleration Y" : -1.1153573989868164,
			"Relative Acceleration Z" : -0.86612403392791748,
			"Relative Velocity X" : -0.77854412794113159,
			"Relative Velocity Y" : -1.9140218496322632,
			"Relative Velocity Z" : -0.73851233720779419,
			"Truncated" : 0
		},
		{
			"Absolute Acceleration X" : 0.51470756530761719,
			"Absolute Acceleration Y" : -0.45089685916900635,
			"Absolute Acceleration Z" : -0.054376468062400818,
			"Absolute Velocity X" : 24.020540237426758,
			"Absolute Velocity Y" : -0.33458033204078674,
			"Absolute Velocity Z" : -0.25254976749420166,
			"ActorName" : "CAR 07",
			"BoundingBox3D Extent X" : 4.1408395767211914,
			"BoundingBox3D Extent Y" : 1.8945406675338745,
			"BoundingBox3D Extent Z" : 1.469247579574585,
			"BoundingBox3D Orientation Quat W" : -0.99992537498474121,
			"BoundingBox3D Orientation Quat X" : -0.0044685602188110352,
			"BoundingBox3D Orientation Quat Y" : -0.0044786166399717331,
			"BoundingBox3D Orientation Quat Z" : 0.010128198191523552,
			"BoundingBox3D Origin X" : 30.781280517578125,
			"BoundingBox3D Origin Y" : -3.7783691883087158,
			"BoundingBox3D Origin Z" : 0.388814777135849,
			"ObjectId" : 7,
			"ObjectType" : "CAR",
			"Occluded" : 0.0,
			"Relative Acceleration X" : 0.43898046016693115,
			"Relative Acceleration Y" : 0.56807708740234375,
			"Relative Acceleration Z" : 0.053375065326690674,
			"Relative Velocity X" : -1.4428205490112305,
			"Relative Velocity Y" : 0.99578315019607544,
			"Relative Velocity Z" : 0.12409698218107224,
			"Truncated" : 0
		},
		{
			"Absolute Acceleration X" : 0.16110801696777344,
			"Absolute Acceleration Y" : -0.44458484649658203,
			"Absolute Acceleration Z" : -0.064421772956848145,
			"Absolute Velocity X" : 25.735818862915039,
			"Absolute Velocity Y" : -0.6507573127746582,
			"Absolute Velocity Z" : -0.32426422834396362,
			"ActorName" : "CAR 08",
			"BoundingBox3D Extent X" : 4.0999999046325684,
			"BoundingBox3D Extent Y" : 1.7251287698745728,
			"BoundingBox3D Extent Z" : 1.5560992956161499,
			"BoundingBox3D Orientation Quat W" : -0.99991166591644287,
			"BoundingBox3D Orientation Quat X" : -0.0044900081120431423,
			"BoundingBox3D Orientation Quat Y" : -0.0062665408477187157,
			"BoundingBox3D Orientation Quat Z" : 0.010536698624491692,
			"BoundingBox3D Origin X" : 61.658576965332031,
			"BoundingBox3D Origin Y" : -1.0036457777023315,
			"BoundingBox3D Origin Z" : 0.1109364852309227,
			"ObjectId" : 8,
			"ObjectType" : "CAR",
			"Occluded" : 0.0,
			"Relative Acceleration X" : 0.053302392363548279,
			"Relative Acceleration Y" : 0.7980276346206665,
			"Relative Acceleration Z" : 0.021798394620418549,
			"Relative Velocity X" : 0.16309773921966553,
			"Relative Velocity Y" : 1.9097511768341064,
			"Relative Velocity Z" : 0.23500476777553558,
			"Truncated" : 0
		},
		{
			"Absolute Acceleration X" : 0.40542030334472656,
			"Absolute Acceleration Y" : -0.81432509422302246,
			"Absolute Acceleration Z" : -0.090585485100746155,
			"Absolute Velocity X" : 31.237884521484375,
			"Absolute Velocity Y" : 1.4495000839233398,
			"Absolute Velocity Z" : -0.1277504563331604,