{
	"CapturedObjects" : 
	[
		{
			"Absolute Acceleration X" : 0.047977447509765625,
			"Absolute Acceleration Y" : 0.047210492193698883,
			"Absolute Acceleration Z" : 0.13218408823013306,
			"Absolute Velocity X" : 31.627998352050781,
			"Absolute Velocity Y" : -0.073737658560276031,
			"Absolute Velocity Z" : -0.098066247999668121,
			"ActorName" : "CAR 00",
			"BoundingBox3D Extent X" : 4.9437565803527832,
			"BoundingBox3D Extent Y" : 2.1481852531433105,
			"BoundingBox3D Extent Z" : 1.7450592517852783,
			"BoundingBox3D Orientation Quat W" : 0.99997037649154663,
			"BoundingBox3D Orientation Quat X" : -0.0013877986930310726,
			"BoundingBox3D Orientation Quat Y" : 0.0032286932691931725,
			"BoundingBox3D Orientation Quat Z" : 0.0017385387327522039,
			"BoundingBox3D Origin X" : 28.424001693725586,
			"BoundingBox3D Origin Y" : 7.1832695007324219,
			"BoundingBox3D Origin Z" : 0.65906137228012085,
			"ObjectId" : 0,
			"ObjectType" : "CAR",
			"Occluded" : 0.0,
			"Relative Acceleration X" : 0.60747432708740234,
			"Relative Acceleration Y" : -0.021632634103298187,
			"Relative Acceleration Z" : 0.10346673429012299,
			"Relative Velocity X" : 7.0015344619750977,
			"Relative Velocity Y" : 0.15010066330432892,
			"Relative Velocity Z" : 0.0013913172297179699,
			"Truncated" : 0
		},
		{
			"Absolute Acceleration X" : -0.26091194152832031,
			"Absolute Acceleration Y" : 0.12864194810390472,
			"Absolute Acceleration Z" : 0.071016460657119751,
			"Absolute Velocity X" : 31.155769348144531,
			"Absolute Velocity Y" : -0.16028536856174469,
			"Absolute Velocity Z" : -0.25225871801376343,
			"ActorName" : "CAR 03",
			"BoundingBox3D Extent X" : 4.6108875274658203,
			"BoundingBox3D Extent Y" : 1.9591915607452393,
			"BoundingBox3D Extent Z" : 1.5170060396194458,
			"BoundingBox3D Orientation Quat W" : 0.99997514486312866,
			"BoundingBox3D Orientation Quat X" : 0.0021850438788533211,
			"BoundingBox3D Orientation Quat Y" : 0.004755223635584116,
			"BoundingBox3D Orientation Quat Z" : -0.0015956343850120902,
			"BoundingBox3D Origin X" : -21.172475814819336,
			"BoundingBox3D Origin Y" : 7.4159336090087891,
			"BoundingBox3D Origin Z" : 0.84962588548660278,
			"ObjectId" : 3,
			"ObjectType" : "CAR",
			"Occluded" : 0.0,
			"Relative Acceleration X" : 0.29969549179077148,
			"Relative Acceleration Y" : 0.25941142439842224,
			"Relative Acceleration Z" : -0.057415537536144257,
			"Relative Velocity X" : 6.5291342735290527,
			"Relative Velocity Y" : 0.0095545835793018341,
			"Relative Velocity Z" : -0.11436547338962555,
			"Truncated" : 0
		},
		{
			"Absolute Acceleration X" : 0.094989776611328125,
			"Absolute Acceleration Y" : -0.51334869861602783,
			"Absolute Acceleration Z" : -0.12121182680130005,
			"Absolute Velocity X" : 23.829055786132812,
			"Absolute Velocity Y" : 0.21105104684829712,
			"Absolute Velocity Z" : -0.12160765379667282,
			"ActorName" : "CAR 04",
			"BoundingBox3D Extent X" : 4.0999999046325684,
			"BoundingBox3D Extent Y" : 3.1590290069580078,
			"BoundingBox3D Extent Z" : 2.4310636520385742,
			"BoundingBox3D Orientation Quat W" : 0.99997293949127197,
			"BoundingBox3D Orientation Quat X" : -0.00068473716964945197,
			"BoundingBox3D Orientation Quat Y" : 0.0049915388226509094,
			"BoundingBox3D Orientation Quat Z" : 0.0040200655348598957,
			"BoundingBox3D Origin X" : -179.07566833496094,
			"BoundingBox3D Origin Y" : 4.6014542579650879,
			"BoundingBox3D Origin Z" : 3.1779763698577881,
			"ObjectId" : 4,
			"ObjectType" : "CAR",
			"Occluded" : 0.0,
			"Relative Acceleration X" : 0.63890576362609863,
			"Relative Acceleration Y" : 0.24362453818321228,
			"Relative Acceleration Z" : -0.55343258380889893,
			"Relative Velocity X" : -0.79252249002456665,
			"Relative Velocity Y" : 0.21885786950588226,
			"Relative Velocity Z" : 0.14448206126689911,
			"Truncated" : 0
		},
		{
			"Absolute Acceleration X" : 2.6280477046966553,
			"Absolute Acceleration Y" : -0.21614152193069458,
			"Absolute Acceleration Z" : 0.03135111927986145,
			"Absolute Velocity X" : -18.601446151733398,
			"Absolute Velocity Y" : 0.056482184678316116,
			"Absolute Velocity Z" : 0.26097092032432556,
			"ActorName" : "CAR 05",
			"BoundingBox3D Extent X" : 4.3150539398193359,
			"BoundingBox3D Extent Y" : 1.9216043949127197,
			"BoundingBox3D Extent Z" : 1.5225863456726074,
			"BoundingBox3D Orientation Quat W" : 0.0022355595137923956,
			"BoundingBox3D Orientation Quat X" : 0.0087527232244610786,
			"BoundingBox3D Orientation Quat Y" : -0.00030038077966310084,
			"BoundingBox3D Orientation Quat Z" : 0.99995046854019165,
			"BoundingBox3D Origin X" : -156.40061950683594,
			"BoundingBox3D Origin Y" : 23.210515975952148,
			"BoundingBox3D Origin Z" : 2.4540481567382812,
			"ObjectId" : 5,
			"ObjectType" : "CAR",
			"Occluded" : 0.0,
			"Relative Acceleration X" : 2.9656922817230225,
			"Relative Acceleration Y" : -0.099783770740032196,
			"Relative Acceleration Z" : -0.19895313680171967,
			"Relative Velocity X" : -43.244518280029297,
			"Relative Velocity Y" : 0.12591320276260376,
			"Relative Velocity Z" : 0.42633530497550964,
			"Truncated" : 0
		},
		{
			"Absolute Acceleration X" : -0.47233963012695312,
			"Absolute Acceleration Y" : -0.039943847805261612,
			"Absolute Acceleration Z" : 0.08346325159072876,
			"Absolute Velocity X" : 22.7601318359375,
			"Absolute Velocity Y" : -0.088424243032932281,
			"Absolute Velocity Z" : -0.083950147032737732,
			"ActorName" : "CAR 07",
			"BoundingBox3D Extent X" : 4.1699776649475098,
			"BoundingBox3D Extent Y" : 1.6994683742523193,
			"BoundingBox3D Extent Z" : 1.4860941171646118,
			"BoundingBox3D Orientation Quat W" : 0.99998706579208374,
			"BoundingBox3D Orientation Quat X" : -0.00047625202569179237,
			"BoundingBox3D Orientation Quat Y" : 0.001781658036634326,
			"BoundingBox3D Orientation Quat Z" : -0.0020143291912972927,
			"BoundingBox3D Origin X" : 22.129476547241211,
			"BoundingBox3D Origin Y" : -0.051894687116146088,
			"BoundingBox3D Origin Z" : 0.55151546001434326,
			"ObjectId" : 7,
			"ObjectType" : "CAR",
			"Occluded" : 0.0,
			"Relative Acceleration X" : 0.058038115501403809,
			"Relative Acceleration Y" : -0.10112536698579788,
			"Relative Acceleration Z" : 0.066295914351940155,
			"Relative Velocity X" : -1.8584446907043457,
			"Relative Velocity Y" : 0.13586471974849701,
			"Relative Velocity Z" : 0.033798485994338989,
			"Truncated" : 0
		},
		{
			"Absolute Acceleration X" : 0.20913314819335938,
			"Absolute Acceleration Y" : -0.011156223714351654,
			"Absolute Acceleration Z" : 0.042899340391159058,
			"Absolute Velocity X" : 25.698789596557617,
			"Absolute Velocity Y" : -0.05043613538146019,
			"Absolute Velocity Z" : -0.014974445104598999,
			"ActorName" : "CAR 08",
			"BoundingBox3D Extent X" : 4.0999999046325684,
			"BoundingBox3D Extent Y" : 1.709958553314209,
			"BoundingBox3D Extent Z" : 1.5789105892181396,
			"BoundingBox3D Orientation Quat W" : 0.99998182058334351,
			"BoundingBox3D Orientation Quat X" : -0.00114357506390661,
			"BoundingBox3D Orientation Quat Y" : 0.00077566527761518955,
			"BoundingBox3D Orientation Quat Z" : -0.0027059176936745644,
			"BoundingBox3D Origin X" : 50.849849700927734,
			"BoundingBox3D Origin Y" : 3.5970094203948975,
			"BoundingBox3D Origin Z" : 0.55487674474716187,
			"ObjectId" : 8,
			"ObjectType" : "CAR",
			"Occluded" : 0.0,
			"Relative Acceleration X" : 0.7542148232460022,
			"Relative Acceleration Y" : -0.18331816792488098,
			"Relative Acceleration Z" : 0.073720015585422516,
			"Relative Velocity X" : 1.0761939287185669,
			"Relative Velocity Y" : 0.2031167596578598,
			"Relative Velocity Z" : 0.072068825364112854,
			"Truncated" : 0
		},
		{
			"Absolute Acceleration X" : -0.0037899017333984375,
			"Absolute Acceleration Y" : 0.034081339836120605,
			"Absolute Acceleration Z" : 0.069529429078102112,
			"Absolute Velocity X" : 27.516305923461914,
			"Absolute Velocity Y" : -0.38375738263130188,