{
	"CapturedObjects" : 
	[
		{
			"Absolute Acceleration X" : -0.11099433898925781,
			"Absolute Acceleration Y" : -0.24153566360473633,
			"Absolute Acceleration Z" : -0.053486034274101257,
			"Absolute Velocity X" : 22.691041946411133,
			"Absolute Velocity Y" : 0.41056796908378601,
			"Absolute Velocity Z" : -0.16871634125709534,
			"ActorName" : "TRUCK 00",
			"BoundingBox3D Extent X" : 11.0,
			"BoundingBox3D Extent Y" : 2.8261775970458984,
			"BoundingBox3D Extent Z" : 2.7759857177734375,
			"BoundingBox3D Orientation Quat W" : 0.99991494417190552,
			"BoundingBox3D Orientation Quat X" : -0.0022308421321213245,
			"BoundingBox3D Orientation Quat Y" : 0.003540044417604804,
			"BoundingBox3D Orientation Quat Z" : 0.011680616997182369,
			"BoundingBox3D Origin X" : -22.29817008972168,
			"BoundingBox3D Origin Y" : -3.9159932136535645,
			"BoundingBox3D Origin Z" : 1.5448983907699585,
			"ObjectId" : 0,
			"ObjectType" : "TRUCK",
			"Occluded" : 0.0,
			"Relative Acceleration X" : -0.16320919990539551,
			"Relative Acceleration Y" : -0.07624506950378418,
			"Relative Acceleration Z" : -0.13471947610378265,
			"Relative Velocity X" : -2.7165629863739014,
			"Relative Velocity Y" : -0.10159822553396225,
			"Relative Velocity Z" : -0.0049917474389076233,
			"Truncated" : 0
		},
		{
			"Absolute Acceleration X" : 0.37710952758789062,
			"Absolute Acceleration Y" : -0.67039775848388672,
			"Absolute Acceleration Z" : -0.034698784351348877,
			"Absolute Velocity X" : 24.717996597290039,
			"Absolute Velocity Y" : 1.384860634803772,
			"Absolute Velocity Z" : -0.12527422606945038,
			"ActorName" : "CAR 01",
			"BoundingBox3D Extent X" : 4.0999999046325684,
			"BoundingBox3D Extent Y" : 1.8643006086349487,
			"BoundingBox3D Extent Z" : 1.5256708860397339,
			"BoundingBox3D Orientation Quat W" : 0.99960547685623169,
			"BoundingBox3D Orientation Quat X" : 0.0046586259268224239,
			"BoundingBox3D Orientation Quat Y" : 0.0033250187989324331,
			"BoundingBox3D Orientation Quat Z" : 0.02731415256857872,
			"BoundingBox3D Origin X" : -66.164176940917969,
			"BoundingBox3D Origin Y" : -2.4283218383789062,
			"BoundingBox3D Origin Z" : 1.152172327041626,
			"ObjectId" : 1,
			"ObjectType" : "CAR",
			"Occluded" : 0.0,
			"Relative Acceleration X" : 0.28704702854156494,
			"Relative Acceleration Y" : -1.0687640905380249,
			"Relative Acceleration Z" : -0.22534999251365662,
			"Relative Velocity X" : -0.72956001758575439,
			"Relative Velocity Y" : -0.38618028163909912,
			"Relative Velocity Z" : -0.029516244307160378,
			"Truncated" : 0
		},
		{
			"Absolute Acceleration X" : -0.0042667388916015625,
			"Absolute Acceleration Y" : -0.64092814922332764,
			"Absolute Acceleration Z" : -0.060653358697891235,
			"Absolute Velocity X" : 29.809240341186523,
			"Absolute Velocity Y" : 0.02785000205039978,
			"Absolute Velocity Z" : -0.29632538557052612,
			"ActorName" : "CAR 03",
			"BoundingBox3D Extent X" : 4.3612446784973145,
			"BoundingBox3D Extent Y" : 2.5543322563171387,
			"BoundingBox3D Extent Z" : 1.4967716932296753,
			"BoundingBox3D Orientation Quat W" : 0.99994128942489624,
			"BoundingBox3D Orientation Quat X" : 0.0050231087952852249,
			"BoundingBox3D Orientation Quat Y" : 0.0045899893157184124,
			"BoundingBox3D Orientation Quat Z" : -0.007729722186923027,
			"BoundingBox3D Origin X" : -7.1214690208435059,
			"BoundingBox3D Origin Y" : 3.561898946762085,
			"BoundingBox3D Origin Z" : 0.78396445512771606,
			"ObjectId" : 3,
			"ObjectType" : "CAR",
			"Occluded" : 0.0,
			"Relative Acceleration X" : -0.16449546813964844,
			"Relative Acceleration Y" : 0.1811845600605011,
			"Relative Acceleration Z" : 0.045933187007904053,
			"Relative Velocity X" : 4.1869535446166992,
			"Relative Velocity Y" : -0.013377354480326176,
			"Relative Velocity Z" : -0.024531126022338867,
			"Truncated" : 0
		},
		{
			"Absolute Acceleration X" : 0.11242103576660156,
			"Absolute Acceleration Y" : -0.67441034317016602,
			"Absolute Acceleration Z" : -0.086893230676651001,
			"Absolute Velocity X" : 24.023347854614258,
			"Absolute Velocity Y" : 3.9059836864471436,
			"Absolute Velocity Z" : 0.073629491031169891,
			"ActorName" : "CAR 06",
			"BoundingBox3D Extent X" : 4.0999999046325684,
			"BoundingBox3D Extent Y" : 2.4307396411895752,
			"BoundingBox3D Extent Z" : 3.0618698596954346,
			"BoundingBox3D Orientation Quat W" : 0.99687153100967407,
			"BoundingBox3D Orientation Quat X" : 0.0047352691181004047,
			"BoundingBox3D Orientation Quat Y" : -0.0003407409240026027,
			"BoundingBox3D Orientation Quat Z" : 0.078797586262226105,
			"BoundingBox3D Origin X" : -161.14653015136719,
			"BoundingBox3D Origin Y" : -11.580607414245605,
			"BoundingBox3D Origin Z" : 2.0374560356140137,
			"ObjectId" : 6,
			"ObjectType" : "CAR",
			"Occluded" : 0.0,
			"Relative Acceleration X" : 0.10415995121002197,
			"Relative Acceleration Y" : -2.590742826461792,
			"Relative Acceleration Z" : -0.69035816192626953,
			"Relative Velocity X" : -1.1594767570495605,
			"Relative Velocity Y" : -0.63244485855102539,
			"Relative Velocity Z" : -0.11799753457307816,
			"Truncated" : 0
		},
		{
			"Absolute Acceleration X" : -0.30096626281738281,
			"Absolute Acceleration Y" : -0.43311595916748047,
			"Absolute Acceleration Z" : -0.074213415384292603,
			"Absolute Velocity X" : 23.875591278076172,
			"Absolute Velocity Y" : -0.80485576391220093,
			"Absolute Velocity Z" : -0.31942462921142578,
			"ActorName" : "CAR 07",
			"BoundingBox3D Extent X" : 4.1408395767211914,
			"BoundingBox3D Extent Y" : 1.8945406675338745,
			"BoundingBox3D Extent Z" : 1.469247579574585,
			"BoundingBox3D Orientation Quat W" : -0.99988985061645508,
			"BoundingBox3D Orientation Quat X" : 0.0015369480242952704,
			"BoundingBox3D Orientation Quat Y" : -0.0061525045894086361,
			"BoundingBox3D Orientation Quat Z" : 0.013201490975916386,
			"BoundingBox3D Origin X" : 32.48040771484375,
			"BoundingBox3D Origin Y" : -4.5233111381530762,
			"BoundingBox3D Origin Z" : 0.35098141431808472,
			"ObjectId" : 7,
			"ObjectType" : "CAR",
			"Occluded" : 0.0,
			"Relative Acceleration X" : -0.32002067565917969,
			"Relative Acceleration Y" : 0.67091548442840576,
			"Relative Acceleration Z" : 0.019756048917770386,
			"Relative Velocity X" : -1.5130878686904907,
			"Relative Velocity Y" : 0.28816434741020203,
			"Relative Velocity Z" : -0.061973139643669128,
			"Truncated" : 0
		},
		{
			"Absolute Acceleration X" : 0.14661598205566406,
			"Absolute Acceleration Y" : -0.42460715770721436,
			"Absolute Acceleration Z" : -0.057924270629882812,
			"Absolute Velocity X" : 25.513887405395508,
			"Absolute Velocity Y" : -1.2422151565551758,
			"Absolute Velocity Z" : -0.38047546148300171,
			"ActorName" : "CAR 08",
			"BoundingBox3D Extent X" : 4.0999999046325684,
			"BoundingBox3D Extent Y" : 1.7251287698745728,
			"BoundingBox3D Extent Z" : 1.5560992956161499,
			"BoundingBox3D Orientation Quat W" : -0.99967688322067261,
			"BoundingBox3D Orientation Quat X" : 0.0037371865473687649,
			"BoundingBox3D Orientation Quat Y" : -0.0083501935005187988,
			"BoundingBox3D Orientation Quat Z" : 0.023598350584506989,
			"BoundingBox3D Origin X" : 61.527778625488281,
			"BoundingBox3D Origin Y" : -2.5373873710632324,
			"BoundingBox3D Origin Z" : -0.032368093729019165,
			"ObjectId" : 8,
			"ObjectType" : "CAR",
			"Occluded" : 0.0,
			"Relative Acceleration X" : 0.095225885510444641,
			"Relative Acceleration Y" : 1.2298218011856079,
			"Relative Acceleration Z" : 0.16776016354560852,
			"Relative Velocity X" : 0.066991671919822693,
			"Relative Velocity Y" : 0.70375239849090576,
			"Relative Velocity Z" : -0.046085130423307419,
			"Truncated" : 0
		},
		{
			"Absolute Acceleration X" : 0.41328811645507812,
			"Absolute Acceleration Y" : -0.81724530458450317,
			"Absolute Acceleration Z" : -0.073208540678024292,
			"Absolute Velocity X" : 30.863941192626953,
			"Absolute Velocity Y" : 1.0876765251159668,
			"Absolute Velocity Z" : -0.21362413465976715,