{
	"CapturedObjects" : 
	[
		{
			"Absolute Acceleration X" : 0.23291610181331635,
			"Absolute Acceleration Y" : -0.13363362848758698,
			"Absolute Acceleration Z" : 0.17182764410972595,
			"Absolute Velocity X" : 25.600315093994141,
			"Absolute Velocity Y" : -0.27968379855155945,
			"Absolute Velocity Z" : -0.069013543426990509,
			"ActorName" : "TRUCK 00",
			"BoundingBox3D Extent X" : 11.0,
			"BoundingBox3D Extent Y" : 2.844688892364502,
			"BoundingBox3D Extent Z" : 3.1364963054656982,
			"BoundingBox3D Orientation Quat W" : 0.99988800287246704,
			"BoundingBox3D Orientation Quat X" : -0.0068112211301922798,
			"BoundingBox3D Orientation Quat Y" : 0.0043152491562068462,
			"BoundingBox3D Orientation Quat Z" : -0.0073820888064801693,
			"BoundingBox3D Origin X" : 23.919713973999023,
			"BoundingBox3D Origin Y" : 12.115633964538574,
			"BoundingBox3D Origin Z" : 1.0893582105636597,
			"ObjectId" : 0,
			"ObjectType" : "TRUCK",
			"Occluded" : 0.0,
			"Relative Acceleration X" : 0.20661343634128571,
			"Relative Acceleration Y" : -0.0943126380443573,
			"Relative Acceleration Z" : 0.068256162106990814,
			"Relative Velocity X" : 3.4198257923126221,
			"Relative Velocity Y" : -0.030977072194218636,
			"Relative Velocity Z" : 0.084257841110229492,
			"Truncated" : 0
		},
		{
			"Absolute Acceleration X" : 0.49798965454101562,
			"Absolute Acceleration Y" : -0.0029314607381820679,
			"Absolute Acceleration Z" : 0.019541457295417786,
			"Absolute Velocity X" : 21.128330230712891,
			"Absolute Velocity Y" : -0.26594835519790649,
			"Absolute Velocity Z" : -0.22490563988685608,
			"ActorName" : "CAR 01",
			"BoundingBox3D Extent X" : 4.334075927734375,
			"BoundingBox3D Extent Y" : 2.0256328582763672,
			"BoundingBox3D Extent Z" : 1.5192403793334961,
			"BoundingBox3D Orientation Quat W" : -0.99992704391479492,
			"BoundingBox3D Orientation Quat X" : -9.038779535330832e-05,
			"BoundingBox3D Orientation Quat Y" : -0.0050783348269760609,
			"BoundingBox3D Orientation Quat Z" : 0.010785345919430256,
			"BoundingBox3D Origin X" : -20.283840179443359,
			"BoundingBox3D Origin Y" : 0.36411559581756592,
			"BoundingBox3D Origin Z" : 0.90597796440124512,
			"ObjectId" : 1,
			"ObjectType" : "CAR",
			"Occluded" : 0.0,
			"Relative Acceleration X" : 0.49185454845428467,
			"Relative Acceleration Y" : -0.015544632449746132,
			"Relative Acceleration Z" : 0.017078911885619164,
			"Relative Velocity X" : -1.038851261138916,
			"Relative Velocity Y" : -0.069960311055183411,
			"Relative Velocity Z" : -0.023538952693343163,
			"Truncated" : 0
		},
		{
			"Absolute Acceleration X" : -0.26053047180175781,
			"Absolute Acceleration Y" : -0.05814090371131897,
			"Absolute Acceleration Z" : -0.05228162556886673,
			"Absolute Velocity X" : 26.975955963134766,
			"Absolute Velocity Y" : -0.25454914569854736,
			"Absolute Velocity Z" : -0.10204029828310013,
			"ActorName" : "TRUCK 02",
			"BoundingBox3D Extent X" : 11.0,
			"BoundingBox3D Extent Y" : 2.6529262065887451,
			"BoundingBox3D Extent Z" : 3.0765602588653564,
			"BoundingBox3D Orientation Quat W" : 0.99991977214813232,
			"BoundingBox3D Orientation Quat X" : -0.00047981046373024583,
			"BoundingBox3D Orientation Quat Y" : 0.0019110534340143204,
			"BoundingBox3D Orientation Quat Z" : -0.0041427938267588615,
			"BoundingBox3D Origin X" : 72.99951171875,
			"BoundingBox3D Origin Y" : 15.62553882598877,
			"BoundingBox3D Origin Z" : 0.83781611919403076,
			"ObjectId" : 2,
			"ObjectType" : "TRUCK",
			"Occluded" : 0.0,
			"Relative Acceleration X" : -0.29021930694580078,
			"Relative Acceleration Y" : 0.077413812279701233,
			"Relative Acceleration Z" : -0.20765596628189087,
			"Relative Velocity X" : 4.791348934173584,
			"Relative Velocity Y" : 0.049632903188467026,
			"Relative Velocity Z" : 0.021013081073760986,
			"Truncated" : 0
		},
		{
			"Absolute Acceleration X" : -0.053579330444335938,
			"Absolute Acceleration Y" : 0.061267435550689697,
			"Absolute Acceleration Z" : 0.031254991888999939,
			"Absolute Velocity X" : 23.013914108276367,
			"Absolute Velocity Y" : -0.1310526579618454,
			"Absolute Velocity Z" : -0.15261879563331604,
			"ActorName" : "CAR 04",
			"BoundingBox3D Extent X" : 4.1162319183349609,
			"BoundingBox3D Extent Y" : 1.7154102325439453,
			"BoundingBox3D Extent Z" : 1.4888672828674316,
			"BoundingBox3D Orientation Quat W" : 0.99997639656066895,
			"BoundingBox3D Orientation Quat X" : 0.0040535265579819679,
			"BoundingBox3D Orientation Quat Y" : 0.0026756259612739086,
			"BoundingBox3D Orientation Quat Z" : -0.0046549639664590359,
			"BoundingBox3D Origin X" : 39.800498962402344,
			"BoundingBox3D Origin Y" : -0.09399750828742981,
			"BoundingBox3D Origin Z" : 0.41593694686889648,
			"ObjectId" : 4,
			"ObjectType" : "CAR",
			"Occluded" : 0.0,
			"Relative Acceleration X" : -0.059743940830230713,
			"Relative Acceleration Y" : 0.14130701124668121,
			"Relative Acceleration Z" : -0.046308014541864395,
			"Relative Velocity X" : 0.84692585468292236,
			"Relative Velocity Y" : 0.13267111778259277,
			"Relative Velocity Z" : 0.024327455088496208,
			"Truncated" : 0
		},
		{
			"Absolute Acceleration X" : -0.35364151000976562,
			"Absolute Acceleration Y" : -0.025053218007087708,
			"Absolute Acceleration Z" : 0.06912192702293396,
			"Absolute Velocity X" : 27.792230606079102,
			"Absolute Velocity Y" : -0.21986445784568787,
			"Absolute Velocity Z" : -0.14906124770641327,
			"ActorName" : "CAR 12",
			"BoundingBox3D Extent X" : 4.5750732421875,
			"BoundingBox3D Extent Y" : 1.8780477046966553,
			"BoundingBox3D Extent Z" : 1.9186064004898071,
			"BoundingBox3D Orientation Quat W" : 0.99998313188552856,
			"BoundingBox3D Orientation Quat X" : 0.00084995839279145002,
			"BoundingBox3D Orientation Quat Y" : 0.0025934174191206694,
			"BoundingBox3D Orientation Quat Z" : -0.003857986768707633,
			"BoundingBox3D Origin X" : 47.063285827636719,
			"BoundingBox3D Origin Y" : 15.810998916625977,
			"BoundingBox3D Origin Z" : 0.36240878701210022,
			"ObjectId" : 12,
			"ObjectType" : "CAR",
			"Occluded" : 0.0,
			"Relative Acceleration X" : -0.38403606414794922,
			"Relative Acceleration Y" : 0.071170613169670105,
			"Relative Acceleration Z" : -0.059811506420373917,
			"Relative Velocity X" : 5.6071920394897461,
			"Relative Velocity Y" : 0.053900152444839478,
			"Relative Velocity Z" : -0.014693914912641048,
			"Truncated" : 0
		},
		{
			"Absolute Acceleration X" : -0.1363983154296875,
			"Absolute Acceleration Y" : 0.24843375384807587,
			"Absolute Acceleration Z" : 0.11155009269714355,
			"Absolute Velocity X" : 24.458841323852539,
			"Absolute Velocity Y" : -0.40934249758720398,
			"Absolute Velocity Z" : -0.46599939465522766,
			"ActorName" : "CAR 14",
			"BoundingBox3D Extent X" : 4.102569580078125,
			"BoundingBox3D Extent Y" : 2.0015368461608887,
			"BoundingBox3D Extent Z" : 0.78410714864730835,
			"BoundingBox3D Orientation Quat W" : -0.99990206956863403,
			"BoundingBox3D Orientation Quat X" : -0.0065398453734815121,
			"BoundingBox3D Orientation Quat Y" : -0.0090396739542484283,
			"BoundingBox3D Orientation Quat Z" : 0.0073087234050035477,
			"BoundingBox3D Origin X" : -114.49913024902344,
			"BoundingBox3D Origin Y" : -1.8077532052993774,
			"BoundingBox3D Origin Z" : 1.7741224765777588,
			"ObjectId" : 14,
			"ObjectType" : "CAR",
			"Occluded" : 0.0,
			"Relative Acceleration X" : -0.13864731788635254,
			"Relative Acceleration Y" : 0.096340149641036987,
			"Relative Acceleration Z" : 0.20875407755374908,
			"Relative Velocity X" : 2.2946796417236328,
			"Relative Velocity Y" : -0.31690755486488342,
			"Relative Velocity Z" : -0.21548406779766083,
			"Truncated" : 0
		},
		{
			"Absolute Acceleration X" : 0.07181549072265625,
			"Absolute Acceleration Y" : -0.039024129509925842,
			"Absolute Acceleration Z" : -0.00041961669921875,
			"Absolute Velocity X" : 23.60615348815918,
			"Absolute Velocity Y" : -0.28501829504966736,
			"Absolute Velocity Z" : -0.1442221999168396,