{
	"CapturedObjects" : 
	[
		{
			"Absolute Acceleration X" : 0.31163120269775391,
			"Absolute Acceleration Y" : -1.7802001237869263,
			"Absolute Acceleration Z" : 0.020941946655511856,
			"Absolute Velocity X" : 10.282591819763184,
			"Absolute Velocity Y" : 2.2862145900726318,
			"Absolute Velocity Z" : -0.061740253120660782,
			"ActorName" : "CAR 00",
			"BoundingBox3D Extent X" : 4.3430695533752441,
			"BoundingBox3D Extent Y" : 2.040806770324707,
			"BoundingBox3D Extent Z" : 1.5222905874252319,
			"BoundingBox3D Orientation Quat W" : 0.99386417865753174,
			"BoundingBox3D Orientation Quat X" : -0.017430795356631279,
			"BoundingBox3D Orientation Quat Y" : 0.0014193198876455426,
			"BoundingBox3D Orientation Quat Z" : 0.10905306786298752,
			"BoundingBox3D Origin X" : -13.514694213867188,
			"BoundingBox3D Origin Y" : -1.4594894647598267,
			"BoundingBox3D Origin Z" : 0.7555803656578064,
			"ObjectId" : 0,
			"ObjectType" : "CAR",
			"Occluded" : 0.0,
			"Relative Acceleration X" : -0.039980888366699219,
			"Relative Acceleration Y" : -0.9875640869140625,
			"Relative Acceleration Z" : 0.0033344505354762077,
			"Relative Velocity X" : -1.1040340662002563,
			"Relative Velocity Y" : 0.11018548160791397,
			"Relative Velocity Z" : 0.04979373887181282,
			"Truncated" : 0
		},
		{
			"Absolute Acceleration X" : -2.0062315464019775,
			"Absolute Acceleration Y" : -1.8250309228897095,
			"Absolute Acceleration Z" : -0.0096192285418510437,
			"Absolute Velocity X" : 6.3045940399169922,
			"Absolute Velocity Y" : -11.152451515197754,
			"Absolute Velocity Z" : 0.1591116338968277,
			"ActorName" : "CAR 07",
			"BoundingBox3D Extent X" : 4.2264785766601562,
			"BoundingBox3D Extent Y" : 1.5974174737930298,
			"BoundingBox3D Extent Z" : 1.7152019739151001,
			"BoundingBox3D Orientation Quat W" : -0.86320400238037109,
			"BoundingBox3D Orientation Quat X" : -0.021213645115494728,
			"BoundingBox3D Orientation Quat Y" : 0.019412918016314507,
			"BoundingBox3D Orientation Quat Z" : 0.50396150350570679,
			"BoundingBox3D Origin X" : 51.633544921875,
			"BoundingBox3D Origin Y" : -32.008316040039062,
			"BoundingBox3D Origin Z" : 1.0150331258773804,
			"ObjectId" : 7,
			"ObjectType" : "CAR",
			"Occluded" : 0.0,
			"Relative Acceleration X" : 1.1531730890274048,
			"Relative Acceleration Y" : 1.4214811325073242,
			"Relative Acceleration Z" : 0.097327344119548798,
			"Relative Velocity X" : -0.033140197396278381,
			"Relative Velocity Y" : -2.5795013904571533,
			"Relative Velocity Z" : 0.5716102123260498,
			"Truncated" : 0
		},
		{
			"Absolute Acceleration X" : -1.3221979141235352,
			"Absolute Acceleration Y" : -1.9418115615844727,
			"Absolute Acceleration Z" : 0.082857795059680939,
			"Absolute Velocity X" : 8.9896240234375,
			"Absolute Velocity Y" : -7.5966858863830566,
			"Absolute Velocity Z" : 0.10650122910737991,
			"ActorName" : "CAR 13",
			"BoundingBox3D Extent X" : 4.2246856689453125,
			"BoundingBox3D Extent Y" : 1.7600514888763428,
			"BoundingBox3D Extent Z" : 1.5527822971343994,
			"BoundingBox3D Orientation Quat W" : -0.93932509422302246,
			"BoundingBox3D Orientation Quat X" : -0.016887377947568893,
			"BoundingBox3D Orientation Quat Y" : 0.011912498623132706,
			"BoundingBox3D Orientation Quat Z" : 0.34233787655830383,
			"BoundingBox3D Origin X" : 38.751426696777344,
			"BoundingBox3D Origin Y" : -15.537824630737305,
			"BoundingBox3D Origin Z" : 0.67026031017303467,
			"ObjectId" : 13,
			"ObjectType" : "CAR",
			"Occluded" : 0.0,
			"Relative Acceleration X" : 0.85841214656829834,
			"Relative Acceleration Y" : 1.5708421468734741,
			"Relative Acceleration Z" : -0.10902027785778046,
			"Relative Velocity X" : -0.06440860778093338,
			"Relative Velocity Y" : -1.1523284912109375,
			"Relative Velocity Z" : 0.33154138922691345,
			"Truncated" : 0
		},
		{
			"Absolute Acceleration X" : -7.1479692459106445,
			"Absolute Acceleration Y" : -6.3171272277832031,
			"Absolute Acceleration Z" : -0.038985002785921097,
			"Absolute Velocity X" : 20.097736358642578,
			"Absolute Velocity Y" : 17.494039535522461,
			"Absolute Velocity Z" : -0.19568702578544617,
			"ActorName" : "CAR 14",
			"BoundingBox3D Extent X" : 4.7721066474914551,
			"BoundingBox3D Extent Y" : 1.8999999761581421,
			"BoundingBox3D Extent Z" : 1.4783673286437988,
			"BoundingBox3D Orientation Quat W" : 0.93593144416809082,
			"BoundingBox3D Orientation Quat X" : -0.055384445935487747,
			"BoundingBox3D Orientation Quat Y" : -0.00084939890075474977,
			"BoundingBox3D Orientation Quat Z" : 0.34727755188941956,
			"BoundingBox3D Origin X" : 47.160690307617188,
			"BoundingBox3D Origin Y" : 88.251609802246094,
			"BoundingBox3D Origin Z" : -0.36452966928482056,
			"ObjectId" : 14,
			"ObjectType" : "CAR",
			"Occluded" : 0.0,
			"Relative Acceleration X" : -17.309946060180664,
			"Relative Acceleration Y" : 0.12007704377174377,
			"Relative Acceleration Z" : -0.92813950777053833,
			"Relative Velocity X" : -5.2854728698730469,
			"Relative Velocity Y" : 25.054880142211914,
			"Relative Velocity Z" : -1.2090914249420166,
			"Truncated" : 0
		},
		{
			"Absolute Acceleration X" : 1.5571496486663818,
			"Absolute Acceleration Y" : 0.12989635765552521,
			"Absolute Acceleration Z" : 0.075786739587783813,
			"Absolute Velocity X" : 6.1581854820251465,
			"Absolute Velocity Y" : 17.617212295532227,
			"Absolute Velocity Z" : -0.23136931657791138,
			"ActorName" : "CAR 15",
			"BoundingBox3D Extent X" : 5.2872867584228516,
			"BoundingBox3D Extent Y" : 1.8999999761581421,
			"BoundingBox3D Extent Z" : 1.3802921772003174,
			"BoundingBox3D Orientation Quat W" : 0.81754428148269653,
			"BoundingBox3D Orientation Quat X" : -0.015447898767888546,
			"BoundingBox3D Orientation Quat Y" : -0.0039066490717232227,
			"BoundingBox3D Orientation Quat Z" : 0.57563215494155884,
			"BoundingBox3D Origin X" : 89.220207214355469,
			"BoundingBox3D Origin Y" : 71.035148620605469,
			"BoundingBox3D Origin Z" : 0.78853088617324829,
			"ObjectId" : 15,
			"ObjectType" : "CAR",
			"Occluded" : 0.0,
			"Relative Acceleration X" : -8.0412845611572266,
			"Relative Acceleration Y" : 3.7196295261383057,
			"Relative Acceleration Z" : -1.7516500949859619,
			"Relative Velocity X" : -15.645380973815918,
			"Relative Velocity Y" : 32.553630828857422,
			"Relative Velocity Z" : -1.0767031908035278,
			"Truncated" : 0
		},
		{
			"Absolute Acceleration X" : -0.27524757385253906,
			"Absolute Acceleration Y" : -0.16453361511230469,
			"Absolute Acceleration Z" : -0.15115879476070404,
			"Absolute Velocity X" : 19.262596130371094,
			"Absolute Velocity Y" : 16.810525894165039,
			"Absolute Velocity Z" : -0.022431477904319763,
			"ActorName" : "CAR 16",
			"BoundingBox3D Extent X" : 4.800750732421875,
			"BoundingBox3D Extent Y" : 1.9782946109771729,
			"BoundingBox3D Extent Z" : 1.6048147678375244,
			"BoundingBox3D Orientation Quat W" : 0.93745696544647217,
			"BoundingBox3D Orientation Quat X" : -0.0163686852902174,
			"BoundingBox3D Orientation Quat Y" : -0.0067403614521026611,
			"BoundingBox3D Orientation Quat Z" : 0.34751453995704651,
			"BoundingBox3D Origin X" : 14.208463668823242,
			"BoundingBox3D Origin Y" : 55.716323852539062,
			"BoundingBox3D Origin Z" : 0.0098152346909046173,
			"ObjectId" : 16,
			"ObjectType" : "CAR",
			"Occluded" : 0.0,
			"Relative Acceleration X" : -9.5767669677734375,
			"Relative Acceleration Y" : 3.1955699920654297,
			"Relative Acceleration Z" : 0.24625584483146667,
			"Relative Velocity X" : -1.6449261903762817,
			"Relative Velocity Y" : 19.134483337402344,
			"Relative Velocity Z" : -0.65834832191467285,
			"Truncated" : 0
		},
		{
			"Absolute Acceleration X" : 0.067032136023044586,
			"Absolute Acceleration Y" : -0.07674071192741394,
			"Absolute Acceleration Z" : -0.17203094065189362,
			"Absolute Velocity X" : 26.293567657470703,
			"Absolute Velocity Y" : 22.445037841796875,
			"Absolute Velocity Z" : -0.11273364722728729,
			"ActorName" : "CAR 17",