{
	"CapturedObjects" : 
	[
		{
			"Absolute Acceleration X" : 1.1324037313461304,
			"Absolute Acceleration Y" : -0.13324515521526337,
			"Absolute Acceleration Z" : -0.030718721449375153,
			"Absolute Velocity X" : 20.792905807495117,
			"Absolute Velocity Y" : -0.13661043345928192,
			"Absolute Velocity Z" : -0.17343364655971527,
			"ActorName" : "TRUCK 00",
			"BoundingBox3D Extent X" : 15.675508499145508,
			"BoundingBox3D Extent Y" : 2.846585750579834,
			"BoundingBox3D Extent Z" : 2.7976827621459961,
			"BoundingBox3D Orientation Quat W" : 0.99995303153991699,
			"BoundingBox3D Orientation Quat X" : -0.0036544543690979481,
			"BoundingBox3D Orientation Quat Y" : 0.003523960942402482,
			"BoundingBox3D Orientation Quat Z" : -0.0052772178314626217,
			"BoundingBox3D Origin X" : 0.82775431871414185,
			"BoundingBox3D Origin Y" : 3.4178383350372314,
			"BoundingBox3D Origin Z" : 1.3265707492828369,
			"ObjectId" : 0,
			"ObjectType" : "TRUCK",
			"Occluded" : 0.0,
			"Relative Acceleration X" : 0.96808409690856934,
			"Relative Acceleration Y" : -0.14839954674243927,
			"Relative Acceleration Z" : 0.00029511365573853254,
			"Relative Velocity X" : 1.3664158582687378,
			"Relative Velocity Y" : 0.031036738306283951,
			"Relative Velocity Z" : -0.011253314092755318,
			"Truncated" : 0
		},
		{
			"Absolute Acceleration X" : -0.024024434387683868,
			"Absolute Acceleration Y" : 0.31303319334983826,
			"Absolute Acceleration Z" : -0.010245331563055515,
			"Absolute Velocity X" : -0.010015006177127361,
			"Absolute Velocity Y" : -0.40575495362281799,
			"Absolute Velocity Z" : -0.0010081332875415683,
			"ActorName" : "TRUCK 01",
			"BoundingBox3D Extent X" : 4.0221352577209473,
			"BoundingBox3D Extent Y" : 3.0,
			"BoundingBox3D Extent Z" : 2.6686220169067383,
			"BoundingBox3D Orientation Quat W" : 0.69562256336212158,
			"BoundingBox3D Orientation Quat X" : 0.00011219097359571606,
			"BoundingBox3D Orientation Quat Y" : 0.00051500060362741351,
			"BoundingBox3D Orientation Quat Z" : -0.71840822696685791,
			"BoundingBox3D Origin X" : 114.41999816894531,
			"BoundingBox3D Origin Y" : 27.264764785766602,
			"BoundingBox3D Origin Z" : 1.3861864805221558,
			"ObjectId" : 1,
			"ObjectType" : "TRUCK",
			"Occluded" : 0.0,
			"Relative Acceleration X" : -0.18198664486408234,
			"Relative Acceleration Y" : 0.32130900025367737,
			"Relative Acceleration Z" : -0.026674315333366394,
			"Relative Velocity X" : -19.418722152709961,
			"Relative Velocity Y" : -0.33644220232963562,
			"Relative Velocity Z" : 0.19493380188941956,
			"Truncated" : 0
		},
		{
			"Absolute Acceleration X" : 0.16441000998020172,
			"Absolute Acceleration Y" : -0.062432821840047836,
			"Absolute Acceleration Z" : 0.015451176092028618,
			"Absolute Velocity X" : 22.753946304321289,
			"Absolute Velocity Y" : -0.1640990823507309,
			"Absolute Velocity Z" : -0.20998384058475494,
			"ActorName" : "CAR 02",
			"BoundingBox3D Extent X" : 4.6524553298950195,
			"BoundingBox3D Extent Y" : 2.1059317588806152,
			"BoundingBox3D Extent Z" : 1.7193666696548462,
			"BoundingBox3D Orientation Quat W" : 0.99987626075744629,
			"BoundingBox3D Orientation Quat X" : -0.0083218235522508621,
			"BoundingBox3D Orientation Quat Y" : 0.005109705962240696,
			"BoundingBox3D Orientation Quat Z" : -0.011520841158926487,
			"BoundingBox3D Origin X" : -36.940677642822266,
			"BoundingBox3D Origin Y" : 3.2254989147186279,
			"BoundingBox3D Origin Z" : 1.1092396974563599,
			"ObjectId" : 2,
			"ObjectType" : "CAR",
			"Occluded" : 0.0,
			"Relative Acceleration X" : -0.00049306586151942611,
			"Relative Acceleration Y" : -0.085632793605327606,
			"Relative Acceleration Z" : -0.029594268649816513,
			"Relative Velocity X" : 3.3284618854522705,
			"Relative Velocity Y" : 0.037220753729343414,
			"Relative Velocity Z" : -0.044453885406255722,
			"Truncated" : 0
		},
		{
			"Absolute Acceleration X" : -0.23617902398109436,
			"Absolute Acceleration Y" : -0.093062929809093475,
			"Absolute Acceleration Z" : -0.0047326474450528622,
			"Absolute Velocity X" : 24.477100372314453,
			"Absolute Velocity Y" : -0.13793754577636719,
			"Absolute Velocity Z" : -0.24794740974903107,
			"ActorName" : "TRUCK 03",
			"BoundingBox3D Extent X" : 11.0,
			"BoundingBox3D Extent Y" : 2.621239185333252,
			"BoundingBox3D Extent Z" : 2.1748049259185791,
			"BoundingBox3D Orientation Quat W" : 0.99988442659378052,
			"BoundingBox3D Orientation Quat X" : 0.0089031672105193138,
			"BoundingBox3D Orientation Quat Y" : 0.0041389572434127331,
			"BoundingBox3D Orientation Quat Z" : -0.0011258064769208431,
			"BoundingBox3D Origin X" : -100.89119720458984,
			"BoundingBox3D Origin Y" : 4.1476316452026367,
			"BoundingBox3D Origin Z" : 1.9745036363601685,
			"ObjectId" : 3,
			"ObjectType" : "TRUCK",
			"Occluded" : 0.0,
			"Relative Acceleration X" : -0.39511138200759888,
			"Relative Acceleration Y" : -0.11490067839622498,
			"Relative Acceleration Z" : -0.14165820181369781,
			"Relative Velocity X" : 5.044651985168457,
			"Relative Velocity Y" : 0.10535065084695816,
			"Relative Velocity Z" : -0.11507679522037506,
			"Truncated" : 0
		},
		{
			"Absolute Acceleration X" : 0.15649804472923279,
			"Absolute Acceleration Y" : 0.1601511687040329,
			"Absolute Acceleration Z" : 0.055976398289203644,
			"Absolute Velocity X" : 32.132583618164062,
			"Absolute Velocity Y" : -0.089219458401203156,
			"Absolute Velocity Z" : -0.35077589750289917,
			"ActorName" : "TRUCK 04",
			"BoundingBox3D Extent X" : 11.0,
			"BoundingBox3D Extent Y" : 2.8851497173309326,
			"BoundingBox3D Extent Z" : 3.821077823638916,
			"BoundingBox3D Orientation Quat W" : 0.9999537467956543,
			"BoundingBox3D Orientation Quat X" : -0.002190988976508379,
			"BoundingBox3D Orientation Quat Y" : 0.0039625633507966995,
			"BoundingBox3D Orientation Quat Z" : -0.00040006285416893661,
			"BoundingBox3D Origin X" : 174.12466430664062,
			"BoundingBox3D Origin Y" : 5.0727710723876953,
			"BoundingBox3D Origin Z" : 0.15980301797389984,
			"ObjectId" : 4,
			"ObjectType" : "TRUCK",
			"Occluded" : 0.0,
			"Relative Acceleration X" : -0.0031416837591677904,
			"Relative Acceleration Y" : 0.14981645345687866,
			"Relative Acceleration Z" : 0.41375616192817688,
			"Relative Velocity X" : 12.705412864685059,
			"Relative Velocity Y" : -0.061465494334697723,
			"Relative Velocity Z" : -0.14692097902297974,
			"Truncated" : 0
		},
		{
			"Absolute Acceleration X" : -1.7648453712463379,
			"Absolute Acceleration Y" : -0.40398916602134705,
			"Absolute Acceleration Z" : 0.017481209710240364,
			"Absolute Velocity X" : 25.10203742980957,
			"Absolute Velocity Y" : -0.51644480228424072,
			"Absolute Velocity Z" : -0.24793112277984619,
			"ActorName" : "CAR 05",
			"BoundingBox3D Extent X" : 4.1084246635437012,
			"BoundingBox3D Extent Y" : 1.5117851495742798,
			"BoundingBox3D Extent Z" : 1.6608535051345825,
			"BoundingBox3D Orientation Quat W" : -0.99990350008010864,
			"BoundingBox3D Orientation Quat X" : -0.0052529480308294296,
			"BoundingBox3D Orientation Quat Y" : -0.0046159485355019569,
			"BoundingBox3D Orientation Quat Z" : 0.011124374344944954,
			"BoundingBox3D Origin X" : 89.770248413085938,
			"BoundingBox3D Origin Y" : 2.0332698822021484,
			"BoundingBox3D Origin Z" : -0.082029499113559723,
			"ObjectId" : 5,
			"ObjectType" : "CAR",
			"Occluded" : 0.0,
			"Relative Acceleration X" : -1.9249975681304932,
			"Relative Acceleration Y" : -0.41127097606658936,
			"Relative Acceleration Z" : 0.20494943857192993,
			"Relative Velocity X" : 5.6725554466247559,
			"Relative Velocity Y" : -0.42163977026939392,
			"Relative Velocity Z" : -0.0608857162296772,
			"Truncated" : 0
		},
		{
			"Absolute Acceleration X" : 0.0080045871436595917,
			"Absolute Acceleration Y" : 0.22332093119621277,
			"Absolute Acceleration Z" : 0.061548735946416855,
			"Absolute Velocity X" : 32.463550567626953,
			"Absolute Velocity Y" : -1.0339386463165283,
			"Absolute Velocity Z" : -0.33039841055870056,