{
	"CapturedObjects" : 
	[
		{
			"Absolute Acceleration X" : 0.79094886779785156,
			"Absolute Acceleration Y" : -2.0370862483978271,
			"Absolute Acceleration Z" : 0.13867039978504181,
			"Absolute Velocity X" : 11.244068145751953,
			"Absolute Velocity Y" : 3.2884068489074707,
			"Absolute Velocity Z" : -0.19781941175460815,
			"ActorName" : "CAR 00",
			"BoundingBox3D Extent X" : 4.3430695533752441,
			"BoundingBox3D Extent Y" : 2.040806770324707,
			"BoundingBox3D Extent Z" : 1.5222905874252319,
			"BoundingBox3D Orientation Quat W" : 0.9904748797416687,
			"BoundingBox3D Orientation Quat X" : 0.0052339597605168819,
			"BoundingBox3D Orientation Quat Y" : 0.0091513916850090027,
			"BoundingBox3D Orientation Quat Z" : 0.1371600329875946,
			"BoundingBox3D Origin X" : -20.363954544067383,
			"BoundingBox3D Origin Y" : -1.5782158374786377,
			"BoundingBox3D Origin Z" : 0.93879795074462891,
			"ObjectId" : 0,
			"ObjectType" : "CAR",
			"Occluded" : 0.0,
			"Relative Acceleration X" : -0.16083788871765137,
			"Relative Acceleration Y" : -0.14102578163146973,
			"Relative Acceleration Z" : 0.50253045558929443,
			"Relative Velocity X" : -0.90175259113311768,
			"Relative Velocity Y" : -1.5935921669006348,
			"Relative Velocity Z" : 0.16053709387779236,
			"Truncated" : 0
		},
		{
			"Absolute Acceleration X" : -2.6727805137634277,
			"Absolute Acceleration Y" : -2.0665521621704102,
			"Absolute Acceleration Z" : 0.021798700094223022,
			"Absolute Velocity X" : 8.7305393218994141,
			"Absolute Velocity Y" : -11.226426124572754,
			"Absolute Velocity Z" : 0.31164354085922241,
			"ActorName" : "CAR 13",
			"BoundingBox3D Extent X" : 4.2246856689453125,
			"BoundingBox3D Extent Y" : 1.7600514888763428,
			"BoundingBox3D Extent Z" : 1.5527822971343994,
			"BoundingBox3D Orientation Quat W" : -0.89853990077972412,
			"BoundingBox3D Orientation Quat X" : -0.024983642622828484,
			"BoundingBox3D Orientation Quat Y" : 0.023854181170463562,
			"BoundingBox3D Orientation Quat Z" : 0.43747863173484802,
			"BoundingBox3D Origin X" : 42.639606475830078,
			"BoundingBox3D Origin Y" : -23.34178352355957,
			"BoundingBox3D Origin Z" : 1.3559284210205078,
			"ObjectId" : 13,
			"ObjectType" : "CAR",
			"Occluded" : 0.0,
			"Relative Acceleration X" : 0.24347555637359619,
			"Relative Acceleration Y" : 1.5927207469940186,
			"Relative Acceleration Z" : -0.46769195795059204,
			"Relative Velocity X" : 1.8134137392044067,
			"Relative Velocity Y" : -1.0502803325653076,
			"Relative Velocity Z" : -0.072948664426803589,
			"Truncated" : 0
		},
		{
			"Absolute Acceleration X" : 1.9495425224304199,
			"Absolute Acceleration Y" : -0.93478012084960938,
			"Absolute Acceleration Z" : 0.012038648128509521,
			"Absolute Velocity X" : 7.3527703285217285,
			"Absolute Velocity Y" : 9.2825183868408203,
			"Absolute Velocity Z" : -0.67675536870956421,
			"ActorName" : "CAR 27",
			"BoundingBox3D Extent X" : 4.2054839134216309,
			"BoundingBox3D Extent Y" : 1.5256390571594238,
			"BoundingBox3D Extent Z" : 0.84883880615234375,
			"BoundingBox3D Orientation Quat W" : 0.90347874164581299,
			"BoundingBox3D Orientation Quat X" : -0.013192723505198956,
			"BoundingBox3D Orientation Quat Y" : 0.024378880858421326,
			"BoundingBox3D Orientation Quat Z" : 0.42765629291534424,
			"BoundingBox3D Origin X" : -52.212017059326172,
			"BoundingBox3D Origin Y" : -22.343286514282227,
			"BoundingBox3D Origin Z" : 2.0563063621520996,
			"ObjectId" : 27,
			"ObjectType" : "CAR",
			"Occluded" : 0.0,
			"Relative Acceleration X" : 0.71106541156768799,
			"Relative Acceleration Y" : -0.68886995315551758,
			"Relative Acceleration Z" : 1.521622896194458,
			"Relative Velocity X" : 0.16592392325401306,
			"Relative Velocity Y" : -3.228710412979126,
			"Relative Velocity Z" : 0.13435891270637512,
			"Truncated" : 0
		}
	],
	"FrameId" : 19392,
	"Timestamp" : 1676040124448742192,
	"TimestampMiddle" : 1676040124431742192
}