{
	"CapturedObjects" : 
	[
		{
			"Absolute Acceleration X" : 0.19618606567382812,
			"Absolute Acceleration Y" : 0.094688430428504944,
			"Absolute Acceleration Z" : -0.10310864448547363,
			"Absolute Velocity X" : 31.036447525024414,
			"Absolute Velocity Y" : -0.21802285313606262,
			"Absolute Velocity Z" : -0.065520294010639191,
			"ActorName" : "CAR 01",
			"BoundingBox3D Extent X" : 4.9785623550415039,
			"BoundingBox3D Extent Y" : 2.0556600093841553,
			"BoundingBox3D Extent Z" : 1.4564532041549683,
			"BoundingBox3D Orientation Quat W" : 0.99998044967651367,
			"BoundingBox3D Orientation Quat X" : 0.0045956457033753395,
			"BoundingBox3D Orientation Quat Y" : 0.001396703184582293,
			"BoundingBox3D Orientation Quat Z" : 0.0021802163682878017,
			"BoundingBox3D Origin X" : -2.4092774391174316,
			"BoundingBox3D Origin Y" : 4.0561389923095703,
			"BoundingBox3D Origin Z" : 0.71682965755462646,
			"ObjectId" : 1,
			"ObjectType" : "CAR",
			"Occluded" : 0.0,
			"Relative Acceleration X" : -0.037053108215332031,
			"Relative Acceleration Y" : -0.052185669541358948,
			"Relative Acceleration Z" : 0.035767469555139542,
			"Relative Velocity X" : 4.1855344772338867,
			"Relative Velocity Y" : 0.039326407015323639,
			"Relative Velocity Z" : -0.068204410374164581,
			"Truncated" : 0
		},
		{
			"Absolute Acceleration X" : -0.16152191162109375,
			"Absolute Acceleration Y" : -0.16194857656955719,
			"Absolute Acceleration Z" : -0.024310886859893799,
			"Absolute Velocity X" : 27.82891845703125,
			"Absolute Velocity Y" : -0.16898612678050995,
			"Absolute Velocity Z" : -0.35201814770698547,
			"ActorName" : "CAR 03",
			"BoundingBox3D Extent X" : 4.0999999046325684,
			"BoundingBox3D Extent Y" : 1.7416778802871704,
			"BoundingBox3D Extent Z" : 1.5282447338104248,
			"BoundingBox3D Orientation Quat W" : 0.99992543458938599,
			"BoundingBox3D Orientation Quat X" : 0.0079218391329050064,
			"BoundingBox3D Orientation Quat Y" : 0.0057044951245188713,
			"BoundingBox3D Orientation Quat Z" : -0.0065964539535343647,
			"BoundingBox3D Origin X" : 49.323711395263672,
			"BoundingBox3D Origin Y" : 0.083286724984645844,
			"BoundingBox3D Origin Z" : 0.29164308309555054,
			"ObjectId" : 3,
			"ObjectType" : "CAR",
			"Occluded" : 0.0,
			"Relative Acceleration X" : -0.37334060668945312,
			"Relative Acceleration Y" : 0.0039309263229370117,
			"Relative Acceleration Z" : -0.0921611487865448,
			"Relative Velocity X" : 0.97168916463851929,
			"Relative Velocity Y" : -0.074825935065746307,
			"Relative Velocity Z" : 0.26998233795166016,
			"Truncated" : 0
		},
		{
			"Absolute Acceleration X" : -0.1768646240234375,
			"Absolute Acceleration Y" : -0.0065422654151916504,
			"Absolute Acceleration Z" : -0.0075585190206766129,
			"Absolute Velocity X" : 32.112232208251953,
			"Absolute Velocity Y" : -0.38553550839424133,
			"Absolute Velocity Z" : -0.036216001957654953,
			"ActorName" : "CAR 04",
			"BoundingBox3D Extent X" : 5.3322725296020508,
			"BoundingBox3D Extent Y" : 2.0638191699981689,
			"BoundingBox3D Extent Z" : 1.4742890596389771,
			"BoundingBox3D Orientation Quat W" : -0.99996870756149292,
			"BoundingBox3D Orientation Quat X" : -0.0024527593050152063,
			"BoundingBox3D Orientation Quat Y" : -0.0015008243499323726,
			"BoundingBox3D Orientation Quat Z" : -0.0063583469018340111,
			"BoundingBox3D Origin X" : -36.685287475585938,
			"BoundingBox3D Origin Y" : 4.3364267349243164,
			"BoundingBox3D Origin Z" : 0.77024143934249878,
			"ObjectId" : 4,
			"ObjectType" : "CAR",
			"Occluded" : 0.0,
			"Relative Acceleration X" : -0.41119527816772461,
			"Relative Acceleration Y" : -0.35558795928955078,
			"Relative Acceleration Z" : 0.27901586890220642,
			"Relative Velocity X" : 5.2598409652709961,
			"Relative Velocity Y" : -0.022594382986426353,
			"Relative Velocity Z" : -0.42974579334259033,
			"Truncated" : 0
		},
		{
			"Absolute Acceleration X" : -0.13422012329101562,
			"Absolute Acceleration Y" : 0.36145555973052979,
			"Absolute Acceleration Z" : -0.10022006928920746,
			"Absolute Velocity X" : 26.008186340332031,
			"Absolute Velocity Y" : -1.1521291732788086,
			"Absolute Velocity Z" : -0.068575084209442139,
			"ActorName" : "CAR 05",
			"BoundingBox3D Extent X" : 5.1394953727722168,
			"BoundingBox3D Extent Y" : 2.3713786602020264,
			"BoundingBox3D Extent Z" : 1.8860985040664673,
			"BoundingBox3D Orientation Quat W" : -0.99973177909851074,
			"BoundingBox3D Orientation Quat X" : 0.0086566898971796036,
			"BoundingBox3D Orientation Quat Y" : -0.002049984410405159,
			"BoundingBox3D Orientation Quat Z" : 0.021022491157054901,
			"BoundingBox3D Origin X" : -11.915131568908691,
			"BoundingBox3D Origin Y" : -1.9821232557296753,
			"BoundingBox3D Origin Z" : 0.94745904207229614,
			"ObjectId" : 5,
			"ObjectType" : "CAR",
			"Occluded" : 0.0,
			"Relative Acceleration X" : -0.33947670459747314,
			"Relative Acceleration Y" : 0.20049923658370972,
			"Relative Acceleration Z" : 0.092317849397659302,
			"Relative Velocity X" : -0.86314791440963745,
			"Relative Velocity Y" : -0.86779499053955078,
			"Relative Velocity Z" : -0.10763169825077057,
			"Truncated" : 0
		},
		{
			"Absolute Acceleration X" : 0.026630401611328125,
			"Absolute Acceleration Y" : -0.26170134544372559,
			"Absolute Acceleration Z" : 0.13403105735778809,
			"Absolute Velocity X" : 28.15234375,
			"Absolute Velocity Y" : -1.2857342958450317,
			"Absolute Velocity Z" : 0.16812984645366669,
			"ActorName" : "CAR 09",
			"BoundingBox3D Extent X" : 4.0999999046325684,
			"BoundingBox3D Extent Y" : 2.5330817699432373,
			"BoundingBox3D Extent Z" : 2.9723806381225586,
			"BoundingBox3D Orientation Quat W" : -0.99953573942184448,
			"BoundingBox3D Orientation Quat X" : -0.020724501460790634,
			"BoundingBox3D Orientation Quat Y" : 0.0036241256166249514,
			"BoundingBox3D Orientation Quat Z" : 0.021906610578298569,
			"BoundingBox3D Origin X" : 197.65695190429688,
			"BoundingBox3D Origin Y" : -3.4844844341278076,
			"BoundingBox3D Origin Z" : 0.40627768635749817,
			"ObjectId" : 9,
			"ObjectType" : "CAR",
			"Occluded" : 0.0,
			"Relative Acceleration X" : -0.18067085742950439,
			"Relative Acceleration Y" : 0.75451564788818359,
			"Relative Acceleration Z" : -0.50139772891998291,
			"Relative Velocity X" : 1.2940187454223633,
			"Relative Velocity Y" : -1.6402894258499146,
			"Relative Velocity Z" : 2.48148512840271,
			"Truncated" : 0
		},
		{
			"Absolute Acceleration X" : 0.370391845703125,
			"Absolute Acceleration Y" : 0.25146406888961792,
			"Absolute Acceleration Z" : -0.10386313498020172,
			"Absolute Velocity X" : 36.420494079589844,
			"Absolute Velocity Y" : -1.0787385702133179,
			"Absolute Velocity Z" : 0.017737254500389099,
			"ActorName" : "CAR 10",
			"BoundingBox3D Extent X" : 4.3497781753540039,
			"BoundingBox3D Extent Y" : 1.9773073196411133,
			"BoundingBox3D Extent Z" : 1.4610841274261475,
			"BoundingBox3D Orientation Quat W" : -0.99982881546020508,
			"BoundingBox3D Orientation Quat X" : -0.00039407965959981084,
			"BoundingBox3D Orientation Quat Y" : 0.00027003424474969506,
			"BoundingBox3D Orientation Quat Z" : 0.018067896366119385,
			"BoundingBox3D Origin X" : -73.7032470703125,
			"BoundingBox3D Origin Y" : 5.5374059677124023,
			"BoundingBox3D Origin Z" : 0.73918807506561279,
			"ObjectId" : 10,
			"ObjectType" : "CAR",
			"Occluded" : 0.0,
			"Relative Acceleration X" : 0.12444877624511719,
			"Relative Acceleration Y" : -0.33809378743171692,
			"Relative Acceleration Z" : 0.36042660474777222,
			"Relative Velocity X" : 9.5708980560302734,
			"Relative Velocity Y" : -0.60044074058532715,
			"Relative Velocity Z" : -0.81685161590576172,
			"Truncated" : 0
		},
		{
			"Absolute Acceleration X" : 0.5172656774520874,
			"Absolute Acceleration Y" : 0.39694344997406006,
			"Absolute Acceleration Z" : 0.042959388345479965,
			"Absolute Velocity X" : -24.302955627441406,
			"Absolute Velocity Y" : 0.40885224938392639,