{
	"CapturedObjects" : 
	[
		{
			"Absolute Acceleration X" : 0.29543685913085938,
			"Absolute Acceleration Y" : -0.31553316116333008,
			"Absolute Acceleration Z" : -0.027769237756729126,
			"Absolute Velocity X" : 29.908823013305664,
			"Absolute Velocity Y" : -0.46990564465522766,
			"Absolute Velocity Z" : -0.32429832220077515,
			"ActorName" : "CAR 00",
			"BoundingBox3D Extent X" : 4.1676054000854492,
			"BoundingBox3D Extent Y" : 2.0217900276184082,
			"BoundingBox3D Extent Z" : 1.4507161378860474,
			"BoundingBox3D Orientation Quat W" : -0.99993777275085449,
			"BoundingBox3D Orientation Quat X" : -0.0043951435945928097,
			"BoundingBox3D Orientation Quat Y" : -0.0052106003277003765,
			"BoundingBox3D Orientation Quat Z" : 0.008616231381893158,
			"BoundingBox3D Origin X" : 10.50700855255127,
			"BoundingBox3D Origin Y" : 3.3142755031585693,
			"BoundingBox3D Origin Z" : 0.63602185249328613,
			"ObjectId" : 0,
			"ObjectType" : "CAR",
			"Occluded" : 0.0,
			"Relative Acceleration X" : 0.30417490005493164,
			"Relative Acceleration Y" : 0.1341489851474762,
			"Relative Acceleration Z" : 0.020113745704293251,
			"Relative Velocity X" : 2.7772095203399658,
			"Relative Velocity Y" : -0.11446135491132736,
			"Relative Velocity Z" : -0.037204243242740631,
			"Truncated" : 0
		},
		{
			"Absolute Acceleration X" : -0.38691902160644531,
			"Absolute Acceleration Y" : -0.47167918086051941,
			"Absolute Acceleration Z" : 0.04654240608215332,
			"Absolute Velocity X" : 29.042484283447266,
			"Absolute Velocity Y" : -0.025500616058707237,
			"Absolute Velocity Z" : -0.31272587180137634,
			"ActorName" : "CAR 01",
			"BoundingBox3D Extent X" : 4.7093315124511719,
			"BoundingBox3D Extent Y" : 2.1400377750396729,
			"BoundingBox3D Extent Z" : 1.7339202165603638,
			"BoundingBox3D Orientation Quat W" : 0.99997222423553467,
			"BoundingBox3D Orientation Quat X" : 0.0043532080017030239,
			"BoundingBox3D Orientation Quat Y" : 0.0052767968736588955,
			"BoundingBox3D Orientation Quat Z" : 0.0016771701630204916,
			"BoundingBox3D Origin X" : -14.052660942077637,
			"BoundingBox3D Origin Y" : 2.9091780185699463,
			"BoundingBox3D Origin Z" : 1.0186951160430908,
			"ObjectId" : 1,
			"ObjectType" : "CAR",
			"Occluded" : 0.0,
			"Relative Acceleration X" : -0.38725864887237549,
			"Relative Acceleration Y" : -0.030382562428712845,
			"Relative Acceleration Z" : -0.023837335407733917,
			"Relative Velocity X" : 1.915884256362915,
			"Relative Velocity Y" : -0.019774381071329117,
			"Relative Velocity Z" : -0.099152833223342896,
			"Truncated" : 0
		},
		{
			"Absolute Acceleration X" : -0.0301513671875,
			"Absolute Acceleration Y" : -0.25924921035766602,
			"Absolute Acceleration Z" : -0.0012272000312805176,
			"Absolute Velocity X" : 26.647729873657227,
			"Absolute Velocity Y" : -1.5612518787384033,
			"Absolute Velocity Z" : -0.26338830590248108,
			"ActorName" : "CAR 02",
			"BoundingBox3D Extent X" : 4.1892967224121094,
			"BoundingBox3D Extent Y" : 1.8758935928344727,
			"BoundingBox3D Extent Z" : 2.1399004459381104,
			"BoundingBox3D Orientation Quat W" : -0.99956512451171875,
			"BoundingBox3D Orientation Quat X" : -0.0035037652123719454,
			"BoundingBox3D Orientation Quat Y" : -0.0037766278255730867,
			"BoundingBox3D Orientation Quat Z" : 0.028886090964078903,
			"BoundingBox3D Origin X" : 85.647239685058594,
			"BoundingBox3D Origin Y" : -3.0302059650421143,
			"BoundingBox3D Origin Z" : 0.16819526255130768,
			"ObjectId" : 2,
			"ObjectType" : "CAR",
			"Occluded" : 0.0,
			"Relative Acceleration X" : -0.0090494453907012939,
			"Relative Acceleration Y" : 0.055712752044200897,
			"Relative Acceleration Z" : 0.44956201314926147,
			"Relative Velocity X" : -0.39294087886810303,
			"Relative Velocity Y" : -0.13904105126857758,
			"Relative Velocity Z" : 0.24130181968212128,
			"Truncated" : 0
		},
		{
			"Absolute Acceleration X" : 0.43787574768066406,
			"Absolute Acceleration Y" : -0.15905120968818665,
			"Absolute Acceleration Z" : 0.03083878755569458,
			"Absolute Velocity X" : 28.978569030761719,
			"Absolute Velocity Y" : 0.24379996955394745,
			"Absolute Velocity Z" : -0.34243178367614746,
			"ActorName" : "CAR 03",
			"BoundingBox3D Extent X" : 4.2396087646484375,
			"BoundingBox3D Extent Y" : 2.1024894714355469,
			"BoundingBox3D Extent Z" : 1.6439502239227295,
			"BoundingBox3D Orientation Quat W" : 0.99996638298034668,
			"BoundingBox3D Orientation Quat X" : 0.0053625483997166157,
			"BoundingBox3D Orientation Quat Y" : 0.0056126215495169163,
			"BoundingBox3D Orientation Quat Z" : 0.0013614094350486994,
			"BoundingBox3D Origin X" : -32.392597198486328,
			"BoundingBox3D Origin Y" : 1.4341233968734741,
			"BoundingBox3D Origin Z" : 1.1179633140563965,
			"ObjectId" : 3,
			"ObjectType" : "CAR",
			"Occluded" : 0.0,
			"Relative Acceleration X" : 0.43145859241485596,
			"Relative Acceleration Y" : 0.29320645332336426,
			"Relative Acceleration Z" : -0.11981485784053802,
			"Relative Velocity X" : 1.872029185295105,
			"Relative Velocity Y" : -0.0093445088714361191,
			"Relative Velocity Z" : -0.18321144580841064,
			"Truncated" : 0
		},
		{
			"Absolute Acceleration X" : -0.073490142822265625,
			"Absolute Acceleration Y" : -0.61596256494522095,
			"Absolute Acceleration Z" : 0.026590019464492798,
			"Absolute Velocity X" : 29.518280029296875,
			"Absolute Velocity Y" : -1.0227159261703491,
			"Absolute Velocity Z" : -0.31691914796829224,
			"ActorName" : "CAR 04",
			"BoundingBox3D Extent X" : 4.246734619140625,
			"BoundingBox3D Extent Y" : 1.9392895698547363,
			"BoundingBox3D Extent Z" : 1.4446032047271729,
			"BoundingBox3D Orientation Quat W" : -0.99983030557632446,
			"BoundingBox3D Orientation Quat X" : -0.0047495933249592781,
			"BoundingBox3D Orientation Quat Y" : -0.0054603191092610359,
			"BoundingBox3D Orientation Quat Z" : 0.01683368906378746,
			"BoundingBox3D Origin X" : 24.530458450317383,
			"BoundingBox3D Origin Y" : 2.6750531196594238,
			"BoundingBox3D Origin Z" : 0.45890972018241882,
			"ObjectId" : 4,
			"ObjectType" : "CAR",
			"Occluded" : 0.0,
			"Relative Acceleration X" : -0.051039934158325195,
			"Relative Acceleration Y" : -0.18742907047271729,
			"Relative Acceleration Z" : 0.14782114326953888,
			"Relative Velocity X" : 2.396540641784668,
			"Relative Velocity Y" : -0.46860045194625854,
			"Relative Velocity Z" : 0.012136171571910381,
			"Truncated" : 0
		},
		{
			"Absolute Acceleration X" : 0.059339523315429688,
			"Absolute Acceleration Y" : -0.35799342393875122,
			"Absolute Acceleration Z" : 0.0065132975578308105,
			"Absolute Velocity X" : 27.525173187255859,
			"Absolute Velocity Y" : 0.72860252857208252,
			"Absolute Velocity Z" : -0.30369788408279419,
			"ActorName" : "CAR 05",
			"BoundingBox3D Extent X" : 4.1308565139770508,
			"BoundingBox3D Extent Y" : 1.8116025924682617,
			"BoundingBox3D Extent Z" : 1.1426653861999512,
			"BoundingBox3D Orientation Quat W" : 0.9999052882194519,
			"BoundingBox3D Orientation Quat X" : 0.0023020925000309944,
			"BoundingBox3D Orientation Quat Y" : 0.0064190421253442764,
			"BoundingBox3D Orientation Quat Z" : 0.011666950769722462,
			"BoundingBox3D Origin X" : -67.099075317382812,
			"BoundingBox3D Origin Y" : -0.78522491455078125,
			"BoundingBox3D Origin Z" : 1.2064214944839478,
			"ObjectId" : 5,
			"ObjectType" : "CAR",
			"Occluded" : 0.0,
			"Relative Acceleration X" : 0.045871347188949585,
			"Relative Acceleration Y" : 0.072602421045303345,
			"Relative Acceleration Z" : -0.30014306306838989,
			"Relative Velocity X" : 0.45026353001594543,
			"Relative Velocity Y" : -0.01732235960662365,
			"Relative Velocity Z" : -0.24839869141578674,
			"Truncated" : 0
		},
		{
			"Absolute Acceleration X" : 0.037494007498025894,
			"Absolute Acceleration Y" : 0.038820106536149979,
			"Absolute Acceleration Z" : 0.010832428000867367,
			"Absolute Velocity X" : 25.319887161254883,
			"Absolute Velocity Y" : -1.8285012245178223,