{
	"CapturedObjects" : 
	[
		{
			"Absolute Acceleration X" : -2.7944812774658203,
			"Absolute Acceleration Y" : -1.7836341857910156,
			"Absolute Acceleration Z" : 0.084662765264511108,
			"Absolute Velocity X" : 8.7169761657714844,
			"Absolute Velocity Y" : -10.035314559936523,
			"Absolute Velocity Z" : 0.44415837526321411,
			"ActorName" : "CAR 00",
			"BoundingBox3D Extent X" : 4.1457114219665527,
			"BoundingBox3D Extent Y" : 1.86781907081604,
			"BoundingBox3D Extent Z" : 1.567468523979187,
			"BoundingBox3D Orientation Quat W" : -0.90951693058013916,
			"BoundingBox3D Orientation Quat X" : -0.023602304980158806,
			"BoundingBox3D Orientation Quat Y" : 0.028855802491307259,
			"BoundingBox3D Orientation Quat Z" : 0.41392850875854492,
			"BoundingBox3D Origin X" : 45.732975006103516,
			"BoundingBox3D Origin Y" : -21.940099716186523,
			"BoundingBox3D Origin Z" : 1.1699028015136719,
			"ObjectId" : 0,
			"ObjectType" : "CAR",
			"Occluded" : 0.0,
			"Relative Acceleration X" : -1.4580014944076538,
			"Relative Acceleration Y" : -0.63639670610427856,
			"Relative Acceleration Z" : 0.093482941389083862,
			"Relative Velocity X" : 0.35052451491355896,
			"Relative Velocity Y" : 0.95553511381149292,
			"Relative Velocity Z" : 0.38457882404327393,
			"Truncated" : 0
		},
		{
			"Absolute Acceleration X" : 1.3584957122802734,
			"Absolute Acceleration Y" : -2.070420503616333,
			"Absolute Acceleration Z" : 0.18775957822799683,
			"Absolute Velocity X" : 11.201311111450195,
			"Absolute Velocity Y" : 4.9166789054870605,
			"Absolute Velocity Z" : -0.40158015489578247,
			"ActorName" : "CAR 01",
			"BoundingBox3D Extent X" : 4.593109130859375,
			"BoundingBox3D Extent Y" : 1.9586663246154785,
			"BoundingBox3D Extent Z" : 1.5214827060699463,
			"BoundingBox3D Orientation Quat W" : 0.98186081647872925,
			"BoundingBox3D Orientation Quat X" : 0.0026303799822926521,
			"BoundingBox3D Orientation Quat Y" : 0.016490733250975609,
			"BoundingBox3D Orientation Quat Z" : 0.18875037133693695,
			"BoundingBox3D Origin X" : -22.911933898925781,
			"BoundingBox3D Origin Y" : -5.1059961318969727,
			"BoundingBox3D Origin Z" : 1.117534875869751,
			"ObjectId" : 1,
			"ObjectType" : "CAR",
			"Occluded" : 0.0,
			"Relative Acceleration X" : -0.11486256122589111,
			"Relative Acceleration Y" : 0.9295046329498291,
			"Relative Acceleration Z" : 0.047708183526992798,
			"Relative Velocity X" : -1.2441785335540771,
			"Relative Velocity Y" : -0.65682137012481689,
			"Relative Velocity Z" : -0.042625218629837036,
			"Truncated" : 0
		},
		{
			"Absolute Acceleration X" : -1.3864498138427734,
			"Absolute Acceleration Y" : -0.12370634078979492,
			"Absolute Acceleration Z" : 0.085125483572483063,
			"Absolute Velocity X" : -21.524478912353516,
			"Absolute Velocity Y" : -2.4119584560394287,
			"Absolute Velocity Z" : -0.060452383011579514,
			"ActorName" : "CAR 02",
			"BoundingBox3D Extent X" : 4.4249858856201172,
			"BoundingBox3D Extent Y" : 1.8999999761581421,
			"BoundingBox3D Extent Z" : 1.3428494930267334,
			"BoundingBox3D Orientation Quat W" : -0.05543706938624382,
			"BoundingBox3D Orientation Quat X" : -0.001827567582949996,
			"BoundingBox3D Orientation Quat Y" : 0.0040791691280901432,
			"BoundingBox3D Orientation Quat Z" : 0.99841666221618652,
			"BoundingBox3D Origin X" : 17.937047958374023,
			"BoundingBox3D Origin Y" : 18.801502227783203,
			"BoundingBox3D Origin Z" : 1.4125134944915771,
			"ObjectId" : 2,
			"ObjectType" : "CAR",
			"Occluded" : 0.0,
			"Relative Acceleration X" : -1.301788330078125,
			"Relative Acceleration Y" : -15.499208450317383,
			"Relative Acceleration Z" : 0.58445268869400024,
			"Relative Velocity X" : -39.560100555419922,
			"Relative Velocity Y" : 1.9723310470581055,
			"Relative Velocity Z" : -0.25993508100509644,
			"Truncated" : 0
		}
	],
	"FrameId" : 19426,
	"Timestamp" : 1676040126715398128,
	"TimestampMiddle" : 1676040126698398128
}