{
	"CapturedObjects" : 
	[
		{
			"Absolute Acceleration X" : -0.091121241450309753,
			"Absolute Acceleration Y" : -0.15672627091407776,
			"Absolute Acceleration Z" : 0.025997022166848183,
			"Absolute Velocity X" : 31.657115936279297,
			"Absolute Velocity Y" : -0.088201694190502167,
			"Absolute Velocity Z" : -0.19169321656227112,
			"ActorName" : "CAR 00",
			"BoundingBox3D Extent X" : 4.9437565803527832,
			"BoundingBox3D Extent Y" : 2.1481852531433105,
			"BoundingBox3D Extent Z" : 1.7450592517852783,
			"BoundingBox3D Orientation Quat W" : 0.99995690584182739,
			"BoundingBox3D Orientation Quat X" : -0.0015087133506312966,
			"BoundingBox3D Orientation Quat Y" : 0.0036527628544718027,
			"BoundingBox3D Orientation Quat Z" : 0.0053249550983309746,
			"BoundingBox3D Origin X" : -0.86270570755004883,
			"BoundingBox3D Origin Y" : 7.2756366729736328,
			"BoundingBox3D Origin Z" : 0.83744442462921143,
			"ObjectId" : 0,
			"ObjectType" : "CAR",
			"Occluded" : 0.0,
			"Relative Acceleration X" : -0.023633748292922974,
			"Relative Acceleration Y" : -0.18701827526092529,
			"Relative Acceleration Z" : -0.040663346648216248,
			"Relative Velocity X" : 6.2256102561950684,
			"Relative Velocity Y" : 0.13148859143257141,
			"Relative Velocity Z" : 0.0076042921282351017,
			"Truncated" : 0
		},
		{
			"Absolute Acceleration X" : 0.055099271237850189,
			"Absolute Acceleration Y" : 0.067408092319965363,
			"Absolute Acceleration Z" : 0.01972045935690403,
			"Absolute Velocity X" : -25.774465560913086,
			"Absolute Velocity Y" : 0.14005056023597717,
			"Absolute Velocity Z" : -0.02938217855989933,
			"ActorName" : "CAR 01",
			"BoundingBox3D Extent X" : 4.8202958106994629,
			"BoundingBox3D Extent Y" : 1.8999999761581421,
			"BoundingBox3D Extent Z" : 1.1073716878890991,
			"BoundingBox3D Orientation Quat W" : 0.0031895802821964025,
			"BoundingBox3D Orientation Quat X" : -0.00057207240024581552,
			"BoundingBox3D Orientation Quat Y" : -0.00011807476403191686,
			"BoundingBox3D Orientation Quat Z" : 0.99999547004699707,
			"BoundingBox3D Origin X" : 8.5971803665161133,
			"BoundingBox3D Origin Y" : 21.721626281738281,
			"BoundingBox3D Origin Z" : 0.35529223084449768,
			"ObjectId" : 1,
			"ObjectType" : "CAR",
			"Occluded" : 0.0,
			"Relative Acceleration X" : 0.073277316987514496,
			"Relative Acceleration Y" : 0.05471440777182579,
			"Relative Acceleration Z" : 0.32453224062919617,
			"Relative Velocity X" : -51.168617248535156,
			"Relative Velocity Y" : 0.35314390063285828,
			"Relative Velocity Z" : 0.080292254686355591,
			"Truncated" : 0
		},
		{
			"Absolute Acceleration X" : 0.39226657152175903,
			"Absolute Acceleration Y" : 0.0026187559124082327,
			"Absolute Acceleration Z" : -0.014508211985230446,
			"Absolute Velocity X" : -21.461921691894531,
			"Absolute Velocity Y" : 0.27457153797149658,
			"Absolute Velocity Z" : -0.062079004943370819,
			"ActorName" : "CAR 02",
			"BoundingBox3D Extent X" : 4.0999999046325684,
			"BoundingBox3D Extent Y" : 1.697009801864624,
			"BoundingBox3D Extent Z" : 1.270315408706665,
			"BoundingBox3D Orientation Quat W" : 0.0059747993946075439,
			"BoundingBox3D Orientation Quat X" : -0.0015116769354790449,
			"BoundingBox3D Orientation Quat Y" : -0.00011333270958857611,
			"BoundingBox3D Orientation Quat Z" : 0.99998015165328979,
			"BoundingBox3D Origin X" : -41.927894592285156,
			"BoundingBox3D Origin Y" : 22.168525695800781,
			"BoundingBox3D Origin Z" : 0.61358267068862915,
			"ObjectId" : 2,
			"ObjectType" : "CAR",
			"Occluded" : 0.0,
			"Relative Acceleration X" : 0.40861937403678894,
			"Relative Acceleration Y" : -0.18232905864715576,
			"Relative Acceleration Z" : 0.3778533935546875,
			"Relative Velocity X" : -46.853748321533203,
			"Relative Velocity Y" : 0.61891525983810425,
			"Relative Velocity Z" : 0.13142263889312744,
			"Truncated" : 0
		},
		{
			"Absolute Acceleration X" : 0.16820752620697021,
			"Absolute Acceleration Y" : -0.2929668128490448,
			"Absolute Acceleration Z" : -0.056821752339601517,
			"Absolute Velocity X" : 30.721555709838867,
			"Absolute Velocity Y" : 0.098942972719669342,
			"Absolute Velocity Z" : -0.1544649600982666,
			"ActorName" : "CAR 03",
			"BoundingBox3D Extent X" : 4.6108875274658203,
			"BoundingBox3D Extent Y" : 1.9591915607452393,
			"BoundingBox3D Extent Z" : 1.5170060396194458,
			"BoundingBox3D Orientation Quat W" : 0.99998730421066284,
			"BoundingBox3D Orientation Quat X" : -0.0012690398143604398,
			"BoundingBox3D Orientation Quat Y" : 0.002041196683421731,
			"BoundingBox3D Orientation Quat Z" : 0.00025642290711402893,
			"BoundingBox3D Origin X" : -48.327827453613281,
			"BoundingBox3D Origin Y" : 7.8749699592590332,
			"BoundingBox3D Origin Z" : 1.0068511962890625,
			"ObjectId" : 3,
			"ObjectType" : "CAR",
			"Occluded" : 0.0,
			"Relative Acceleration X" : 0.23406928777694702,
			"Relative Acceleration Y" : -0.49097856879234314,
			"Relative Acceleration Z" : -0.020359998568892479,
			"Relative Velocity X" : 5.2919936180114746,
			"Relative Velocity Y" : 0.44824156165122986,
			"Relative Velocity Z" : 0.12843100726604462,
			"Truncated" : 0
		},
		{
			"Absolute Acceleration X" : -0.12754605710506439,
			"Absolute Acceleration Y" : -0.47758468985557556,
			"Absolute Acceleration Z" : -0.11096616834402084,
			"Absolute Velocity X" : 23.685817718505859,
			"Absolute Velocity Y" : 1.3693943023681641,
			"Absolute Velocity Z" : 0.046851683408021927,
			"ActorName" : "CAR 04",
			"BoundingBox3D Extent X" : 4.0999999046325684,
			"BoundingBox3D Extent Y" : 3.1590290069580078,
			"BoundingBox3D Extent Z" : 2.4310636520385742,
			"BoundingBox3D Orientation Quat W" : 0.99955815076828003,
			"BoundingBox3D Orientation Quat X" : -0.00087314145639538765,
			"BoundingBox3D Orientation Quat Y" : 0.0008014728082343936,
			"BoundingBox3D Orientation Quat Z" : 0.029510721564292908,
			"BoundingBox3D Origin X" : -172.34359741210938,
			"BoundingBox3D Origin Y" : 1.3326232433319092,
			"BoundingBox3D Origin Z" : 1.540332555770874,
			"ObjectId" : 4,
			"ObjectType" : "CAR",
			"Occluded" : 0.0,
			"Relative Acceleration X" : -0.032336384057998657,
			"Relative Acceleration Y" : -0.98440182209014893,
			"Relative Acceleration Z" : 0.51334512233734131,
			"Relative Velocity X" : -1.7568602561950684,
			"Relative Velocity Y" : 1.9758223295211792,
			"Relative Velocity Z" : 0.24314981698989868,
			"Truncated" : 0
		},
		{
			"Absolute Acceleration X" : -0.69624525308609009,
			"Absolute Acceleration Y" : 0.25623899698257446,
			"Absolute Acceleration Z" : -0.16363246738910675,
			"Absolute Velocity X" : -22.254276275634766,
			"Absolute Velocity Y" : 0.11740733683109283,
			"Absolute Velocity Z" : 0.30182516574859619,
			"ActorName" : "CAR 05",
			"BoundingBox3D Extent X" : 4.3150539398193359,
			"BoundingBox3D Extent Y" : 1.9216043949127197,
			"BoundingBox3D Extent Z" : 1.5225863456726074,
			"BoundingBox3D Orientation Quat W" : 0.0055080978199839592,
			"BoundingBox3D Orientation Quat X" : 0.0019590745214372873,
			"BoundingBox3D Orientation Quat Y" : -0.00012387143215164542,
			"BoundingBox3D Orientation Quat Z" : 0.99997377395629883,
			"BoundingBox3D Origin X" : 56.715038299560547,
			"BoundingBox3D Origin Y" : 21.264810562133789,
			"BoundingBox3D Origin Z" : 0.08448445051908493,
			"ObjectId" : 5,
			"ObjectType" : "CAR",
			"Occluded" : 0.0,
			"Relative Acceleration X" : -0.67191368341445923,
			"Relative Acceleration Y" : 0.38566777110099792,
			"Relative Acceleration Z" : -0.070960015058517456,
			"Relative Velocity X" : -47.652702331542969,
			"Relative Velocity Y" : 0.23003661632537842,
			"Relative Velocity Z" : 0.41852959990501404,
			"Truncated" : 0
		},
		{
			"Absolute Acceleration X" : 0.23625920712947845,
			"Absolute Acceleration Y" : -0.1279430091381073,
			"Absolute Acceleration Z" : 0.109829381108284,
			"Absolute Velocity X" : 31.84406852722168,
			"Absolute Velocity Y" : -0.091737560927867889,