{
	"CapturedObjects" : 
	[
		{
			"Absolute Acceleration X" : 0.15910530090332031,
			"Absolute Acceleration Y" : -0.93810874223709106,
			"Absolute Acceleration Z" : 0.0017532259225845337,
			"Absolute Velocity X" : 23.770895004272461,
			"Absolute Velocity Y" : 1.2855434417724609,
			"Absolute Velocity Z" : -0.21345570683479309,
			"ActorName" : "CAR 01",
			"BoundingBox3D Extent X" : 4.1614699363708496,
			"BoundingBox3D Extent Y" : 1.9984114170074463,
			"BoundingBox3D Extent Z" : 1.3978400230407715,
			"BoundingBox3D Orientation Quat W" : 0.99963146448135376,
			"BoundingBox3D Orientation Quat X" : 0.0073910956270992756,
			"BoundingBox3D Orientation Quat Y" : 0.0053013712167739868,
			"BoundingBox3D Orientation Quat Z" : 0.025462891906499863,
			"BoundingBox3D Origin X" : -38.756893157958984,
			"BoundingBox3D Origin Y" : -0.15694479644298553,
			"BoundingBox3D Origin Z" : 1.0088703632354736,
			"ObjectId" : 1,
			"ObjectType" : "CAR",
			"Occluded" : 0.0,
			"Relative Acceleration X" : -0.091403216123580933,
			"Relative Acceleration Y" : 0.076267987489700317,
			"Relative Acceleration Z" : -0.049122810363769531,
			"Relative Velocity X" : -0.48725509643554688,
			"Relative Velocity Y" : 0.38469520211219788,
			"Relative Velocity Z" : 0.12583650648593903,
			"Truncated" : 0
		},
		{
			"Absolute Acceleration X" : 0.17313575744628906,
			"Absolute Acceleration Y" : -1.2240228652954102,
			"Absolute Acceleration Z" : -0.012951582670211792,
			"Absolute Velocity X" : 29.412607192993164,
			"Absolute Velocity Y" : 0.37278705835342407,
			"Absolute Velocity Z" : -0.27856406569480896,
			"ActorName" : "CAR 02",
			"BoundingBox3D Extent X" : 4.6078062057495117,
			"BoundingBox3D Extent Y" : 2.0203628540039062,
			"BoundingBox3D Extent Z" : 1.4820774793624878,
			"BoundingBox3D Orientation Quat W" : 0.99992555379867554,
			"BoundingBox3D Orientation Quat X" : 0.0069019943475723267,
			"BoundingBox3D Orientation Quat Y" : 0.0049532153643667698,
			"BoundingBox3D Orientation Quat Z" : 0.0083029307425022125,
			"BoundingBox3D Origin X" : -17.073270797729492,
			"BoundingBox3D Origin Y" : 4.5741276741027832,
			"BoundingBox3D Origin Z" : 0.9229627251625061,
			"ObjectId" : 2,
			"ObjectType" : "CAR",
			"Occluded" : 0.0,
			"Relative Acceleration X" : -0.005340576171875,
			"Relative Acceleration Y" : -0.11128328740596771,
			"Relative Acceleration Z" : -0.047103606164455414,
			"Relative Velocity X" : 5.0231842994689941,
			"Relative Velocity Y" : 0.063688263297080994,
			"Relative Velocity Z" : -0.015239921398460865,
			"Truncated" : 0
		},
		{
			"Absolute Acceleration X" : 0.037027359008789062,
			"Absolute Acceleration Y" : -1.1313326358795166,
			"Absolute Acceleration Z" : 0.027611583471298218,
			"Absolute Velocity X" : 28.062734603881836,
			"Absolute Velocity Y" : 1.0757421255111694,
			"Absolute Velocity Z" : -0.27123370766639709,
			"ActorName" : "CAR 05",
			"BoundingBox3D Extent X" : 4.38079833984375,
			"BoundingBox3D Extent Y" : 1.7732864618301392,
			"BoundingBox3D Extent Z" : 1.3832014799118042,
			"BoundingBox3D Orientation Quat W" : 0.99981790781021118,
			"BoundingBox3D Orientation Quat X" : 0.0080988975241780281,
			"BoundingBox3D Orientation Quat Y" : 0.0048671863041818142,
			"BoundingBox3D Orientation Quat Z" : 0.016330253332853317,
			"BoundingBox3D Origin X" : -36.458030700683594,
			"BoundingBox3D Origin Y" : 3.8368556499481201,
			"BoundingBox3D Origin Z" : 1.020768404006958,
			"ObjectId" : 5,
			"ObjectType" : "CAR",
			"Occluded" : 0.0,
			"Relative Acceleration X" : -0.16895771026611328,
			"Relative Acceleration Y" : 0.086356461048126221,
			"Relative Acceleration Z" : -0.023735061287879944,
			"Relative Velocity X" : 3.6933488845825195,
			"Relative Velocity Y" : 0.23212537169456482,
			"Relative Velocity Z" : 0.047645226120948792,
			"Truncated" : 0
		},
		{
			"Absolute Acceleration X" : 0.11318016052246094,
			"Absolute Acceleration Y" : -1.1268424987792969,
			"Absolute Acceleration Z" : -0.30144840478897095,
			"Absolute Velocity X" : 25.010187149047852,
			"Absolute Velocity Y" : 5.9858856201171875,
			"Absolute Velocity Z" : -0.16761808097362518,
			"ActorName" : "CAR 06",
			"BoundingBox3D Extent X" : 4.0999999046325684,
			"BoundingBox3D Extent Y" : 2.0325560569763184,
			"BoundingBox3D Extent Z" : 0.91588109731674194,
			"BoundingBox3D Orientation Quat W" : 0.99346137046813965,
			"BoundingBox3D Orientation Quat X" : 0.0076385396532714367,
			"BoundingBox3D Orientation Quat Y" : 0.0060702282935380936,
			"BoundingBox3D Orientation Quat Z" : 0.11374226212501526,
			"BoundingBox3D Origin X" : -159.46754455566406,
			"BoundingBox3D Origin Y" : -15.696924209594727,
			"BoundingBox3D Origin Z" : 2.0642168521881104,
			"ObjectId" : 6,
			"ObjectType" : "CAR",
			"Occluded" : 0.0,
			"Relative Acceleration X" : -0.43134474754333496,
			"Relative Acceleration Y" : 1.0393093824386597,
			"Relative Acceleration Z" : -0.34668949246406555,
			"Relative Velocity X" : 1.1870100498199463,
			"Relative Velocity Y" : 1.7503674030303955,
			"Relative Velocity Z" : 0.51514828205108643,
			"Truncated" : 0
		},
		{
			"Absolute Acceleration X" : -0.12429268658161163,
			"Absolute Acceleration Y" : -0.14204198122024536,
			"Absolute Acceleration Z" : 0.018605524674057961,
			"Absolute Velocity X" : 26.150222778320312,
			"Absolute Velocity Y" : -1.7343393564224243,
			"Absolute Velocity Z" : -0.23563413321971893,
			"ActorName" : "CAR 08",
			"BoundingBox3D Extent X" : 4.0999999046325684,
			"BoundingBox3D Extent Y" : 2.1889989376068115,
			"BoundingBox3D Extent Z" : 1.8636620044708252,
			"BoundingBox3D Orientation Quat W" : -0.99934053421020508,
			"BoundingBox3D Orientation Quat X" : -0.0055302423425018787,
			"BoundingBox3D Orientation Quat Y" : -0.004697269294410944,
			"BoundingBox3D Orientation Quat Z" : 0.035481564700603485,
			"BoundingBox3D Origin X" : 141.55484008789062,
			"BoundingBox3D Origin Y" : -5.1322789192199707,
			"BoundingBox3D Origin Z" : -0.3811347484588623,
			"ObjectId" : 8,
			"ObjectType" : "CAR",
			"Occluded" : 0.0,
			"Relative Acceleration X" : -0.35087981820106506,
			"Relative Acceleration Y" : 0.19170166552066803,
			"Relative Acceleration Z" : -0.35277625918388367,
			"Relative Velocity X" : 2.0230188369750977,
			"Relative Velocity Y" : 2.3386688232421875,
			"Relative Velocity Z" : -0.38052326440811157,
			"Truncated" : 0
		},
		{
			"Absolute Acceleration X" : 0.075590133666992188,
			"Absolute Acceleration Y" : -0.88711309432983398,
			"Absolute Acceleration Z" : 0.012521862983703613,
			"Absolute Velocity X" : 25.714838027954102,
			"Absolute Velocity Y" : 3.4125657081604004,
			"Absolute Velocity Z" : -0.32485517859458923,
			"ActorName" : "CAR 09",
			"BoundingBox3D Extent X" : 4.0999999046325684,
			"BoundingBox3D Extent Y" : 1.8634426593780518,
			"BoundingBox3D Extent Z" : 2.0244758129119873,
			"BoundingBox3D Orientation Quat W" : 0.99805247783660889,
			"BoundingBox3D Orientation Quat X" : 0.0096993707120418549,
			"BoundingBox3D Orientation Quat Y" : 0.0074852886609733105,
			"BoundingBox3D Orientation Quat Z" : 0.061119817197322845,
			"BoundingBox3D Origin X" : -91.427947998046875,
			"BoundingBox3D Origin Y" : -4.2194294929504395,
			"BoundingBox3D Origin Z" : 1.8896248340606689,
			"ObjectId" : 9,
			"ObjectType" : "CAR",
			"Occluded" : 0.0,
			"Relative Acceleration X" : -0.28128314018249512,
			"Relative Acceleration Y" : 0.71715927124023438,
			"Relative Acceleration Z" : -0.044497162103652954,
			"Relative Velocity X" : 1.5707160234451294,
			"Relative Velocity Y" : 1.053473949432373,
			"Relative Velocity Z" : 0.15733329951763153,
			"Truncated" : 0
		},
		{
			"Absolute Acceleration X" : 0.36852073669433594,
			"Absolute Acceleration Y" : -1.4188016653060913,
			"Absolute Acceleration Z" : 0.0057643651962280273,
			"Absolute Velocity X" : 28.258537292480469,
			"Absolute Velocity Y" : 2.0641224384307861,
			"Absolute Velocity Z" : -0.29294559359550476,