{
	"CapturedObjects" : 
	[
		{
			"Absolute Acceleration X" : -0.011943817138671875,
			"Absolute Acceleration Y" : -0.13664832711219788,
			"Absolute Acceleration Z" : -0.051783055067062378,
			"Absolute Velocity X" : 27.054418563842773,
			"Absolute Velocity Y" : -0.32035151124000549,
			"Absolute Velocity Z" : 0.052503008395433426,
			"ActorName" : "CAR 00",
			"BoundingBox3D Extent X" : 4.3256669044494629,
			"BoundingBox3D Extent Y" : 2.2182471752166748,
			"BoundingBox3D Extent Z" : 1.6845625638961792,
			"BoundingBox3D Orientation Quat W" : 0.99999576807022095,
			"BoundingBox3D Orientation Quat X" : 0.0006784620345570147,
			"BoundingBox3D Orientation Quat Y" : -0.0013228363823145628,
			"BoundingBox3D Orientation Quat Z" : 0.0012666800757870078,
			"BoundingBox3D Origin X" : -25.223600387573242,
			"BoundingBox3D Origin Y" : 0.60164880752563477,
			"BoundingBox3D Origin Z" : 0.70833683013916016,
			"ObjectId" : 0,
			"ObjectType" : "CAR",
			"Occluded" : 0.0,
			"Relative Acceleration X" : -0.094150610268115997,
			"Relative Acceleration Y" : -0.054408252239227295,
			"Relative Acceleration Z" : 0.43457534909248352,
			"Relative Velocity X" : -0.062097210437059402,
			"Relative Velocity Y" : -0.28815743327140808,
			"Relative Velocity Z" : 0.033314596861600876,
			"Truncated" : 0
		},
		{
			"Absolute Acceleration X" : 0.34417533874511719,
			"Absolute Acceleration Y" : -0.014872312545776367,
			"Absolute Acceleration Z" : -0.038425087928771973,
			"Absolute Velocity X" : 27.467607498168945,
			"Absolute Velocity Y" : 0.45668452978134155,
			"Absolute Velocity Z" : -0.15735261142253876,
			"ActorName" : "CAR 01",
			"BoundingBox3D Extent X" : 4.0999999046325684,
			"BoundingBox3D Extent Y" : 1.6430835723876953,
			"BoundingBox3D Extent Z" : 1.4837304353713989,
			"BoundingBox3D Orientation Quat W" : 0.99992799758911133,
			"BoundingBox3D Orientation Quat X" : 0.002433098154142499,
			"BoundingBox3D Orientation Quat Y" : 0.0034889495000243187,
			"BoundingBox3D Orientation Quat Z" : 0.010928336530923843,
			"BoundingBox3D Origin X" : 44.721225738525391,
			"BoundingBox3D Origin Y" : 1.6380420923233032,
			"BoundingBox3D Origin Z" : 0.53072565793991089,
			"ObjectId" : 1,
			"ObjectType" : "CAR",
			"Occluded" : 0.0,
			"Relative Acceleration X" : 0.24662159383296967,
			"Relative Acceleration Y" : 0.27616101503372192,
			"Relative Acceleration Z" : -0.52533173561096191,
			"Relative Velocity X" : 0.34100425243377686,
			"Relative Velocity Y" : 1.0123766660690308,
			"Relative Velocity Z" : -0.054737791419029236,
			"Truncated" : 0
		},
		{
			"Absolute Acceleration X" : 0.974853515625,
			"Absolute Acceleration Y" : 0.73538708686828613,
			"Absolute Acceleration Z" : 0.033469662070274353,
			"Absolute Velocity X" : 40.732330322265625,
			"Absolute Velocity Y" : -0.54567146301269531,
			"Absolute Velocity Z" : -0.28351664543151855,
			"ActorName" : "CAR 07",
			"BoundingBox3D Extent X" : 4.2486448287963867,
			"BoundingBox3D Extent Y" : 1.8063856363296509,
			"BoundingBox3D Extent Z" : 2.1072132587432861,
			"BoundingBox3D Orientation Quat W" : -0.99998205900192261,
			"BoundingBox3D Orientation Quat X" : -4.212029671180062e-05,
			"BoundingBox3D Orientation Quat Y" : -0.0033472301438450813,
			"BoundingBox3D Orientation Quat Z" : 0.004854629747569561,
			"BoundingBox3D Origin X" : 99.574302673339844,
			"BoundingBox3D Origin Y" : 2.9471480846405029,
			"BoundingBox3D Origin Z" : 0.48246264457702637,
			"ObjectId" : 7,
			"ObjectType" : "CAR",
			"Occluded" : 0.0,
			"Relative Acceleration X" : 0.87616443634033203,
			"Relative Acceleration Y" : 1.2897188663482666,
			"Relative Acceleration Z" : -1.1371562480926514,
			"Relative Velocity X" : 13.595669746398926,
			"Relative Velocity Y" : 0.44538325071334839,
			"Relative Velocity Z" : -0.11967901885509491,
			"Truncated" : 0
		},
		{
			"Absolute Acceleration X" : 0.18115806579589844,
			"Absolute Acceleration Y" : -0.098954074084758759,
			"Absolute Acceleration Z" : -0.10881681740283966,
			"Absolute Velocity X" : 29.457914352416992,
			"Absolute Velocity Y" : -0.092640623450279236,
			"Absolute Velocity Z" : 0.22977578639984131,
			"ActorName" : "CAR 08",
			"BoundingBox3D Extent X" : 4.1717782020568848,
			"BoundingBox3D Extent Y" : 1.7863059043884277,
			"BoundingBox3D Extent Z" : 1.2831528186798096,
			"BoundingBox3D Orientation Quat W" : 0.99998289346694946,
			"BoundingBox3D Orientation Quat X" : -0.0003532376722432673,
			"BoundingBox3D Orientation Quat Y" : -0.0043798028491437435,
			"BoundingBox3D Orientation Quat Z" : -0.0026345567312091589,
			"BoundingBox3D Origin X" : -71.706398010253906,
			"BoundingBox3D Origin Y" : 4.8948469161987305,
			"BoundingBox3D Origin Z" : 0.25576677918434143,
			"ObjectId" : 8,
			"ObjectType" : "CAR",
			"Occluded" : 0.0,
			"Relative Acceleration X" : 0.080302000045776367,
			"Relative Acceleration Y" : -0.13696268200874329,
			"Relative Acceleration Z" : 1.0122284889221191,
			"Relative Velocity X" : 2.3108212947845459,
			"Relative Velocity Y" : -0.40497109293937683,
			"Relative Velocity Z" : 0.10338494926691055,
			"Truncated" : 0
		},
		{
			"Absolute Acceleration X" : 0.13609504699707031,
			"Absolute Acceleration Y" : 0.23430989682674408,
			"Absolute Acceleration Z" : 0.40379470586776733,
			"Absolute Velocity X" : -12.595446586608887,
			"Absolute Velocity Y" : 0.17161722481250763,
			"Absolute Velocity Z" : -0.11653843522071838,
			"ActorName" : "CAR 09",
			"BoundingBox3D Extent X" : 8.8847694396972656,
			"BoundingBox3D Extent Y" : 2.8085198402404785,
			"BoundingBox3D Extent Z" : 1.9207603931427002,
			"BoundingBox3D Orientation Quat W" : 0.0061136558651924133,
			"BoundingBox3D Orientation Quat X" : -0.0067570186220109463,
			"BoundingBox3D Orientation Quat Y" : 0.00011244755296502262,
			"BoundingBox3D Orientation Quat Z" : 0.99988383054733276,
			"BoundingBox3D Origin X" : -22.227338790893555,
			"BoundingBox3D Origin Y" : 15.20189094543457,
			"BoundingBox3D Origin Z" : 1.4456682205200195,
			"ObjectId" : 9,
			"ObjectType" : "CAR",
			"Occluded" : 0.0,
			"Relative Acceleration X" : 0.01897430419921875,
			"Relative Acceleration Y" : 0.029557377099990845,
			"Relative Acceleration Z" : 0.52373433113098145,
			"Relative Velocity X" : -39.824344635009766,
			"Relative Velocity Y" : 0.15530343353748322,
			"Relative Velocity Z" : -0.071447581052780151,
			"Truncated" : 0
		},
		{
			"Absolute Acceleration X" : 0.10124778747558594,
			"Absolute Acceleration Y" : -0.20737287402153015,
			"Absolute Acceleration Z" : -0.025648519396781921,
			"Absolute Velocity X" : 25.801473617553711,
			"Absolute Velocity Y" : -0.26463624835014343,
			"Absolute Velocity Z" : -0.17062123119831085,
			"ActorName" : "CAR 10",
			"BoundingBox3D Extent X" : 4.277015209197998,
			"BoundingBox3D Extent Y" : 1.7716761827468872,
			"BoundingBox3D Extent Z" : 2.0736072063446045,
			"BoundingBox3D Orientation Quat W" : 0.9999728798866272,
			"BoundingBox3D Orientation Quat X" : -0.00073538144351914525,
			"BoundingBox3D Orientation Quat Y" : 0.0032155485823750496,
			"BoundingBox3D Orientation Quat Z" : -0.0061245760880410671,
			"BoundingBox3D Origin X" : 61.452888488769531,
			"BoundingBox3D Origin Y" : 0.042026083916425705,
			"BoundingBox3D Origin Z" : 0.72564178705215454,
			"ObjectId" : 10,
			"ObjectType" : "CAR",
			"Occluded" : 0.0,
			"Relative Acceleration X" : 0.015384674072265625,
			"Relative Acceleration Y" : 0.12139745056629181,
			"Relative Acceleration Z" : -0.74223113059997559,
			"Relative Velocity X" : -1.3121155500411987,
			"Relative Velocity Y" : 0.41372635960578918,
			"Relative Velocity Z" : -0.025309218093752861,
			"Truncated" : 0
		}
	],
	"FrameId" : 15273,
	"Timestamp" : 1676039849848729256,
	"TimestampMiddle" : 1676039849831729256
}