{
	"CapturedObjects" : 
	[
		{
			"Absolute Acceleration X" : 0.28992462158203125,
			"Absolute Acceleration Y" : -0.088685423135757446,
			"Absolute Acceleration Z" : 0.099654853343963623,
			"Absolute Velocity X" : 31.661537170410156,
			"Absolute Velocity Y" : -0.37707358598709106,
			"Absolute Velocity Z" : -0.28980997204780579,
			"ActorName" : "CAR 01",
			"BoundingBox3D Extent X" : 4.9785623550415039,
			"BoundingBox3D Extent Y" : 2.0556600093841553,
			"BoundingBox3D Extent Z" : 1.4564532041549683,
			"BoundingBox3D Orientation Quat W" : 0.99996370077133179,
			"BoundingBox3D Orientation Quat X" : 0.0064530507661402225,
			"BoundingBox3D Orientation Quat Y" : 0.0039049349725246429,
			"BoundingBox3D Orientation Quat Z" : 0.00069619837449863553,
			"BoundingBox3D Origin X" : 12.371230125427246,
			"BoundingBox3D Origin Y" : 3.8055424690246582,
			"BoundingBox3D Origin Z" : 0.588512122631073,
			"ObjectId" : 1,
			"ObjectType" : "CAR",
			"Occluded" : 0.0,
			"Relative Acceleration X" : 0.078185081481933594,
			"Relative Acceleration Y" : 0.08406645804643631,
			"Relative Acceleration Z" : 0.073194466531276703,
			"Relative Velocity X" : 3.8261723518371582,
			"Relative Velocity Y" : -0.083474993705749512,
			"Relative Velocity Z" : -0.049844816327095032,
			"Truncated" : 0
		},
		{
			"Absolute Acceleration X" : -0.33764839172363281,
			"Absolute Acceleration Y" : -0.21949148178100586,
			"Absolute Acceleration Z" : 0.12073802202939987,
			"Absolute Velocity X" : 27.822748184204102,
			"Absolute Velocity Y" : -0.65472131967544556,
			"Absolute Velocity Z" : -0.10630013793706894,
			"ActorName" : "CAR 03",
			"BoundingBox3D Extent X" : 4.0999999046325684,
			"BoundingBox3D Extent Y" : 1.7416778802871704,
			"BoundingBox3D Extent Z" : 1.5282447338104248,
			"BoundingBox3D Orientation Quat W" : -0.99998480081558228,
			"BoundingBox3D Orientation Quat X" : -0.0017766896635293961,
			"BoundingBox3D Orientation Quat Y" : -0.0024357528891414404,
			"BoundingBox3D Orientation Quat Z" : 0.0034854365512728691,
			"BoundingBox3D Origin X" : 51.538471221923828,
			"BoundingBox3D Origin Y" : -0.58955371379852295,
			"BoundingBox3D Origin Z" : 0.33906015753746033,
			"ObjectId" : 3,
			"ObjectType" : "CAR",
			"Occluded" : 0.0,
			"Relative Acceleration X" : -0.56181418895721436,
			"Relative Acceleration Y" : -0.24618147313594818,
			"Relative Acceleration Z" : 0.28847149014472961,
			"Relative Velocity X" : 0.0079696914181113243,
			"Relative Velocity Y" : -0.17061537504196167,
			"Relative Velocity Z" : 0.040064487606287003,
			"Truncated" : 0
		},
		{
			"Absolute Acceleration X" : -0.035284042358398438,
			"Absolute Acceleration Y" : -0.20801550149917603,
			"Absolute Acceleration Z" : 0.11526450514793396,
			"Absolute Velocity X" : 31.71156120300293,
			"Absolute Velocity Y" : -0.12962335348129272,
			"Absolute Velocity Z" : -0.37947264313697815,
			"ActorName" : "CAR 04",
			"BoundingBox3D Extent X" : 5.3322725296020508,
			"BoundingBox3D Extent Y" : 2.0638191699981689,
			"BoundingBox3D Extent Z" : 1.4742890596389771,
			"BoundingBox3D Orientation Quat W" : 0.99994462728500366,
			"BoundingBox3D Orientation Quat X" : 0.0038686888292431831,
			"BoundingBox3D Orientation Quat Y" : 0.0063793244771659374,
			"BoundingBox3D Orientation Quat Z" : -0.0063352258875966072,
			"BoundingBox3D Origin X" : -19.85206413269043,
			"BoundingBox3D Origin Y" : 4.0150351524353027,
			"BoundingBox3D Origin Z" : 0.92329925298690796,
			"ObjectId" : 4,
			"ObjectType" : "CAR",
			"Occluded" : 0.0,
			"Relative Acceleration X" : -0.24958968162536621,
			"Relative Acceleration Y" : 0.088060326874256134,
			"Relative Acceleration Z" : -0.064254730939865112,
			"Relative Velocity X" : 3.8764550685882568,
			"Relative Velocity Y" : 0.010997941717505455,
			"Relative Velocity Z" : -0.038661863654851913,
			"Truncated" : 0
		},
		{
			"Absolute Acceleration X" : -0.14447402954101562,
			"Absolute Acceleration Y" : -0.98816311359405518,
			"Absolute Acceleration Z" : 0.072615355253219604,
			"Absolute Velocity X" : 25.521339416503906,
			"Absolute Velocity Y" : -0.8150256872177124,
			"Absolute Velocity Z" : -0.37127009034156799,
			"ActorName" : "CAR 05",
			"BoundingBox3D Extent X" : 5.1394953727722168,
			"BoundingBox3D Extent Y" : 2.3713786602020264,
			"BoundingBox3D Extent Z" : 1.8860985040664673,
			"BoundingBox3D Orientation Quat W" : -0.99974268674850464,
			"BoundingBox3D Orientation Quat X" : 0.0027394862845540047,
			"BoundingBox3D Orientation Quat Y" : -0.0068971971049904823,
			"BoundingBox3D Orientation Quat Z" : 0.021367654204368591,
			"BoundingBox3D Origin X" : -17.775203704833984,
			"BoundingBox3D Origin Y" : -3.5450289249420166,
			"BoundingBox3D Origin Z" : 1.1366734504699707,
			"ObjectId" : 5,
			"ObjectType" : "CAR",
			"Occluded" : 0.0,
			"Relative Acceleration X" : -0.38068819046020508,
			"Relative Acceleration Y" : -0.78335607051849365,
			"Relative Acceleration Z" : -0.082330495119094849,
			"Relative Velocity X" : -2.2769477367401123,
			"Relative Velocity Y" : -0.65659576654434204,
			"Relative Velocity Z" : 0.015410480089485645,
			"Truncated" : 0
		},
		{
			"Absolute Acceleration X" : -0.13605880737304688,
			"Absolute Acceleration Y" : -0.75818657875061035,
			"Absolute Acceleration Z" : 0.1733441948890686,
			"Absolute Velocity X" : 27.848922729492188,
			"Absolute Velocity Y" : -2.6081552505493164,
			"Absolute Velocity Z" : 0.62240117788314819,
			"ActorName" : "CAR 09",
			"BoundingBox3D Extent X" : 4.0999999046325684,
			"BoundingBox3D Extent Y" : 2.5330817699432373,
			"BoundingBox3D Extent Z" : 2.9723806381225586,
			"BoundingBox3D Orientation Quat W" : -0.99868297576904297,
			"BoundingBox3D Orientation Quat X" : -0.015709659084677696,
			"BoundingBox3D Orientation Quat Y" : 0.011412007734179497,
			"BoundingBox3D Orientation Quat Z" : 0.047413792461156845,
			"BoundingBox3D Origin X" : 200.35151672363281,
			"BoundingBox3D Origin Y" : -7.127784252166748,
			"BoundingBox3D Origin Z" : 2.4070470333099365,
			"ObjectId" : 9,
			"ObjectType" : "CAR",
			"Occluded" : 0.0,
			"Relative Acceleration X" : -0.3746020495891571,
			"Relative Acceleration Y" : -1.373072624206543,
			"Relative Acceleration Z" : 1.0078330039978027,
			"Relative Velocity X" : 0.070846386253833771,
			"Relative Velocity Y" : -1.3963494300842285,
			"Relative Velocity Z" : 0.33760383725166321,
			"Truncated" : 0
		},
		{
			"Absolute Acceleration X" : -0.55659103393554688,
			"Absolute Acceleration Y" : -0.030531860888004303,
			"Absolute Acceleration Z" : 0.072518736124038696,
			"Absolute Velocity X" : 33.479782104492188,
			"Absolute Velocity Y" : -0.050530172884464264,
			"Absolute Velocity Z" : -0.52325648069381714,
			"ActorName" : "CAR 10",
			"BoundingBox3D Extent X" : 4.3497781753540039,
			"BoundingBox3D Extent Y" : 1.9773073196411133,
			"BoundingBox3D Extent Z" : 1.4610841274261475,
			"BoundingBox3D Orientation Quat W" : 0.99995344877243042,
			"BoundingBox3D Orientation Quat X" : -0.00065739022102206945,
			"BoundingBox3D Orientation Quat Y" : 0.0084886969998478889,
			"BoundingBox3D Orientation Quat Z" : -0.0019218997331336141,
			"BoundingBox3D Origin X" : -44.578754425048828,
			"BoundingBox3D Origin Y" : 3.9021134376525879,
			"BoundingBox3D Origin Z" : 1.2119235992431641,
			"ObjectId" : 10,
			"ObjectType" : "CAR",
			"Occluded" : 0.0,
			"Relative Acceleration X" : -0.77257633209228516,
			"Relative Acceleration Y" : 0.38407343626022339,
			"Relative Acceleration Z" : -0.24392910301685333,
			"Relative Velocity X" : 5.6459493637084961,
			"Relative Velocity Y" : -0.029099732637405396,
			"Relative Velocity Z" : -0.10507648438215256,
			"Truncated" : 0
		},
		{
			"Absolute Acceleration X" : -0.16015243530273438,
			"Absolute Acceleration Y" : -0.23615190386772156,
			"Absolute Acceleration Z" : -0.069597110152244568,
			"Absolute Velocity X" : 25.052932739257812,
			"Absolute Velocity Y" : -0.03488747775554657,