{
	"CapturedObjects" : 
	[
		{
			"Absolute Acceleration X" : 0.041190147399902344,
			"Absolute Acceleration Y" : 0.35903525352478027,
			"Absolute Acceleration Z" : -0.030775696039199829,
			"Absolute Velocity X" : 16.010974884033203,
			"Absolute Velocity Y" : -0.14917382597923279,
			"Absolute Velocity Z" : -0.23160620033740997,
			"ActorName" : "CAR 00",
			"BoundingBox3D Extent X" : 5.0130834579467773,
			"BoundingBox3D Extent Y" : 1.9722530841827393,
			"BoundingBox3D Extent Z" : 1.8520313501358032,
			"BoundingBox3D Orientation Quat W" : 0.99995726346969604,
			"BoundingBox3D Orientation Quat X" : 0.0026119027752429247,
			"BoundingBox3D Orientation Quat Y" : 0.0060598300769925117,
			"BoundingBox3D Orientation Quat Z" : -0.0040873312391340733,
			"BoundingBox3D Origin X" : 6.6803817749023438,
			"BoundingBox3D Origin Y" : 3.7573361396789551,
			"BoundingBox3D Origin Z" : 0.77739012241363525,
			"ObjectId" : 0,
			"ObjectType" : "CAR",
			"Occluded" : 0.0,
			"Relative Acceleration X" : -0.33995926380157471,
			"Relative Acceleration Y" : 0.066833481192588806,
			"Relative Acceleration Z" : 0.057550512254238129,
			"Relative Velocity X" : -0.78272688388824463,
			"Relative Velocity Y" : -0.1181289330124855,
			"Relative Velocity Z" : -0.01672772504389286,
			"Truncated" : 0
		},
		{
			"Absolute Acceleration X" : 0.26562309265136719,
			"Absolute Acceleration Y" : 0.68027478456497192,
			"Absolute Acceleration Z" : 4.8220157623291016e-05,
			"Absolute Velocity X" : 14.654701232910156,
			"Absolute Velocity Y" : -1.051573634147644,
			"Absolute Velocity Z" : -0.19753877818584442,
			"ActorName" : "CAR 01",
			"BoundingBox3D Extent X" : 4.3575758934020996,
			"BoundingBox3D Extent Y" : 2.0040740966796875,
			"BoundingBox3D Extent Z" : 1.4757857322692871,
			"BoundingBox3D Orientation Quat W" : -0.99956780672073364,
			"BoundingBox3D Orientation Quat X" : 0.0018570976098999381,
			"BoundingBox3D Orientation Quat Y" : -0.0067184115760028362,
			"BoundingBox3D Orientation Quat Z" : 0.028370557352900505,
			"BoundingBox3D Origin X" : -22.335718154907227,
			"BoundingBox3D Origin Y" : 4.4486336708068848,
			"BoundingBox3D Origin Z" : 0.92474651336669922,
			"ObjectId" : 1,
			"ObjectType" : "CAR",
			"Occluded" : 0.0,
			"Relative Acceleration X" : -0.16108512878417969,
			"Relative Acceleration Y" : -0.15640483796596527,
			"Relative Acceleration Z" : -0.19935469329357147,
			"Relative Velocity X" : -2.1180310249328613,
			"Relative Velocity Y" : -0.19481226801872253,
			"Relative Velocity Z" : -0.017966771498322487,
			"Truncated" : 0
		},
		{
			"Absolute Acceleration X" : -0.28529262542724609,
			"Absolute Acceleration Y" : 0.19062322378158569,
			"Absolute Acceleration Z" : -0.19053670763969421,
			"Absolute Velocity X" : 15.601841926574707,
			"Absolute Velocity Y" : 0.56505668163299561,
			"Absolute Velocity Z" : -0.23551809787750244,
			"ActorName" : "CAR 02",
			"BoundingBox3D Extent X" : 4.6226119995117188,
			"BoundingBox3D Extent Y" : 1.9168152809143066,
			"BoundingBox3D Extent Z" : 1.6673797369003296,
			"BoundingBox3D Orientation Quat W" : 0.99981516599655151,
			"BoundingBox3D Orientation Quat X" : 0.0042264931835234165,
			"BoundingBox3D Orientation Quat Y" : 0.0061404728330671787,
			"BoundingBox3D Orientation Quat Z" : 0.016793910413980484,
			"BoundingBox3D Origin X" : 27.308855056762695,
			"BoundingBox3D Origin Y" : 4.105076789855957,
			"BoundingBox3D Origin Z" : 0.43321746587753296,
			"ObjectId" : 2,
			"ObjectType" : "CAR",
			"Occluded" : 0.0,
			"Relative Acceleration X" : -0.64937061071395874,
			"Relative Acceleration Y" : 0.34686601161956787,
			"Relative Acceleration Z" : 0.1078369989991188,
			"Relative Velocity X" : -1.182375431060791,
			"Relative Velocity Y" : 0.0063529368489980698,
			"Relative Velocity Z" : -0.010258497670292854,
			"Truncated" : 0
		},
		{
			"Absolute Acceleration X" : -0.94973468780517578,
			"Absolute Acceleration Y" : 0.84886360168457031,
			"Absolute Acceleration Z" : 0.00058178603649139404,
			"Absolute Velocity X" : 14.978347778320312,
			"Absolute Velocity Y" : -1.4852473735809326,
			"Absolute Velocity Z" : -0.20872142910957336,
			"ActorName" : "CAR 03",
			"BoundingBox3D Extent X" : 4.2375988960266113,
			"BoundingBox3D Extent Y" : 1.8981106281280518,
			"BoundingBox3D Extent Z" : 1.4892768859863281,
			"BoundingBox3D Orientation Quat W" : -0.99869382381439209,
			"BoundingBox3D Orientation Quat X" : 0.0074594765901565552,
			"BoundingBox3D Orientation Quat Y" : -0.0075421794317662716,
			"BoundingBox3D Orientation Quat Z" : 0.049608044326305389,
			"BoundingBox3D Origin X" : -32.48834228515625,
			"BoundingBox3D Origin Y" : 5.6379647254943848,
			"BoundingBox3D Origin Z" : 1.1009849309921265,
			"ObjectId" : 3,
			"ObjectType" : "CAR",
			"Occluded" : 0.0,
			"Relative Acceleration X" : -1.4214496612548828,
			"Relative Acceleration Y" : -0.22732216119766235,
			"Relative Acceleration Z" : -0.30248963832855225,
			"Relative Velocity X" : -1.7594590187072754,
			"Relative Velocity Y" : -0.33129718899726868,
			"Relative Velocity Z" : -0.04146147146821022,
			"Truncated" : 0
		},
		{
			"Absolute Acceleration X" : 0.36282730102539062,
			"Absolute Acceleration Y" : 1.3370795249938965,
			"Absolute Acceleration Z" : -0.016172111034393311,
			"Absolute Velocity X" : 17.183832168579102,
			"Absolute Velocity Y" : -2.6235072612762451,
			"Absolute Velocity Z" : -0.22759242355823517,
			"ActorName" : "CAR 04",
			"BoundingBox3D Extent X" : 4.1757917404174805,
			"BoundingBox3D Extent Y" : 1.8231935501098633,
			"BoundingBox3D Extent Z" : 1.4536383152008057,
			"BoundingBox3D Orientation Quat W" : -0.99718469381332397,
			"BoundingBox3D Orientation Quat X" : 0.012253903783857822,
			"BoundingBox3D Orientation Quat Y" : -0.0068622631952166557,
			"BoundingBox3D Orientation Quat Z" : 0.073300175368785858,
			"BoundingBox3D Origin X" : -42.277683258056641,
			"BoundingBox3D Origin Y" : 2.9313812255859375,
			"BoundingBox3D Origin Z" : 1.2601585388183594,
			"ObjectId" : 4,
			"ObjectType" : "CAR",
			"Occluded" : 0.0,
			"Relative Acceleration X" : -0.10280567407608032,
			"Relative Acceleration Y" : -0.041199684143066406,
			"Relative Acceleration Z" : -0.41926175355911255,
			"Relative Velocity X" : 0.37119460105895996,
			"Relative Velocity Y" : -1.1918715238571167,
			"Relative Velocity Z" : -0.037284716963768005,
			"Truncated" : 0
		},
		{
			"Absolute Acceleration X" : 0.21363735198974609,
			"Absolute Acceleration Y" : 0.03918185830116272,
			"Absolute Acceleration Z" : 0.029022844508290291,
			"Absolute Velocity X" : 15.865476608276367,
			"Absolute Velocity Y" : 0.55328887701034546,
			"Absolute Velocity Z" : 0.019447784870862961,
			"ActorName" : "CAR 06",
			"BoundingBox3D Extent X" : 4.4628629684448242,
			"BoundingBox3D Extent Y" : 2.1686763763427734,
			"BoundingBox3D Extent Z" : 2.7319893836975098,
			"BoundingBox3D Orientation Quat W" : 0.99969494342803955,
			"BoundingBox3D Orientation Quat X" : 0.013515962287783623,
			"BoundingBox3D Orientation Quat Y" : -0.00062669598264619708,
			"BoundingBox3D Orientation Quat Z" : 0.020346652716398239,
			"BoundingBox3D Origin X" : 129.38839721679688,
			"BoundingBox3D Origin Y" : 8.7490091323852539,
			"BoundingBox3D Origin Z" : -0.10300999879837036,
			"ObjectId" : 6,
			"ObjectType" : "CAR",
			"Occluded" : 0.0,
			"Relative Acceleration X" : -0.32192474603652954,
			"Relative Acceleration Y" : 2.3339738845825195,
			"Relative Acceleration Z" : 1.4220888614654541,
			"Relative Velocity X" : -0.78353369235992432,
			"Relative Velocity Y" : -2.9225187301635742,
			"Relative Velocity Z" : 0.29164630174636841,
			"Truncated" : 0
		},
		{
			"Absolute Acceleration X" : 0.5735931396484375,
			"Absolute Acceleration Y" : 0.057842075824737549,
			"Absolute Acceleration Z" : 0.0023427605628967285,
			"Absolute Velocity X" : 18.026708602905273,
			"Absolute Velocity Y" : 0.73687142133712769,
			"Absolute Velocity Z" : -0.42733675241470337,