{
	"CapturedObjects" : 
	[
		{
			"Absolute Acceleration X" : -0.044248960912227631,
			"Absolute Acceleration Y" : -0.94766563177108765,
			"Absolute Acceleration Z" : -0.1165706142783165,
			"Absolute Velocity X" : -16.236310958862305,
			"Absolute Velocity Y" : -0.79797989130020142,
			"Absolute Velocity Z" : 0.23136602342128754,
			"ActorName" : "CAR 00",
			"BoundingBox3D Extent X" : 4.0999999046325684,
			"BoundingBox3D Extent Y" : 1.8200886249542236,
			"BoundingBox3D Extent Z" : 1.4905556440353394,
			"BoundingBox3D Orientation Quat W" : -0.026896907016634941,
			"BoundingBox3D Orientation Quat X" : 0.0069458186626434326,
			"BoundingBox3D Orientation Quat Y" : 0.019759584218263626,
			"BoundingBox3D Orientation Quat Z" : 0.99941259622573853,
			"BoundingBox3D Origin X" : -12.52962589263916,
			"BoundingBox3D Origin Y" : 3.5031869411468506,
			"BoundingBox3D Origin Z" : 0.82991260290145874,
			"ObjectId" : 0,
			"ObjectType" : "CAR",
			"Occluded" : 0.0,
			"Relative Acceleration X" : 0.29454120993614197,
			"Relative Acceleration Y" : -1.9308693408966064,
			"Relative Acceleration Z" : 0.25106567144393921,
			"Relative Velocity X" : -34.997821807861328,
			"Relative Velocity Y" : -1.5163377523422241,
			"Relative Velocity Z" : 0.1351514458656311,
			"Truncated" : 0
		},
		{
			"Absolute Acceleration X" : -0.15639385581016541,
			"Absolute Acceleration Y" : 0.058637373149394989,
			"Absolute Acceleration Z" : -0.00080660788808017969,
			"Absolute Velocity X" : -0.010262209922075272,
			"Absolute Velocity Y" : 0.038031168282032013,
			"Absolute Velocity Z" : -0.0020540547557175159,
			"ActorName" : "CAR 01",
			"BoundingBox3D Extent X" : 5.4756393432617188,
			"BoundingBox3D Extent Y" : 1.9495177268981934,
			"BoundingBox3D Extent Z" : 1.3354922533035278,
			"BoundingBox3D Orientation Quat W" : 0.039347313344478607,
			"BoundingBox3D Orientation Quat X" : 0.0019001899054273963,
			"BoundingBox3D Orientation Quat Y" : -0.013897210359573364,
			"BoundingBox3D Orientation Quat Z" : 0.99911642074584961,
			"BoundingBox3D Origin X" : -9.4296970367431641,
			"BoundingBox3D Origin Y" : 14.437230110168457,
			"BoundingBox3D Origin Z" : 1.1451219320297241,
			"ObjectId" : 1,
			"ObjectType" : "CAR",
			"Occluded" : 0.0,
			"Relative Acceleration X" : 0.50981819629669189,
			"Relative Acceleration Y" : 0.043055407702922821,
			"Relative Acceleration Z" : -3.0953004360198975,
			"Relative Velocity X" : -19.59538459777832,
			"Relative Velocity Y" : -0.53375077247619629,
			"Relative Velocity Z" : 0.19894686341285706,
			"Truncated" : 0
		},
		{
			"Absolute Acceleration X" : 0.39724209904670715,
			"Absolute Acceleration Y" : -0.85570335388183594,
			"Absolute Acceleration Z" : 0.12395962327718735,
			"Absolute Velocity X" : 16.433013916015625,
			"Absolute Velocity Y" : 0.91838139295578003,
			"Absolute Velocity Z" : -0.27099260687828064,
			"ActorName" : "CAR 02",
			"BoundingBox3D Extent X" : 4.4656820297241211,
			"BoundingBox3D Extent Y" : 2.252082347869873,
			"BoundingBox3D Extent Z" : 1.6700176000595093,
			"BoundingBox3D Orientation Quat W" : 0.99961531162261963,
			"BoundingBox3D Orientation Quat X" : 0.0018325271084904671,
			"BoundingBox3D Orientation Quat Y" : 0.0077023701742291451,
			"BoundingBox3D Orientation Quat Z" : 0.026199525222182274,
			"BoundingBox3D Origin X" : -12.998119354248047,
			"BoundingBox3D Origin Y" : -3.1560192108154297,
			"BoundingBox3D Origin Z" : 0.95160037279129028,
			"ObjectId" : 2,
			"ObjectType" : "CAR",
			"Occluded" : 0.0,
			"Relative Acceleration X" : 0.22910092771053314,
			"Relative Acceleration Y" : 0.57984662055969238,
			"Relative Acceleration Z" : 0.35369756817817688,
			"Relative Velocity X" : -1.8517478704452515,
			"Relative Velocity Y" : 0.035267408937215805,
			"Relative Velocity Z" : -0.1229008287191391,
			"Truncated" : 0
		},
		{
			"Absolute Acceleration X" : -0.052349939942359924,
			"Absolute Acceleration Y" : -0.16335903108119965,
			"Absolute Acceleration Z" : -0.1120113730430603,
			"Absolute Velocity X" : 15.693603515625,
			"Absolute Velocity Y" : -0.83802682161331177,
			"Absolute Velocity Z" : -0.16564370691776276,
			"ActorName" : "CAR 03",
			"BoundingBox3D Extent X" : 5.0327348709106445,
			"BoundingBox3D Extent Y" : 2.5773553848266602,
			"BoundingBox3D Extent Z" : 1.6179120540618896,
			"BoundingBox3D Orientation Quat W" : -0.99948257207870483,
			"BoundingBox3D Orientation Quat X" : -0.0095703927800059319,
			"BoundingBox3D Orientation Quat Y" : -0.0055166929960250854,
			"BoundingBox3D Orientation Quat Z" : 0.02990671806037426,
			"BoundingBox3D Origin X" : 18.94300651550293,
			"BoundingBox3D Origin Y" : -3.7493138313293457,
			"BoundingBox3D Origin Z" : 0.5776522159576416,
			"ObjectId" : 3,
			"ObjectType" : "CAR",
			"Occluded" : 0.0,
			"Relative Acceleration X" : -0.20103053748607635,
			"Relative Acceleration Y" : -0.36142274737358093,
			"Relative Acceleration Z" : -0.13076741993427277,
			"Relative Velocity X" : -2.549433708190918,
			"Relative Velocity Y" : 0.61729049682617188,
			"Relative Velocity Z" : 0.02423207089304924,
			"Truncated" : 0
		},
		{
			"Absolute Acceleration X" : -0.034664485603570938,
			"Absolute Acceleration Y" : 0.15241892635822296,
			"Absolute Acceleration Z" : -0.14555643498897552,
			"Absolute Velocity X" : 16.559825897216797,
			"Absolute Velocity Y" : -2.6027359962463379,
			"Absolute Velocity Z" : -0.13545332849025726,
			"ActorName" : "CAR 04",
			"BoundingBox3D Extent X" : 4.1435985565185547,
			"BoundingBox3D Extent Y" : 1.8999999761581421,
			"BoundingBox3D Extent Z" : 1.1852937936782837,
			"BoundingBox3D Orientation Quat W" : -0.99732857942581177,
			"BoundingBox3D Orientation Quat X" : 0.0013196228537708521,
			"BoundingBox3D Orientation Quat Y" : -0.0037111863493919373,
			"BoundingBox3D Orientation Quat Z" : 0.072942584753036499,
			"BoundingBox3D Origin X" : 21.549009323120117,
			"BoundingBox3D Origin Y" : 28.134628295898438,
			"BoundingBox3D Origin Z" : 0.87664282321929932,
			"ObjectId" : 4,
			"ObjectType" : "CAR",
			"Occluded" : 0.0,
			"Relative Acceleration X" : 1.5047980546951294,
			"Relative Acceleration Y" : -0.13195215165615082,
			"Relative Acceleration Z" : -0.86896365880966187,
			"Relative Velocity X" : -4.0454635620117188,
			"Relative Velocity Y" : -0.96029406785964966,
			"Relative Velocity Z" : 0.4412304162979126,
			"Truncated" : 0
		},
		{
			"Absolute Acceleration X" : 0.26267379522323608,
			"Absolute Acceleration Y" : 0.24493403732776642,
			"Absolute Acceleration Z" : -0.053318053483963013,
			"Absolute Velocity X" : 16.568696975708008,
			"Absolute Velocity Y" : -2.076019287109375,
			"Absolute Velocity Z" : -0.3048667311668396,
			"ActorName" : "CAR 05",
			"BoundingBox3D Extent X" : 4.0999999046325684,
			"BoundingBox3D Extent Y" : 1.6364924907684326,
			"BoundingBox3D Extent Z" : 1.3244295120239258,
			"BoundingBox3D Orientation Quat W" : -0.9979977011680603,
			"BoundingBox3D Orientation Quat X" : 0.00089044834021478891,
			"BoundingBox3D Orientation Quat Y" : -0.0087112169712781906,
			"BoundingBox3D Orientation Quat Z" : 0.062554270029067993,
			"BoundingBox3D Origin X" : 52.430545806884766,
			"BoundingBox3D Origin Y" : 23.813089370727539,
			"BoundingBox3D Origin Z" : 0.6979554295539856,
			"ObjectId" : 5,
			"ObjectType" : "CAR",
			"Occluded" : 0.0,
			"Relative Acceleration X" : 1.4977614879608154,
			"Relative Acceleration Y" : -1.5461757183074951,
			"Relative Acceleration Z" : -0.97503304481506348,
			"Relative Velocity X" : -3.7026107311248779,
			"Relative Velocity Y" : 1.8466410636901855,
			"Relative Velocity Z" : 0.31518575549125671,
			"Truncated" : 0
		},
		{
			"Absolute Acceleration X" : -0.29607146978378296,
			"Absolute Acceleration Y" : -0.0060048545710742474,
			"Absolute Acceleration Z" : 0.0069208508357405663,
			"Absolute Velocity X" : -15.866103172302246,
			"Absolute Velocity Y" : 1.3301289081573486,
			"Absolute Velocity Z" : 0.25393608212471008,