{
	"CapturedObjects" : 
	[
		{
			"Absolute Acceleration X" : 0.13969945907592773,
			"Absolute Acceleration Y" : -0.0080045275390148163,
			"Absolute Acceleration Z" : -0.0075232787057757378,
			"Absolute Velocity X" : 3.4393279552459717,
			"Absolute Velocity Y" : -0.053465832024812698,
			"Absolute Velocity Z" : -0.0064284210093319416,
			"ActorName" : "CAR 00",
			"BoundingBox3D Extent X" : 4.3323526382446289,
			"BoundingBox3D Extent Y" : 2.0147721767425537,
			"BoundingBox3D Extent Z" : 1.6229699850082397,
			"BoundingBox3D Orientation Quat W" : 0.99995636940002441,
			"BoundingBox3D Orientation Quat X" : -0.0079202037304639816,
			"BoundingBox3D Orientation Quat Y" : 0.00019777887791860849,
			"BoundingBox3D Orientation Quat Z" : 0.0020568231120705605,
			"BoundingBox3D Origin X" : 9.9354887008666992,
			"BoundingBox3D Origin Y" : -1.0507699251174927,
			"BoundingBox3D Origin Z" : 0.68932753801345825,
			"ObjectId" : 0,
			"ObjectType" : "CAR",
			"Occluded" : 0.0,
			"Relative Acceleration X" : -0.016943961381912231,
			"Relative Acceleration Y" : 0.18077985942363739,
			"Relative Acceleration Z" : 0.11512498557567596,
			"Relative Velocity X" : 0.49409827589988708,
			"Relative Velocity Y" : 0.21466054022312164,
			"Relative Velocity Z" : 0.1149289608001709,
			"Truncated" : 0
		},
		{
			"Absolute Acceleration X" : -1.1845717430114746,
			"Absolute Acceleration Y" : 0.2344176173210144,
			"Absolute Acceleration Z" : -0.084517650306224823,
			"Absolute Velocity X" : 5.8141946792602539,
			"Absolute Velocity Y" : 0.69328796863555908,
			"Absolute Velocity Z" : 0.051118828356266022,
			"ActorName" : "CAR 01",
			"BoundingBox3D Extent X" : 4.6473779678344727,
			"BoundingBox3D Extent Y" : 2.2044610977172852,
			"BoundingBox3D Extent Z" : 1.7064533233642578,
			"BoundingBox3D Orientation Quat W" : 0.99830454587936401,
			"BoundingBox3D Orientation Quat X" : 0.0045346585102379322,
			"BoundingBox3D Orientation Quat Y" : -0.0044632372446358204,
			"BoundingBox3D Orientation Quat Z" : 0.057289563119411469,
			"BoundingBox3D Origin X" : -13.926276206970215,
			"BoundingBox3D Origin Y" : -7.8913345336914062,
			"BoundingBox3D Origin Z" : 0.81930363178253174,
			"ObjectId" : 1,
			"ObjectType" : "CAR",
			"Occluded" : 0.0,
			"Relative Acceleration X" : -1.2977015972137451,
			"Relative Acceleration Y" : 0.29404237866401672,
			"Relative Acceleration Z" : -0.18455669283866882,
			"Relative Velocity X" : 3.0272648334503174,
			"Relative Velocity Y" : 0.40239611268043518,
			"Relative Velocity Z" : -0.0008496224763803184,
			"Truncated" : 0
		},
		{
			"Absolute Acceleration X" : 1.1507883071899414,
			"Absolute Acceleration Y" : 0.12795592844486237,
			"Absolute Acceleration Z" : 0.14881432056427002,
			"Absolute Velocity X" : 3.7368929386138916,
			"Absolute Velocity Y" : 0.026311319321393967,
			"Absolute Velocity Z" : -0.034925732761621475,
			"ActorName" : "CAR 02",
			"BoundingBox3D Extent X" : 4.3090038299560547,
			"BoundingBox3D Extent Y" : 1.6191518306732178,
			"BoundingBox3D Extent Z" : 1.7268621921539307,
			"BoundingBox3D Orientation Quat W" : 0.99965864419937134,
			"BoundingBox3D Orientation Quat X" : -0.00082687038229778409,
			"BoundingBox3D Orientation Quat Y" : 0.0027641125489026308,
			"BoundingBox3D Orientation Quat Z" : -0.0037915927823632956,
			"BoundingBox3D Origin X" : 26.550703048706055,
			"BoundingBox3D Origin Y" : -0.94341826438903809,
			"BoundingBox3D Origin Z" : 0.55454015731811523,
			"ObjectId" : 2,
			"ObjectType" : "CAR",
			"Occluded" : 0.0,
			"Relative Acceleration X" : 0.98124629259109497,
			"Relative Acceleration Y" : 0.49636319279670715,
			"Relative Acceleration Z" : 0.46295997500419617,
			"Relative Velocity X" : 0.78834891319274902,
			"Relative Velocity Y" : 0.68663829565048218,
			"Relative Velocity Z" : 0.24423247575759888,
			"Truncated" : 0
		},
		{
			"Absolute Acceleration X" : 0.089595116674900055,
			"Absolute Acceleration Y" : -0.12206850200891495,
			"Absolute Acceleration Z" : 0.006836786400526762,
			"Absolute Velocity X" : -0.00019273669749964029,
			"Absolute Velocity Y" : 0.00022959850321058184,
			"Absolute Velocity Z" : -8.9293865812578588e-07,
			"ActorName" : "CAR 03",
			"BoundingBox3D Extent X" : 4.7897377014160156,
			"BoundingBox3D Extent Y" : 2.169227123260498,
			"BoundingBox3D Extent Z" : 2.9600973129272461,
			"BoundingBox3D Orientation Quat W" : 0.83780694007873535,
			"BoundingBox3D Orientation Quat X" : -0.012184715829789639,
			"BoundingBox3D Orientation Quat Y" : -0.016972124576568604,
			"BoundingBox3D Orientation Quat Z" : -0.54500305652618408,
			"BoundingBox3D Origin X" : 102.52892303466797,
			"BoundingBox3D Origin Y" : -6.5714306831359863,
			"BoundingBox3D Origin Z" : 2.7685868740081787,
			"ObjectId" : 3,
			"ObjectType" : "CAR",
			"Occluded" : 0.0,
			"Relative Acceleration X" : -0.088943958282470703,
			"Relative Acceleration Y" : 0.82761883735656738,
			"Relative Acceleration Z" : 1.1599096059799194,
			"Relative Velocity X" : -2.8417906761169434,
			"Relative Velocity Y" : 2.4452400207519531,
			"Relative Velocity Z" : 1.0113229751586914,
			"Truncated" : 0
		},
		{
			"Absolute Acceleration X" : -0.28979697823524475,
			"Absolute Acceleration Y" : -0.31330513954162598,
			"Absolute Acceleration Z" : 0.017940394580364227,
			"Absolute Velocity X" : 0.19025956094264984,
			"Absolute Velocity Y" : 1.2112987041473389,
			"Absolute Velocity Z" : 0.0062019149772822857,
			"ActorName" : "PEDESTRIAN 04",
			"BoundingBox3D Extent X" : 0.61120021343231201,
			"BoundingBox3D Extent Y" : 0.76307159662246704,
			"BoundingBox3D Extent Z" : 1.8617508411407471,
			"BoundingBox3D Orientation Quat W" : 0.75745075941085815,
			"BoundingBox3D Orientation Quat X" : -0.0096476469188928604,
			"BoundingBox3D Orientation Quat Y" : -0.006677764467895031,
			"BoundingBox3D Orientation Quat Z" : 0.65270131826400757,
			"BoundingBox3D Origin X" : 35.732490539550781,
			"BoundingBox3D Origin Y" : 2.9660642147064209,
			"BoundingBox3D Origin Z" : 0.81723076105117798,
			"ObjectId" : 4,
			"ObjectType" : "PEDESTRIAN",
			"Occluded" : 0.0,
			"Relative Acceleration X" : -0.55137538909912109,
			"Relative Acceleration Y" : -0.018442749977111816,
			"Relative Acceleration Z" : 0.36920219659805298,
			"Relative Velocity X" : -2.852466344833374,
			"Relative Velocity Y" : 2.0786564350128174,
			"Relative Velocity Z" : 0.32953828573226929,
			"Truncated" : 0
		},
		{
			"Absolute Acceleration X" : 0.16303983330726624,
			"Absolute Acceleration Y" : -0.2051471471786499,
			"Absolute Acceleration Z" : 0.0032111550681293011,
			"Absolute Velocity X" : 0.11375711113214493,
			"Absolute Velocity Y" : 0.11930347979068756,
			"Absolute Velocity Z" : -0.0091547043994069099,
			"ActorName" : "MOTORCYCLE 05",
			"BoundingBox3D Extent X" : 5.8706741333007812,
			"BoundingBox3D Extent Y" : 1.2037248611450195,
			"BoundingBox3D Extent Z" : 0.8474196195602417,
			"BoundingBox3D Orientation Quat W" : -0.30722144246101379,
			"BoundingBox3D Orientation Quat X" : 0.0078276032581925392,
			"BoundingBox3D Orientation Quat Y" : 0.02306896448135376,
			"BoundingBox3D Orientation Quat Z" : 0.95113343000411987,
			"BoundingBox3D Origin X" : 90.067672729492188,
			"BoundingBox3D Origin Y" : 3.0676357746124268,
			"BoundingBox3D Origin Z" : 1.1003249883651733,
			"ObjectId" : 5,
			"ObjectType" : "MOTORCYCLE",
			"Occluded" : 0.0,
			"Relative Acceleration X" : -0.081970691680908203,
			"Relative Acceleration Y" : 0.61130893230438232,
			"Relative Acceleration Z" : 0.96694433689117432,
			"Relative Velocity X" : -2.9344801902770996,
			"Relative Velocity Y" : 2.2617495059967041,
			"Relative Velocity Z" : 0.8252524733543396,
			"Truncated" : 0
		},
		{
			"Absolute Acceleration X" : -0.023703241720795631,
			"Absolute Acceleration Y" : -0.073802083730697632,
			"Absolute Acceleration Z" : -0.0027537269052118063,
			"Absolute Velocity X" : 0.015147186815738678,
			"Absolute Velocity Y" : -0.013831490650773048,