{
	"CapturedObjects" : 
	[
		{
			"Absolute Acceleration X" : -0.13504552841186523,
			"Absolute Acceleration Y" : -0.015644371509552002,
			"Absolute Acceleration Z" : -0.023181810975074768,
			"Absolute Velocity X" : 3.1832966804504395,
			"Absolute Velocity Y" : -0.11939094960689545,
			"Absolute Velocity Z" : -0.039131451398134232,
			"ActorName" : "CAR 00",
			"BoundingBox3D Extent X" : 4.3476333618164062,
			"BoundingBox3D Extent Y" : 2.1108732223510742,
			"BoundingBox3D Extent Z" : 1.5744835138320923,
			"BoundingBox3D Orientation Quat W" : -0.99979418516159058,
			"BoundingBox3D Orientation Quat X" : -0.0078057404607534409,
			"BoundingBox3D Orientation Quat Y" : -0.0059041585773229599,
			"BoundingBox3D Orientation Quat Z" : 0.017632918432354927,
			"BoundingBox3D Origin X" : 9.72698974609375,
			"BoundingBox3D Origin Y" : -1.1979426145553589,
			"BoundingBox3D Origin Z" : 0.68652600049972534,
			"ObjectId" : 0,
			"ObjectType" : "CAR",
			"Occluded" : 0.0,
			"Relative Acceleration X" : -0.041110724210739136,
			"Relative Acceleration Y" : 0.0070987166836857796,
			"Relative Acceleration Z" : 0.10767997801303864,
			"Relative Velocity X" : -0.26623013615608215,
			"Relative Velocity Y" : 0.0013475790619850159,
			"Relative Velocity Z" : 0.029114933684468269,
			"Truncated" : 0
		},
		{
			"Absolute Acceleration X" : 0.11134564876556396,
			"Absolute Acceleration Y" : -0.046315908432006836,
			"Absolute Acceleration Z" : 0.028119368478655815,
			"Absolute Velocity X" : 0.61822026968002319,
			"Absolute Velocity Y" : 1.267412543296814,
			"Absolute Velocity Z" : 0.042402047663927078,
			"ActorName" : "PEDESTRIAN 11",
			"BoundingBox3D Extent X" : 0.87016814947128296,
			"BoundingBox3D Extent Y" : 0.74505412578582764,
			"BoundingBox3D Extent Z" : 1.6921769380569458,
			"BoundingBox3D Orientation Quat W" : 0.83760106563568115,
			"BoundingBox3D Orientation Quat X" : -0.0022225847933441401,
			"BoundingBox3D Orientation Quat Y" : -0.005641318392008543,
			"BoundingBox3D Orientation Quat Z" : 0.54587441682815552,
			"BoundingBox3D Origin X" : 42.892433166503906,
			"BoundingBox3D Origin Y" : -1.9076859951019287,
			"BoundingBox3D Origin Z" : 0.59637147188186646,
			"ObjectId" : 11,
			"ObjectType" : "PEDESTRIAN",
			"Occluded" : 0.0,
			"Relative Acceleration X" : 0.17768692970275879,
			"Relative Acceleration Y" : -0.068615198135375977,
			"Relative Acceleration Z" : 0.64464235305786133,
			"Relative Velocity X" : -2.8266305923461914,
			"Relative Velocity Y" : 1.675483226776123,
			"Relative Velocity Z" : 0.2370731383562088,
			"Truncated" : 0
		},
		{
			"Absolute Acceleration X" : -0.18211150169372559,
			"Absolute Acceleration Y" : -0.033421069383621216,
			"Absolute Acceleration Z" : 0.013727244921028614,
			"Absolute Velocity X" : 2.3361968994140625,
			"Absolute Velocity Y" : -0.090345136821269989,
			"Absolute Velocity Z" : -0.013027092441916466,
			"ActorName" : "CAR 13",
			"BoundingBox3D Extent X" : 4.2287254333496094,
			"BoundingBox3D Extent Y" : 1.6592824459075928,
			"BoundingBox3D Extent Z" : 1.5964127779006958,
			"BoundingBox3D Orientation Quat W" : -0.99964898824691772,
			"BoundingBox3D Orientation Quat X" : -0.013128712773323059,
			"BoundingBox3D Orientation Quat Y" : -0.0032173963263630867,
			"BoundingBox3D Orientation Quat Z" : 0.022742202505469322,
			"BoundingBox3D Origin X" : 27.676809310913086,
			"BoundingBox3D Origin Y" : -1.6060167551040649,
			"BoundingBox3D Origin Z" : 0.54014730453491211,
			"ObjectId" : 13,
			"ObjectType" : "CAR",
			"Occluded" : 0.0,
			"Relative Acceleration X" : -0.088975310325622559,
			"Relative Acceleration Y" : -0.024033308029174805,
			"Relative Acceleration Z" : 0.40685766935348511,
			"Relative Velocity X" : -1.1098496913909912,
			"Relative Velocity Y" : 0.18626706302165985,
			"Relative Velocity Z" : 0.12709048390388489,
			"Truncated" : 0
		},
		{
			"Absolute Acceleration X" : 0.12025866657495499,
			"Absolute Acceleration Y" : -0.44950804114341736,
			"Absolute Acceleration Z" : 0.0032766743097454309,
			"Absolute Velocity X" : -2.9921150207519531,
			"Absolute Velocity Y" : 7.719454288482666,
			"Absolute Velocity Z" : -0.22329193353652954,
			"ActorName" : "CAR 14",
			"BoundingBox3D Extent X" : 4.3815422058105469,
			"BoundingBox3D Extent Y" : 1.8999999761581421,
			"BoundingBox3D Extent Z" : 1.3448079824447632,
			"BoundingBox3D Orientation Quat W" : 0.56304877996444702,
			"BoundingBox3D Orientation Quat X" : -0.0011314137373119593,
			"BoundingBox3D Orientation Quat Y" : 0.019126364961266518,
			"BoundingBox3D Orientation Quat Z" : 0.8261641263961792,
			"BoundingBox3D Origin X" : 101.57011413574219,
			"BoundingBox3D Origin Y" : 4.3807830810546875,
			"BoundingBox3D Origin Z" : 1.2500543594360352,
			"ObjectId" : 14,
			"ObjectType" : "CAR",
			"Occluded" : 0.0,
			"Relative Acceleration X" : 0.063351564109325409,
			"Relative Acceleration Y" : -0.32536903023719788,
			"Relative Acceleration Z" : 0.82117915153503418,
			"Relative Velocity X" : -6.4931979179382324,
			"Relative Velocity Y" : 8.6334514617919922,
			"Relative Velocity Z" : 0.21938924491405487,
			"Truncated" : 0
		},
		{
			"Absolute Acceleration X" : 0.85685873031616211,
			"Absolute Acceleration Y" : -0.081280715763568878,
			"Absolute Acceleration Z" : -0.026386309415102005,
			"Absolute Velocity X" : 7.2671270370483398,
			"Absolute Velocity Y" : -0.39471954107284546,
			"Absolute Velocity Z" : -0.010352215729653835,
			"ActorName" : "CAR 15",
			"BoundingBox3D Extent X" : 4.1383447647094727,
			"BoundingBox3D Extent Y" : 1.3762800693511963,
			"BoundingBox3D Extent Z" : 1.3675687313079834,
			"BoundingBox3D Orientation Quat W" : -0.99943584203720093,
			"BoundingBox3D Orientation Quat X" : 0.013348300941288471,
			"BoundingBox3D Orientation Quat Y" : -0.0015025365864858031,
			"BoundingBox3D Orientation Quat Z" : 0.026540497317910194,
			"BoundingBox3D Origin X" : 71.374473571777344,
			"BoundingBox3D Origin Y" : -2.646862268447876,
			"BoundingBox3D Origin Z" : 0.61814349889755249,
			"ObjectId" : 15,
			"ObjectType" : "CAR",
			"Occluded" : 0.0,
			"Relative Acceleration X" : 0.94786465167999268,
			"Relative Acceleration Y" : 0.17226487398147583,
			"Relative Acceleration Z" : 0.63510388135910034,
			"Relative Velocity X" : 3.819448709487915,
			"Relative Velocity Y" : 0.2619396448135376,
			"Relative Velocity Z" : -0.019930435344576836,
			"Truncated" : 0
		},
		{
			"Absolute Acceleration X" : 0.10121089965105057,
			"Absolute Acceleration Y" : 0.033450983464717865,
			"Absolute Acceleration Z" : 0.010602792724967003,
			"Absolute Velocity X" : 0.053520139306783676,
			"Absolute Velocity Y" : 0.026493994519114494,
			"Absolute Velocity Z" : 0.010306881740689278,
			"ActorName" : "CAR 16",
			"BoundingBox3D Extent X" : 4.0999999046325684,
			"BoundingBox3D Extent Y" : 1.5857945680618286,
			"BoundingBox3D Extent Z" : 0.46721774339675903,
			"BoundingBox3D Orientation Quat W" : 0.62124353647232056,
			"BoundingBox3D Orientation Quat X" : 0.00090342428302392364,
			"BoundingBox3D Orientation Quat Y" : 0.017010349780321121,
			"BoundingBox3D Orientation Quat Z" : 0.78343307971954346,
			"BoundingBox3D Origin X" : 18.750482559204102,
			"BoundingBox3D Origin Y" : -74.697463989257812,
			"BoundingBox3D Origin Z" : 2.6398646831512451,
			"ObjectId" : 16,
			"ObjectType" : "CAR",
			"Occluded" : 0.0,
			"Relative Acceleration X" : 0.2693096399307251,
			"Relative Acceleration Y" : 0.0055712442845106125,
			"Relative Acceleration Z" : -0.777443528175354,
			"Relative Velocity X" : -2.7672321796417236,
			"Relative Velocity Y" : 0.22023972868919373,
			"Relative Velocity Z" : -0.079263769090175629,
			"Truncated" : 0
		},
		{
			"Absolute Acceleration X" : -0.60909706354141235,
			"Absolute Acceleration Y" : 1.9100193977355957,
			"Absolute Acceleration Z" : 0.034622825682163239,
			"Absolute Velocity X" : -1.2932628393173218,
			"Absolute Velocity Y" : 2.4015114307403564,