{
	"CapturedObjects" : 
	[
		{
			"Absolute Acceleration X" : -0.050844192504882812,
			"Absolute Acceleration Y" : -0.22152982652187347,
			"Absolute Acceleration Z" : 0.010440587997436523,
			"Absolute Velocity X" : 17.143133163452148,
			"Absolute Velocity Y" : 0.31816384196281433,
			"Absolute Velocity Z" : -0.22164908051490784,
			"ActorName" : "CAR 02",
			"BoundingBox3D Extent X" : 4.4656820297241211,
			"BoundingBox3D Extent Y" : 2.252082347869873,
			"BoundingBox3D Extent Z" : 1.6700176000595093,
			"BoundingBox3D Orientation Quat W" : 0.99989873170852661,
			"BoundingBox3D Orientation Quat X" : 0.011551585048437119,
			"BoundingBox3D Orientation Quat Y" : 0.0068549211136996746,
			"BoundingBox3D Orientation Quat Z" : -0.0016071611316874623,
			"BoundingBox3D Origin X" : -17.581295013427734,
			"BoundingBox3D Origin Y" : -1.4958258867263794,
			"BoundingBox3D Origin Z" : 0.97608143091201782,
			"ObjectId" : 2,
			"ObjectType" : "CAR",
			"Occluded" : 0.0,
			"Relative Acceleration X" : -0.23104178905487061,
			"Relative Acceleration Y" : -0.24482861161231995,
			"Relative Acceleration Z" : -0.11905815452337265,
			"Relative Velocity X" : -1.3081024885177612,
			"Relative Velocity Y" : 0.45063361525535583,
			"Relative Velocity Z" : 0.14391656219959259,
			"Truncated" : 0
		},
		{
			"Absolute Acceleration X" : 0.13606643676757812,
			"Absolute Acceleration Y" : -0.02094501256942749,
			"Absolute Acceleration Z" : 0.0012465417385101318,
			"Absolute Velocity X" : 16.058889389038086,
			"Absolute Velocity Y" : -0.19320853054523468,
			"Absolute Velocity Z" : -0.13627004623413086,
			"ActorName" : "CAR 03",
			"BoundingBox3D Extent X" : 5.0327348709106445,
			"BoundingBox3D Extent Y" : 2.5773553848266602,
			"BoundingBox3D Extent Z" : 1.6179120540618896,
			"BoundingBox3D Orientation Quat W" : 0.99977231025695801,
			"BoundingBox3D Orientation Quat X" : 0.020210327580571175,
			"BoundingBox3D Orientation Quat Y" : 0.0044077611528337002,
			"BoundingBox3D Orientation Quat Z" : -0.00071319728158414364,
			"BoundingBox3D Origin X" : 10.936450004577637,
			"BoundingBox3D Origin Y" : -3.1915633678436279,
			"BoundingBox3D Origin Z" : 0.58338135480880737,
			"ObjectId" : 3,
			"ObjectType" : "CAR",
			"Occluded" : 0.0,
			"Relative Acceleration X" : -0.037270784378051758,
			"Relative Acceleration Y" : 0.0079521387815475464,
			"Relative Acceleration Z" : 0.047111615538597107,
			"Relative Velocity X" : -2.3935770988464355,
			"Relative Velocity Y" : -0.033266540616750717,
			"Relative Velocity Z" : -0.0032920029480010271,
			"Truncated" : 0
		},
		{
			"Absolute Acceleration X" : 0.26042556762695312,
			"Absolute Acceleration Y" : 0.41475781798362732,
			"Absolute Acceleration Z" : 0.17257773876190186,
			"Absolute Velocity X" : 16.454994201660156,
			"Absolute Velocity Y" : -0.54398971796035767,
			"Absolute Velocity Z" : -0.27294179797172546,
			"ActorName" : "CAR 04",
			"BoundingBox3D Extent X" : 4.1435985565185547,
			"BoundingBox3D Extent Y" : 1.8999999761581421,
			"BoundingBox3D Extent Z" : 1.1852937936782837,
			"BoundingBox3D Orientation Quat W" : -0.99980461597442627,
			"BoundingBox3D Orientation Quat X" : -0.0051805297844111919,
			"BoundingBox3D Orientation Quat Y" : -0.0074858875013887882,
			"BoundingBox3D Orientation Quat Z" : 0.017465624958276749,
			"BoundingBox3D Origin X" : 13.73714542388916,
			"BoundingBox3D Origin Y" : 25.411745071411133,
			"BoundingBox3D Origin Z" : 1.0909860134124756,
			"ObjectId" : 4,
			"ObjectType" : "CAR",
			"Occluded" : 0.0,
			"Relative Acceleration X" : 0.028704643249511719,
			"Relative Acceleration Y" : 0.4499133825302124,
			"Relative Acceleration Z" : 0.24829661846160889,
			"Relative Velocity X" : -2.0191357135772705,
			"Relative Velocity Y" : -0.38356226682662964,
			"Relative Velocity Z" : -0.054340027272701263,
			"Truncated" : 0
		},
		{
			"Absolute Acceleration X" : -0.20001411437988281,
			"Absolute Acceleration Y" : -0.48406007885932922,
			"Absolute Acceleration Z" : -0.096881717443466187,
			"Absolute Velocity X" : -15.911600112915039,
			"Absolute Velocity Y" : -0.66987711191177368,
			"Absolute Velocity Z" : 0.1623823344707489,
			"ActorName" : "CAR 06",
			"BoundingBox3D Extent X" : 4.6054096221923828,
			"BoundingBox3D Extent Y" : 2.0132546424865723,
			"BoundingBox3D Extent Z" : 1.54381263256073,
			"BoundingBox3D Orientation Quat W" : -0.02072591707110405,
			"BoundingBox3D Orientation Quat X" : 0.0054595069959759712,
			"BoundingBox3D Orientation Quat Y" : 0.00013306202890817076,
			"BoundingBox3D Orientation Quat Z" : 0.99976181983947754,
			"BoundingBox3D Origin X" : -49.727325439453125,
			"BoundingBox3D Origin Y" : 3.7062921524047852,
			"BoundingBox3D Origin Z" : 1.3107255697250366,
			"ObjectId" : 6,
			"ObjectType" : "CAR",
			"Occluded" : 0.0,
			"Relative Acceleration X" : -0.38750839233398438,
			"Relative Acceleration Y" : -0.67437690496444702,
			"Relative Acceleration Z" : -0.32648724317550659,
			"Relative Velocity X" : -34.365848541259766,
			"Relative Velocity Y" : -0.57633513212203979,
			"Relative Velocity Z" : 0.74331474304199219,
			"Truncated" : 0
		},
		{
			"Absolute Acceleration X" : 0.34073567390441895,
			"Absolute Acceleration Y" : -0.28404316306114197,
			"Absolute Acceleration Z" : -0.012911182828247547,
			"Absolute Velocity X" : 0.26366338133811951,
			"Absolute Velocity Y" : -0.20841731131076813,
			"Absolute Velocity Z" : -0.022895520552992821,
			"ActorName" : "CAR 11",
			"BoundingBox3D Extent X" : 4.3525700569152832,
			"BoundingBox3D Extent Y" : 1.6320856809616089,
			"BoundingBox3D Extent Z" : 1.5701972246170044,
			"BoundingBox3D Orientation Quat W" : -0.051965400576591492,
			"BoundingBox3D Orientation Quat X" : -5.835717820446007e-05,
			"BoundingBox3D Orientation Quat Y" : -0.010329181328415871,
			"BoundingBox3D Orientation Quat Z" : 0.99859076738357544,
			"BoundingBox3D Origin X" : -85.778358459472656,
			"BoundingBox3D Origin Y" : 5.617154598236084,
			"BoundingBox3D Origin Z" : 1.9219313859939575,
			"ObjectId" : 11,
			"ObjectType" : "CAR",
			"Occluded" : 0.0,
			"Relative Acceleration X" : 0.36242678761482239,
			"Relative Acceleration Y" : -0.17308320105075836,
			"Relative Acceleration Z" : 0.6264311671257019,
			"Relative Velocity X" : -18.180105209350586,
			"Relative Velocity Y" : -0.15109150111675262,
			"Relative Velocity Z" : 0.62149584293365479,
			"Truncated" : 0
		},
		{
			"Absolute Acceleration X" : 0.0022873617708683014,
			"Absolute Acceleration Y" : -0.029896289110183716,
			"Absolute Acceleration Z" : -0.032745413482189178,
			"Absolute Velocity X" : 0.01694127544760704,
			"Absolute Velocity Y" : -0.31078857183456421,
			"Absolute Velocity Z" : 0.0048220586031675339,
			"ActorName" : "CAR 13",
			"BoundingBox3D Extent X" : 4.0999999046325684,
			"BoundingBox3D Extent Y" : 1.4886858463287354,
			"BoundingBox3D Extent Z" : 1.3570810556411743,
			"BoundingBox3D Orientation Quat W" : 0.74532777070999146,
			"BoundingBox3D Orientation Quat X" : 0.00021428625041153282,
			"BoundingBox3D Orientation Quat Y" : 0.0076169497333467007,
			"BoundingBox3D Orientation Quat Z" : -0.66665512323379517,
			"BoundingBox3D Origin X" : 99.880828857421875,
			"BoundingBox3D Origin Y" : -45.560695648193359,
			"BoundingBox3D Origin Z" : -0.86951225996017456,
			"ObjectId" : 13,
			"ObjectType" : "CAR",
			"Occluded" : 0.0,
			"Relative Acceleration X" : -0.080722808837890625,
			"Relative Acceleration Y" : 0.12193167954683304,
			"Relative Acceleration Z" : 0.58578574657440186,
			"Relative Velocity X" : -18.406410217285156,
			"Relative Velocity Y" : -0.067973718047142029,
			"Relative Velocity Z" : -0.74970722198486328,
			"Truncated" : 0
		},
		{
			"Absolute Acceleration X" : -0.017839562147855759,
			"Absolute Acceleration Y" : 1.4196124076843262,
			"Absolute Acceleration Z" : -0.11736638098955154,
			"Absolute Velocity X" : -0.029329307377338409,
			"Absolute Velocity Y" : -1.3559892177581787,