{
	"CapturedObjects" : 
	[
		{
			"Absolute Acceleration X" : 0.095319271087646484,
			"Absolute Acceleration Y" : -0.032459311187267303,
			"Absolute Acceleration Z" : 0.027629952877759933,
			"Absolute Velocity X" : 7.186030387878418,
			"Absolute Velocity Y" : -0.085494957864284515,
			"Absolute Velocity Z" : -0.059854183346033096,
			"ActorName" : "CAR 01",
			"BoundingBox3D Extent X" : 4.6473779678344727,
			"BoundingBox3D Extent Y" : 2.2044610977172852,
			"BoundingBox3D Extent Z" : 1.7064533233642578,
			"BoundingBox3D Orientation Quat W" : -0.99994164705276489,
			"BoundingBox3D Orientation Quat X" : 0.003189767012372613,
			"BoundingBox3D Orientation Quat Y" : -0.0039062527939677238,
			"BoundingBox3D Orientation Quat Z" : 0.0051461914554238319,
			"BoundingBox3D Origin X" : -10.458024024963379,
			"BoundingBox3D Origin Y" : -0.31709519028663635,
			"BoundingBox3D Origin Z" : 0.80618524551391602,
			"ObjectId" : 1,
			"ObjectType" : "CAR",
			"Occluded" : 0.0,
			"Relative Acceleration X" : -0.23699690401554108,
			"Relative Acceleration Y" : -0.24112223088741302,
			"Relative Acceleration Z" : -0.0047943778336048126,
			"Relative Velocity X" : -0.17803856730461121,
			"Relative Velocity Y" : -0.16134341061115265,
			"Relative Velocity Z" : -0.058471180498600006,
			"Truncated" : 0
		},
		{
			"Absolute Acceleration X" : -0.0014143697917461395,
			"Absolute Acceleration Y" : -0.020787531509995461,
			"Absolute Acceleration Z" : -0.00060069758910685778,
			"Absolute Velocity X" : -0.014381374232470989,
			"Absolute Velocity Y" : -0.0042363349348306656,
			"Absolute Velocity Z" : 0.0012090075761079788,
			"ActorName" : "MOTORCYCLE 05",
			"BoundingBox3D Extent X" : 5.8706741333007812,
			"BoundingBox3D Extent Y" : 1.2037248611450195,
			"BoundingBox3D Extent Z" : 0.8474196195602417,
			"BoundingBox3D Orientation Quat W" : -0.28694033622741699,
			"BoundingBox3D Orientation Quat X" : 0.013746206648647785,
			"BoundingBox3D Orientation Quat Y" : 0.018485743552446365,
			"BoundingBox3D Orientation Quat Z" : 0.95747923851013184,
			"BoundingBox3D Origin X" : 43.753887176513672,
			"BoundingBox3D Origin Y" : 1.2962713241577148,
			"BoundingBox3D Origin Z" : 0.61162012815475464,
			"ObjectId" : 5,
			"ObjectType" : "MOTORCYCLE",
			"Occluded" : 0.0,
			"Relative Acceleration X" : -0.41012191772460938,
			"Relative Acceleration Y" : 1.1242380142211914,
			"Relative Acceleration Z" : 0.13416709005832672,
			"Relative Velocity X" : -7.4035482406616211,
			"Relative Velocity Y" : 0.68616461753845215,
			"Relative Velocity Z" : 0.28516784310340881,
			"Truncated" : 0
		},
		{
			"Absolute Acceleration X" : 0.057546768337488174,
			"Absolute Acceleration Y" : 0.0017539486289024353,
			"Absolute Acceleration Z" : 0.0020051440224051476,
			"Absolute Velocity X" : 0.0087531991302967072,
			"Absolute Velocity Y" : 0.043500594794750214,
			"Absolute Velocity Z" : -0.00074110605055466294,
			"ActorName" : "BUS 06",
			"BoundingBox3D Extent X" : 11.0,
			"BoundingBox3D Extent Y" : 0.36199617385864258,
			"BoundingBox3D Extent Z" : 3.1138386726379395,
			"BoundingBox3D Orientation Quat W" : -0.97893011569976807,
			"BoundingBox3D Orientation Quat X" : -3.7969595723552629e-05,
			"BoundingBox3D Orientation Quat Y" : 0.024208070710301399,
			"BoundingBox3D Orientation Quat Z" : -0.20049525797367096,
			"BoundingBox3D Origin X" : 46.504470825195312,
			"BoundingBox3D Origin Y" : -4.0241641998291016,
			"BoundingBox3D Origin Z" : 2.3036844730377197,
			"ObjectId" : 6,
			"ObjectType" : "BUS",
			"Occluded" : 0.0,
			"Relative Acceleration X" : -0.19953727722167969,
			"Relative Acceleration Y" : 1.2300537824630737,
			"Relative Acceleration Z" : 0.13772495090961456,
			"Relative Velocity X" : -7.3110089302062988,
			"Relative Velocity Y" : 0.76291072368621826,
			"Relative Velocity Z" : 0.25881531834602356,
			"Truncated" : 0
		},
		{
			"Absolute Acceleration X" : -0.4328494668006897,
			"Absolute Acceleration Y" : 1.9981707334518433,
			"Absolute Acceleration Z" : -0.039874359965324402,
			"Absolute Velocity X" : -0.22034241259098053,
			"Absolute Velocity Y" : -0.98515486717224121,
			"Absolute Velocity Z" : -0.004702356643974781,
			"ActorName" : "BUS 19",
			"BoundingBox3D Extent X" : 3.5755314826965332,
			"BoundingBox3D Extent Y" : 3.0,
			"BoundingBox3D Extent Z" : 2.8184752464294434,
			"BoundingBox3D Orientation Quat W" : -0.83417195081710815,
			"BoundingBox3D Orientation Quat X" : -0.010755442082881927,
			"BoundingBox3D Orientation Quat Y" : 0.01644582487642765,
			"BoundingBox3D Orientation Quat Z" : 0.55094647407531738,
			"BoundingBox3D Origin X" : 56.284828186035156,
			"BoundingBox3D Origin Y" : -8.6134223937988281,
			"BoundingBox3D Origin Z" : 1.9776738882064819,
			"ObjectId" : 19,
			"ObjectType" : "BUS",
			"Occluded" : 0.0,
			"Relative Acceleration X" : -0.57566261291503906,
			"Relative Acceleration Y" : 3.5069947242736816,
			"Relative Acceleration Z" : 0.11214204132556915,
			"Relative Velocity X" : -7.4735937118530273,
			"Relative Velocity Y" : -0.12231315672397614,
			"Relative Velocity Z" : 0.26987475156784058,
			"Truncated" : 0
		},
		{
			"Absolute Acceleration X" : 0.042223375290632248,
			"Absolute Acceleration Y" : 0.081143811345100403,
			"Absolute Acceleration Z" : 0.0016045272350311279,
			"Absolute Velocity X" : -0.021720439195632935,
			"Absolute Velocity Y" : 0.022074116393923759,
			"Absolute Velocity Z" : 0.00025812711101025343,
			"ActorName" : "BUS 23",
			"BoundingBox3D Extent X" : 11.0,
			"BoundingBox3D Extent Y" : 0.31271257996559143,
			"BoundingBox3D Extent Z" : 3.3098132610321045,
			"BoundingBox3D Orientation Quat W" : -0.96622467041015625,
			"BoundingBox3D Orientation Quat X" : -0.0098290620371699333,
			"BoundingBox3D Orientation Quat Y" : -0.0023475817870348692,
			"BoundingBox3D Orientation Quat Z" : 0.25750008225440979,
			"BoundingBox3D Origin X" : 51.398193359375,
			"BoundingBox3D Origin Y" : -13.259025573730469,
			"BoundingBox3D Origin Z" : 2.1865789890289307,
			"ObjectId" : 23,
			"ObjectType" : "BUS",
			"Occluded" : 0.0,
			"Relative Acceleration X" : 0.057333469390869141,
			"Relative Acceleration Y" : 1.4589694738388062,
			"Relative Acceleration Z" : 0.13849785923957825,
			"Relative Velocity X" : -7.2061223983764648,
			"Relative Velocity Y" : 0.8141627311706543,
			"Relative Velocity Z" : 0.21771091222763062,
			"Truncated" : 0
		},
		{
			"Absolute Acceleration X" : 0.15667819976806641,
			"Absolute Acceleration Y" : -1.5412845611572266,
			"Absolute Acceleration Z" : 0.073108136653900146,
			"Absolute Velocity X" : 4.572059154510498,
			"Absolute Velocity Y" : -5.4592642784118652,
			"Absolute Velocity Z" : 0.20854407548904419,
			"ActorName" : "CAR 25",
			"BoundingBox3D Extent X" : 4.534855842590332,
			"BoundingBox3D Extent Y" : 1.2700569629669189,
			"BoundingBox3D Extent Z" : 1.459654688835144,
			"BoundingBox3D Orientation Quat W" : -0.90646225214004517,
			"BoundingBox3D Orientation Quat X" : -0.0028143897652626038,
			"BoundingBox3D Orientation Quat Y" : 0.017329726368188858,
			"BoundingBox3D Orientation Quat Z" : 0.42185211181640625,
			"BoundingBox3D Origin X" : 48.245288848876953,
			"BoundingBox3D Origin Y" : -18.100399017333984,
			"BoundingBox3D Origin Z" : 1.4153584241867065,
			"ObjectId" : 25,
			"ObjectType" : "CAR",
			"Occluded" : 0.0,
			"Relative Acceleration X" : 0.53304100036621094,
			"Relative Acceleration Y" : -0.090325355529785156,
			"Relative Acceleration Z" : 0.12795931100845337,
			"Relative Velocity X" : -2.5131769180297852,
			"Relative Velocity Y" : -4.6893610954284668,
			"Relative Velocity Z" : 0.35795551538467407,
			"Truncated" : 0
		},
		{
			"Absolute Acceleration X" : 0.21573604643344879,
			"Absolute Acceleration Y" : -0.2408689558506012,
			"Absolute Acceleration Z" : -0.076135717332363129,
			"Absolute Velocity X" : -0.10988563299179077,
			"Absolute Velocity Y" : 0.33576548099517822,
			"Absolute Velocity Z" : 0.084421686828136444,