{
	"CapturedObjects" : 
	[
		{
			"Absolute Acceleration X" : 0.8867950439453125,
			"Absolute Acceleration Y" : 0.16415072977542877,
			"Absolute Acceleration Z" : -0.10655400902032852,
			"Absolute Velocity X" : 4.972832202911377,
			"Absolute Velocity Y" : 0.20447345077991486,
			"Absolute Velocity Z" : -0.073421105742454529,
			"ActorName" : "CAR 00",
			"BoundingBox3D Extent X" : 4.3323526382446289,
			"BoundingBox3D Extent Y" : 2.0147721767425537,
			"BoundingBox3D Extent Z" : 1.6229699850082397,
			"BoundingBox3D Orientation Quat W" : 0.99980658292770386,
			"BoundingBox3D Orientation Quat X" : -0.0062158051878213882,
			"BoundingBox3D Orientation Quat Y" : 0.0081269685178995132,
			"BoundingBox3D Orientation Quat Z" : 0.016131669282913208,
			"BoundingBox3D Origin X" : 11.956661224365234,
			"BoundingBox3D Origin Y" : -0.3432638943195343,
			"BoundingBox3D Origin Z" : 0.66057324409484863,
			"ObjectId" : 0,
			"ObjectType" : "CAR",
			"Occluded" : 0.0,
			"Relative Acceleration X" : 0.50188136100769043,
			"Relative Acceleration Y" : -0.011957854032516479,
			"Relative Acceleration Z" : 0.052132919430732727,
			"Relative Velocity X" : 1.4733821153640747,
			"Relative Velocity Y" : 0.25664794445037842,
			"Relative Velocity Z" : -0.11924207955598831,
			"Truncated" : 0
		},
		{
			"Absolute Acceleration X" : -0.18754243850708008,
			"Absolute Acceleration Y" : 0.086701273918151855,
			"Absolute Acceleration Z" : -0.047712888568639755,
			"Absolute Velocity X" : 4.4525127410888672,
			"Absolute Velocity Y" : 1.2852561473846436,
			"Absolute Velocity Z" : -0.057664860039949417,
			"ActorName" : "CAR 01",
			"BoundingBox3D Extent X" : 4.6473779678344727,
			"BoundingBox3D Extent Y" : 2.2044610977172852,
			"BoundingBox3D Extent Z" : 1.7064533233642578,
			"BoundingBox3D Orientation Quat W" : 0.99054324626922607,
			"BoundingBox3D Orientation Quat X" : 0.0028703105635941029,
			"BoundingBox3D Orientation Quat Y" : 0.0060904808342456818,
			"BoundingBox3D Orientation Quat Z" : 0.13678929209709167,
			"BoundingBox3D Origin X" : -9.4461584091186523,
			"BoundingBox3D Origin Y" : -5.6771059036254883,
			"BoundingBox3D Origin Z" : 0.99807870388031006,
			"ObjectId" : 1,
			"ObjectType" : "CAR",
			"Occluded" : 0.0,
			"Relative Acceleration X" : -0.66075789928436279,
			"Relative Acceleration Y" : 0.25718033313751221,
			"Relative Acceleration Z" : -0.15181523561477661,
			"Relative Velocity X" : 0.96674680709838867,
			"Relative Velocity Y" : 1.2995909452438354,
			"Relative Velocity Z" : 0.018382590264081955,
			"Truncated" : 0
		},
		{
			"Absolute Acceleration X" : -9.8095279099652544e-06,
			"Absolute Acceleration Y" : 1.0746166481112596e-05,
			"Absolute Acceleration Z" : 1.2877474091510521e-06,
			"Absolute Velocity X" : 0.0002049025206360966,
			"Absolute Velocity Y" : -0.00020623709133360535,
			"Absolute Velocity Z" : -2.0631159713957459e-06,
			"ActorName" : "CAR 03",
			"BoundingBox3D Extent X" : 4.7897377014160156,
			"BoundingBox3D Extent Y" : 2.169227123260498,
			"BoundingBox3D Extent Z" : 2.9600973129272461,
			"BoundingBox3D Orientation Quat W" : 0.84982973337173462,
			"BoundingBox3D Orientation Quat X" : -0.015296711586415768,
			"BoundingBox3D Orientation Quat Y" : -0.016018791124224663,
			"BoundingBox3D Orientation Quat Z" : -0.52600699663162231,
			"BoundingBox3D Origin X" : 94.552963256835938,
			"BoundingBox3D Origin Y" : -2.0034875869750977,
			"BoundingBox3D Origin Z" : 2.3147234916687012,
			"ObjectId" : 3,
			"ObjectType" : "CAR",
			"Occluded" : 0.0,
			"Relative Acceleration X" : -0.17973753809928894,
			"Relative Acceleration Y" : -1.5465241670608521,
			"Relative Acceleration Z" : -2.9045858383178711,
			"Relative Velocity X" : -3.3889310359954834,
			"Relative Velocity Y" : 0.53812628984451294,
			"Relative Velocity Z" : -1.3075424432754517,
			"Truncated" : 0
		},
		{
			"Absolute Acceleration X" : 0.084728531539440155,
			"Absolute Acceleration Y" : 0.05916241928935051,
			"Absolute Acceleration Z" : -0.0017206678166985512,
			"Absolute Velocity X" : -0.1418139785528183,
			"Absolute Velocity Y" : 0.014213175512850285,
			"Absolute Velocity Z" : -0.00088016316294670105,
			"ActorName" : "MOTORCYCLE 05",
			"BoundingBox3D Extent X" : 5.8706741333007812,
			"BoundingBox3D Extent Y" : 1.2037248611450195,
			"BoundingBox3D Extent Z" : 0.8474196195602417,
			"BoundingBox3D Orientation Quat W" : -0.32851174473762512,
			"BoundingBox3D Orientation Quat X" : 0.010793141089379787,
			"BoundingBox3D Orientation Quat Y" : 0.024491924792528152,
			"BoundingBox3D Orientation Quat Z" : 0.94392645359039307,
			"BoundingBox3D Origin X" : 81.620903015136719,
			"BoundingBox3D Origin Y" : 6.8963932991027832,
			"BoundingBox3D Origin Z" : 0.67909127473831177,
			"ObjectId" : 5,
			"ObjectType" : "MOTORCYCLE",
			"Occluded" : 0.0,
			"Relative Acceleration X" : -0.19570827484130859,
			"Relative Acceleration Y" : -1.2058261632919312,
			"Relative Acceleration Z" : 1.0804711580276489,
			"Relative Velocity X" : -3.6538476943969727,
			"Relative Velocity Y" : 0.19758090376853943,
			"Relative Velocity Z" : -0.49280837178230286,
			"Truncated" : 0
		},
		{
			"Absolute Acceleration X" : -0.019945954903960228,
			"Absolute Acceleration Y" : -0.082566261291503906,
			"Absolute Acceleration Z" : -0.002967997919768095,
			"Absolute Velocity X" : -0.046843666583299637,
			"Absolute Velocity Y" : 0.012317491695284843,
			"Absolute Velocity Z" : -0.0014670176897197962,
			"ActorName" : "BUS 06",
			"BoundingBox3D Extent X" : 11.0,
			"BoundingBox3D Extent Y" : 0.36199617385864258,
			"BoundingBox3D Extent Z" : 3.1138386726379395,
			"BoundingBox3D Orientation Quat W" : 0.96937727928161621,
			"BoundingBox3D Orientation Quat X" : -0.0041389311663806438,
			"BoundingBox3D Orientation Quat Y" : -0.026767151430249214,
			"BoundingBox3D Orientation Quat Z" : 0.24219717085361481,
			"BoundingBox3D Origin X" : 84.939933776855469,
			"BoundingBox3D Origin Y" : 1.8207093477249146,
			"BoundingBox3D Origin Z" : 2.4465718269348145,
			"ObjectId" : 6,
			"ObjectType" : "BUS",
			"Occluded" : 0.0,
			"Relative Acceleration X" : -0.40668511390686035,
			"Relative Acceleration Y" : -1.3810799121856689,
			"Relative Acceleration Z" : 1.1742911338806152,
			"Relative Velocity X" : -3.5378458499908447,
			"Relative Velocity Y" : 0.19434459507465363,
			"Relative Velocity Z" : -0.53518217802047729,
			"Truncated" : 0
		},
		{
			"Absolute Acceleration X" : -0.03319336473941803,
			"Absolute Acceleration Y" : 0.31369665265083313,
			"Absolute Acceleration Z" : -0.014924777671694756,
			"Absolute Velocity X" : -0.025720713660120964,
			"Absolute Velocity Y" : -0.15000121295452118,
			"Absolute Velocity Z" : 0.0072010229341685772,
			"ActorName" : "BUS 11",
			"BoundingBox3D Extent X" : 6.4184999465942383,
			"BoundingBox3D Extent Y" : 3.0,
			"BoundingBox3D Extent Z" : 2.8788228034973145,
			"BoundingBox3D Orientation Quat W" : -0.85048073530197144,
			"BoundingBox3D Orientation Quat X" : 0.013431084342300892,
			"BoundingBox3D Orientation Quat Y" : 0.015429433435201645,
			"BoundingBox3D Orientation Quat Z" : 0.52555727958679199,
			"BoundingBox3D Origin X" : 98.150077819824219,
			"BoundingBox3D Origin Y" : -8.3050365447998047,
			"BoundingBox3D Origin Z" : 2.5721077919006348,
			"ObjectId" : 11,
			"ObjectType" : "BUS",
			"Occluded" : 0.0,
			"Relative Acceleration X" : -0.57872438430786133,
			"Relative Acceleration Y" : -1.1891615390777588,
			"Relative Acceleration Z" : 1.4454464912414551,
			"Relative Velocity X" : -3.4983839988708496,
			"Relative Velocity Y" : 0.054413449019193649,
			"Relative Velocity Z" : -0.65426129102706909,
			"Truncated" : 0
		},
		{
			"Absolute Acceleration X" : -0.64963042736053467,
			"Absolute Acceleration Y" : -0.64469641447067261,
			"Absolute Acceleration Z" : 0.0034661253448575735,
			"Absolute Velocity X" : -1.2773810625076294,
			"Absolute Velocity Y" : 3.8928775787353516,