{
	"CapturedObjects" : 
	[
		{
			"Absolute Acceleration X" : -0.71612000465393066,
			"Absolute Acceleration Y" : 0.020328111946582794,
			"Absolute Acceleration Z" : 0.0065844855271279812,
			"Absolute Velocity X" : 4.0269126892089844,
			"Absolute Velocity Y" : -0.12639047205448151,
			"Absolute Velocity Z" : 0.0036791241727769375,
			"ActorName" : "CAR 00",
			"BoundingBox3D Extent X" : 4.3476333618164062,
			"BoundingBox3D Extent Y" : 2.1108732223510742,
			"BoundingBox3D Extent Z" : 1.5744835138320923,
			"BoundingBox3D Orientation Quat W" : -0.99990248680114746,
			"BoundingBox3D Orientation Quat X" : -0.0074484869837760925,
			"BoundingBox3D Orientation Quat Y" : 0.00054246501531451941,
			"BoundingBox3D Orientation Quat Z" : 0.011763590388000011,
			"BoundingBox3D Origin X" : 11.540078163146973,
			"BoundingBox3D Origin Y" : -0.62211400270462036,
			"BoundingBox3D Origin Z" : 0.66519850492477417,
			"ObjectId" : 0,
			"ObjectType" : "CAR",
			"Occluded" : 0.0,
			"Relative Acceleration X" : -0.03686988353729248,
			"Relative Acceleration Y" : 0.04305596649646759,
			"Relative Acceleration Z" : 0.051234282553195953,
			"Relative Velocity X" : -0.81955999135971069,
			"Relative Velocity Y" : -0.13691183924674988,
			"Relative Velocity Z" : 0.068952292203903198,
			"Truncated" : 0
		},
		{
			"Absolute Acceleration X" : -0.088337138295173645,
			"Absolute Acceleration Y" : -0.21253108978271484,
			"Absolute Acceleration Z" : -0.042054753750562668,
			"Absolute Velocity X" : 0.17117607593536377,
			"Absolute Velocity Y" : 1.7984497547149658,
			"Absolute Velocity Z" : -0.054780185222625732,
			"ActorName" : "CAR 07",
			"BoundingBox3D Extent X" : 3.2041778564453125,
			"BoundingBox3D Extent Y" : 1.8999999761581421,
			"BoundingBox3D Extent Z" : 1.3986489772796631,
			"BoundingBox3D Orientation Quat W" : 0.75014841556549072,
			"BoundingBox3D Orientation Quat X" : -0.010023615323007107,
			"BoundingBox3D Orientation Quat Y" : 0.0097938347607851028,
			"BoundingBox3D Orientation Quat Z" : 0.66098862886428833,
			"BoundingBox3D Origin X" : 129.81849670410156,
			"BoundingBox3D Origin Y" : 12.278278350830078,
			"BoundingBox3D Origin Z" : 4.8796348571777344,
			"ObjectId" : 7,
			"ObjectType" : "CAR",
			"Occluded" : 0.0,
			"Relative Acceleration X" : 0.54865407943725586,
			"Relative Acceleration Y" : 0.35700273513793945,
			"Relative Acceleration Z" : 0.22535470128059387,
			"Relative Velocity X" : -4.6226739883422852,
			"Relative Velocity Y" : 1.1298226118087769,
			"Relative Velocity Z" : 0.46548882126808167,
			"Truncated" : 0
		},
		{
			"Absolute Acceleration X" : 0.94408845901489258,
			"Absolute Acceleration Y" : -0.025883205235004425,
			"Absolute Acceleration Z" : 0.098422318696975708,
			"Absolute Velocity X" : 4.4106693267822266,
			"Absolute Velocity Y" : 0.11380597203969955,
			"Absolute Velocity Z" : 0.24085541069507599,
			"ActorName" : "CAR 08",
			"BoundingBox3D Extent X" : 4.1064352989196777,
			"BoundingBox3D Extent Y" : 1.4507327079772949,
			"BoundingBox3D Extent Z" : 1.1751760244369507,
			"BoundingBox3D Orientation Quat W" : 0.99915587902069092,
			"BoundingBox3D Orientation Quat X" : -0.0075810821726918221,
			"BoundingBox3D Orientation Quat Y" : -0.031796131283044815,
			"BoundingBox3D Orientation Quat Z" : 0.017039172351360321,
			"BoundingBox3D Origin X" : 65.328414916992188,
			"BoundingBox3D Origin Y" : -4.9649333953857422,
			"BoundingBox3D Origin Z" : 1.5750288963317871,
			"ObjectId" : 8,
			"ObjectType" : "CAR",
			"Occluded" : 0.0,
			"Relative Acceleration X" : 1.6369802951812744,
			"Relative Acceleration Y" : 0.21581271290779114,
			"Relative Acceleration Z" : 0.33966386318206787,
			"Relative Velocity X" : -0.46650239825248718,
			"Relative Velocity Y" : -0.20045623183250427,
			"Relative Velocity Z" : 0.57315754890441895,
			"Truncated" : 0
		},
		{
			"Absolute Acceleration X" : 1.2503385543823242,
			"Absolute Acceleration Y" : -0.10640130937099457,
			"Absolute Acceleration Z" : -0.011755377985537052,
			"Absolute Velocity X" : 2.7444334030151367,
			"Absolute Velocity Y" : -0.15191511809825897,
			"Absolute Velocity Z" : 0.02126883901655674,
			"ActorName" : "CAR 10",
			"BoundingBox3D Extent X" : 4.0999999046325684,
			"BoundingBox3D Extent Y" : 0.94726645946502686,
			"BoundingBox3D Extent Z" : 1.5668470859527588,
			"BoundingBox3D Orientation Quat W" : -0.99931782484054565,
			"BoundingBox3D Orientation Quat X" : -0.0030267627444118261,
			"BoundingBox3D Orientation Quat Y" : 0.0049209562130272388,
			"BoundingBox3D Orientation Quat Z" : 0.036213289946317673,
			"BoundingBox3D Origin X" : 42.633415222167969,
			"BoundingBox3D Origin Y" : -3.4106261730194092,
			"BoundingBox3D Origin Z" : 0.91126960515975952,
			"ObjectId" : 10,
			"ObjectType" : "CAR",
			"Occluded" : 0.0,
			"Relative Acceleration X" : 1.9382082223892212,
			"Relative Acceleration Y" : 0.063473910093307495,
			"Relative Acceleration Z" : 0.14781436324119568,
			"Relative Velocity X" : -2.119725227355957,
			"Relative Velocity Y" : -0.34129089117050171,
			"Relative Velocity Z" : 0.23854456841945648,
			"Truncated" : 0
		},
		{
			"Absolute Acceleration X" : 0.40453004837036133,
			"Absolute Acceleration Y" : -0.03500385582447052,
			"Absolute Acceleration Z" : 0.031817108392715454,
			"Absolute Velocity X" : 7.2547049522399902,
			"Absolute Velocity Y" : -0.10938245058059692,
			"Absolute Velocity Z" : 0.17429971694946289,
			"ActorName" : "CAR 12",
			"BoundingBox3D Extent X" : 4.2695932388305664,
			"BoundingBox3D Extent Y" : 1.6966570615768433,
			"BoundingBox3D Extent Z" : 1.6036274433135986,
			"BoundingBox3D Orientation Quat W" : -0.99954235553741455,
			"BoundingBox3D Orientation Quat X" : -0.022675205022096634,
			"BoundingBox3D Orientation Quat Y" : 0.012289094738662243,
			"BoundingBox3D Orientation Quat Z" : 0.011379034258425236,
			"BoundingBox3D Origin X" : 80.566703796386719,
			"BoundingBox3D Origin Y" : -4.6154966354370117,
			"BoundingBox3D Origin Z" : 1.6152880191802979,
			"ObjectId" : 12,
			"ObjectType" : "CAR",
			"Occluded" : 0.0,
			"Relative Acceleration X" : 1.0927572250366211,
			"Relative Acceleration Y" : 0.22872722148895264,
			"Relative Acceleration Z" : 0.32579553127288818,
			"Relative Velocity X" : 2.3795590400695801,
			"Relative Velocity Y" : -0.50895053148269653,
			"Relative Velocity Z" : 0.58264106512069702,
			"Truncated" : 0
		}
	],
	"FrameId" : 35229,
	"Timestamp" : 1676041180248724192,
	"TimestampMiddle" : 1676041180231724192
}