{
	"CapturedObjects" : 
	[
		{
			"Absolute Acceleration X" : 0.20602178573608398,
			"Absolute Acceleration Y" : -0.030880555510520935,
			"Absolute Acceleration Z" : 0.015672802925109863,
			"Absolute Velocity X" : 3.9310445785522461,
			"Absolute Velocity Y" : -0.17785748839378357,
			"Absolute Velocity Z" : -0.00047955499030649662,
			"ActorName" : "CAR 00",
			"BoundingBox3D Extent X" : 4.3476333618164062,
			"BoundingBox3D Extent Y" : 2.1108732223510742,
			"BoundingBox3D Extent Z" : 1.5744835138320923,
			"BoundingBox3D Orientation Quat W" : -0.99976664781570435,
			"BoundingBox3D Orientation Quat X" : -0.002209134167060256,
			"BoundingBox3D Orientation Quat Y" : 0.00014503122656606138,
			"BoundingBox3D Orientation Quat Z" : 0.021573279052972794,
			"BoundingBox3D Origin X" : 10.817276000976562,
			"BoundingBox3D Origin Y" : -0.8655325174331665,
			"BoundingBox3D Origin Z" : 0.70303916931152344,
			"ObjectId" : 0,
			"ObjectType" : "CAR",
			"Occluded" : 0.0,
			"Relative Acceleration X" : 0.19523976743221283,
			"Relative Acceleration Y" : 0.055280186235904694,
			"Relative Acceleration Z" : -0.021444376558065414,
			"Relative Velocity X" : 0.068962015211582184,
			"Relative Velocity Y" : -0.10418824106454849,
			"Relative Velocity Z" : -0.049293257296085358,
			"Truncated" : 0
		},
		{
			"Absolute Acceleration X" : 0.10346841067075729,
			"Absolute Acceleration Y" : 0.02224639430642128,
			"Absolute Acceleration Z" : -0.64716148376464844,
			"Absolute Velocity X" : 5.440981388092041,
			"Absolute Velocity Y" : 0.029980683699250221,
			"Absolute Velocity Z" : -0.41901561617851257,
			"ActorName" : "CAR 08",
			"BoundingBox3D Extent X" : 4.1064352989196777,
			"BoundingBox3D Extent Y" : 1.4507327079772949,
			"BoundingBox3D Extent Z" : 1.1751760244369507,
			"BoundingBox3D Orientation Quat W" : 0.99930113554000854,
			"BoundingBox3D Orientation Quat X" : -0.015847498551011086,
			"BoundingBox3D Orientation Quat Y" : 0.028570946305990219,
			"BoundingBox3D Orientation Quat Z" : 0.00082423078129068017,
			"BoundingBox3D Origin X" : 67.330680847167969,
			"BoundingBox3D Origin Y" : -5.2662434577941895,
			"BoundingBox3D Origin Z" : 1.8552877902984619,
			"ObjectId" : 8,
			"ObjectType" : "CAR",
			"Occluded" : 0.0,
			"Relative Acceleration X" : 0.49350687861442566,
			"Relative Acceleration Y" : 0.47779196500778198,
			"Relative Acceleration Z" : -1.281125545501709,
			"Relative Velocity X" : 1.5963267087936401,
			"Relative Velocity Y" : 0.23998810350894928,
			"Relative Velocity Z" : -0.87722897529602051,
			"Truncated" : 0
		},
		{
			"Absolute Acceleration X" : -0.47976136207580566,
			"Absolute Acceleration Y" : 0.0062702298164367676,
			"Absolute Acceleration Z" : 0.038479790091514587,
			"Absolute Velocity X" : 3.1346199512481689,
			"Absolute Velocity Y" : -0.18237335979938507,
			"Absolute Velocity Z" : 0.050116751343011856,
			"ActorName" : "CAR 10",
			"BoundingBox3D Extent X" : 4.0999999046325684,
			"BoundingBox3D Extent Y" : 0.94726645946502686,
			"BoundingBox3D Extent Z" : 1.5668470859527588,
			"BoundingBox3D Orientation Quat W" : -0.9998021125793457,
			"BoundingBox3D Orientation Quat X" : 0.0057686683721840382,
			"BoundingBox3D Orientation Quat Y" : 0.0040667611174285412,
			"BoundingBox3D Orientation Quat Z" : 0.018038608133792877,
			"BoundingBox3D Origin X" : 41.035842895507812,
			"BoundingBox3D Origin Y" : -3.9249293804168701,
			"BoundingBox3D Origin Z" : 0.9783598780632019,
			"ObjectId" : 10,
			"ObjectType" : "CAR",
			"Occluded" : 0.0,
			"Relative Acceleration X" : -0.46883559226989746,
			"Relative Acceleration Y" : 0.30544313788414001,
			"Relative Acceleration Z" : -0.066659480333328247,
			"Relative Velocity X" : -0.71812361478805542,
			"Relative Velocity Y" : -0.037729471921920776,
			"Relative Velocity Z" : -0.21765415370464325,
			"Truncated" : 0
		},
		{
			"Absolute Acceleration X" : 0.069817483425140381,
			"Absolute Acceleration Y" : -0.055492162704467773,
			"Absolute Acceleration Z" : 0.10415247082710266,
			"Absolute Velocity X" : 0.6422652006149292,
			"Absolute Velocity Y" : 1.0324403047561646,
			"Absolute Velocity Z" : -0.085211873054504395,
			"ActorName" : "PEDESTRIAN 11",
			"BoundingBox3D Extent X" : 0.87016814947128296,
			"BoundingBox3D Extent Y" : 0.74505412578582764,
			"BoundingBox3D Extent Z" : 1.6921769380569458,
			"BoundingBox3D Orientation Quat W" : 0.86302709579467773,
			"BoundingBox3D Orientation Quat X" : -0.080221250653266907,
			"BoundingBox3D Orientation Quat Y" : 0.01344662718474865,
			"BoundingBox3D Orientation Quat Z" : 0.49815517663955688,
			"BoundingBox3D Origin X" : 64.310462951660156,
			"BoundingBox3D Origin Y" : -12.701054573059082,
			"BoundingBox3D Origin Z" : 2.2709004878997803,
			"ObjectId" : 11,
			"ObjectType" : "PEDESTRIAN",
			"Occluded" : 0.0,
			"Relative Acceleration X" : 0.14244961738586426,
			"Relative Acceleration Y" : 0.40553879737854004,
			"Relative Acceleration Z" : -0.047916561365127563,
			"Relative Velocity X" : -3.1814560890197754,
			"Relative Velocity Y" : 1.2300958633422852,
			"Relative Velocity Z" : -0.520183265209198,
			"Truncated" : 0
		},
		{
			"Absolute Acceleration X" : 0.27519321441650391,
			"Absolute Acceleration Y" : -0.43172726035118103,
			"Absolute Acceleration Z" : -0.057449877262115479,
			"Absolute Velocity X" : 8.4661636352539062,
			"Absolute Velocity Y" : -0.41217386722564697,
			"Absolute Velocity Z" : 0.27786660194396973,
			"ActorName" : "CAR 12",
			"BoundingBox3D Extent X" : 4.2695932388305664,
			"BoundingBox3D Extent Y" : 1.6966570615768433,
			"BoundingBox3D Extent Z" : 1.6036274433135986,
			"BoundingBox3D Orientation Quat W" : -0.99959158897399902,
			"BoundingBox3D Orientation Quat X" : -0.0011517171515151858,
			"BoundingBox3D Orientation Quat Y" : 0.0089752189815044403,
			"BoundingBox3D Orientation Quat Z" : 0.024725837633013725,
			"BoundingBox3D Origin X" : 87.157730102539062,
			"BoundingBox3D Origin Y" : -5.3905172348022461,
			"BoundingBox3D Origin Z" : 2.1059849262237549,
			"ObjectId" : 12,
			"ObjectType" : "CAR",
			"Occluded" : 0.0,
			"Relative Acceleration X" : 0.30198478698730469,
			"Relative Acceleration Y" : 0.21339917182922363,
			"Relative Acceleration Z" : -0.33232539892196655,
			"Relative Velocity X" : 4.6252317428588867,
			"Relative Velocity Y" : -0.14971804618835449,
			"Relative Velocity Z" : -0.32594248652458191,
			"Truncated" : 0
		}
	],
	"FrameId" : 35256,
	"Timestamp" : 1676041182048737512,
	"TimestampMiddle" : 1676041182031737512
}