{
	"CapturedObjects" : 
	[
		{
			"Absolute Acceleration X" : 0.800262451171875,
			"Absolute Acceleration Y" : 0.045663267374038696,
			"Absolute Acceleration Z" : 0.0060124043375253677,
			"Absolute Velocity X" : 4.3448100090026855,
			"Absolute Velocity Y" : 0.10856941342353821,
			"Absolute Velocity Z" : -0.023804321885108948,
			"ActorName" : "CAR 00",
			"BoundingBox3D Extent X" : 4.3323526382446289,
			"BoundingBox3D Extent Y" : 2.0147721767425537,
			"BoundingBox3D Extent Z" : 1.6229699850082397,
			"BoundingBox3D Orientation Quat W" : 0.999836266040802,
			"BoundingBox3D Orientation Quat X" : -0.0066198026761412621,
			"BoundingBox3D Orientation Quat Y" : 0.002110831905156374,
			"BoundingBox3D Orientation Quat Z" : 0.016026407480239868,
			"BoundingBox3D Origin X" : 11.041522979736328,
			"BoundingBox3D Origin Y" : -0.53123682737350464,
			"BoundingBox3D Origin Z" : 0.70540553331375122,
			"ObjectId" : 0,
			"ObjectType" : "CAR",
			"Occluded" : 0.0,
			"Relative Acceleration X" : 0.60236233472824097,
			"Relative Acceleration Y" : -0.032782822847366333,
			"Relative Acceleration Z" : -0.028065264225006104,
			"Relative Velocity X" : 1.0160566568374634,
			"Relative Velocity Y" : 0.27137735486030579,
			"Relative Velocity Z" : -0.089854605495929718,
			"Truncated" : 0
		},
		{
			"Absolute Acceleration X" : -0.18669319152832031,
			"Absolute Acceleration Y" : 0.14697468280792236,
			"Absolute Acceleration Z" : -0.031561829149723053,
			"Absolute Velocity X" : 4.577542781829834,
			"Absolute Velocity Y" : 1.1674096584320068,
			"Absolute Velocity Z" : -0.0085591524839401245,
			"ActorName" : "CAR 01",
			"BoundingBox3D Extent X" : 4.6473779678344727,
			"BoundingBox3D Extent Y" : 2.2044610977172852,
			"BoundingBox3D Extent Z" : 1.7064533233642578,
			"BoundingBox3D Orientation Quat W" : 0.99265575408935547,
			"BoundingBox3D Orientation Quat X" : 0.0037645997945219278,
			"BoundingBox3D Orientation Quat Y" : 0.0017731612315401435,
			"BoundingBox3D Orientation Quat Z" : 0.12062614411115646,
			"BoundingBox3D Origin X" : -10.311951637268066,
			"BoundingBox3D Origin Y" : -6.5632963180541992,
			"BoundingBox3D Origin Z" : 0.97047144174575806,
			"ObjectId" : 1,
			"ObjectType" : "CAR",
			"Occluded" : 0.0,
			"Relative Acceleration X" : -0.47956943511962891,
			"Relative Acceleration Y" : 0.35491031408309937,
			"Relative Acceleration Z" : -0.10731710493564606,
			"Relative Velocity X" : 1.3216701745986938,
			"Relative Velocity Y" : 1.0812861919403076,
			"Relative Velocity Z" : 0.14333201944828033,
			"Truncated" : 0
		},
		{
			"Absolute Acceleration X" : -1.3899500117986463e-05,
			"Absolute Acceleration Y" : 4.8079659791255835e-06,
			"Absolute Acceleration Z" : 9.5854966275510378e-07,
			"Absolute Velocity X" : -6.6596447140909731e-05,
			"Absolute Velocity Y" : 6.4814339566510171e-05,
			"Absolute Velocity Z" : 6.8389823582037934e-07,
			"ActorName" : "CAR 03",
			"BoundingBox3D Extent X" : 4.7897377014160156,
			"BoundingBox3D Extent Y" : 2.169227123260498,
			"BoundingBox3D Extent Z" : 2.9600973129272461,
			"BoundingBox3D Orientation Quat W" : 0.84837299585342407,
			"BoundingBox3D Orientation Quat X" : -0.014917004853487015,
			"BoundingBox3D Orientation Quat Y" : -0.017685750499367714,
			"BoundingBox3D Orientation Quat Z" : -0.52831178903579712,
			"BoundingBox3D Origin X" : 97.025733947753906,
			"BoundingBox3D Origin Y" : -2.5462853908538818,
			"BoundingBox3D Origin Z" : 2.6164999008178711,
			"ObjectId" : 3,
			"ObjectType" : "CAR",
			"Occluded" : 0.0,
			"Relative Acceleration X" : -0.25169914960861206,
			"Relative Acceleration Y" : -1.4019221067428589,
			"Relative Acceleration Z" : -1.0618162155151367,
			"Relative Velocity X" : -3.281303882598877,
			"Relative Velocity Y" : 1.1609783172607422,
			"Relative Velocity Z" : -0.98043352365493774,
			"Truncated" : 0
		},
		{
			"Absolute Acceleration X" : -0.1127924919128418,
			"Absolute Acceleration Y" : -0.041346184909343719,
			"Absolute Acceleration Z" : 0.0019478664034977555,
			"Absolute Velocity X" : -0.032051198184490204,
			"Absolute Velocity Y" : -0.102973572909832,
			"Absolute Velocity Z" : 0.0039788759313523769,
			"ActorName" : "MOTORCYCLE 05",
			"BoundingBox3D Extent X" : 5.8706741333007812,
			"BoundingBox3D Extent Y" : 1.2037248611450195,
			"BoundingBox3D Extent Z" : 0.8474196195602417,
			"BoundingBox3D Orientation Quat W" : -0.32591885328292847,
			"BoundingBox3D Orientation Quat X" : 0.0094544244930148125,
			"BoundingBox3D Orientation Quat Y" : 0.025522835552692413,
			"BoundingBox3D Orientation Quat Z" : 0.94481027126312256,
			"BoundingBox3D Origin X" : 84.241035461425781,
			"BoundingBox3D Origin Y" : 6.5317754745483398,
			"BoundingBox3D Origin Z" : 0.92383098602294922,
			"ObjectId" : 5,
			"ObjectType" : "MOTORCYCLE",
			"Occluded" : 0.0,
			"Relative Acceleration X" : -0.23984050750732422,
			"Relative Acceleration Y" : -1.1581559181213379,
			"Relative Acceleration Z" : 0.17876332998275757,
			"Relative Velocity X" : -3.436182975769043,
			"Relative Velocity Y" : 0.91147679090499878,
			"Relative Velocity Z" : -0.8351520299911499,
			"Truncated" : 0
		},
		{
			"Absolute Acceleration X" : -0.068989314138889313,
			"Absolute Acceleration Y" : 0.17336401343345642,
			"Absolute Acceleration Z" : -0.003684166818857193,
			"Absolute Velocity X" : -0.022664016112685204,
			"Absolute Velocity Y" : 0.031299643218517303,
			"Absolute Velocity Z" : 0.0010362643515691161,
			"ActorName" : "BUS 06",
			"BoundingBox3D Extent X" : 11.0,
			"BoundingBox3D Extent Y" : 0.36199617385864258,
			"BoundingBox3D Extent Z" : 3.1138386726379395,
			"BoundingBox3D Orientation Quat W" : 0.96997398138046265,
			"BoundingBox3D Orientation Quat X" : -0.0051444708369672298,
			"BoundingBox3D Orientation Quat Y" : -0.028247563168406487,
			"BoundingBox3D Orientation Quat Z" : 0.23960547149181366,
			"BoundingBox3D Origin X" : 87.454025268554688,
			"BoundingBox3D Origin Y" : 1.2466303110122681,
			"BoundingBox3D Origin Z" : 2.7120301723480225,
			"ObjectId" : 6,
			"ObjectType" : "BUS",
			"Occluded" : 0.0,
			"Relative Acceleration X" : -0.26726961135864258,
			"Relative Acceleration Y" : -0.983467698097229,
			"Relative Acceleration Z" : 0.17619502544403076,
			"Relative Velocity X" : -3.3480241298675537,
			"Relative Velocity Y" : 1.081409215927124,
			"Relative Velocity Z" : -0.87619388103485107,
			"Truncated" : 0
		},
		{
			"Absolute Acceleration X" : -0.15599463880062103,
			"Absolute Acceleration Y" : -0.0077017447911202908,
			"Absolute Acceleration Z" : 0.0012018514098599553,
			"Absolute Velocity X" : 0.20568211376667023,
			"Absolute Velocity Y" : -0.028540370985865593,
			"Absolute Velocity Z" : -0.0027951006777584553,
			"ActorName" : "CAR 07",
			"BoundingBox3D Extent X" : 4.0999999046325684,
			"BoundingBox3D Extent Y" : 2.35019850730896,
			"BoundingBox3D Extent Z" : 1.131697416305542,
			"BoundingBox3D Orientation Quat W" : 0.84164732694625854,
			"BoundingBox3D Orientation Quat X" : -0.0018342346884310246,
			"BoundingBox3D Orientation Quat Y" : 0.0034937728196382523,
			"BoundingBox3D Orientation Quat Z" : 0.54001349210739136,
			"BoundingBox3D Origin X" : -95.735137939453125,
			"BoundingBox3D Origin Y" : -77.375518798828125,
			"BoundingBox3D Origin Z" : 0.95013231039047241,
			"ObjectId" : 7,
			"ObjectType" : "CAR",
			"Occluded" : 0.0,
			"Relative Acceleration X" : -1.1234714984893799,
			"Relative Acceleration Y" : 0.98899161815643311,
			"Relative Acceleration Z" : 2.0122890472412109,
			"Relative Velocity X" : -1.9950911998748779,
			"Relative Velocity Y" : -1.3494648933410645,
			"Relative Velocity Z" : 1.3179128170013428,
			"Truncated" : 0
		},
		{
			"Absolute Acceleration X" : 0.7351449728012085,
			"Absolute Acceleration Y" : 0.51835298538208008,
			"Absolute Acceleration Z" : 0.070054098963737488,
			"Absolute Velocity X" : 6.8118424415588379,
			"Absolute Velocity Y" : -2.652273416519165,
			"Absolute Velocity Z" : 0.31432086229324341,