{
	"CapturedObjects" : 
	[
		{
			"Absolute Acceleration X" : 0.40399456024169922,
			"Absolute Acceleration Y" : 0.11481362581253052,
			"Absolute Acceleration Z" : 0.0022977814078330994,
			"Absolute Velocity X" : 6.6139535903930664,
			"Absolute Velocity Y" : 0.24475398659706116,
			"Absolute Velocity Z" : -0.046005886048078537,
			"ActorName" : "CAR 00",
			"BoundingBox3D Extent X" : 4.3323526382446289,
			"BoundingBox3D Extent Y" : 2.0147721767425537,
			"BoundingBox3D Extent Z" : 1.6229699850082397,
			"BoundingBox3D Orientation Quat W" : 0.99971294403076172,
			"BoundingBox3D Orientation Quat X" : -0.0060247629880905151,
			"BoundingBox3D Orientation Quat Y" : 0.0055268784053623676,
			"BoundingBox3D Orientation Quat Z" : 0.022024268284440041,
			"BoundingBox3D Origin X" : 15.609689712524414,
			"BoundingBox3D Origin Y" : 0.019430957734584808,
			"BoundingBox3D Origin Z" : 0.54312950372695923,
			"ObjectId" : 0,
			"ObjectType" : "CAR",
			"Occluded" : 0.0,
			"Relative Acceleration X" : -0.30590188503265381,
			"Relative Acceleration Y" : -0.32344174385070801,
			"Relative Acceleration Z" : -0.0025644563138484955,
			"Relative Velocity X" : 1.7005878686904907,
			"Relative Velocity Y" : -0.10848681628704071,
			"Relative Velocity Z" : -0.020983604714274406,
			"Truncated" : 0
		},
		{
			"Absolute Acceleration X" : 0.18973731994628906,
			"Absolute Acceleration Y" : -0.07261049747467041,
			"Absolute Acceleration Z" : 0.014729723334312439,
			"Absolute Velocity X" : 4.296229362487793,
			"Absolute Velocity Y" : 1.2710562944412231,
			"Absolute Velocity Z" : -0.073641754686832428,
			"ActorName" : "CAR 01",
			"BoundingBox3D Extent X" : 4.6473779678344727,
			"BoundingBox3D Extent Y" : 2.2044610977172852,
			"BoundingBox3D Extent Z" : 1.7064533233642578,
			"BoundingBox3D Orientation Quat W" : 0.9898754358291626,
			"BoundingBox3D Orientation Quat X" : -0.0052480613812804222,
			"BoundingBox3D Orientation Quat Y" : 0.0073553291149437428,
			"BoundingBox3D Orientation Quat Z" : 0.14141105115413666,
			"BoundingBox3D Origin X" : -9.1891355514526367,
			"BoundingBox3D Origin Y" : -2.6772053241729736,
			"BoundingBox3D Origin Z" : 0.9750823974609375,
			"ObjectId" : 1,
			"ObjectType" : "CAR",
			"Occluded" : 0.0,
			"Relative Acceleration X" : -0.50869160890579224,
			"Relative Acceleration Y" : -0.022685647010803223,
			"Relative Acceleration Z" : -0.035994742065668106,
			"Relative Velocity X" : -0.67847967147827148,
			"Relative Velocity Y" : 1.5505280494689941,
			"Relative Velocity Z" : -0.03654203936457634,
			"Truncated" : 0
		},
		{
			"Absolute Acceleration X" : -0.026893552392721176,
			"Absolute Acceleration Y" : 0.020376065745949745,
			"Absolute Acceleration Z" : 0.00068783445749431849,
			"Absolute Velocity X" : -0.0028628571890294552,
			"Absolute Velocity Y" : 0.016167007386684418,
			"Absolute Velocity Z" : 0.0001851446577347815,
			"ActorName" : "MOTORCYCLE 05",
			"BoundingBox3D Extent X" : 5.8706741333007812,
			"BoundingBox3D Extent Y" : 1.2037248611450195,
			"BoundingBox3D Extent Z" : 0.8474196195602417,
			"BoundingBox3D Orientation Quat W" : -0.3180345892906189,
			"BoundingBox3D Orientation Quat X" : 0.013693149201571941,
			"BoundingBox3D Orientation Quat Y" : 0.027782183140516281,
			"BoundingBox3D Orientation Quat Z" : 0.94737738370895386,
			"BoundingBox3D Origin X" : 73.190620422363281,
			"BoundingBox3D Origin Y" : 5.2838759422302246,
			"BoundingBox3D Origin Z" : 0.52251690626144409,
			"ObjectId" : 5,
			"ObjectType" : "MOTORCYCLE",
			"Occluded" : 0.0,
			"Relative Acceleration X" : -0.69510889053344727,
			"Relative Acceleration Y" : -1.0350466966629028,
			"Relative Acceleration Z" : 0.22689931094646454,
			"Relative Velocity X" : -4.789698600769043,
			"Relative Velocity Y" : -1.7629216909408569,
			"Relative Velocity Z" : 0.016124498099088669,
			"Truncated" : 0
		},
		{
			"Absolute Acceleration X" : -0.011080513708293438,
			"Absolute Acceleration Y" : -0.075447127223014832,
			"Absolute Acceleration Z" : -0.00031482917256653309,
			"Absolute Velocity X" : 0.0027187690138816833,
			"Absolute Velocity Y" : 0.037582892924547195,
			"Absolute Velocity Z" : 0.00053867936367169023,
			"ActorName" : "BUS 06",
			"BoundingBox3D Extent X" : 11.0,
			"BoundingBox3D Extent Y" : 0.36199617385864258,
			"BoundingBox3D Extent Z" : 3.1138386726379395,
			"BoundingBox3D Orientation Quat W" : 0.97202819585800171,
			"BoundingBox3D Orientation Quat X" : -0.0080626970157027245,
			"BoundingBox3D Orientation Quat Y" : -0.024395283311605453,
			"BoundingBox3D Orientation Quat Z" : 0.23148827254772186,
			"BoundingBox3D Origin X" : 76.360931396484375,
			"BoundingBox3D Origin Y" : 0.25749018788337708,
			"BoundingBox3D Origin Z" : 2.3209247589111328,
			"ObjectId" : 6,
			"ObjectType" : "BUS",
			"Occluded" : 0.0,
			"Relative Acceleration X" : -0.765716552734375,
			"Relative Acceleration Y" : -1.1962440013885498,
			"Relative Acceleration Z" : 0.18098063766956329,
			"Relative Velocity X" : -4.9090185165405273,
			"Relative Velocity Y" : -1.8361185789108276,
			"Relative Velocity Z" : -0.029710715636610985,
			"Truncated" : 0
		},
		{
			"Absolute Acceleration X" : -0.33900168538093567,
			"Absolute Acceleration Y" : 0.58445131778717041,
			"Absolute Acceleration Z" : -0.035788141191005707,
			"Absolute Velocity X" : -0.11825821548700333,
			"Absolute Velocity Y" : 0.19715084135532379,
			"Absolute Velocity Z" : -0.0064339088276028633,
			"ActorName" : "BUS 11",
			"BoundingBox3D Extent X" : 6.4184999465942383,
			"BoundingBox3D Extent Y" : 3.0,
			"BoundingBox3D Extent Z" : 2.8788228034973145,
			"BoundingBox3D Orientation Quat W" : -0.84439843893051147,
			"BoundingBox3D Orientation Quat X" : 0.017769964411854744,
			"BoundingBox3D Orientation Quat Y" : 0.016279695555567741,
			"BoundingBox3D Orientation Quat Z" : 0.5351218581199646,
			"BoundingBox3D Origin X" : 89.443939208984375,
			"BoundingBox3D Origin Y" : -10.363471984863281,
			"BoundingBox3D Origin Z" : 2.5016167163848877,
			"ObjectId" : 11,
			"ObjectType" : "BUS",
			"Occluded" : 0.0,
			"Relative Acceleration X" : -1.2561726570129395,
			"Relative Acceleration Y" : -0.73078334331512451,
			"Relative Acceleration Z" : 0.069999635219573975,
			"Relative Velocity X" : -5.2966117858886719,
			"Relative Velocity Y" : -2.0054433345794678,
			"Relative Velocity Z" : -0.14082126319408417,
			"Truncated" : 0
		},
		{
			"Absolute Acceleration X" : -0.87417256832122803,
			"Absolute Acceleration Y" : 1.5927013158798218,
			"Absolute Acceleration Z" : -0.4742855429649353,
			"Absolute Velocity X" : -1.3303672075271606,
			"Absolute Velocity Y" : 3.3956048488616943,
			"Absolute Velocity Z" : -0.10719560831785202,
			"ActorName" : "CAR 15",
			"BoundingBox3D Extent X" : 8.6981019973754883,
			"BoundingBox3D Extent Y" : 6.1319971084594727,
			"BoundingBox3D Extent Z" : 3.4029717445373535,
			"BoundingBox3D Orientation Quat W" : 0.58514112234115601,
			"BoundingBox3D Orientation Quat X" : -0.023588983342051506,
			"BoundingBox3D Orientation Quat Y" : 0.020430119708180428,
			"BoundingBox3D Orientation Quat Z" : 0.81002676486968994,
			"BoundingBox3D Origin X" : -124.39942169189453,
			"BoundingBox3D Origin Y" : -73.643226623535156,
			"BoundingBox3D Origin Z" : 3.5854637622833252,
			"ObjectId" : 15,
			"ObjectType" : "CAR",
			"Occluded" : 0.0,
			"Relative Acceleration X" : -2.6214597225189209,
			"Relative Acceleration Y" : 3.4759857654571533,
			"Relative Acceleration Z" : -1.3008354902267456,
			"Relative Velocity X" : -7.6567845344543457,
			"Relative Velocity Y" : 5.9465212821960449,
			"Relative Velocity Z" : -0.84584075212478638,
			"Truncated" : 0
		},
		{
			"Absolute Acceleration X" : 0.39527702331542969,
			"Absolute Acceleration Y" : -0.77229118347167969,
			"Absolute Acceleration Z" : -0.0078699588775634766,
			"Absolute Velocity X" : -3.4146909713745117,
			"Absolute Velocity Y" : 7.7263574600219727,
			"Absolute Velocity Z" : -0.43633884191513062,