{
	"CapturedObjects" : 
	[
		{
			"Absolute Acceleration X" : -0.095471963286399841,
			"Absolute Acceleration Y" : -0.11958476901054382,
			"Absolute Acceleration Z" : 0.024971423670649529,
			"Absolute Velocity X" : 7.0337100028991699,
			"Absolute Velocity Y" : -0.26718032360076904,
			"Absolute Velocity Z" : 0.028128063306212425,
			"ActorName" : "CAR 00",
			"BoundingBox3D Extent X" : 4.3323526382446289,
			"BoundingBox3D Extent Y" : 2.0147721767425537,
			"BoundingBox3D Extent Z" : 1.6229699850082397,
			"BoundingBox3D Orientation Quat W" : -0.99977225065231323,
			"BoundingBox3D Orientation Quat X" : -0.0014072407502681017,
			"BoundingBox3D Orientation Quat Y" : 0.0020212219096720219,
			"BoundingBox3D Orientation Quat Z" : 0.020712042227387428,
			"BoundingBox3D Origin X" : 19.301416397094727,
			"BoundingBox3D Origin Y" : -0.80620938539505005,
			"BoundingBox3D Origin Z" : 0.65335458517074585,
			"ObjectId" : 0,
			"ObjectType" : "CAR",
			"Occluded" : 0.0,
			"Relative Acceleration X" : -0.55433571338653564,
			"Relative Acceleration Y" : -0.12418059259653091,
			"Relative Acceleration Z" : -0.063880965113639832,
			"Relative Velocity X" : 0.1640951931476593,
			"Relative Velocity Y" : -0.30239978432655334,
			"Relative Velocity Z" : -0.028657400980591774,
			"Truncated" : 0
		},
		{
			"Absolute Acceleration X" : 0.21607208251953125,
			"Absolute Acceleration Y" : -0.025925688445568085,
			"Absolute Acceleration Z" : 0.1277611255645752,
			"Absolute Velocity X" : 7.0601606369018555,
			"Absolute Velocity Y" : -0.078449897468090057,
			"Absolute Velocity Z" : -0.054073236882686615,
			"ActorName" : "CAR 01",
			"BoundingBox3D Extent X" : 4.6473779678344727,
			"BoundingBox3D Extent Y" : 2.2044610977172852,
			"BoundingBox3D Extent Z" : 1.7064533233642578,
			"BoundingBox3D Orientation Quat W" : 0.99994885921478271,
			"BoundingBox3D Orientation Quat X" : 0.0043263710103929043,
			"BoundingBox3D Orientation Quat Y" : 0.0025174233596771955,
			"BoundingBox3D Orientation Quat Z" : -0.0042705866508185863,
			"BoundingBox3D Origin X" : -10.469302177429199,
			"BoundingBox3D Origin Y" : -0.28114494681358337,
			"BoundingBox3D Origin Z" : 0.79252833127975464,
			"ObjectId" : 1,
			"ObjectType" : "CAR",
			"Occluded" : 0.0,
			"Relative Acceleration X" : -0.26566618680953979,
			"Relative Acceleration Y" : -0.15249763429164886,
			"Relative Acceleration Z" : 0.15052817761898041,
			"Relative Velocity X" : 0.19464112818241119,
			"Relative Velocity Y" : 0.056225597858428955,
			"Relative Velocity Z" : 0.072323836386203766,
			"Truncated" : 0
		},
		{
			"Absolute Acceleration X" : 0.034861195832490921,
			"Absolute Acceleration Y" : 0.042178157716989517,
			"Absolute Acceleration Z" : 0.00018967551295645535,
			"Absolute Velocity X" : 0.006528845988214016,
			"Absolute Velocity Y" : 0.027749303728342056,
			"Absolute Velocity Z" : -0.00034905210486613214,
			"ActorName" : "MOTORCYCLE 05",
			"BoundingBox3D Extent X" : 5.8706741333007812,
			"BoundingBox3D Extent Y" : 1.2037248611450195,
			"BoundingBox3D Extent Z" : 0.8474196195602417,
			"BoundingBox3D Orientation Quat W" : -0.28601238131523132,
			"BoundingBox3D Orientation Quat X" : 0.013376606628298759,
			"BoundingBox3D Orientation Quat Y" : 0.020548192784190178,
			"BoundingBox3D Orientation Quat Z" : 0.95772218704223633,
			"BoundingBox3D Origin X" : 51.840644836425781,
			"BoundingBox3D Origin Y" : 1.096860408782959,
			"BoundingBox3D Origin Z" : 0.63827365636825562,
			"ObjectId" : 5,
			"ObjectType" : "MOTORCYCLE",
			"Occluded" : 0.0,
			"Relative Acceleration X" : -0.46146965026855469,
			"Relative Acceleration Y" : 0.50483053922653198,
			"Relative Acceleration Z" : -0.16773161292076111,
			"Relative Velocity X" : -6.852881908416748,
			"Relative Velocity Y" : -0.20227338373661041,
			"Relative Velocity Z" : -0.21873699128627777,
			"Truncated" : 0
		},
		{
			"Absolute Acceleration X" : 0.022764954715967178,
			"Absolute Acceleration Y" : 0.060085184872150421,
			"Absolute Acceleration Z" : 0.00010676716919988394,
			"Absolute Velocity X" : -0.028745619580149651,
			"Absolute Velocity Y" : 0.04035482183098793,
			"Absolute Velocity Z" : -0.00027690798742696643,
			"ActorName" : "BUS 06",
			"BoundingBox3D Extent X" : 11.0,
			"BoundingBox3D Extent Y" : 0.36199617385864258,
			"BoundingBox3D Extent Z" : 3.1138386726379395,
			"BoundingBox3D Orientation Quat W" : -0.97908538579940796,
			"BoundingBox3D Orientation Quat X" : 0.0020165420137345791,
			"BoundingBox3D Orientation Quat Y" : 0.024776661768555641,
			"BoundingBox3D Orientation Quat Z" : -0.19964668154716492,
			"BoundingBox3D Origin X" : 54.610511779785156,
			"BoundingBox3D Origin Y" : -4.2351799011230469,
			"BoundingBox3D Origin Z" : 2.357440710067749,
			"ObjectId" : 6,
			"ObjectType" : "BUS",
			"Occluded" : 0.0,
			"Relative Acceleration X" : -0.42231559753417969,
			"Relative Acceleration Y" : 0.54855573177337646,
			"Relative Acceleration Z" : -0.17169667780399323,
			"Relative Velocity X" : -6.9083337783813477,
			"Relative Velocity Y" : -0.21217578649520874,
			"Relative Velocity Z" : -0.25556537508964539,
			"Truncated" : 0
		},
		{
			"Absolute Acceleration X" : 0.13574957847595215,
			"Absolute Acceleration Y" : -1.2064089775085449,
			"Absolute Acceleration Z" : 0.0049167345277965069,
			"Absolute Velocity X" : 0.017310325056314468,
			"Absolute Velocity Y" : -0.13724327087402344,
			"Absolute Velocity Z" : -0.0077315294183790684,
			"ActorName" : "BUS 19",
			"BoundingBox3D Extent X" : 3.5755314826965332,
			"BoundingBox3D Extent Y" : 3.0,
			"BoundingBox3D Extent Z" : 2.8184752464294434,
			"BoundingBox3D Orientation Quat W" : -0.83366698026657104,
			"BoundingBox3D Orientation Quat X" : -0.0097064375877380371,
			"BoundingBox3D Orientation Quat Y" : 0.018296437337994576,
			"BoundingBox3D Orientation Quat Z" : 0.55167108774185181,
			"BoundingBox3D Origin X" : 64.278427124023438,
			"BoundingBox3D Origin Y" : -7.4479656219482422,
			"BoundingBox3D Origin Z" : 2.0578973293304443,
			"ObjectId" : 19,
			"ObjectType" : "BUS",
			"Occluded" : 0.0,
			"Relative Acceleration X" : -0.28090143203735352,
			"Relative Acceleration Y" : -0.63424444198608398,
			"Relative Acceleration Z" : -0.19549582898616791,
			"Relative Velocity X" : -6.8837475776672363,
			"Relative Velocity Y" : -0.44421878457069397,
			"Relative Velocity Z" : -0.33514779806137085,
			"Truncated" : 0
		},
		{
			"Absolute Acceleration X" : 0.00018857419490814209,
			"Absolute Acceleration Y" : 0.021301776170730591,
			"Absolute Acceleration Z" : 0.00053023872897028923,
			"Absolute Velocity X" : -0.03264974057674408,
			"Absolute Velocity Y" : -0.09988025575876236,
			"Absolute Velocity Z" : -0.0024532061070203781,
			"ActorName" : "BUS 23",
			"BoundingBox3D Extent X" : 11.0,
			"BoundingBox3D Extent Y" : 0.31271257996559143,
			"BoundingBox3D Extent Z" : 3.3098132610321045,
			"BoundingBox3D Orientation Quat W" : -0.96600741147994995,
			"BoundingBox3D Orientation Quat X" : -0.0082649718970060349,
			"BoundingBox3D Orientation Quat Y" : -0.00092173326993361115,
			"BoundingBox3D Orientation Quat Z" : 0.25837501883506775,
			"BoundingBox3D Origin X" : 59.504127502441406,
			"BoundingBox3D Origin Y" : -13.359889030456543,
			"BoundingBox3D Origin Z" : 2.2843084335327148,
			"ObjectId" : 23,
			"ObjectType" : "BUS",
			"Occluded" : 0.0,
			"Relative Acceleration X" : -0.36658668518066406,
			"Relative Acceleration Y" : 0.55240559577941895,
			"Relative Acceleration Z" : -0.17863348126411438,
			"Relative Velocity X" : -6.965202808380127,
			"Relative Velocity Y" : -0.38019731640815735,
			"Relative Velocity Z" : -0.32191181182861328,
			"Truncated" : 0
		},
		{
			"Absolute Acceleration X" : -0.00088261411292478442,
			"Absolute Acceleration Y" : 0.21570795774459839,
			"Absolute Acceleration Z" : -0.038025546818971634,
			"Absolute Velocity X" : -0.25692009925842285,
			"Absolute Velocity Y" : -0.91076940298080444,