{
	"CapturedObjects" : 
	[
		{
			"Absolute Acceleration X" : -0.17931938171386719,
			"Absolute Acceleration Y" : 0.41019180417060852,
			"Absolute Acceleration Z" : -0.013677045702934265,
			"Absolute Velocity X" : 15.918872833251953,
			"Absolute Velocity Y" : 0.014143116772174835,
			"Absolute Velocity Z" : -0.071253970265388489,
			"ActorName" : "CAR 00",
			"BoundingBox3D Extent X" : 5.0130834579467773,
			"BoundingBox3D Extent Y" : 1.9722530841827393,
			"BoundingBox3D Extent Z" : 1.8520313501358032,
			"BoundingBox3D Orientation Quat W" : 0.99997717142105103,
			"BoundingBox3D Orientation Quat X" : 0.0037878840230405331,
			"BoundingBox3D Orientation Quat Y" : 0.0014702574117109179,
			"BoundingBox3D Orientation Quat Z" : 0.0021627254318445921,
			"BoundingBox3D Origin X" : 5.7473721504211426,
			"BoundingBox3D Origin Y" : 3.7363662719726562,
			"BoundingBox3D Origin Z" : 0.80141174793243408,
			"ObjectId" : 0,
			"ObjectType" : "CAR",
			"Occluded" : 0.0,
			"Relative Acceleration X" : -0.66245990991592407,
			"Relative Acceleration Y" : 0.52544325590133667,
			"Relative Acceleration Z" : 0.023985590785741806,
			"Relative Velocity X" : -1.3080828189849854,
			"Relative Velocity Y" : 0.22347676753997803,
			"Relative Velocity Z" : 0.056522347033023834,
			"Truncated" : 0
		},
		{
			"Absolute Acceleration X" : 0.14285945892333984,
			"Absolute Acceleration Y" : 0.69250297546386719,
			"Absolute Acceleration Z" : -0.0068315118551254272,
			"Absolute Velocity X" : 14.904267311096191,
			"Absolute Velocity Y" : -0.6651381254196167,
			"Absolute Velocity Z" : -0.10229689627885818,
			"ActorName" : "CAR 01",
			"BoundingBox3D Extent X" : 4.3575758934020996,
			"BoundingBox3D Extent Y" : 2.0040740966796875,
			"BoundingBox3D Extent Z" : 1.4757857322692871,
			"BoundingBox3D Orientation Quat W" : -0.99990105628967285,
			"BoundingBox3D Orientation Quat X" : 0.0030549427028745413,
			"BoundingBox3D Orientation Quat Y" : -0.0031549627892673016,
			"BoundingBox3D Orientation Quat Z" : 0.012700814753770828,
			"BoundingBox3D Origin X" : -24.388401031494141,
			"BoundingBox3D Origin Y" : 4.1196622848510742,
			"BoundingBox3D Origin Z" : 0.82679378986358643,
			"ObjectId" : 1,
			"ObjectType" : "CAR",
			"Occluded" : 0.0,
			"Relative Acceleration X" : -0.34571576118469238,
			"Relative Acceleration Y" : 0.02533036470413208,
			"Relative Acceleration Z" : -0.54343885183334351,
			"Relative Velocity X" : -2.320847749710083,
			"Relative Velocity Y" : -0.49234902858734131,
			"Relative Velocity Z" : 0.22712062299251556,
			"Truncated" : 0
		},
		{
			"Absolute Acceleration X" : -0.096767425537109375,
			"Absolute Acceleration Y" : 0.036961764097213745,
			"Absolute Acceleration Z" : 0.050830736756324768,
			"Absolute Velocity X" : 15.459744453430176,
			"Absolute Velocity Y" : 0.46562537550926208,
			"Absolute Velocity Z" : -0.25633615255355835,
			"ActorName" : "CAR 02",
			"BoundingBox3D Extent X" : 4.6226119995117188,
			"BoundingBox3D Extent Y" : 1.9168152809143066,
			"BoundingBox3D Extent Z" : 1.6673797369003296,
			"BoundingBox3D Orientation Quat W" : 0.99976015090942383,
			"BoundingBox3D Orientation Quat X" : 0.0063613131642341614,
			"BoundingBox3D Orientation Quat Y" : 0.0073113390244543552,
			"BoundingBox3D Orientation Quat Z" : 0.018837001174688339,
			"BoundingBox3D Origin X" : 25.91984748840332,
			"BoundingBox3D Origin Y" : 4.3595452308654785,
			"BoundingBox3D Origin Z" : 0.46100518107414246,
			"ObjectId" : 2,
			"ObjectType" : "CAR",
			"Occluded" : 0.0,
			"Relative Acceleration X" : -0.5906214714050293,
			"Relative Acceleration Y" : 0.68923544883728027,
			"Relative Acceleration Z" : 0.44539803266525269,
			"Relative Velocity X" : -1.770926833152771,
			"Relative Velocity Y" : 0.69565767049789429,
			"Relative Velocity Z" : -0.2668401300907135,
			"Truncated" : 0
		},
		{
			"Absolute Acceleration X" : -0.14261627197265625,
			"Absolute Acceleration Y" : 0.591022789478302,
			"Absolute Acceleration Z" : 0.003032878041267395,
			"Absolute Velocity X" : 14.173198699951172,
			"Absolute Velocity Y" : -1.0635323524475098,
			"Absolute Velocity Z" : -0.11320167034864426,
			"ActorName" : "CAR 03",
			"BoundingBox3D Extent X" : 4.2375988960266113,
			"BoundingBox3D Extent Y" : 1.8981106281280518,
			"BoundingBox3D Extent Z" : 1.4892768859863281,
			"BoundingBox3D Orientation Quat W" : -0.99929231405258179,
			"BoundingBox3D Orientation Quat X" : 0.0067438799887895584,
			"BoundingBox3D Orientation Quat Y" : -0.0046043442562222481,
			"BoundingBox3D Orientation Quat Z" : 0.036228977143764496,
			"BoundingBox3D Origin X" : -34.855045318603516,
			"BoundingBox3D Origin Y" : 5.0900087356567383,
			"BoundingBox3D Origin Z" : 0.93985497951507568,
			"ObjectId" : 3,
			"ObjectType" : "CAR",
			"Occluded" : 0.0,
			"Relative Acceleration X" : -0.65535116195678711,
			"Relative Acceleration Y" : -0.35338801145553589,
			"Relative Acceleration Z" : -0.7339092493057251,
			"Relative Velocity X" : -3.0508370399475098,
			"Relative Velocity Y" : -0.90506047010421753,
			"Relative Velocity Z" : 0.28581169247627258,
			"Truncated" : 0
		},
		{
			"Absolute Acceleration X" : 0.22564755380153656,
			"Absolute Acceleration Y" : 1.3537148237228394,
			"Absolute Acceleration Z" : -0.10025767982006073,
			"Absolute Velocity X" : 17.30500602722168,
			"Absolute Velocity Y" : -1.8297818899154663,
			"Absolute Velocity Z" : -0.21057713031768799,
			"ActorName" : "CAR 04",
			"BoundingBox3D Extent X" : 4.1757917404174805,
			"BoundingBox3D Extent Y" : 1.8231935501098633,
			"BoundingBox3D Extent Z" : 1.4536383152008057,
			"BoundingBox3D Orientation Quat W" : -0.99859321117401123,
			"BoundingBox3D Orientation Quat X" : 0.012692797929048538,
			"BoundingBox3D Orientation Quat Y" : -0.0059564011171460152,
			"BoundingBox3D Orientation Quat Z" : 0.050645351409912109,
			"BoundingBox3D Origin X" : -42.022815704345703,
			"BoundingBox3D Origin Y" : 1.7062129974365234,
			"BoundingBox3D Origin Z" : 1.0189716815948486,
			"ObjectId" : 4,
			"ObjectType" : "CAR",
			"Occluded" : 0.0,
			"Relative Acceleration X" : -0.26285576820373535,
			"Relative Acceleration Y" : -0.4220297634601593,
			"Relative Acceleration Z" : 0.033247951418161392,
			"Relative Velocity X" : 0.15114493668079376,
			"Relative Velocity Y" : -1.5227060317993164,
			"Relative Velocity Z" : 0.4307878315448761,
			"Truncated" : 0
		},
		{
			"Absolute Acceleration X" : 0.22704601287841797,
			"Absolute Acceleration Y" : -0.22419187426567078,
			"Absolute Acceleration Z" : 0.23060566186904907,
			"Absolute Velocity X" : 16.070587158203125,
			"Absolute Velocity Y" : 0.19476743042469025,
			"Absolute Velocity Z" : 0.21056517958641052,
			"ActorName" : "CAR 06",
			"BoundingBox3D Extent X" : 4.4628629684448242,
			"BoundingBox3D Extent Y" : 2.1686763763427734,
			"BoundingBox3D Extent Z" : 2.7319893836975098,
			"BoundingBox3D Orientation Quat W" : 0.99982690811157227,
			"BoundingBox3D Orientation Quat X" : 0.014686391688883305,
			"BoundingBox3D Orientation Quat Y" : -0.0060142800211906433,
			"BoundingBox3D Orientation Quat Z" : 0.0090990560129284859,
			"BoundingBox3D Origin X" : 128.50204467773438,
			"BoundingBox3D Origin Y" : 7.3580136299133301,
			"BoundingBox3D Origin Z" : 0.74466192722320557,
			"ObjectId" : 6,
			"ObjectType" : "CAR",
			"Occluded" : 0.0,
			"Relative Acceleration X" : -0.41343635320663452,
			"Relative Acceleration Y" : 3.1338517665863037,
			"Relative Acceleration Z" : 2.5474419593811035,
			"Relative Velocity X" : -1.1597496271133423,
			"Relative Velocity Y" : 0.53740513324737549,
			"Relative Velocity Z" : -0.49807083606719971,
			"Truncated" : 0
		},
		{
			"Absolute Acceleration X" : 0.071023941040039062,
			"Absolute Acceleration Y" : 0.095976829528808594,
			"Absolute Acceleration Z" : 0.10647667944431305,
			"Absolute Velocity X" : 18.368526458740234,
			"Absolute Velocity Y" : 0.61061006784439087,
			"Absolute Velocity Z" : -0.16365796327590942,