{
	"CapturedObjects" : 
	[
		{
			"Absolute Acceleration X" : -0.08267974853515625,
			"Absolute Acceleration Y" : -0.054150871932506561,
			"Absolute Acceleration Z" : 0.010200086981058121,
			"Absolute Velocity X" : 7.1160426139831543,
			"Absolute Velocity Y" : -0.11461779475212097,
			"Absolute Velocity Z" : 0.020079918205738068,
			"ActorName" : "CAR 00",
			"BoundingBox3D Extent X" : 4.3323526382446289,
			"BoundingBox3D Extent Y" : 2.0147721767425537,
			"BoundingBox3D Extent Z" : 1.6229699850082397,
			"BoundingBox3D Orientation Quat W" : -0.99991774559020996,
			"BoundingBox3D Orientation Quat X" : 0.0066995006054639816,
			"BoundingBox3D Orientation Quat Y" : 0.0018698496278375387,
			"BoundingBox3D Orientation Quat Z" : 0.0099853072315454483,
			"BoundingBox3D Origin X" : 18.948740005493164,
			"BoundingBox3D Origin Y" : -0.60032987594604492,
			"BoundingBox3D Origin Z" : 0.63725924491882324,
			"ObjectId" : 0,
			"ObjectType" : "CAR",
			"Occluded" : 0.0,
			"Relative Acceleration X" : -0.52371007204055786,
			"Relative Acceleration Y" : -0.031383708119392395,
			"Relative Acceleration Z" : 0.0015201978385448456,
			"Relative Velocity X" : 0.64708548784255981,
			"Relative Velocity Y" : -0.19023512303829193,
			"Relative Velocity Z" : 0.072998695075511932,
			"Truncated" : 0
		},
		{
			"Absolute Acceleration X" : 0.91842794418334961,
			"Absolute Acceleration Y" : 0.0087325256317853928,
			"Absolute Acceleration Z" : -0.058617293834686279,
			"Absolute Velocity X" : 6.6635289192199707,
			"Absolute Velocity Y" : -0.017602736130356789,
			"Absolute Velocity Z" : -0.18504206836223602,
			"ActorName" : "CAR 01",
			"BoundingBox3D Extent X" : 4.6473779678344727,
			"BoundingBox3D Extent Y" : 2.2044610977172852,
			"BoundingBox3D Extent Z" : 1.7064533233642578,
			"BoundingBox3D Orientation Quat W" : 0.9998784065246582,
			"BoundingBox3D Orientation Quat X" : 1.0986608685925603e-05,
			"BoundingBox3D Orientation Quat Y" : 0.013230955228209496,
			"BoundingBox3D Orientation Quat Z" : -0.00035485663102008402,
			"BoundingBox3D Origin X" : -10.73361873626709,
			"BoundingBox3D Origin Y" : -0.38576146960258484,
			"BoundingBox3D Origin Z" : 0.86774170398712158,
			"ObjectId" : 1,
			"ObjectType" : "CAR",
			"Occluded" : 0.0,
			"Relative Acceleration X" : 0.4815298318862915,
			"Relative Acceleration Y" : -0.10021555423736572,
			"Relative Acceleration Z" : -0.04235435277223587,
			"Relative Velocity X" : 0.1950862854719162,
			"Relative Velocity Y" : 0.13872046768665314,
			"Relative Velocity Z" : -0.15859898924827576,
			"Truncated" : 0
		},
		{
			"Absolute Acceleration X" : 0.0084774866700172424,
			"Absolute Acceleration Y" : -0.0469648577272892,
			"Absolute Acceleration Z" : -0.0003627977566793561,
			"Absolute Velocity X" : -0.033099386841058731,
			"Absolute Velocity Y" : 0.020820766687393188,
			"Absolute Velocity Z" : 4.5201279135653749e-05,
			"ActorName" : "MOTORCYCLE 05",
			"BoundingBox3D Extent X" : 5.8706741333007812,
			"BoundingBox3D Extent Y" : 1.2037248611450195,
			"BoundingBox3D Extent Z" : 0.8474196195602417,
			"BoundingBox3D Orientation Quat W" : -0.28929087519645691,
			"BoundingBox3D Orientation Quat X" : 0.012819407507777214,
			"BoundingBox3D Orientation Quat Y" : 0.022854316979646683,
			"BoundingBox3D Orientation Quat Z" : 0.95669221878051758,
			"BoundingBox3D Origin X" : 57.606449127197266,
			"BoundingBox3D Origin Y" : 1.4345676898956299,
			"BoundingBox3D Origin Z" : 0.70462620258331299,
			"ObjectId" : 5,
			"ObjectType" : "MOTORCYCLE",
			"Occluded" : 0.0,
			"Relative Acceleration X" : -0.44454383850097656,
			"Relative Acceleration Y" : 0.30923911929130554,
			"Relative Acceleration Z" : -0.02570825070142746,
			"Relative Velocity X" : -6.4860320091247559,
			"Relative Velocity Y" : -0.35662701725959778,
			"Relative Velocity Z" : 0.12145321071147919,
			"Truncated" : 0
		},
		{
			"Absolute Acceleration X" : -0.045050609856843948,
			"Absolute Acceleration Y" : 0.016577528789639473,
			"Absolute Acceleration Z" : -0.0042450441978871822,
			"Absolute Velocity X" : -0.023882027715444565,
			"Absolute Velocity Y" : -0.040876656770706177,
			"Absolute Velocity Z" : 3.2763928174972534e-05,
			"ActorName" : "BUS 06",
			"BoundingBox3D Extent X" : 11.0,
			"BoundingBox3D Extent Y" : 0.36199617385864258,
			"BoundingBox3D Extent Z" : 3.1138386726379395,
			"BoundingBox3D Orientation Quat W" : -0.97835201025009155,
			"BoundingBox3D Orientation Quat X" : 0.0041374317370355129,
			"BoundingBox3D Orientation Quat Y" : 0.02546713687479496,
			"BoundingBox3D Orientation Quat Z" : -0.20310454070568085,
			"BoundingBox3D Origin X" : 60.452644348144531,
			"BoundingBox3D Origin Y" : -3.8757641315460205,
			"BoundingBox3D Origin Z" : 2.4541585445404053,
			"ObjectId" : 6,
			"ObjectType" : "BUS",
			"Occluded" : 0.0,
			"Relative Acceleration X" : -0.47165203094482422,
			"Relative Acceleration Y" : 0.37488061189651489,
			"Relative Acceleration Z" : -0.069630168378353119,
			"Relative Velocity X" : -6.5200157165527344,
			"Relative Velocity Y" : -0.43788260221481323,
			"Relative Velocity Z" : 0.1318560391664505,
			"Truncated" : 0
		},
		{
			"Absolute Acceleration X" : -0.036506906151771545,
			"Absolute Acceleration Y" : 0.065381750464439392,
			"Absolute Acceleration Z" : -0.00034411356318742037,
			"Absolute Velocity X" : -0.011128721758723259,
			"Absolute Velocity Y" : 0.038587950170040131,
			"Absolute Velocity Z" : -0.00075626833131536841,
			"ActorName" : "BUS 19",
			"BoundingBox3D Extent X" : 3.5755314826965332,
			"BoundingBox3D Extent Y" : 3.0,
			"BoundingBox3D Extent Z" : 2.8184752464294434,
			"BoundingBox3D Orientation Quat W" : -0.83557802438735962,
			"BoundingBox3D Orientation Quat X" : -0.0086936969310045242,
			"BoundingBox3D Orientation Quat Y" : 0.02030828595161438,
			"BoundingBox3D Orientation Quat Z" : 0.54871726036071777,
			"BoundingBox3D Origin X" : 70.132522583007812,
			"BoundingBox3D Origin Y" : -7.137519359588623,
			"BoundingBox3D Origin Z" : 2.1866257190704346,
			"ObjectId" : 19,
			"ObjectType" : "BUS",
			"Occluded" : 0.0,
			"Relative Acceleration X" : -0.44773435592651367,
			"Relative Acceleration Y" : 0.47309163212776184,
			"Relative Acceleration Z" : -0.096487425267696381,
			"Relative Velocity X" : -6.5323333740234375,
			"Relative Velocity Y" : -0.43476524949073792,
			"Relative Velocity Z" : 0.1453448086977005,
			"Truncated" : 0
		},
		{
			"Absolute Acceleration X" : -0.079335674643516541,
			"Absolute Acceleration Y" : -0.15211059153079987,
			"Absolute Acceleration Z" : -0.0024125867057591677,
			"Absolute Velocity X" : -0.038979940116405487,
			"Absolute Velocity Y" : -0.016733696684241295,
			"Absolute Velocity Z" : -0.00026434840401634574,
			"ActorName" : "BUS 23",
			"BoundingBox3D Extent X" : 11.0,
			"BoundingBox3D Extent Y" : 0.31271257996559143,
			"BoundingBox3D Extent Z" : 3.3098132610321045,
			"BoundingBox3D Orientation Quat W" : -0.96691334247589111,
			"BoundingBox3D Orientation Quat X" : -0.0065908795222640038,
			"BoundingBox3D Orientation Quat Y" : 0.00064742419635877013,
			"BoundingBox3D Orientation Quat Z" : 0.2550027072429657,
			"BoundingBox3D Origin X" : 65.397384643554688,
			"BoundingBox3D Origin Y" : -12.898105621337891,
			"BoundingBox3D Origin Z" : 2.4289159774780273,
			"ObjectId" : 23,
			"ObjectType" : "BUS",
			"Occluded" : 0.0,
			"Relative Acceleration X" : -0.46220159530639648,
			"Relative Acceleration Y" : 0.23112821578979492,
			"Relative Acceleration Z" : -0.13684044778347015,
			"Relative Velocity X" : -6.6061697006225586,
			"Relative Velocity Y" : -0.45254892110824585,
			"Relative Velocity Z" : 0.14992521703243256,
			"Truncated" : 0
		},
		{
			"Absolute Acceleration X" : -0.058536931872367859,
			"Absolute Acceleration Y" : -0.25562286376953125,
			"Absolute Acceleration Z" : 0.02737889438867569,
			"Absolute Velocity X" : -0.25084486603736877,
			"Absolute Velocity Y" : -1.1545748710632324,