{
	"CapturedObjects" : 
	[
		{
			"Absolute Acceleration X" : 0.22139310836791992,
			"Absolute Acceleration Y" : -0.030890375375747681,
			"Absolute Acceleration Z" : 0.010424045845866203,
			"Absolute Velocity X" : 3.9030613899230957,
			"Absolute Velocity Y" : -0.18062259256839752,
			"Absolute Velocity Z" : 3.5024004318984225e-05,
			"ActorName" : "CAR 00",
			"BoundingBox3D Extent X" : 4.3476333618164062,
			"BoundingBox3D Extent Y" : 2.1108732223510742,
			"BoundingBox3D Extent Z" : 1.5744835138320923,
			"BoundingBox3D Orientation Quat W" : -0.99978315830230713,
			"BoundingBox3D Orientation Quat X" : -0.0024641677737236023,
			"BoundingBox3D Orientation Quat Y" : 0.00043142301728948951,
			"BoundingBox3D Orientation Quat Z" : 0.02101217582821846,
			"BoundingBox3D Origin X" : 10.80510139465332,
			"BoundingBox3D Origin Y" : -0.85205483436584473,
			"BoundingBox3D Origin Z" : 0.70949816703796387,
			"ObjectId" : 0,
			"ObjectType" : "CAR",
			"Occluded" : 0.0,
			"Relative Acceleration X" : 0.29018914699554443,
			"Relative Acceleration Y" : 0.061621502041816711,
			"Relative Acceleration Z" : -0.016426438465714455,
			"Relative Velocity X" : 0.045819316059350967,
			"Relative Velocity Y" : -0.11501102149486542,
			"Relative Velocity Z" : -0.040464892983436584,
			"Truncated" : 0
		},
		{
			"Absolute Acceleration X" : 0.25868821144104004,
			"Absolute Acceleration Y" : -0.016303403303027153,
			"Absolute Acceleration Z" : -0.50148433446884155,
			"Absolute Velocity X" : 5.4684591293334961,
			"Absolute Velocity Y" : 0.0017968855099752545,
			"Absolute Velocity Z" : -0.25551795959472656,
			"ActorName" : "CAR 08",
			"BoundingBox3D Extent X" : 4.1064352989196777,
			"BoundingBox3D Extent Y" : 1.4507327079772949,
			"BoundingBox3D Extent Z" : 1.1751760244369507,
			"BoundingBox3D Orientation Quat W" : 0.9995882511138916,
			"BoundingBox3D Orientation Quat X" : -0.015366237610578537,
			"BoundingBox3D Orientation Quat Y" : 0.016101434826850891,
			"BoundingBox3D Orientation Quat Z" : -0.0011156639084219933,
			"BoundingBox3D Origin X" : 67.089935302734375,
			"BoundingBox3D Origin Y" : -5.2978253364562988,
			"BoundingBox3D Origin Z" : 1.991681694984436,
			"ObjectId" : 8,
			"ObjectType" : "CAR",
			"Occluded" : 0.0,
			"Relative Acceleration X" : 0.76207053661346436,
			"Relative Acceleration Y" : 0.40329965949058533,
			"Relative Acceleration Z" : -1.1459732055664062,
			"Relative Velocity X" : 1.6242760419845581,
			"Relative Velocity Y" : 0.15294584631919861,
			"Relative Velocity Z" : -0.64650577306747437,
			"Truncated" : 0
		},
		{
			"Absolute Acceleration X" : -0.49340081214904785,
			"Absolute Acceleration Y" : 0.02929273247718811,
			"Absolute Acceleration Z" : 0.043399706482887268,
			"Absolute Velocity X" : 3.2110025882720947,
			"Absolute Velocity Y" : -0.18354378640651703,
			"Absolute Velocity Z" : 0.043981384485960007,
			"ActorName" : "CAR 10",
			"BoundingBox3D Extent X" : 4.0999999046325684,
			"BoundingBox3D Extent Y" : 0.94726645946502686,
			"BoundingBox3D Extent Z" : 1.5668470859527588,
			"BoundingBox3D Orientation Quat W" : -0.99977648258209229,
			"BoundingBox3D Orientation Quat X" : 0.0049470812082290649,
			"BoundingBox3D Orientation Quat Y" : 0.0036258860491216183,
			"BoundingBox3D Orientation Quat Z" : 0.019783167168498039,
			"BoundingBox3D Origin X" : 41.118625640869141,
			"BoundingBox3D Origin Y" : -3.921259880065918,
			"BoundingBox3D Origin Z" : 1.0032279491424561,
			"ObjectId" : 10,
			"ObjectType" : "CAR",
			"Occluded" : 0.0,
			"Relative Acceleration X" : -0.39967119693756104,
			"Relative Acceleration Y" : 0.36990565061569214,
			"Relative Acceleration Z" : -0.027078889310359955,
			"Relative Velocity X" : -0.63995230197906494,
			"Relative Velocity Y" : -0.075170822441577911,
			"Relative Velocity Z" : -0.18301010131835938,
			"Truncated" : 0
		},
		{
			"Absolute Acceleration X" : 0.08033287525177002,
			"Absolute Acceleration Y" : -0.012314677238464355,
			"Absolute Acceleration Z" : 0.10784707218408585,
			"Absolute Velocity X" : 0.63063091039657593,
			"Absolute Velocity Y" : 1.0482354164123535,
			"Absolute Velocity Z" : -0.10801498591899872,
			"ActorName" : "PEDESTRIAN 11",
			"BoundingBox3D Extent X" : 0.87016814947128296,
			"BoundingBox3D Extent Y" : 0.74505412578582764,
			"BoundingBox3D Extent Z" : 1.6921769380569458,
			"BoundingBox3D Orientation Quat W" : 0.86331164836883545,
			"BoundingBox3D Orientation Quat X" : -0.080304726958274841,
			"BoundingBox3D Orientation Quat Y" : 0.013271668925881386,
			"BoundingBox3D Orientation Quat Z" : 0.49765551090240479,
			"BoundingBox3D Origin X" : 64.726966857910156,
			"BoundingBox3D Origin Y" : -12.876501083374023,
			"BoundingBox3D Origin Z" : 2.3308613300323486,
			"ObjectId" : 11,
			"ObjectType" : "PEDESTRIAN",
			"Occluded" : 0.0,
			"Relative Acceleration X" : 0.24730873107910156,
			"Relative Acceleration Y" : 0.52031487226486206,
			"Relative Acceleration Z" : -0.0015713870525360107,
			"Relative Velocity X" : -3.2008223533630371,
			"Relative Velocity Y" : 1.1905081272125244,
			"Relative Velocity Z" : -0.4597107470035553,
			"Truncated" : 0
		},
		{
			"Absolute Acceleration X" : 0.40485477447509766,
			"Absolute Acceleration Y" : -0.33957195281982422,
			"Absolute Acceleration Z" : -0.050485730171203613,
			"Absolute Velocity X" : 8.4155740737915039,
			"Absolute Velocity Y" : -0.3869243860244751,
			"Absolute Velocity Z" : 0.3002876341342926,
			"ActorName" : "CAR 12",
			"BoundingBox3D Extent X" : 4.2695932388305664,
			"BoundingBox3D Extent Y" : 1.6966570615768433,
			"BoundingBox3D Extent Z" : 1.6036274433135986,
			"BoundingBox3D Orientation Quat W" : -0.99963223934173584,
			"BoundingBox3D Orientation Quat X" : -0.0016123007517307997,
			"BoundingBox3D Orientation Quat Y" : 0.0094570228829979897,
			"BoundingBox3D Orientation Quat Z" : 0.022831616923213005,
			"BoundingBox3D Origin X" : 86.526405334472656,
			"BoundingBox3D Origin Y" : -5.4053211212158203,
			"BoundingBox3D Origin Z" : 2.1348502635955811,
			"ObjectId" : 12,
			"ObjectType" : "CAR",
			"Occluded" : 0.0,
			"Relative Acceleration X" : 0.51485252380371094,
			"Relative Acceleration Y" : 0.38921532034873962,
			"Relative Acceleration Z" : -0.23952199518680573,
			"Relative Velocity X" : 4.5741829872131348,
			"Relative Velocity Y" : -0.20182332396507263,
			"Relative Velocity Z" : -0.21756622195243835,
			"Truncated" : 0
		}
	],
	"FrameId" : 35254,
	"Timestamp" : 1676041181915416288,
	"TimestampMiddle" : 1676041181898416288
}