{
	"CapturedObjects" : 
	[
		{
			"Absolute Acceleration X" : 0.10668670386075974,
			"Absolute Acceleration Y" : -0.020657528191804886,
			"Absolute Acceleration Z" : 0.0086069926619529724,
			"Absolute Velocity X" : 3.3486416339874268,
			"Absolute Velocity Y" : -0.091996602714061737,
			"Absolute Velocity Z" : -0.014780553989112377,
			"ActorName" : "CAR 00",
			"BoundingBox3D Extent X" : 4.3323526382446289,
			"BoundingBox3D Extent Y" : 2.0147721767425537,
			"BoundingBox3D Extent Z" : 1.6229699850082397,
			"BoundingBox3D Orientation Quat W" : 0.99995255470275879,
			"BoundingBox3D Orientation Quat X" : -0.0076148305088281631,
			"BoundingBox3D Orientation Quat Y" : 0.0012766900472342968,
			"BoundingBox3D Orientation Quat Z" : -0.0032701559830456972,
			"BoundingBox3D Origin X" : 9.5103158950805664,
			"BoundingBox3D Origin Y" : -1.1653850078582764,
			"BoundingBox3D Origin Z" : 0.67706531286239624,
			"ObjectId" : 0,
			"ObjectType" : "CAR",
			"Occluded" : 0.0,
			"Relative Acceleration X" : 0.068709924817085266,
			"Relative Acceleration Y" : 0.18775069713592529,
			"Relative Acceleration Z" : 0.1698937863111496,
			"Relative Velocity X" : 0.41640320420265198,
			"Relative Velocity Y" : 0.050650756806135178,
			"Relative Velocity Z" : -0.038788720965385437,
			"Truncated" : 0
		},
		{
			"Absolute Acceleration X" : -1.1406904458999634,
			"Absolute Acceleration Y" : 0.22709402441978455,
			"Absolute Acceleration Z" : -0.0624421127140522,
			"Absolute Velocity X" : 6.8175783157348633,
			"Absolute Velocity Y" : 0.41098189353942871,
			"Absolute Velocity Z" : 0.10300016403198242,
			"ActorName" : "CAR 01",
			"BoundingBox3D Extent X" : 4.6473779678344727,
			"BoundingBox3D Extent Y" : 2.2044610977172852,
			"BoundingBox3D Extent Z" : 1.7064533233642578,
			"BoundingBox3D Orientation Quat W" : 0.99955070018768311,
			"BoundingBox3D Orientation Quat X" : -0.0010688147740438581,
			"BoundingBox3D Orientation Quat Y" : -0.0080499481409788132,
			"BoundingBox3D Orientation Quat Z" : 0.027657546103000641,
			"BoundingBox3D Origin X" : -17.089059829711914,
			"BoundingBox3D Origin Y" : -8.1480503082275391,
			"BoundingBox3D Origin Z" : 0.70135331153869629,
			"ObjectId" : 1,
			"ObjectType" : "CAR",
			"Occluded" : 0.0,
			"Relative Acceleration X" : -1.1156144142150879,
			"Relative Acceleration Y" : 0.18968458473682404,
			"Relative Acceleration Z" : -0.2126372754573822,
			"Relative Velocity X" : 3.9760499000549316,
			"Relative Velocity Y" : 0.25269216299057007,
			"Relative Velocity Z" : 0.19067172706127167,
			"Truncated" : 0
		},
		{
			"Absolute Acceleration X" : 0.84611886739730835,
			"Absolute Acceleration Y" : 0.11612468957901001,
			"Absolute Acceleration Z" : 0.14749297499656677,
			"Absolute Velocity X" : 3.0342504978179932,
			"Absolute Velocity Y" : -0.11008217930793762,
			"Absolute Velocity Z" : -0.12556198239326477,
			"ActorName" : "CAR 02",
			"BoundingBox3D Extent X" : 4.3090038299560547,
			"BoundingBox3D Extent Y" : 1.6191518306732178,
			"BoundingBox3D Extent Z" : 1.7268621921539307,
			"BoundingBox3D Orientation Quat W" : -0.99924606084823608,
			"BoundingBox3D Orientation Quat X" : -0.0064959516748785973,
			"BoundingBox3D Orientation Quat Y" : -0.018722057342529297,
			"BoundingBox3D Orientation Quat Z" : 0.021269688382744789,
			"BoundingBox3D Origin X" : 26.245746612548828,
			"BoundingBox3D Origin Y" : -1.3137098550796509,
			"BoundingBox3D Origin Z" : 0.63239097595214844,
			"ObjectId" : 2,
			"ObjectType" : "CAR",
			"Occluded" : 0.0,
			"Relative Acceleration X" : 0.77819353342056274,
			"Relative Acceleration Y" : 0.54470533132553101,
			"Relative Acceleration Z" : 0.58512407541275024,
			"Relative Velocity X" : 0.12435931712388992,
			"Relative Velocity Y" : 0.23938396573066711,
			"Relative Velocity Z" : -0.24094755947589874,
			"Truncated" : 0
		},
		{
			"Absolute Acceleration X" : 0.17289853096008301,
			"Absolute Acceleration Y" : -0.22911490499973297,
			"Absolute Acceleration Z" : 0.011131566949188709,
			"Absolute Velocity X" : -0.17307837307453156,
			"Absolute Velocity Y" : 0.22934293746948242,
			"Absolute Velocity Z" : -0.011132338084280491,
			"ActorName" : "CAR 03",
			"BoundingBox3D Extent X" : 4.7897377014160156,
			"BoundingBox3D Extent Y" : 2.169227123260498,
			"BoundingBox3D Extent Z" : 2.9600973129272461,
			"BoundingBox3D Orientation Quat W" : 0.83360445499420166,
			"BoundingBox3D Orientation Quat X" : -0.011512797325849533,
			"BoundingBox3D Orientation Quat Y" : -0.016644394025206566,
			"BoundingBox3D Orientation Quat Z" : -0.55143159627914429,
			"BoundingBox3D Origin X" : 104.98171234130859,
			"BoundingBox3D Origin Y" : -8.2683734893798828,
			"BoundingBox3D Origin Z" : 2.7931509017944336,
			"ObjectId" : 3,
			"ObjectType" : "CAR",
			"Occluded" : 0.0,
			"Relative Acceleration X" : 0.1447138637304306,
			"Relative Acceleration Y" : 1.1391054391860962,
			"Relative Acceleration Z" : 1.7009860277175903,
			"Relative Velocity X" : -3.0155763626098633,
			"Relative Velocity Y" : 1.4623671770095825,
			"Relative Velocity Z" : -0.51409059762954712,
			"Truncated" : 0
		},
		{
			"Absolute Acceleration X" : -0.10546822845935822,
			"Absolute Acceleration Y" : -0.29913201928138733,
			"Absolute Acceleration Z" : -0.026146953925490379,
			"Absolute Velocity X" : 0.27793434262275696,
			"Absolute Velocity Y" : 1.4605486392974854,
			"Absolute Velocity Z" : 0.017502298578619957,
			"ActorName" : "PEDESTRIAN 04",
			"BoundingBox3D Extent X" : 0.61120021343231201,
			"BoundingBox3D Extent Y" : 0.76307159662246704,
			"BoundingBox3D Extent Z" : 1.8617508411407471,
			"BoundingBox3D Orientation Quat W" : 0.76302284002304077,
			"BoundingBox3D Orientation Quat X" : -0.0091918902471661568,
			"BoundingBox3D Orientation Quat Y" : -0.0074683930724859238,
			"BoundingBox3D Orientation Quat Z" : 0.64617627859115601,
			"BoundingBox3D Origin X" : 38.039424896240234,
			"BoundingBox3D Origin Y" : 1.1877603530883789,
			"BoundingBox3D Origin Z" : 0.8420671820640564,
			"ObjectId" : 4,
			"ObjectType" : "PEDESTRIAN",
			"Occluded" : 0.0,
			"Relative Acceleration X" : -0.26399904489517212,
			"Relative Acceleration Y" : 0.13798195123672485,
			"Relative Acceleration Z" : 0.5068013072013855,
			"Relative Velocity X" : -2.6666648387908936,
			"Relative Velocity Y" : 1.9415555000305176,
			"Relative Velocity Z" : -0.14848054945468903,
			"Truncated" : 0
		},
		{
			"Absolute Acceleration X" : 0.45662879943847656,
			"Absolute Acceleration Y" : 0.10164310783147812,
			"Absolute Acceleration Z" : -0.013660846278071404,
			"Absolute Velocity X" : -0.31005087494850159,
			"Absolute Velocity Y" : 0.012193100526928902,
			"Absolute Velocity Z" : 0.0038273835089057684,
			"ActorName" : "MOTORCYCLE 05",
			"BoundingBox3D Extent X" : 5.8706741333007812,
			"BoundingBox3D Extent Y" : 1.2037248611450195,
			"BoundingBox3D Extent Z" : 0.8474196195602417,
			"BoundingBox3D Orientation Quat W" : -0.29991927742958069,
			"BoundingBox3D Orientation Quat X" : 0.0075288526713848114,
			"BoundingBox3D Orientation Quat Y" : 0.022321557626128197,
			"BoundingBox3D Orientation Quat Z" : 0.95347839593887329,
			"BoundingBox3D Origin X" : 92.628097534179688,
			"BoundingBox3D Origin Y" : 1.4614144563674927,
			"BoundingBox3D Origin Z" : 1.135956883430481,
			"ObjectId" : 5,
			"ObjectType" : "MOTORCYCLE",
			"Occluded" : 0.0,
			"Relative Acceleration X" : 0.30910742282867432,
			"Relative Acceleration Y" : 1.2417881488800049,
			"Relative Acceleration Z" : 1.4043735265731812,
			"Relative Velocity X" : -3.2530529499053955,
			"Relative Velocity Y" : 1.1495085954666138,
			"Relative Velocity Z" : -0.44459366798400879,
			"Truncated" : 0
		},
		{
			"Absolute Acceleration X" : 0.0012762120459228754,
			"Absolute Acceleration Y" : -0.16138887405395508,
			"Absolute Acceleration Z" : -0.0026788290124386549,
			"Absolute Velocity X" : 0.019023895263671875,
			"Absolute Velocity Y" : 0.10873746126890182,