{
	"CapturedObjects" : 
	[
		{
			"Absolute Acceleration X" : -1.1342246532440186,
			"Absolute Acceleration Y" : 0.017817702144384384,
			"Absolute Acceleration Z" : -0.0038096983917057514,
			"Absolute Velocity X" : 6.8459000587463379,
			"Absolute Velocity Y" : -0.085614852607250214,
			"Absolute Velocity Z" : 0.027138659730553627,
			"ActorName" : "CAR 00",
			"BoundingBox3D Extent X" : 4.3476333618164062,
			"BoundingBox3D Extent Y" : 2.1108732223510742,
			"BoundingBox3D Extent Z" : 1.5744835138320923,
			"BoundingBox3D Orientation Quat W" : 0.99988758563995361,
			"BoundingBox3D Orientation Quat X" : -0.0052970689721405506,
			"BoundingBox3D Orientation Quat Y" : -0.00095804414013400674,
			"BoundingBox3D Orientation Quat Z" : -0.014468533918261528,
			"BoundingBox3D Origin X" : 18.798460006713867,
			"BoundingBox3D Origin Y" : -0.18897783756256104,
			"BoundingBox3D Origin Z" : 0.68588054180145264,
			"ObjectId" : 0,
			"ObjectType" : "CAR",
			"Occluded" : 0.0,
			"Relative Acceleration X" : 1.0467166900634766,
			"Relative Acceleration Y" : 0.079218089580535889,
			"Relative Acceleration Z" : 0.10594847798347473,
			"Relative Velocity X" : -3.5504715442657471,
			"Relative Velocity Y" : -0.11707788705825806,
			"Relative Velocity Z" : 0.018221842125058174,
			"Truncated" : 0
		},
		{
			"Absolute Acceleration X" : 0.11648119986057281,
			"Absolute Acceleration Y" : -0.1850636750459671,
			"Absolute Acceleration Z" : -0.028296707198023796,
			"Absolute Velocity X" : 15.675189018249512,
			"Absolute Velocity Y" : 0.6792140007019043,
			"Absolute Velocity Z" : 0.54648834466934204,
			"ActorName" : "CAR 01",
			"BoundingBox3D Extent X" : 4.172938346862793,
			"BoundingBox3D Extent Y" : 1.661980152130127,
			"BoundingBox3D Extent Z" : 1.4165112972259521,
			"BoundingBox3D Orientation Quat W" : 0.99955719709396362,
			"BoundingBox3D Orientation Quat X" : 0.010918568819761276,
			"BoundingBox3D Orientation Quat Y" : -0.021249864250421524,
			"BoundingBox3D Orientation Quat Z" : 0.01583322137594223,
			"BoundingBox3D Origin X" : -29.174251556396484,
			"BoundingBox3D Origin Y" : 9.0605564117431641,
			"BoundingBox3D Origin Z" : 1.0642527341842651,
			"ObjectId" : 1,
			"ObjectType" : "CAR",
			"Occluded" : 0.0,
			"Relative Acceleration X" : 3.0806565284729004,
			"Relative Acceleration Y" : -0.27253320813179016,
			"Relative Acceleration Z" : 3.0092270374298096,
			"Relative Velocity X" : 4.8648285865783691,
			"Relative Velocity Y" : 1.118000864982605,
			"Relative Velocity Z" : -0.0020688741933554411,
			"Truncated" : 0
		},
		{
			"Absolute Acceleration X" : -0.38670572638511658,
			"Absolute Acceleration Y" : -0.46787038445472717,
			"Absolute Acceleration Z" : 0.33545297384262085,
			"Absolute Velocity X" : 14.113751411437988,
			"Absolute Velocity Y" : 0.53867310285568237,
			"Absolute Velocity Z" : 0.31211856007575989,
			"ActorName" : "CAR 02",
			"BoundingBox3D Extent X" : 4.0999999046325684,
			"BoundingBox3D Extent Y" : 1.7166726589202881,
			"BoundingBox3D Extent Z" : 1.1248443126678467,
			"BoundingBox3D Orientation Quat W" : 0.99966561794281006,
			"BoundingBox3D Orientation Quat X" : -0.008451974019408226,
			"BoundingBox3D Orientation Quat Y" : -0.011967592872679234,
			"BoundingBox3D Orientation Quat Z" : 0.01895853690803051,
			"BoundingBox3D Origin X" : -56.280979156494141,
			"BoundingBox3D Origin Y" : 10.997260093688965,
			"BoundingBox3D Origin Z" : 0.63940876722335815,
			"ObjectId" : 2,
			"ObjectType" : "CAR",
			"Occluded" : 0.0,
			"Relative Acceleration X" : 1.7663493156433105,
			"Relative Acceleration Y" : -1.0828641653060913,
			"Relative Acceleration Z" : -0.70481592416763306,
			"Relative Velocity X" : 3.8037593364715576,
			"Relative Velocity Y" : 1.1012192964553833,
			"Relative Velocity Z" : 0.035206601023674011,
			"Truncated" : 0
		},
		{
			"Absolute Acceleration X" : 0.49564877152442932,
			"Absolute Acceleration Y" : -0.97351652383804321,
			"Absolute Acceleration Z" : 0.0073058009147644043,
			"Absolute Velocity X" : 14.049152374267578,
			"Absolute Velocity Y" : 0.83660614490509033,
			"Absolute Velocity Z" : 0.17464683949947357,
			"ActorName" : "CAR 03",
			"BoundingBox3D Extent X" : 4.0999999046325684,
			"BoundingBox3D Extent Y" : 1.501002311706543,
			"BoundingBox3D Extent Z" : 0.6281391978263855,
			"BoundingBox3D Orientation Quat W" : 0.99968922138214111,
			"BoundingBox3D Orientation Quat X" : -0.0085638947784900665,
			"BoundingBox3D Orientation Quat Y" : -0.0062387408688664436,
			"BoundingBox3D Orientation Quat Z" : 0.02218184806406498,
			"BoundingBox3D Origin X" : -46.38385009765625,
			"BoundingBox3D Origin Y" : 11.051477432250977,
			"BoundingBox3D Origin Z" : 0.82082229852676392,
			"ObjectId" : 3,
			"ObjectType" : "CAR",
			"Occluded" : 0.0,
			"Relative Acceleration X" : 2.8902833461761475,
			"Relative Acceleration Y" : -1.0870444774627686,
			"Relative Acceleration Z" : 1.6216493844985962,
			"Relative Velocity X" : 3.6291172504425049,
			"Relative Velocity Y" : 1.3403052091598511,
			"Relative Velocity Z" : -0.078618563711643219,
			"Truncated" : 0
		},
		{
			"Absolute Acceleration X" : 0.33868706226348877,
			"Absolute Acceleration Y" : 0.26947200298309326,
			"Absolute Acceleration Z" : -0.0051405872218310833,
			"Absolute Velocity X" : 15.235551834106445,
			"Absolute Velocity Y" : 0.77494537830352783,
			"Absolute Velocity Z" : 0.2702038586139679,
			"ActorName" : "CAR 04",
			"BoundingBox3D Extent X" : 4.0999999046325684,
			"BoundingBox3D Extent Y" : 1.4193323850631714,
			"BoundingBox3D Extent Z" : 1.041450023651123,
			"BoundingBox3D Orientation Quat W" : 0.99957501888275146,
			"BoundingBox3D Orientation Quat X" : -0.008485596626996994,
			"BoundingBox3D Orientation Quat Y" : -0.0082955658435821533,
			"BoundingBox3D Orientation Quat Z" : 0.025578077882528305,
			"BoundingBox3D Origin X" : -122.23136138916016,
			"BoundingBox3D Origin Y" : 7.2774114608764648,
			"BoundingBox3D Origin Z" : -2.0448064804077148,
			"ObjectId" : 4,
			"ObjectType" : "CAR",
			"Occluded" : 0.0,
			"Relative Acceleration X" : 2.5039939880371094,
			"Relative Acceleration Y" : -0.4854675829410553,
			"Relative Acceleration Z" : -0.59508448839187622,
			"Relative Velocity X" : 4.8981509208679199,
			"Relative Velocity Y" : 1.8075016736984253,
			"Relative Velocity Z" : 0.0036143572069704533,
			"Truncated" : 0
		},
		{
			"Absolute Acceleration X" : 1.59458327293396,
			"Absolute Acceleration Y" : 0.0026962822303175926,
			"Absolute Acceleration Z" : 0.053258568048477173,
			"Absolute Velocity X" : 1.4805722236633301,
			"Absolute Velocity Y" : -0.1069786325097084,
			"Absolute Velocity Z" : 0.027448255568742752,
			"ActorName" : "CAR 05",
			"BoundingBox3D Extent X" : 4.2695932388305664,
			"BoundingBox3D Extent Y" : 1.6476233005523682,
			"BoundingBox3D Extent Z" : 1.8356956243515015,
			"BoundingBox3D Orientation Quat W" : -0.99928766489028931,
			"BoundingBox3D Orientation Quat X" : -0.019034279510378838,
			"BoundingBox3D Orientation Quat Y" : 0.010169072076678276,
			"BoundingBox3D Orientation Quat Z" : 0.03062712587416172,
			"BoundingBox3D Origin X" : 89.384239196777344,
			"BoundingBox3D Origin Y" : -2.0715065002441406,
			"BoundingBox3D Origin Z" : 1.6082664728164673,
			"ObjectId" : 5,
			"ObjectType" : "CAR",
			"Occluded" : 0.0,
			"Relative Acceleration X" : 3.7781062126159668,
			"Relative Acceleration Y" : 0.47154876589775085,
			"Relative Acceleration Z" : 0.53244984149932861,
			"Relative Velocity X" : -8.9305286407470703,
			"Relative Velocity Y" : -0.68240457773208618,
			"Relative Velocity Z" : 0.12241402268409729,
			"Truncated" : 0
		},
		{
			"Absolute Acceleration X" : -0.30022391676902771,
			"Absolute Acceleration Y" : -0.2316858172416687,
			"Absolute Acceleration Z" : -0.080991990864276886,
			"Absolute Velocity X" : 16.24284553527832,
			"Absolute Velocity Y" : 0.044738158583641052,
			"Absolute Velocity Z" : 0.33295378088951111,
			"ActorName" : "CAR 06",