{
	"CapturedObjects" : 
	[
		{
			"Absolute Acceleration X" : 0.55475044250488281,
			"Absolute Acceleration Y" : 0.98974162340164185,
			"Absolute Acceleration Z" : -0.078603170812129974,
			"Absolute Velocity X" : 13.415050506591797,
			"Absolute Velocity Y" : -1.3748031854629517,
			"Absolute Velocity Z" : -0.038612306118011475,
			"ActorName" : "CAR 00",
			"BoundingBox3D Extent X" : 4.6827468872070312,
			"BoundingBox3D Extent Y" : 2.2748684883117676,
			"BoundingBox3D Extent Z" : 1.5690921545028687,
			"BoundingBox3D Orientation Quat W" : -0.99910485744476318,
			"BoundingBox3D Orientation Quat X" : -0.0019496415043249726,
			"BoundingBox3D Orientation Quat Y" : -0.0008955094963312149,
			"BoundingBox3D Orientation Quat Z" : 0.042037602514028549,
			"BoundingBox3D Origin X" : -22.959527969360352,
			"BoundingBox3D Origin Y" : 3.8929443359375,
			"BoundingBox3D Origin Z" : 0.848655104637146,
			"ObjectId" : 0,
			"ObjectType" : "CAR",
			"Occluded" : 0.0,
			"Relative Acceleration X" : 0.6006392240524292,
			"Relative Acceleration Y" : 0.69640719890594482,
			"Relative Acceleration Z" : 0.28353434801101685,
			"Relative Velocity X" : -1.6566866636276245,
			"Relative Velocity Y" : 1.0292981863021851,
			"Relative Velocity Z" : 0.08027147501707077,
			"Truncated" : 0
		},
		{
			"Absolute Acceleration X" : 0.74252796173095703,
			"Absolute Acceleration Y" : 0.62611162662506104,
			"Absolute Acceleration Z" : -0.012524840421974659,
			"Absolute Velocity X" : 12.891401290893555,
			"Absolute Velocity Y" : -2.1276004314422607,
			"Absolute Velocity Z" : 0.0066304923966526985,
			"ActorName" : "CAR 01",
			"BoundingBox3D Extent X" : 5.0327568054199219,
			"BoundingBox3D Extent Y" : 2.3097248077392578,
			"BoundingBox3D Extent Z" : 1.9052667617797852,
			"BoundingBox3D Orientation Quat W" : -0.99692732095718384,
			"BoundingBox3D Orientation Quat X" : -0.0042698811739683151,
			"BoundingBox3D Orientation Quat Y" : 0.00042561392183415592,
			"BoundingBox3D Orientation Quat Z" : 0.078071892261505127,
			"BoundingBox3D Origin X" : -36.038772583007812,
			"BoundingBox3D Origin Y" : 6.1055240631103516,
			"BoundingBox3D Origin Z" : 1.0318666696548462,
			"ObjectId" : 1,
			"ObjectType" : "CAR",
			"Occluded" : 0.0,
			"Relative Acceleration X" : 0.83558547496795654,
			"Relative Acceleration Y" : 0.87949937582015991,
			"Relative Acceleration Z" : 0.55007219314575195,
			"Relative Velocity X" : -1.9782217741012573,
			"Relative Velocity Y" : 1.5323470830917358,
			"Relative Velocity Z" : 0.1156829297542572,
			"Truncated" : 0
		},
		{
			"Absolute Acceleration X" : 0.42097091674804688,
			"Absolute Acceleration Y" : 1.2612788677215576,
			"Absolute Acceleration Z" : -0.057040788233280182,
			"Absolute Velocity X" : 13.864767074584961,
			"Absolute Velocity Y" : -0.2563798725605011,
			"Absolute Velocity Z" : -0.10862264782190323,
			"ActorName" : "CAR 02",
			"BoundingBox3D Extent X" : 4.0999999046325684,
			"BoundingBox3D Extent Y" : 1.9378294944763184,
			"BoundingBox3D Extent Z" : 1.494448184967041,
			"BoundingBox3D Orientation Quat W" : -0.99993085861206055,
			"BoundingBox3D Orientation Quat X" : 0.0014902905095368624,
			"BoundingBox3D Orientation Quat Y" : -0.0038610841147601604,
			"BoundingBox3D Orientation Quat Z" : 0.010376265272498131,
			"BoundingBox3D Origin X" : -9.4218540191650391,
			"BoundingBox3D Origin Y" : 3.2524261474609375,
			"BoundingBox3D Origin Z" : 0.74193507432937622,
			"ObjectId" : 2,
			"ObjectType" : "CAR",
			"Occluded" : 0.0,
			"Relative Acceleration X" : 0.52501761913299561,
			"Relative Acceleration Y" : 0.41066795587539673,
			"Relative Acceleration Z" : 0.15983682870864868,
			"Relative Velocity X" : -1.2664691209793091,
			"Relative Velocity Y" : 0.84160542488098145,
			"Relative Velocity Z" : 0.02839457243680954,
			"Truncated" : 0
		},
		{
			"Absolute Acceleration X" : -0.33934688568115234,
			"Absolute Acceleration Y" : 1.3607491254806519,
			"Absolute Acceleration Z" : -0.030591458082199097,
			"Absolute Velocity X" : 14.302155494689941,
			"Absolute Velocity Y" : 1.6892434358596802,
			"Absolute Velocity Z" : -0.16780036687850952,
			"ActorName" : "CAR 03",
			"BoundingBox3D Extent X" : 4.4499330520629883,
			"BoundingBox3D Extent Y" : 1.9469515085220337,
			"BoundingBox3D Extent Z" : 1.8501063585281372,
			"BoundingBox3D Orientation Quat W" : 0.99817895889282227,
			"BoundingBox3D Orientation Quat X" : -0.0055610258132219315,
			"BoundingBox3D Orientation Quat Y" : 0.0054812803864479065,
			"BoundingBox3D Orientation Quat Z" : 0.059677213430404663,
			"BoundingBox3D Origin X" : 13.190496444702148,
			"BoundingBox3D Origin Y" : 4.4141073226928711,
			"BoundingBox3D Origin Z" : 0.68258637189865112,
			"ObjectId" : 3,
			"ObjectType" : "CAR",
			"Occluded" : 0.0,
			"Relative Acceleration X" : -0.029180526733398438,
			"Relative Acceleration Y" : -0.38185575604438782,
			"Relative Acceleration Z" : 0.028409749269485474,
			"Relative Velocity X" : -0.71689772605895996,
			"Relative Velocity Y" : 0.61256444454193115,
			"Relative Velocity Z" : 0.0092213582247495651,
			"Truncated" : 0
		},
		{
			"Absolute Acceleration X" : -0.046986579895019531,
			"Absolute Acceleration Y" : 0.88625931739807129,
			"Absolute Acceleration Z" : -0.045243613421916962,
			"Absolute Velocity X" : 14.774228096008301,
			"Absolute Velocity Y" : -2.6312944889068604,
			"Absolute Velocity Z" : -0.0057747405953705311,
			"ActorName" : "CAR 08",
			"BoundingBox3D Extent X" : 4.2053003311157227,
			"BoundingBox3D Extent Y" : 1.8639274835586548,
			"BoundingBox3D Extent Z" : 1.4577363729476929,
			"BoundingBox3D Orientation Quat W" : -0.99601638317108154,
			"BoundingBox3D Orientation Quat X" : 0.0058153634890913963,
			"BoundingBox3D Orientation Quat Y" : 7.8701101301703602e-05,
			"BoundingBox3D Orientation Quat Z" : 0.088775426149368286,
			"BoundingBox3D Origin X" : -39.188774108886719,
			"BoundingBox3D Origin Y" : 3.0188229084014893,
			"BoundingBox3D Origin Z" : 0.80052155256271362,
			"ObjectId" : 8,
			"ObjectType" : "CAR",
			"Occluded" : 0.0,
			"Relative Acceleration X" : -0.13609850406646729,
			"Relative Acceleration Y" : 0.9524570107460022,
			"Relative Acceleration Z" : 0.43977278470993042,
			"Relative Velocity X" : -0.38444012403488159,
			"Relative Velocity Y" : 1.3468273878097534,
			"Relative Velocity Z" : 0.084069043397903442,
			"Truncated" : 0
		},
		{
			"Absolute Acceleration X" : -0.51285552978515625,
			"Absolute Acceleration Y" : 1.161386251449585,
			"Absolute Acceleration Z" : 0.02654227614402771,
			"Absolute Velocity X" : 13.735038757324219,
			"Absolute Velocity Y" : 3.5548679828643799,
			"Absolute Velocity Z" : -0.23512557148933411,
			"ActorName" : "CAR 23",
			"BoundingBox3D Extent X" : 4.2787494659423828,
			"BoundingBox3D Extent Y" : 1.862237811088562,
			"BoundingBox3D Extent Z" : 1.717610239982605,
			"BoundingBox3D Orientation Quat W" : 0.99173814058303833,
			"BoundingBox3D Orientation Quat X" : -0.0025614912156015635,
			"BoundingBox3D Orientation Quat Y" : 0.007515997625887394,
			"BoundingBox3D Orientation Quat Z" : 0.12798097729682922,
			"BoundingBox3D Origin X" : 32.453639984130859,
			"BoundingBox3D Origin Y" : 8.3449201583862305,
			"BoundingBox3D Origin Z" : 0.31658130884170532,
			"ObjectId" : 23,
			"ObjectType" : "CAR",
			"Occluded" : 0.0,
			"Relative Acceleration X" : 0.11330068111419678,
			"Relative Acceleration Y" : -1.2260048389434814,
			"Relative Acceleration Z" : 0.060015037655830383,
			"Relative Velocity X" : -0.90657854080200195,
			"Relative Velocity Y" : 0.61634165048599243,
			"Relative Velocity Z" : -0.010371779091656208,
			"Truncated" : 0
		},
		{
			"Absolute Acceleration X" : -0.71776008605957031,
			"Absolute Acceleration Y" : 1.3219552040100098,
			"Absolute Acceleration Z" : -0.079433873295783997,
			"Absolute Velocity X" : 14.083071708679199,
			"Absolute Velocity Y" : 5.5052495002746582,
			"Absolute Velocity Z" : -0.21546976268291473,