{
	"CapturedObjects" : 
	[
		{
			"Absolute Acceleration X" : -0.048404693603515625,
			"Absolute Acceleration Y" : -0.16039496660232544,
			"Absolute Acceleration Z" : 0.02824711799621582,
			"Absolute Velocity X" : 17.090118408203125,
			"Absolute Velocity Y" : 0.17680248618125916,
			"Absolute Velocity Z" : -0.14132013916969299,
			"ActorName" : "CAR 02",
			"BoundingBox3D Extent X" : 4.4656820297241211,
			"BoundingBox3D Extent Y" : 2.252082347869873,
			"BoundingBox3D Extent Z" : 1.6700176000595093,
			"BoundingBox3D Orientation Quat W" : 0.99978464841842651,
			"BoundingBox3D Orientation Quat X" : 0.019713833928108215,
			"BoundingBox3D Orientation Quat Y" : 0.0041603385470807552,
			"BoundingBox3D Orientation Quat Z" : -0.0024350774474442005,
			"BoundingBox3D Origin X" : -18.960329055786133,
			"BoundingBox3D Origin Y" : -1.1715415716171265,
			"BoundingBox3D Origin Z" : 0.91082954406738281,
			"ObjectId" : 2,
			"ObjectType" : "CAR",
			"Occluded" : 0.0,
			"Relative Acceleration X" : -0.51109862327575684,
			"Relative Acceleration Y" : -0.16069494187831879,
			"Relative Acceleration Z" : 0.08838219940662384,
			"Relative Velocity X" : -1.706081748008728,
			"Relative Velocity Y" : 0.25180330872535706,
			"Relative Velocity Z" : -0.039963316172361374,
			"Truncated" : 0
		},
		{
			"Absolute Acceleration X" : 0.20170974731445312,
			"Absolute Acceleration Y" : 0.033256083726882935,
			"Absolute Acceleration Z" : -0.04980594664812088,
			"Absolute Velocity X" : 16.223806381225586,
			"Absolute Velocity Y" : -0.17193171381950378,
			"Absolute Velocity Z" : -0.1667788177728653,
			"ActorName" : "CAR 03",
			"BoundingBox3D Extent X" : 5.0327348709106445,
			"BoundingBox3D Extent Y" : 2.5773553848266602,
			"BoundingBox3D Extent Z" : 1.6179120540618896,
			"BoundingBox3D Orientation Quat W" : 0.99985331296920776,
			"BoundingBox3D Orientation Quat X" : 0.015528573654592037,
			"BoundingBox3D Orientation Quat Y" : 0.0049759428948163986,
			"BoundingBox3D Orientation Quat Z" : 0.000679188990034163,
			"BoundingBox3D Origin X" : 8.6360816955566406,
			"BoundingBox3D Origin Y" : -3.2138411998748779,
			"BoundingBox3D Origin Z" : 0.63545674085617065,
			"ObjectId" : 3,
			"ObjectType" : "CAR",
			"Occluded" : 0.0,
			"Relative Acceleration X" : -0.2534945011138916,
			"Relative Acceleration Y" : 0.10826380550861359,
			"Relative Acceleration Z" : -0.01301908865571022,
			"Relative Velocity X" : -2.5632226467132568,
			"Relative Velocity Y" : 0.011858871206641197,
			"Relative Velocity Z" : 0.031213028356432915,
			"Truncated" : 0
		},
		{
			"Absolute Acceleration X" : -0.11052322387695312,
			"Absolute Acceleration Y" : 0.28673151135444641,
			"Absolute Acceleration Z" : -0.0038201063871383667,
			"Absolute Velocity X" : 16.502792358398438,
			"Absolute Velocity Y" : -0.16159573197364807,
			"Absolute Velocity Z" : -0.033790800720453262,
			"ActorName" : "CAR 04",
			"BoundingBox3D Extent X" : 4.1435985565185547,
			"BoundingBox3D Extent Y" : 1.8999999761581421,
			"BoundingBox3D Extent Z" : 1.1852937936782837,
			"BoundingBox3D Orientation Quat W" : -0.99997258186340332,
			"BoundingBox3D Orientation Quat X" : -0.0063004950061440468,
			"BoundingBox3D Orientation Quat Y" : -0.00082609837409108877,
			"BoundingBox3D Orientation Quat Z" : 0.0034614324104040861,
			"BoundingBox3D Origin X" : 11.790053367614746,
			"BoundingBox3D Origin Y" : 25.255273818969727,
			"BoundingBox3D Origin Z" : 1.2642052173614502,
			"ObjectId" : 4,
			"ObjectType" : "CAR",
			"Occluded" : 0.0,
			"Relative Acceleration X" : -0.64757847785949707,
			"Relative Acceleration Y" : 0.36848989129066467,
			"Relative Acceleration Z" : 0.14875011146068573,
			"Relative Velocity X" : -2.3990461826324463,
			"Relative Velocity Y" : 0.034714985638856888,
			"Relative Velocity Z" : 0.16732169687747955,
			"Truncated" : 0
		},
		{
			"Absolute Acceleration X" : -0.086286045610904694,
			"Absolute Acceleration Y" : -0.35432782769203186,
			"Absolute Acceleration Z" : -0.14855477213859558,
			"Absolute Velocity X" : -15.931972503662109,
			"Absolute Velocity Y" : -0.89706969261169434,
			"Absolute Velocity Z" : -0.026059854775667191,
			"ActorName" : "CAR 06",
			"BoundingBox3D Extent X" : 4.6054096221923828,
			"BoundingBox3D Extent Y" : 2.0132546424865723,
			"BoundingBox3D Extent Z" : 1.54381263256073,
			"BoundingBox3D Orientation Quat W" : -0.032086104154586792,
			"BoundingBox3D Orientation Quat X" : 0.0017647471977397799,
			"BoundingBox3D Orientation Quat Y" : 0.013943559490144253,
			"BoundingBox3D Orientation Quat Z" : 0.99937784671783447,
			"BoundingBox3D Origin X" : -81.997039794921875,
			"BoundingBox3D Origin Y" : 2.8969035148620605,
			"BoundingBox3D Origin Z" : 1.3154765367507935,
			"ObjectId" : 6,
			"ObjectType" : "CAR",
			"Occluded" : 0.0,
			"Relative Acceleration X" : -0.44210010766983032,
			"Relative Acceleration Y" : -0.85826528072357178,
			"Relative Acceleration Z" : 0.8379131555557251,
			"Relative Velocity X" : -34.639759063720703,
			"Relative Velocity Y" : -0.99210608005523682,
			"Relative Velocity Z" : 0.023421479389071465,
			"Truncated" : 0
		},
		{
			"Absolute Acceleration X" : -0.058295954018831253,
			"Absolute Acceleration Y" : 0.35310012102127075,
			"Absolute Acceleration Z" : -0.0018888342892751098,
			"Absolute Velocity X" : 0.029622195288538933,
			"Absolute Velocity Y" : -0.093569889664649963,
			"Absolute Velocity Z" : 0.0028835779521614313,
			"ActorName" : "CAR 13",
			"BoundingBox3D Extent X" : 4.0999999046325684,
			"BoundingBox3D Extent Y" : 1.4886858463287354,
			"BoundingBox3D Extent Z" : 1.3570810556411743,
			"BoundingBox3D Orientation Quat W" : 0.74604374170303345,
			"BoundingBox3D Orientation Quat X" : 0.0020748816896229982,
			"BoundingBox3D Orientation Quat Y" : 0.0071888496167957783,
			"BoundingBox3D Orientation Quat Z" : -0.66585522890090942,
			"BoundingBox3D Origin X" : 82.681098937988281,
			"BoundingBox3D Origin Y" : -45.537635803222656,
			"BoundingBox3D Origin Z" : -0.5218769907951355,
			"ObjectId" : 13,
			"ObjectType" : "CAR",
			"Occluded" : 0.0,
			"Relative Acceleration X" : -0.39315986633300781,
			"Relative Acceleration Y" : 0.53003942966461182,
			"Relative Acceleration Z" : -0.15054857730865479,
			"Relative Velocity X" : -18.585765838623047,
			"Relative Velocity Y" : 0.37386816740036011,
			"Relative Velocity Z" : 0.4900880753993988,
			"Truncated" : 0
		},
		{
			"Absolute Acceleration X" : 0.075352683663368225,
			"Absolute Acceleration Y" : 0.67816072702407837,
			"Absolute Acceleration Z" : -0.025574162602424622,
			"Absolute Velocity X" : -0.052983988076448441,
			"Absolute Velocity Y" : 0.0045492565259337425,
			"Absolute Velocity Z" : -0.021865623071789742,
			"ActorName" : "CAR 14",
			"BoundingBox3D Extent X" : 4.0999999046325684,
			"BoundingBox3D Extent Y" : 1.9795249700546265,
			"BoundingBox3D Extent Z" : 1.6335179805755615,
			"BoundingBox3D Orientation Quat W" : -0.72439414262771606,
			"BoundingBox3D Orientation Quat X" : 0.035380929708480835,
			"BoundingBox3D Orientation Quat Y" : -0.02692868746817112,
			"BoundingBox3D Orientation Quat Z" : 0.68779373168945312,
			"BoundingBox3D Origin X" : 80.7001953125,
			"BoundingBox3D Origin Y" : -23.974040985107422,
			"BoundingBox3D Origin Z" : -0.39579951763153076,
			"ObjectId" : 14,
			"ObjectType" : "CAR",
			"Occluded" : 0.0,
			"Relative Acceleration X" : -0.32066154479980469,
			"Relative Acceleration Y" : 0.84799379110336304,
			"Relative Acceleration Z" : -0.08471718430519104,
			"Relative Velocity X" : -18.753862380981445,
			"Relative Velocity Y" : 0.46432751417160034,
			"Relative Velocity Z" : 0.45353621244430542,
			"Truncated" : 0
		},
		{
			"Absolute Acceleration X" : 1.874885082244873,
			"Absolute Acceleration Y" : 0.35293111205101013,
			"Absolute Acceleration Z" : -0.014283731579780579,
			"Absolute Velocity X" : -8.4399404525756836,
			"Absolute Velocity Y" : 0.20615926384925842,