{
	"CapturedObjects" : 
	[
		{
			"Absolute Acceleration X" : -0.28987401723861694,
			"Absolute Acceleration Y" : 1.5356771945953369,
			"Absolute Acceleration Z" : 0.042030885815620422,
			"Absolute Velocity X" : 15.578726768493652,
			"Absolute Velocity Y" : 0.55588173866271973,
			"Absolute Velocity Z" : -0.043771401047706604,
			"ActorName" : "CAR 00",
			"BoundingBox3D Extent X" : 5.0130834579467773,
			"BoundingBox3D Extent Y" : 1.9722530841827393,
			"BoundingBox3D Extent Z" : 1.8520313501358032,
			"BoundingBox3D Orientation Quat W" : 0.99981147050857544,
			"BoundingBox3D Orientation Quat X" : -0.0034736569505184889,
			"BoundingBox3D Orientation Quat Y" : -0.00027287020930089056,
			"BoundingBox3D Orientation Quat Z" : 0.018410706892609596,
			"BoundingBox3D Origin X" : 9.6195058822631836,
			"BoundingBox3D Origin Y" : 4.0822362899780273,
			"BoundingBox3D Origin Z" : 0.77590620517730713,
			"ObjectId" : 0,
			"ObjectType" : "CAR",
			"Occluded" : 0.0,
			"Relative Acceleration X" : -0.17169886827468872,
			"Relative Acceleration Y" : 0.07845393568277359,
			"Relative Acceleration Z" : -0.029716376215219498,
			"Relative Velocity X" : -0.40604496002197266,
			"Relative Velocity Y" : -0.17060726881027222,
			"Relative Velocity Z" : -0.035126347094774246,
			"Truncated" : 0
		},
		{
			"Absolute Acceleration X" : 0.11238082498311996,
			"Absolute Acceleration Y" : 1.5893580913543701,
			"Absolute Acceleration Z" : 0.03270360454916954,
			"Absolute Velocity X" : 15.205678939819336,
			"Absolute Velocity Y" : -1.9142084121704102,
			"Absolute Velocity Z" : -0.1166994646191597,
			"ActorName" : "CAR 01",
			"BoundingBox3D Extent X" : 4.3575758934020996,
			"BoundingBox3D Extent Y" : 2.0040740966796875,
			"BoundingBox3D Extent Z" : 1.4757857322692871,
			"BoundingBox3D Orientation Quat W" : -0.99850869178771973,
			"BoundingBox3D Orientation Quat X" : 0.0043835644610226154,
			"BoundingBox3D Orientation Quat Y" : -0.0042645852081477642,
			"BoundingBox3D Orientation Quat Z" : 0.054061096161603928,
			"BoundingBox3D Origin X" : -15.631344795227051,
			"BoundingBox3D Origin Y" : 4.8961091041564941,
			"BoundingBox3D Origin Z" : 0.69073182344436646,
			"ObjectId" : 1,
			"ObjectType" : "CAR",
			"Occluded" : 0.0,
			"Relative Acceleration X" : -0.0026160413399338722,
			"Relative Acceleration Y" : 0.075281590223312378,
			"Relative Acceleration Z" : 0.049336999654769897,
			"Relative Velocity X" : -0.69207185506820679,
			"Relative Velocity Y" : -0.057061009109020233,
			"Relative Velocity Z" : 0.12941689789295197,
			"Truncated" : 0
		},
		{
			"Absolute Acceleration X" : -0.13813289999961853,
			"Absolute Acceleration Y" : 1.341699481010437,
			"Absolute Acceleration Z" : 0.058237660676240921,
			"Absolute Velocity X" : 15.483566284179688,
			"Absolute Velocity Y" : 2.698117733001709,
			"Absolute Velocity Z" : -0.015179839916527271,
			"ActorName" : "CAR 02",
			"BoundingBox3D Extent X" : 4.6226119995117188,
			"BoundingBox3D Extent Y" : 1.9168152809143066,
			"BoundingBox3D Extent Z" : 1.6673797369003296,
			"BoundingBox3D Orientation Quat W" : 0.99640309810638428,
			"BoundingBox3D Orientation Quat X" : 0.00070409831823781133,
			"BoundingBox3D Orientation Quat Y" : 8.3004924817942083e-05,
			"BoundingBox3D Orientation Quat Z" : 0.084549814462661743,
			"BoundingBox3D Origin X" : 29.225339889526367,
			"BoundingBox3D Origin Y" : 5.9401602745056152,
			"BoundingBox3D Origin Z" : 0.70343255996704102,
			"ObjectId" : 2,
			"ObjectType" : "CAR",
			"Occluded" : 0.0,
			"Relative Acceleration X" : 0.17029847204685211,
			"Relative Acceleration Y" : -0.077479735016822815,
			"Relative Acceleration Z" : -0.035890184342861176,
			"Relative Velocity X" : -0.30605348944664001,
			"Relative Velocity Y" : -0.044942568987607956,
			"Relative Velocity Z" : -0.22265823185443878,
			"Truncated" : 0
		},
		{
			"Absolute Acceleration X" : 0.65581387281417847,
			"Absolute Acceleration Y" : 1.5068467855453491,
			"Absolute Acceleration Z" : 0.043234091252088547,
			"Absolute Velocity X" : 14.804952621459961,
			"Absolute Velocity Y" : -3.2103791236877441,
			"Absolute Velocity Z" : -0.15873891115188599,
			"ActorName" : "CAR 03",
			"BoundingBox3D Extent X" : 4.2375988960266113,
			"BoundingBox3D Extent Y" : 1.8981106281280518,
			"BoundingBox3D Extent Z" : 1.4892768859863281,
			"BoundingBox3D Orientation Quat W" : -0.99506461620330811,
			"BoundingBox3D Orientation Quat X" : 0.0046855364926159382,
			"BoundingBox3D Orientation Quat Y" : -0.005643659271299839,
			"BoundingBox3D Orientation Quat Z" : 0.098768003284931183,
			"BoundingBox3D Origin X" : -29.296348571777344,
			"BoundingBox3D Origin Y" : 7.0813326835632324,
			"BoundingBox3D Origin Z" : 0.88436281681060791,
			"ObjectId" : 3,
			"ObjectType" : "CAR",
			"Occluded" : 0.0,
			"Relative Acceleration X" : 0.3994038999080658,
			"Relative Acceleration Y" : -0.065465204417705536,
			"Relative Acceleration Z" : 0.12287073582410812,
			"Relative Velocity X" : -0.87238490581512451,
			"Relative Velocity Y" : 0.042696297168731689,
			"Relative Velocity Z" : 0.20815017819404602,
			"Truncated" : 0
		},
		{
			"Absolute Acceleration X" : 1.0585278272628784,
			"Absolute Acceleration Y" : 1.4051638841629028,
			"Absolute Acceleration Z" : -0.06567121297121048,
			"Absolute Velocity X" : 14.931589126586914,
			"Absolute Velocity Y" : -4.7363667488098145,
			"Absolute Velocity Z" : -0.11654475331306458,
			"ActorName" : "CAR 04",
			"BoundingBox3D Extent X" : 4.1757917404174805,
			"BoundingBox3D Extent Y" : 1.8231935501098633,
			"BoundingBox3D Extent Z" : 1.4536383152008057,
			"BoundingBox3D Orientation Quat W" : -0.98883742094039917,
			"BoundingBox3D Orientation Quat X" : 0.0084554357454180717,
			"BoundingBox3D Orientation Quat Y" : -0.0046868748031556606,
			"BoundingBox3D Orientation Quat Z" : 0.14851199090480804,
			"BoundingBox3D Origin X" : -43.839252471923828,
			"BoundingBox3D Origin Y" : 7.1917638778686523,
			"BoundingBox3D Origin Z" : 1.0755143165588379,
			"ObjectId" : 4,
			"ObjectType" : "CAR",
			"Occluded" : 0.0,
			"Relative Acceleration X" : 0.62285041809082031,
			"Relative Acceleration Y" : -0.28937771916389465,
			"Relative Acceleration Z" : 0.048682019114494324,
			"Relative Velocity X" : -0.73539084196090698,
			"Relative Velocity Y" : 0.0061874394305050373,
			"Relative Velocity Z" : 0.38886019587516785,
			"Truncated" : 0
		},
		{
			"Absolute Acceleration X" : -0.32942333817481995,
			"Absolute Acceleration Y" : 0.8852846622467041,
			"Absolute Acceleration Z" : -0.022054050117731094,
			"Absolute Velocity X" : 15.419509887695312,
			"Absolute Velocity Y" : 4.369234561920166,
			"Absolute Velocity Z" : 0.055330660194158554,
			"ActorName" : "CAR 05",
			"BoundingBox3D Extent X" : 4.1869335174560547,
			"BoundingBox3D Extent Y" : 1.6011700630187988,
			"BoundingBox3D Extent Z" : 1.7176864147186279,
			"BoundingBox3D Orientation Quat W" : 0.98983126878738403,
			"BoundingBox3D Orientation Quat X" : -0.0028862955514341593,
			"BoundingBox3D Orientation Quat Y" : -0.0017968998290598392,
			"BoundingBox3D Orientation Quat Z" : 0.14207282662391663,
			"BoundingBox3D Origin X" : 50.616024017333984,
			"BoundingBox3D Origin Y" : 7.3654208183288574,
			"BoundingBox3D Origin Z" : 0.73436868190765381,
			"ObjectId" : 5,
			"ObjectType" : "CAR",
			"Occluded" : 0.0,
			"Relative Acceleration X" : 0.028390709310770035,
			"Relative Acceleration Y" : -0.45182168483734131,
			"Relative Acceleration Z" : -0.18645821511745453,
			"Relative Velocity X" : -0.23692378401756287,
			"Relative Velocity Y" : -0.55314445495605469,
			"Relative Velocity Z" : -0.3411637544631958,
			"Truncated" : 0
		},
		{
			"Absolute Acceleration X" : 0.18135945498943329,
			"Absolute Acceleration Y" : -0.073909282684326172,
			"Absolute Acceleration Z" : 0.045347634702920914,
			"Absolute Velocity X" : 13.225920677185059,
			"Absolute Velocity Y" : 6.8400516510009766,
			"Absolute Velocity Z" : 0.02392919547855854,