{
	"CapturedObjects" : 
	[
		{
			"Absolute Acceleration X" : -0.10052108764648438,
			"Absolute Acceleration Y" : 0.17859791219234467,
			"Absolute Acceleration Z" : 0.019394699484109879,
			"Absolute Velocity X" : 21.544271469116211,
			"Absolute Velocity Y" : 0.098614536225795746,
			"Absolute Velocity Z" : -0.0059347883798182011,
			"ActorName" : "CAR 08",
			"BoundingBox3D Extent X" : 4.2699203491210938,
			"BoundingBox3D Extent Y" : 2.0144033432006836,
			"BoundingBox3D Extent Z" : 1.6600271463394165,
			"BoundingBox3D Orientation Quat W" : 0.99994015693664551,
			"BoundingBox3D Orientation Quat X" : 0.0062095550820231438,
			"BoundingBox3D Orientation Quat Y" : 0.00068511947756633162,
			"BoundingBox3D Orientation Quat Z" : 0.0075584249570965767,
			"BoundingBox3D Origin X" : -28.092338562011719,
			"BoundingBox3D Origin Y" : 0.25199365615844727,
			"BoundingBox3D Origin Z" : 0.84499776363372803,
			"ObjectId" : 8,
			"ObjectType" : "CAR",
			"Occluded" : 0.0,
			"Relative Acceleration X" : -0.12414491176605225,
			"Relative Acceleration Y" : 0.56068366765975952,
			"Relative Acceleration Z" : -0.077969297766685486,
			"Relative Velocity X" : 0.65285193920135498,
			"Relative Velocity Y" : -0.10662849992513657,
			"Relative Velocity Z" : -0.18795809149742126,
			"Truncated" : 0
		},
		{
			"Absolute Acceleration X" : -0.030878067016601562,
			"Absolute Acceleration Y" : 0.059191171079874039,
			"Absolute Acceleration Z" : -0.041395381093025208,
			"Absolute Velocity X" : 17.381919860839844,
			"Absolute Velocity Y" : -0.025607509538531303,
			"Absolute Velocity Z" : 0.010081457905471325,
			"ActorName" : "CAR 10",
			"BoundingBox3D Extent X" : 5.4278655052185059,
			"BoundingBox3D Extent Y" : 2.6808505058288574,
			"BoundingBox3D Extent Z" : 1.8241925239562988,
			"BoundingBox3D Orientation Quat W" : 0.99998229742050171,
			"BoundingBox3D Orientation Quat X" : -0.0014187423512339592,
			"BoundingBox3D Orientation Quat Y" : 0.00016463200154248625,
			"BoundingBox3D Orientation Quat Z" : 0.00093015562742948532,
			"BoundingBox3D Origin X" : -22.86204719543457,
			"BoundingBox3D Origin Y" : -2.7936515808105469,
			"BoundingBox3D Origin Z" : 0.98243767023086548,
			"ObjectId" : 10,
			"ObjectType" : "CAR",
			"Occluded" : 0.0,
			"Relative Acceleration X" : -0.067404270172119141,
			"Relative Acceleration Y" : 0.32695174217224121,
			"Relative Acceleration Z" : -0.18696346879005432,
			"Relative Velocity X" : -3.4713096618652344,
			"Relative Velocity Y" : -0.15982824563980103,
			"Relative Velocity Z" : -0.11148971319198608,
			"Truncated" : 0
		},
		{
			"Absolute Acceleration X" : -0.75574684143066406,
			"Absolute Acceleration Y" : 0.18647605180740356,
			"Absolute Acceleration Z" : 0.10368961095809937,
			"Absolute Velocity X" : 18.522417068481445,
			"Absolute Velocity Y" : -0.05910138413310051,
			"Absolute Velocity Z" : -0.087804101407527924,
			"ActorName" : "CAR 12",
			"BoundingBox3D Extent X" : 4.3477344512939453,
			"BoundingBox3D Extent Y" : 2.0270838737487793,
			"BoundingBox3D Extent Z" : 1.5336672067642212,
			"BoundingBox3D Orientation Quat W" : 0.99997991323471069,
			"BoundingBox3D Orientation Quat X" : -0.0022203510161489248,
			"BoundingBox3D Orientation Quat Y" : 0.0021101913880556822,
			"BoundingBox3D Orientation Quat Z" : 0.00078675540862604976,
			"BoundingBox3D Origin X" : -40.097850799560547,
			"BoundingBox3D Origin Y" : -2.8611142635345459,
			"BoundingBox3D Origin Z" : 0.77717727422714233,
			"ObjectId" : 12,
			"ObjectType" : "CAR",
			"Occluded" : 0.0,
			"Relative Acceleration X" : -0.78107571601867676,
			"Relative Acceleration Y" : 0.54850894212722778,
			"Relative Acceleration Z" : -0.25235024094581604,
			"Relative Velocity X" : -2.3271195888519287,
			"Relative Velocity Y" : -0.41919600963592529,
			"Relative Velocity Z" : -0.47060516476631165,
			"Truncated" : 0
		},
		{
			"Absolute Acceleration X" : 0.094999313354492188,
			"Absolute Acceleration Y" : 0.050874024629592896,
			"Absolute Acceleration Z" : -0.072093583643436432,
			"Absolute Velocity X" : 14.286099433898926,
			"Absolute Velocity Y" : 0.1328403651714325,
			"Absolute Velocity Z" : 0.014688731171190739,
			"ActorName" : "CAR 76",
			"BoundingBox3D Extent X" : 4.2790994644165039,
			"BoundingBox3D Extent Y" : 2.1297554969787598,
			"BoundingBox3D Extent Z" : 1.5282770395278931,
			"BoundingBox3D Orientation Quat W" : 0.99995243549346924,
			"BoundingBox3D Orientation Quat X" : 0.0016970389988273382,
			"BoundingBox3D Orientation Quat Y" : 0.00032289815135300159,
			"BoundingBox3D Orientation Quat Z" : 0.0057726539671421051,
			"BoundingBox3D Origin X" : -22.692359924316406,
			"BoundingBox3D Origin Y" : -5.6294808387756348,
			"BoundingBox3D Origin Z" : 0.80916833877563477,
			"ObjectId" : 76,
			"ObjectType" : "CAR",
			"Occluded" : 0.0,
			"Relative Acceleration X" : 0.045895576477050781,
			"Relative Acceleration Y" : 0.24759402871131897,
			"Relative Acceleration Z" : -0.30068561434745789,
			"Relative Velocity X" : -6.5273466110229492,
			"Relative Velocity Y" : 0.0043993438594043255,
			"Relative Velocity Z" : -0.11970259994268417,
			"Truncated" : 0
		},
		{
			"Absolute Acceleration X" : -1.9381868839263916,
			"Absolute Acceleration Y" : -0.96973848342895508,
			"Absolute Acceleration Z" : 0.038625821471214294,
			"Absolute Velocity X" : -2.2469174861907959,
			"Absolute Velocity Y" : 0.081339471042156219,
			"Absolute Velocity Z" : 0.084512792527675629,
			"ActorName" : "CAR 115",
			"BoundingBox3D Extent X" : 4.3207364082336426,
			"BoundingBox3D Extent Y" : 2.3077139854431152,
			"BoundingBox3D Extent Z" : 1.6247607469558716,
			"BoundingBox3D Orientation Quat W" : 0.095037862658500671,
			"BoundingBox3D Orientation Quat X" : -0.0062418142333626747,
			"BoundingBox3D Orientation Quat Y" : 0.024966705590486526,
			"BoundingBox3D Orientation Quat Z" : 0.99493175745010376,
			"BoundingBox3D Origin X" : -88.346572875976562,
			"BoundingBox3D Origin Y" : 21.706548690795898,
			"BoundingBox3D Origin Z" : 1.8847203254699707,
			"ObjectId" : 115,
			"ObjectType" : "CAR",
			"Occluded" : 0.0,
			"Relative Acceleration X" : -1.8722705841064453,
			"Relative Acceleration Y" : -0.88398712873458862,
			"Relative Acceleration Z" : -1.8094222545623779,
			"Relative Velocity X" : -23.427726745605469,
			"Relative Velocity Y" : -0.8959803581237793,
			"Relative Velocity Z" : -0.99406075477600098,
			"Truncated" : 0
		},
		{
			"Absolute Acceleration X" : -0.16040992736816406,
			"Absolute Acceleration Y" : 0.033505797386169434,
			"Absolute Acceleration Z" : -0.16772747039794922,
			"Absolute Velocity X" : 18.592294692993164,
			"Absolute Velocity Y" : 1.10671067237854,
			"Absolute Velocity Z" : -1.3733319044113159,
			"ActorName" : "CAR 123",
			"BoundingBox3D Extent X" : 4.1979241371154785,
			"BoundingBox3D Extent Y" : 2.1736588478088379,
			"BoundingBox3D Extent Z" : 1.3563997745513916,
			"BoundingBox3D Orientation Quat W" : 0.99870949983596802,
			"BoundingBox3D Orientation Quat X" : 0.0027986662462353706,
			"BoundingBox3D Orientation Quat Y" : 0.039940468966960907,
			"BoundingBox3D Orientation Quat Z" : 0.030946735292673111,
			"BoundingBox3D Origin X" : 86.079795837402344,
			"BoundingBox3D Origin Y" : 4.155036449432373,
			"BoundingBox3D Origin Z" : -3.0511448383331299,
			"ObjectId" : 123,
			"ObjectType" : "CAR",
			"Occluded" : 0.0,
			"Relative Acceleration X" : -0.14290881156921387,
			"Relative Acceleration Y" : -0.10558772087097168,
			"Relative Acceleration Z" : 1.2434812784194946,
			"Relative Velocity X" : -2.2892062664031982,
			"Relative Velocity Y" : 2.404123067855835,
			"Relative Velocity Z" : 0.18820269405841827,
			"Truncated" : 0
		},
		{
			"Absolute Acceleration X" : -0.439971923828125,
			"Absolute Acceleration Y" : -0.10356998443603516,
			"Absolute Acceleration Z" : -0.1860194206237793,
			"Absolute Velocity X" : 19.202157974243164,
			"Absolute Velocity Y" : 1.0904792547225952,