{
	"CapturedObjects" : 
	[
		{
			"Absolute Acceleration X" : 0.92116069793701172,
			"Absolute Acceleration Y" : 0.17002704739570618,
			"Absolute Acceleration Z" : -0.10935905575752258,
			"Absolute Velocity X" : 5.114532470703125,
			"Absolute Velocity Y" : 0.25420340895652771,
			"Absolute Velocity Z" : -0.15018667280673981,
			"ActorName" : "CAR 00",
			"BoundingBox3D Extent X" : 4.3323526382446289,
			"BoundingBox3D Extent Y" : 2.0147721767425537,
			"BoundingBox3D Extent Z" : 1.6229699850082397,
			"BoundingBox3D Orientation Quat W" : 0.99969744682312012,
			"BoundingBox3D Orientation Quat X" : -0.0049027171917259693,
			"BoundingBox3D Orientation Quat Y" : 0.015978846698999405,
			"BoundingBox3D Orientation Quat Z" : 0.017400607466697693,
			"BoundingBox3D Origin X" : 12.275961875915527,
			"BoundingBox3D Origin Y" : -0.28643077611923218,
			"BoundingBox3D Origin Z" : 0.58185070753097534,
			"ObjectId" : 0,
			"ObjectType" : "CAR",
			"Occluded" : 0.0,
			"Relative Acceleration X" : 0.44410932064056396,
			"Relative Acceleration Y" : -0.045901194214820862,
			"Relative Acceleration Z" : 0.10568053275346756,
			"Relative Velocity X" : 1.5315781831741333,
			"Relative Velocity Y" : 0.24810211360454559,
			"Relative Velocity Z" : -0.060290895402431488,
			"Truncated" : 0
		},
		{
			"Absolute Acceleration X" : -0.17638921737670898,
			"Absolute Acceleration Y" : 0.071148991584777832,
			"Absolute Acceleration Z" : -0.046151503920555115,
			"Absolute Velocity X" : 4.405184268951416,
			"Absolute Velocity Y" : 1.2999336719512939,
			"Absolute Velocity Z" : -0.10748367011547089,
			"ActorName" : "CAR 01",
			"BoundingBox3D Extent X" : 4.6473779678344727,
			"BoundingBox3D Extent Y" : 2.2044610977172852,
			"BoundingBox3D Extent Z" : 1.7064533233642578,
			"BoundingBox3D Orientation Quat W" : 0.99002528190612793,
			"BoundingBox3D Orientation Quat X" : 0.0028026723302900791,
			"BoundingBox3D Orientation Quat Y" : 0.010930394753813744,
			"BoundingBox3D Orientation Quat Z" : 0.14019756019115448,
			"BoundingBox3D Origin X" : -9.2593936920166016,
			"BoundingBox3D Origin Y" : -5.4128584861755371,
			"BoundingBox3D Origin Z" : 1.071317195892334,
			"ObjectId" : 1,
			"ObjectType" : "CAR",
			"Occluded" : 0.0,
			"Relative Acceleration X" : -0.74219429492950439,
			"Relative Acceleration Y" : 0.22573256492614746,
			"Relative Acceleration Z" : -0.23070865869522095,
			"Relative Velocity X" : 0.81024998426437378,
			"Relative Velocity Y" : 1.3590661287307739,
			"Relative Velocity Z" : -0.070696048438549042,
			"Truncated" : 0
		},
		{
			"Absolute Acceleration X" : 0.15022201836109161,
			"Absolute Acceleration Y" : -0.024899359792470932,
			"Absolute Acceleration Z" : 0.0029340065084397793,
			"Absolute Velocity X" : -0.10018745809793472,
			"Absolute Velocity Y" : -0.03615846112370491,
			"Absolute Velocity Z" : 0.0028598303906619549,
			"ActorName" : "MOTORCYCLE 05",
			"BoundingBox3D Extent X" : 5.8706741333007812,
			"BoundingBox3D Extent Y" : 1.2037248611450195,
			"BoundingBox3D Extent Z" : 0.8474196195602417,
			"BoundingBox3D Orientation Quat W" : -0.32879358530044556,
			"BoundingBox3D Orientation Quat X" : 0.014351737685501575,
			"BoundingBox3D Orientation Quat Y" : 0.023970561102032661,
			"BoundingBox3D Orientation Quat Z" : 0.94379466772079468,
			"BoundingBox3D Origin X" : 80.886665344238281,
			"BoundingBox3D Origin Y" : 6.9903450012207031,
			"BoundingBox3D Origin Z" : 0.10887535661458969,
			"ObjectId" : 5,
			"ObjectType" : "MOTORCYCLE",
			"Occluded" : 0.0,
			"Relative Acceleration X" : -0.21150755882263184,
			"Relative Acceleration Y" : -1.3565726280212402,
			"Relative Acceleration Z" : 1.4860740900039673,
			"Relative Velocity X" : -3.6656310558319092,
			"Relative Velocity Y" : -0.22086593508720398,
			"Relative Velocity Z" : 0.19099117815494537,
			"Truncated" : 0
		},
		{
			"Absolute Acceleration X" : 0.044385403394699097,
			"Absolute Acceleration Y" : -0.085400953888893127,
			"Absolute Acceleration Z" : 0.0014973599463701248,
			"Absolute Velocity X" : -0.055004563182592392,
			"Absolute Velocity Y" : 0.011481752619147301,
			"Absolute Velocity Z" : -0.0018291259184479713,
			"ActorName" : "BUS 06",
			"BoundingBox3D Extent X" : 11.0,
			"BoundingBox3D Extent Y" : 0.36199617385864258,
			"BoundingBox3D Extent Z" : 3.1138386726379395,
			"BoundingBox3D Orientation Quat W" : 0.9694133996963501,
			"BoundingBox3D Orientation Quat X" : -0.0039223870262503624,
			"BoundingBox3D Orientation Quat Y" : -0.023172561079263687,
			"BoundingBox3D Orientation Quat Z" : 0.2424243688583374,
			"BoundingBox3D Origin X" : 84.217681884765625,
			"BoundingBox3D Origin Y" : 1.8968604803085327,
			"BoundingBox3D Origin Z" : 1.8613622188568115,
			"ObjectId" : 6,
			"ObjectType" : "BUS",
			"Occluded" : 0.0,
			"Relative Acceleration X" : -0.4350588321685791,
			"Relative Acceleration Y" : -1.4645426273345947,
			"Relative Acceleration Z" : 1.5626256465911865,
			"Relative Velocity X" : -3.6386101245880127,
			"Relative Velocity Y" : -0.18173861503601074,
			"Relative Velocity Z" : 0.19632250070571899,
			"Truncated" : 0
		},
		{
			"Absolute Acceleration X" : 0.02241889014840126,
			"Absolute Acceleration Y" : 0.21338661015033722,
			"Absolute Acceleration Z" : -0.0073678074404597282,
			"Absolute Velocity X" : -0.085865303874015808,
			"Absolute Velocity Y" : 0.02861269935965538,
			"Absolute Velocity Z" : 0.0014268019003793597,
			"ActorName" : "BUS 11",
			"BoundingBox3D Extent X" : 6.4184999465942383,
			"BoundingBox3D Extent Y" : 3.0,
			"BoundingBox3D Extent Z" : 2.8788228034973145,
			"BoundingBox3D Orientation Quat W" : -0.85060828924179077,
			"BoundingBox3D Orientation Quat X" : 0.015860814601182938,
			"BoundingBox3D Orientation Quat Y" : 0.01277959905564785,
			"BoundingBox3D Orientation Quat Z" : 0.52535378932952881,
			"BoundingBox3D Origin X" : 97.463722229003906,
			"BoundingBox3D Origin Y" : -8.2517757415771484,
			"BoundingBox3D Origin Z" : 1.9080835580825806,
			"ObjectId" : 11,
			"ObjectType" : "BUS",
			"Occluded" : 0.0,
			"Relative Acceleration X" : -0.62645077705383301,
			"Relative Acceleration Y" : -1.3840110301971436,
			"Relative Acceleration Z" : 1.8378016948699951,
			"Relative Velocity X" : -3.6991558074951172,
			"Relative Velocity Y" : -0.20250967144966125,
			"Relative Velocity Z" : 0.23324182629585266,
			"Truncated" : 0
		},
		{
			"Absolute Acceleration X" : -1.079567551612854,
			"Absolute Acceleration Y" : -0.14449526369571686,
			"Absolute Acceleration Z" : -0.014029331505298615,
			"Absolute Velocity X" : -1.4428085088729858,
			"Absolute Velocity Y" : 3.947986364364624,
			"Absolute Velocity Z" : -0.16781960427761078,
			"ActorName" : "CAR 14",
			"BoundingBox3D Extent X" : 2.795074462890625,
			"BoundingBox3D Extent Y" : 1.8999999761581421,
			"BoundingBox3D Extent Z" : 2.0105845928192139,
			"BoundingBox3D Orientation Quat W" : 0.5347442626953125,
			"BoundingBox3D Orientation Quat X" : -0.015599068254232407,
			"BoundingBox3D Orientation Quat Y" : 0.010138376615941525,
			"BoundingBox3D Orientation Quat Z" : 0.84480756521224976,
			"BoundingBox3D Origin X" : 91.526260375976562,
			"BoundingBox3D Origin Y" : -5.5043721199035645,
			"BoundingBox3D Origin Z" : 1.3104332685470581,
			"ObjectId" : 14,
			"ObjectType" : "CAR",
			"Occluded" : 0.0,
			"Relative Acceleration X" : -1.4939339160919189,
			"Relative Acceleration Y" : -1.6855112314224243,
			"Relative Acceleration Z" : 0.11960230022668839,
			"Relative Velocity X" : -4.8829307556152344,
			"Relative Velocity Y" : 4.2404332160949707,
			"Relative Velocity Z" : -1.2696710824966431,
			"Truncated" : 0
		},
		{
			"Absolute Acceleration X" : -1.1357662677764893,
			"Absolute Acceleration Y" : -1.9906680583953857,
			"Absolute Acceleration Z" : 0.39219176769256592,
			"Absolute Velocity X" : -0.24891136586666107,
			"Absolute Velocity Y" : 1.5804668664932251,
			"Absolute Velocity Z" : 0.14580895006656647,
			"ActorName" : "CAR 15",