{
	"CapturedObjects" : 
	[
		{
			"Absolute Acceleration X" : 0.52837610244750977,
			"Absolute Acceleration Y" : 0.041091322898864746,
			"Absolute Acceleration Z" : 0.03638269379734993,
			"Absolute Velocity X" : 6.4124541282653809,
			"Absolute Velocity Y" : 0.26724103093147278,
			"Absolute Velocity Z" : -0.04416729137301445,
			"ActorName" : "CAR 00",
			"BoundingBox3D Extent X" : 4.3323526382446289,
			"BoundingBox3D Extent Y" : 2.0147721767425537,
			"BoundingBox3D Extent Z" : 1.6229699850082397,
			"BoundingBox3D Orientation Quat W" : 0.9996417760848999,
			"BoundingBox3D Orientation Quat X" : -0.0063253184780478477,
			"BoundingBox3D Orientation Quat Y" : 0.0050263563171029091,
			"BoundingBox3D Orientation Quat Z" : 0.025060687214136124,
			"BoundingBox3D Origin X" : 14.796271324157715,
			"BoundingBox3D Origin Y" : 0.0091159678995609283,
			"BoundingBox3D Origin Z" : 0.52958774566650391,
			"ObjectId" : 0,
			"ObjectType" : "CAR",
			"Occluded" : 0.0,
			"Relative Acceleration X" : -0.2139885425567627,
			"Relative Acceleration Y" : -0.31528210639953613,
			"Relative Acceleration Z" : 0.022568739950656891,
			"Relative Velocity X" : 1.8403662443161011,
			"Relative Velocity Y" : 0.10257081687450409,
			"Relative Velocity Z" : -0.042881548404693604,
			"Truncated" : 0
		},
		{
			"Absolute Acceleration X" : -0.0060415267944335938,
			"Absolute Acceleration Y" : 0.020000338554382324,
			"Absolute Acceleration Z" : 0.039830364286899567,
			"Absolute Velocity X" : 4.2605147361755371,
			"Absolute Velocity Y" : 1.2970435619354248,
			"Absolute Velocity Z" : -0.10187745094299316,
			"ActorName" : "CAR 01",
			"BoundingBox3D Extent X" : 4.6473779678344727,
			"BoundingBox3D Extent Y" : 2.2044610977172852,
			"BoundingBox3D Extent Z" : 1.7064533233642578,
			"BoundingBox3D Orientation Quat W" : 0.98898714780807495,
			"BoundingBox3D Orientation Quat X" : -0.0049985083751380444,
			"BoundingBox3D Orientation Quat Y" : 0.010244637727737427,
			"BoundingBox3D Orientation Quat Z" : 0.14733341336250305,
			"BoundingBox3D Origin X" : -8.9449033737182617,
			"BoundingBox3D Origin Y" : -3.377410888671875,
			"BoundingBox3D Origin Z" : 1.0107108354568481,
			"ObjectId" : 1,
			"ObjectType" : "CAR",
			"Occluded" : 0.0,
			"Relative Acceleration X" : -0.75070393085479736,
			"Relative Acceleration Y" : 0.083614349365234375,
			"Relative Acceleration Z" : -0.036627132445573807,
			"Relative Velocity X" : -0.35572415590286255,
			"Relative Velocity Y" : 1.4817317724227905,
			"Relative Velocity Z" : 0.023480147123336792,
			"Truncated" : 0
		},
		{
			"Absolute Acceleration X" : -0.060798212885856628,
			"Absolute Acceleration Y" : 0.055906921625137329,
			"Absolute Acceleration Z" : -0.0027262168005108833,
			"Absolute Velocity X" : 0.011418139562010765,
			"Absolute Velocity Y" : 0.01748008094727993,
			"Absolute Velocity Z" : -0.00055198109475895762,
			"ActorName" : "MOTORCYCLE 05",
			"BoundingBox3D Extent X" : 5.8706741333007812,
			"BoundingBox3D Extent Y" : 1.2037248611450195,
			"BoundingBox3D Extent Z" : 0.8474196195602417,
			"BoundingBox3D Orientation Quat W" : -0.3219265341758728,
			"BoundingBox3D Orientation Quat X" : 0.01457573939114809,
			"BoundingBox3D Orientation Quat Y" : 0.029199620708823204,
			"BoundingBox3D Orientation Quat Z" : 0.94600629806518555,
			"BoundingBox3D Origin X" : 75.355087280273438,
			"BoundingBox3D Origin Y" : 5.8679928779602051,
			"BoundingBox3D Origin Z" : 0.40817096829414368,
			"ObjectId" : 5,
			"ObjectType" : "MOTORCYCLE",
			"Occluded" : 0.0,
			"Relative Acceleration X" : -0.7505035400390625,
			"Relative Acceleration Y" : -0.9468420147895813,
			"Relative Acceleration Z" : 0.14700169861316681,
			"Relative Velocity X" : -4.4771556854248047,
			"Relative Velocity Y" : -1.0135937929153442,
			"Relative Velocity Z" : -0.34519028663635254,
			"Truncated" : 0
		},
		{
			"Absolute Acceleration X" : -0.001166963716968894,
			"Absolute Acceleration Y" : -0.025623239576816559,
			"Absolute Acceleration Z" : -0.00056580593809485435,
			"Absolute Velocity X" : -0.0062523395754396915,
			"Absolute Velocity Y" : 0.056324519217014313,
			"Absolute Velocity Z" : 0.00054511980852112174,
			"ActorName" : "BUS 06",
			"BoundingBox3D Extent X" : 11.0,
			"BoundingBox3D Extent Y" : 0.36199617385864258,
			"BoundingBox3D Extent Z" : 3.1138386726379395,
			"BoundingBox3D Orientation Quat W" : 0.97106099128723145,
			"BoundingBox3D Orientation Quat X" : -0.0094048269093036652,
			"BoundingBox3D Orientation Quat Y" : -0.023553891107439995,
			"BoundingBox3D Orientation Quat Z" : 0.23554514348506927,
			"BoundingBox3D Origin X" : 78.558914184570312,
			"BoundingBox3D Origin Y" : 0.87313395738601685,
			"BoundingBox3D Origin Z" : 2.218435525894165,
			"ObjectId" : 6,
			"ObjectType" : "BUS",
			"Occluded" : 0.0,
			"Relative Acceleration X" : -0.76470708847045898,
			"Relative Acceleration Y" : -1.1051168441772461,
			"Relative Acceleration Z" : 0.059700228273868561,
			"Relative Velocity X" : -4.5580244064331055,
			"Relative Velocity Y" : -1.0201178789138794,
			"Relative Velocity Z" : -0.35792353749275208,
			"Truncated" : 0
		},
		{
			"Absolute Acceleration X" : -0.19736835360527039,
			"Absolute Acceleration Y" : 0.32945334911346436,
			"Absolute Acceleration Z" : -0.014489239081740379,
			"Absolute Velocity X" : 0.048183389008045197,
			"Absolute Velocity Y" : -0.081408634781837463,
			"Absolute Velocity Z" : 0.0045067421160638332,
			"ActorName" : "BUS 11",
			"BoundingBox3D Extent X" : 6.4184999465942383,
			"BoundingBox3D Extent Y" : 3.0,
			"BoundingBox3D Extent Z" : 2.8788228034973145,
			"BoundingBox3D Orientation Quat W" : -0.84659618139266968,
			"BoundingBox3D Orientation Quat X" : 0.019338758662343025,
			"BoundingBox3D Orientation Quat Y" : 0.016780128702521324,
			"BoundingBox3D Orientation Quat Z" : 0.53156787157058716,
			"BoundingBox3D Origin X" : 91.740623474121094,
			"BoundingBox3D Origin Y" : -9.6346216201782227,
			"BoundingBox3D Origin Z" : 2.4205446243286133,
			"ObjectId" : 11,
			"ObjectType" : "BUS",
			"Occluded" : 0.0,
			"Relative Acceleration X" : -1.1171793937683105,
			"Relative Acceleration Y" : -0.93872904777526855,
			"Relative Acceleration Z" : -0.13460589945316315,
			"Relative Velocity X" : -4.6546874046325684,
			"Relative Velocity Y" : -1.3482177257537842,
			"Relative Velocity Z" : -0.417319655418396,
			"Truncated" : 0
		},
		{
			"Absolute Acceleration X" : -0.71307939291000366,
			"Absolute Acceleration Y" : 1.6400769948959351,
			"Absolute Acceleration Z" : -0.17932005226612091,
			"Absolute Velocity X" : -1.0785142183303833,
			"Absolute Velocity Y" : 2.9637916088104248,
			"Absolute Velocity Z" : 0.061399355530738831,
			"ActorName" : "CAR 15",
			"BoundingBox3D Extent X" : 8.6981019973754883,
			"BoundingBox3D Extent Y" : 6.1319971084594727,
			"BoundingBox3D Extent Z" : 3.4029717445373535,
			"BoundingBox3D Orientation Quat W" : 0.60287117958068848,
			"BoundingBox3D Orientation Quat X" : 0.0073329214937984943,
			"BoundingBox3D Orientation Quat Y" : 0.0021797255612909794,
			"BoundingBox3D Orientation Quat Z" : 0.79749327898025513,
			"BoundingBox3D Origin X" : -120.93840026855469,
			"BoundingBox3D Origin Y" : -76.290420532226562,
			"BoundingBox3D Origin Z" : 3.9698882102966309,
			"ObjectId" : 15,
			"ObjectType" : "CAR",
			"Occluded" : 0.0,
			"Relative Acceleration X" : -1.8057049512863159,
			"Relative Acceleration Y" : 2.3746981620788574,
			"Relative Acceleration Z" : 0.90377503633499146,
			"Relative Velocity X" : -6.7317242622375488,
			"Relative Velocity Y" : 4.7879619598388672,
			"Relative Velocity Z" : 0.81146144866943359,
			"Truncated" : 0
		},
		{
			"Absolute Acceleration X" : 0.23478794097900391,
			"Absolute Acceleration Y" : -0.16914987564086914,
			"Absolute Acceleration Z" : -0.048734396696090698,
			"Absolute Velocity X" : -3.6731102466583252,
			"Absolute Velocity Y" : 8.0133285522460938,
			"Absolute Velocity Z" : -0.43775129318237305,