{
	"CapturedObjects" : 
	[
		{
			"Absolute Acceleration X" : 0.13920208811759949,
			"Absolute Acceleration Y" : 0.42918065190315247,
			"Absolute Acceleration Z" : -0.12137552350759506,
			"Absolute Velocity X" : -15.732476234436035,
			"Absolute Velocity Y" : -2.2750906944274902,
			"Absolute Velocity Z" : -0.096203804016113281,
			"ActorName" : "CAR 00",
			"BoundingBox3D Extent X" : 4.0999999046325684,
			"BoundingBox3D Extent Y" : 1.8200886249542236,
			"BoundingBox3D Extent Z" : 1.4905556440353394,
			"BoundingBox3D Orientation Quat W" : -0.069047816097736359,
			"BoundingBox3D Orientation Quat X" : 0.00072096032090485096,
			"BoundingBox3D Orientation Quat Y" : 0.0093733351677656174,
			"BoundingBox3D Orientation Quat Z" : 0.99756330251693726,
			"BoundingBox3D Origin X" : -113.80075073242188,
			"BoundingBox3D Origin Y" : -4.8392972946166992,
			"BoundingBox3D Origin Z" : 1.0211808681488037,
			"ObjectId" : 0,
			"ObjectType" : "CAR",
			"Occluded" : 0.0,
			"Relative Acceleration X" : 0.18440376222133636,
			"Relative Acceleration Y" : 0.70779186487197876,
			"Relative Acceleration Z" : 1.0182628631591797,
			"Relative Velocity X" : -34.145614624023438,
			"Relative Velocity Y" : -2.2023825645446777,
			"Relative Velocity Z" : -0.041958358138799667,
			"Truncated" : 0
		},
		{
			"Absolute Acceleration X" : -0.043355941772460938,
			"Absolute Acceleration Y" : -0.24339291453361511,
			"Absolute Acceleration Z" : -0.018120922148227692,
			"Absolute Velocity X" : 17.154827117919922,
			"Absolute Velocity Y" : 0.35221737623214722,
			"Absolute Velocity Z" : -0.13701966404914856,
			"ActorName" : "CAR 02",
			"BoundingBox3D Extent X" : 4.4656820297241211,
			"BoundingBox3D Extent Y" : 2.252082347869873,
			"BoundingBox3D Extent Z" : 1.6700176000595093,
			"BoundingBox3D Orientation Quat W" : 0.99992644786834717,
			"BoundingBox3D Orientation Quat X" : 0.010406379587948322,
			"BoundingBox3D Orientation Quat Y" : 0.0043281852267682552,
			"BoundingBox3D Orientation Quat Z" : -0.00069883727701380849,
			"BoundingBox3D Origin X" : -17.412265777587891,
			"BoundingBox3D Origin Y" : -1.5608586072921753,
			"BoundingBox3D Origin Z" : 0.88572549819946289,
			"ObjectId" : 2,
			"ObjectType" : "CAR",
			"Occluded" : 0.0,
			"Relative Acceleration X" : -0.16561079025268555,
			"Relative Acceleration Y" : -0.24977168440818787,
			"Relative Acceleration Z" : -0.02452334389090538,
			"Relative Velocity X" : -1.2799590826034546,
			"Relative Velocity Y" : 0.48021352291107178,
			"Relative Velocity Z" : -0.00093115435447543859,
			"Truncated" : 0
		},
		{
			"Absolute Acceleration X" : 0.15187835693359375,
			"Absolute Acceleration Y" : -0.017030522227287292,
			"Absolute Acceleration Z" : 0.035090960562229156,
			"Absolute Velocity X" : 16.048492431640625,
			"Absolute Velocity Y" : -0.19456487894058228,
			"Absolute Velocity Z" : -0.05682842805981636,
			"ActorName" : "CAR 03",
			"BoundingBox3D Extent X" : 5.0327348709106445,
			"BoundingBox3D Extent Y" : 2.5773553848266602,
			"BoundingBox3D Extent Z" : 1.6179120540618896,
			"BoundingBox3D Orientation Quat W" : 0.99974566698074341,
			"BoundingBox3D Orientation Quat X" : 0.021815083920955658,
			"BoundingBox3D Orientation Quat Y" : 0.0019658154342323542,
			"BoundingBox3D Orientation Quat Z" : -0.0013355291448533535,
			"BoundingBox3D Origin X" : 11.242955207824707,
			"BoundingBox3D Origin Y" : -3.1863927841186523,
			"BoundingBox3D Origin Z" : 0.62537038326263428,
			"ObjectId" : 3,
			"ObjectType" : "CAR",
			"Occluded" : 0.0,
			"Relative Acceleration X" : 0.032193183898925781,
			"Relative Acceleration Y" : 0.0016132872551679611,
			"Relative Acceleration Z" : -0.0028276741504669189,
			"Relative Velocity X" : -2.3848400115966797,
			"Relative Velocity Y" : -0.035210631787776947,
			"Relative Velocity Z" : 0.035813454538583755,
			"Truncated" : 0
		},
		{
			"Absolute Acceleration X" : 0.26200294494628906,
			"Absolute Acceleration Y" : 0.42015713453292847,
			"Absolute Acceleration Z" : 0.13941282033920288,
			"Absolute Velocity X" : 16.412237167358398,
			"Absolute Velocity Y" : -0.59849971532821655,
			"Absolute Velocity Z" : -0.21398432552814484,
			"ActorName" : "CAR 04",
			"BoundingBox3D Extent X" : 4.1435985565185547,
			"BoundingBox3D Extent Y" : 1.8999999761581421,
			"BoundingBox3D Extent Z" : 1.1852937936782837,
			"BoundingBox3D Orientation Quat W" : -0.99977576732635498,
			"BoundingBox3D Orientation Quat X" : -0.0052945865318179131,
			"BoundingBox3D Orientation Quat Y" : -0.0058283545076847076,
			"BoundingBox3D Orientation Quat Z" : 0.019580662250518799,
			"BoundingBox3D Origin X" : 14.00830078125,
			"BoundingBox3D Origin Y" : 25.474075317382812,
			"BoundingBox3D Origin Z" : 1.1879510879516602,
			"ObjectId" : 4,
			"ObjectType" : "CAR",
			"Occluded" : 0.0,
			"Relative Acceleration X" : 0.11557507514953613,
			"Relative Acceleration Y" : 0.44374901056289673,
			"Relative Acceleration Z" : 0.03997550904750824,
			"Relative Velocity X" : -2.0496358871459961,
			"Relative Velocity Y" : -0.44104504585266113,
			"Relative Velocity Z" : 0.10823041200637817,
			"Truncated" : 0
		},
		{
			"Absolute Acceleration X" : -0.17438793182373047,
			"Absolute Acceleration Y" : -0.52491617202758789,
			"Absolute Acceleration Z" : -0.063004747033119202,
			"Absolute Velocity X" : -15.820547103881836,
			"Absolute Velocity Y" : -0.59292197227478027,
			"Absolute Velocity Z" : 0.092385739088058472,
			"ActorName" : "CAR 06",
			"BoundingBox3D Extent X" : 4.6054096221923828,
			"BoundingBox3D Extent Y" : 2.0132546424865723,
			"BoundingBox3D Extent Z" : 1.54381263256073,
			"BoundingBox3D Orientation Quat W" : -0.018144814297556877,
			"BoundingBox3D Orientation Quat X" : 0.0029672149103134871,
			"BoundingBox3D Orientation Quat Y" : 0.00026875251205638051,
			"BoundingBox3D Orientation Quat Z" : 0.99982225894927979,
			"BoundingBox3D Origin X" : -45.139934539794922,
			"BoundingBox3D Origin Y" : 3.7721915245056152,
			"BoundingBox3D Origin Z" : 1.0137637853622437,
			"ObjectId" : 6,
			"ObjectType" : "CAR",
			"Occluded" : 0.0,
			"Relative Acceleration X" : -0.29877090454101562,
			"Relative Acceleration Y" : -0.64294528961181641,
			"Relative Acceleration Z" : 0.029508665204048157,
			"Relative Velocity X" : -34.259937286376953,
			"Relative Velocity Y" : -0.49793452024459839,
			"Relative Velocity Z" : 0.35749533772468567,
			"Truncated" : 0
		},
		{
			"Absolute Acceleration X" : 0.28896307945251465,
			"Absolute Acceleration Y" : -0.24344457685947418,
			"Absolute Acceleration Z" : -0.02716064453125,
			"Absolute Velocity X" : 0.22557413578033447,
			"Absolute Velocity Y" : -0.1744200736284256,
			"Absolute Velocity Z" : -0.02542303130030632,
			"ActorName" : "CAR 11",
			"BoundingBox3D Extent X" : 4.3525700569152832,
			"BoundingBox3D Extent Y" : 1.6320856809616089,
			"BoundingBox3D Extent Z" : 1.5701972246170044,
			"BoundingBox3D Orientation Quat W" : -0.051974773406982422,
			"BoundingBox3D Orientation Quat X" : -0.0026529068127274513,
			"BoundingBox3D Orientation Quat Y" : -0.010253794491291046,
			"BoundingBox3D Orientation Quat Z" : 0.99858736991882324,
			"BoundingBox3D Origin X" : -83.393524169921875,
			"BoundingBox3D Origin Y" : 5.6439008712768555,
			"BoundingBox3D Origin Z" : 1.458423376083374,
			"ObjectId" : 11,
			"ObjectType" : "CAR",
			"Occluded" : 0.0,
			"Relative Acceleration X" : 0.32904914021492004,
			"Relative Acceleration Y" : -0.10316020250320435,
			"Relative Acceleration Z" : 0.31571555137634277,
			"Relative Velocity X" : -18.215433120727539,
			"Relative Velocity Y" : -0.12024908512830734,
			"Relative Velocity Z" : 0.27243015170097351,
			"Truncated" : 0
		},
		{
			"Absolute Acceleration X" : 0.0063984133303165436,
			"Absolute Acceleration Y" : -0.10402590036392212,
			"Absolute Acceleration Z" : -0.00097561290021985769,
			"Absolute Velocity X" : 0.026010923087596893,
			"Absolute Velocity Y" : -0.31059825420379639,