{
	"CapturedObjects" : 
	[
		{
			"Absolute Acceleration X" : 0.23431491851806641,
			"Absolute Acceleration Y" : 0.043194934725761414,
			"Absolute Acceleration Z" : 0.011049531400203705,
			"Absolute Velocity X" : 6.9475879669189453,
			"Absolute Velocity Y" : 0.17283137142658234,
			"Absolute Velocity Z" : -0.047205522656440735,
			"ActorName" : "CAR 00",
			"BoundingBox3D Extent X" : 4.3323526382446289,
			"BoundingBox3D Extent Y" : 2.0147721767425537,
			"BoundingBox3D Extent Z" : 1.6229699850082397,
			"BoundingBox3D Orientation Quat W" : 0.99992167949676514,
			"BoundingBox3D Orientation Quat X" : -0.0081970859318971634,
			"BoundingBox3D Orientation Quat Y" : 0.0026176797691732645,
			"BoundingBox3D Orientation Quat Z" : 0.0077569512650370598,
			"BoundingBox3D Origin X" : 17.161252975463867,
			"BoundingBox3D Origin Y" : -0.19513633847236633,
			"BoundingBox3D Origin Z" : 0.48991605639457703,
			"ObjectId" : 0,
			"ObjectType" : "CAR",
			"Occluded" : 0.0,
			"Relative Acceleration X" : -0.3835909366607666,
			"Relative Acceleration Y" : -0.053183704614639282,
			"Relative Acceleration Z" : 0.17008410394191742,
			"Relative Velocity X" : 1.3595484495162964,
			"Relative Velocity Y" : -0.18838302791118622,
			"Relative Velocity Z" : 0.10721398890018463,
			"Truncated" : 0
		},
		{
			"Absolute Acceleration X" : 0.75237560272216797,
			"Absolute Acceleration Y" : -0.58140134811401367,
			"Absolute Acceleration Z" : -0.01084599643945694,
			"Absolute Velocity X" : 4.8430914878845215,
			"Absolute Velocity Y" : 0.81458449363708496,
			"Absolute Velocity Z" : -0.099457636475563049,
			"ActorName" : "CAR 01",
			"BoundingBox3D Extent X" : 4.6473779678344727,
			"BoundingBox3D Extent Y" : 2.2044610977172852,
			"BoundingBox3D Extent Z" : 1.7064533233642578,
			"BoundingBox3D Orientation Quat W" : 0.99651491641998291,
			"BoundingBox3D Orientation Quat X" : -0.0031103275250643492,
			"BoundingBox3D Orientation Quat Y" : 0.0091922460123896599,
			"BoundingBox3D Orientation Quat Z" : 0.082440167665481567,
			"BoundingBox3D Origin X" : -10.027400970458984,
			"BoundingBox3D Origin Y" : -1.2208391427993774,
			"BoundingBox3D Origin Z" : 0.97057163715362549,
			"ObjectId" : 1,
			"ObjectType" : "CAR",
			"Occluded" : 0.0,
			"Relative Acceleration X" : 0.19154274463653564,
			"Relative Acceleration Y" : -0.74291586875915527,
			"Relative Acceleration Z" : -0.068192914128303528,
			"Relative Velocity X" : -0.77514529228210449,
			"Relative Velocity Y" : 1.1203359365463257,
			"Relative Velocity Z" : -0.10088565945625305,
			"Truncated" : 0
		},
		{
			"Absolute Acceleration X" : 0.017216108739376068,
			"Absolute Acceleration Y" : -0.04802689328789711,
			"Absolute Acceleration Z" : 0.0025064991787075996,
			"Absolute Velocity X" : 0.0080589335411787033,
			"Absolute Velocity Y" : 0.031541012227535248,
			"Absolute Velocity Z" : 0.0013109238352626562,
			"ActorName" : "MOTORCYCLE 05",
			"BoundingBox3D Extent X" : 5.8706741333007812,
			"BoundingBox3D Extent Y" : 1.2037248611450195,
			"BoundingBox3D Extent Z" : 0.8474196195602417,
			"BoundingBox3D Orientation Quat W" : -0.30397242307662964,
			"BoundingBox3D Orientation Quat X" : 0.014575349166989326,
			"BoundingBox3D Orientation Quat Y" : 0.022603560239076614,
			"BoundingBox3D Orientation Quat Z" : 0.95210832357406616,
			"BoundingBox3D Origin X" : 68.043754577636719,
			"BoundingBox3D Origin Y" : 3.2661175727844238,
			"BoundingBox3D Origin Z" : 0.33379432559013367,
			"ObjectId" : 5,
			"ObjectType" : "MOTORCYCLE",
			"Occluded" : 0.0,
			"Relative Acceleration X" : -0.66716718673706055,
			"Relative Acceleration Y" : 0.55573737621307373,
			"Relative Acceleration Z" : 0.57536011934280396,
			"Relative Velocity X" : -5.4932475090026855,
			"Relative Velocity Y" : -1.594926118850708,
			"Relative Velocity Z" : 0.41126808524131775,
			"Truncated" : 0
		},
		{
			"Absolute Acceleration X" : -0.01977960579097271,
			"Absolute Acceleration Y" : 0.034956000745296478,
			"Absolute Acceleration Z" : 0.00061844394076615572,
			"Absolute Velocity X" : -0.023343952372670174,
			"Absolute Velocity Y" : -0.02227509394288063,
			"Absolute Velocity Z" : 0.00070757296634837985,
			"ActorName" : "BUS 06",
			"BoundingBox3D Extent X" : 11.0,
			"BoundingBox3D Extent Y" : 0.36199617385864258,
			"BoundingBox3D Extent Z" : 3.1138386726379395,
			"BoundingBox3D Orientation Quat W" : 0.97543036937713623,
			"BoundingBox3D Orientation Quat X" : -0.0035128786694258451,
			"BoundingBox3D Orientation Quat Y" : -0.023373818024992943,
			"BoundingBox3D Orientation Quat Z" : 0.21693818271160126,
			"BoundingBox3D Origin X" : 71.071685791015625,
			"BoundingBox3D Origin Y" : -1.9282801151275635,
			"BoundingBox3D Origin Z" : 2.0732367038726807,
			"ObjectId" : 6,
			"ObjectType" : "BUS",
			"Occluded" : 0.0,
			"Relative Acceleration X" : -0.6887965202331543,
			"Relative Acceleration Y" : 0.66901075839996338,
			"Relative Acceleration Z" : 0.61506634950637817,
			"Relative Velocity X" : -5.6608009338378906,
			"Relative Velocity Y" : -1.7324832677841187,
			"Relative Velocity Z" : 0.3987395167350769,
			"Truncated" : 0
		},
		{
			"Absolute Acceleration X" : -0.19846907258033752,
			"Absolute Acceleration Y" : 0.39529189467430115,
			"Absolute Acceleration Z" : -0.039835486561059952,
			"Absolute Velocity X" : -0.31153193116188049,
			"Absolute Velocity Y" : 0.59347081184387207,
			"Absolute Velocity Z" : -0.043229579925537109,
			"ActorName" : "BUS 11",
			"BoundingBox3D Extent X" : 6.4184999465942383,
			"BoundingBox3D Extent Y" : 3.0,
			"BoundingBox3D Extent Z" : 2.8788228034973145,
			"BoundingBox3D Orientation Quat W" : -0.83640313148498535,
			"BoundingBox3D Orientation Quat X" : 0.015237698331475258,
			"BoundingBox3D Orientation Quat Y" : 0.011857151985168457,
			"BoundingBox3D Orientation Quat Z" : 0.54772388935089111,
			"BoundingBox3D Origin X" : 83.574508666992188,
			"BoundingBox3D Origin Y" : -12.419411659240723,
			"BoundingBox3D Origin Z" : 2.0770392417907715,
			"ObjectId" : 11,
			"ObjectType" : "BUS",
			"Occluded" : 0.0,
			"Relative Acceleration X" : -0.88359546661376953,
			"Relative Acceleration Y" : 0.89478325843811035,
			"Relative Acceleration Z" : 1.1002955436706543,
			"Relative Velocity X" : -6.0907487869262695,
			"Relative Velocity Y" : -1.5209987163543701,
			"Relative Velocity Z" : -0.0108940489590168,
			"Truncated" : 0
		},
		{
			"Absolute Acceleration X" : -0.014453411102294922,
			"Absolute Acceleration Y" : 0.075101852416992188,
			"Absolute Acceleration Z" : 0.038131654262542725,
			"Absolute Velocity X" : -2.9340336322784424,
			"Absolute Velocity Y" : 7.2417926788330078,
			"Absolute Velocity Z" : -0.31156185269355774,
			"ActorName" : "CAR 16",
			"BoundingBox3D Extent X" : 5.0562582015991211,
			"BoundingBox3D Extent Y" : 1.8999999761581421,
			"BoundingBox3D Extent Z" : 2.0621659755706787,
			"BoundingBox3D Orientation Quat W" : 0.55968701839447021,
			"BoundingBox3D Orientation Quat X" : -0.019173093140125275,
			"BoundingBox3D Orientation Quat Y" : 0.0071997931227087975,
			"BoundingBox3D Orientation Quat Z" : 0.82843613624572754,
			"BoundingBox3D Origin X" : 67.229934692382812,
			"BoundingBox3D Origin Y" : 15.496345520019531,
			"BoundingBox3D Origin Z" : 0.49236437678337097,
			"ObjectId" : 16,
			"ObjectType" : "CAR",
			"Occluded" : 0.0,
			"Relative Acceleration X" : -0.38877105712890625,
			"Relative Acceleration Y" : 0.83044147491455078,
			"Relative Acceleration Z" : 0.67508506774902344,
			"Relative Velocity X" : -8.1370201110839844,
			"Relative Velocity Y" : 5.6318297386169434,
			"Relative Velocity Z" : 0.13804718852043152,
			"Truncated" : 0
		},
		{
			"Absolute Acceleration X" : -0.043571367859840393,
			"Absolute Acceleration Y" : 0.094079554080963135,
			"Absolute Acceleration Z" : -0.0011061446275562048,
			"Absolute Velocity X" : -0.039314944297075272,
			"Absolute Velocity Y" : -0.022895645350217819,
			"Absolute Velocity Z" : 0.001958814449608326,