{
	"CapturedObjects" : 
	[
		{
			"Absolute Acceleration X" : -0.15616416931152344,
			"Absolute Acceleration Y" : 0.21721360087394714,
			"Absolute Acceleration Z" : 0.1256336122751236,
			"Absolute Velocity X" : 21.613153457641602,
			"Absolute Velocity Y" : -0.13685543835163116,
			"Absolute Velocity Z" : -0.18887585401535034,
			"ActorName" : "CAR 08",
			"BoundingBox3D Extent X" : 4.2699203491210938,
			"BoundingBox3D Extent Y" : 2.0144033432006836,
			"BoundingBox3D Extent Z" : 1.6600271463394165,
			"BoundingBox3D Orientation Quat W" : 0.9999542236328125,
			"BoundingBox3D Orientation Quat X" : 0.0052253296598792076,
			"BoundingBox3D Orientation Quat Y" : 0.0046662748791277409,
			"BoundingBox3D Orientation Quat Z" : 0.0042401021346449852,
			"BoundingBox3D Origin X" : -28.406539916992188,
			"BoundingBox3D Origin Y" : 0.37146839499473572,
			"BoundingBox3D Origin Z" : 0.94256508350372314,
			"ObjectId" : 8,
			"ObjectType" : "CAR",
			"Occluded" : 0.0,
			"Relative Acceleration X" : -0.21045488119125366,
			"Relative Acceleration Y" : 0.18704986572265625,
			"Relative Acceleration Z" : -0.028817802667617798,
			"Relative Velocity X" : 0.74281859397888184,
			"Relative Velocity Y" : -0.34491032361984253,
			"Relative Velocity Z" : -0.26838469505310059,
			"Truncated" : 0
		},
		{
			"Absolute Acceleration X" : 0.0071258544921875,
			"Absolute Acceleration Y" : 0.13906291127204895,
			"Absolute Acceleration Z" : 0.079733259975910187,
			"Absolute Velocity X" : 17.399972915649414,
			"Absolute Velocity Y" : -0.17910942435264587,
			"Absolute Velocity Z" : -0.10670679807662964,
			"ActorName" : "CAR 10",
			"BoundingBox3D Extent X" : 5.4278655052185059,
			"BoundingBox3D Extent Y" : 2.6808505058288574,
			"BoundingBox3D Extent Z" : 1.8241925239562988,
			"BoundingBox3D Orientation Quat W" : 0.99996548891067505,
			"BoundingBox3D Orientation Quat X" : -0.0025560518261045218,
			"BoundingBox3D Orientation Quat Y" : 0.0040151225402951241,
			"BoundingBox3D Orientation Quat Z" : -0.0036754955071955919,
			"BoundingBox3D Origin X" : -21.248846054077148,
			"BoundingBox3D Origin Y" : -2.6891541481018066,
			"BoundingBox3D Origin Z" : 1.0175334215164185,
			"ObjectId" : 10,
			"ObjectType" : "CAR",
			"Occluded" : 0.0,
			"Relative Acceleration X" : -0.019964694976806641,
			"Relative Acceleration Y" : 0.10643190145492554,
			"Relative Acceleration Z" : -0.041243541985750198,
			"Relative Velocity X" : -3.4303128719329834,
			"Relative Velocity Y" : -0.29368078708648682,
			"Relative Velocity Z" : -0.12441079318523407,
			"Truncated" : 0
		},
		{
			"Absolute Acceleration X" : -0.86568260192871094,
			"Absolute Acceleration Y" : 0.17595715820789337,
			"Absolute Acceleration Z" : 0.095005512237548828,
			"Absolute Velocity X" : 18.930583953857422,
			"Absolute Velocity Y" : -0.26605919003486633,
			"Absolute Velocity Z" : -0.23388725519180298,
			"ActorName" : "CAR 12",
			"BoundingBox3D Extent X" : 4.3477344512939453,
			"BoundingBox3D Extent Y" : 2.0270838737487793,
			"BoundingBox3D Extent Z" : 1.5336672067642212,
			"BoundingBox3D Orientation Quat W" : -0.99994874000549316,
			"BoundingBox3D Orientation Quat X" : 0.0032937938813120127,
			"BoundingBox3D Orientation Quat Y" : -0.0062277964316308498,
			"BoundingBox3D Orientation Quat Z" : 0.0045847240835428238,
			"BoundingBox3D Origin X" : -39.106731414794922,
			"BoundingBox3D Origin Y" : -2.5867307186126709,
			"BoundingBox3D Origin Z" : 0.98449474573135376,
			"ObjectId" : 12,
			"ObjectType" : "CAR",
			"Occluded" : 0.0,
			"Relative Acceleration X" : -0.88743102550506592,
			"Relative Acceleration Y" : 0.001387864351272583,
			"Relative Acceleration Z" : -0.25407105684280396,
			"Relative Velocity X" : -1.8997055292129517,
			"Relative Velocity Y" : -0.61980563402175903,
			"Relative Velocity Z" : -0.44831675291061401,
			"Truncated" : 0
		},
		{
			"Absolute Acceleration X" : 0.057687759399414062,
			"Absolute Acceleration Y" : 0.067884169518947601,
			"Absolute Acceleration Z" : 0.053977511823177338,
			"Absolute Velocity X" : 14.269488334655762,
			"Absolute Velocity Y" : 0.017011331394314766,
			"Absolute Velocity Z" : -0.052091721445322037,
			"ActorName" : "CAR 76",
			"BoundingBox3D Extent X" : 4.2790994644165039,
			"BoundingBox3D Extent Y" : 2.1297554969787598,
			"BoundingBox3D Extent Z" : 1.5282770395278931,
			"BoundingBox3D Orientation Quat W" : 0.99996012449264526,
			"BoundingBox3D Orientation Quat X" : 0.0019072557333856821,
			"BoundingBox3D Orientation Quat Y" : 0.002580445259809494,
			"BoundingBox3D Orientation Quat Z" : 0.0027230679988861084,
			"BoundingBox3D Origin X" : -19.627056121826172,
			"BoundingBox3D Origin Y" : -5.6047978401184082,
			"BoundingBox3D Origin Z" : 0.84388613700866699,
			"ObjectId" : 76,
			"ObjectType" : "CAR",
			"Occluded" : 0.0,
			"Relative Acceleration X" : 0.056676864624023438,
			"Relative Acceleration Y" : -6.0519203543663025e-05,
			"Relative Acceleration Z" : -0.090378701686859131,
			"Relative Velocity X" : -6.5194730758666992,
			"Relative Velocity Y" : -0.076951026916503906,
			"Relative Velocity Z" : -0.067717403173446655,
			"Truncated" : 0
		},
		{
			"Absolute Acceleration X" : -1.8723225593566895,
			"Absolute Acceleration Y" : -0.56305629014968872,
			"Absolute Acceleration Z" : 0.064282894134521484,
			"Absolute Velocity X" : -1.0435084104537964,
			"Absolute Velocity Y" : 0.71912640333175659,
			"Absolute Velocity Z" : 0.059963665902614594,
			"ActorName" : "CAR 115",
			"BoundingBox3D Extent X" : 4.3207364082336426,
			"BoundingBox3D Extent Y" : 2.3077139854431152,
			"BoundingBox3D Extent Z" : 1.6247607469558716,
			"BoundingBox3D Orientation Quat W" : 0.070826806128025055,
			"BoundingBox3D Orientation Quat X" : -0.0037138196639716625,
			"BoundingBox3D Orientation Quat Y" : 0.030035153031349182,
			"BoundingBox3D Orientation Quat Z" : 0.99682039022445679,
			"BoundingBox3D Origin X" : -77.626533508300781,
			"BoundingBox3D Origin Y" : 21.914022445678711,
			"BoundingBox3D Origin Z" : 2.1952617168426514,
			"ObjectId" : 115,
			"ObjectType" : "CAR",
			"Occluded" : 0.0,
			"Relative Acceleration X" : -2.1367340087890625,
			"Relative Acceleration Y" : -1.4283511638641357,
			"Relative Acceleration Z" : -1.1799322366714478,
			"Relative Velocity X" : -22.21295166015625,
			"Relative Velocity Y" : -0.16880536079406738,
			"Relative Velocity Z" : -0.52640926837921143,
			"Truncated" : 0
		},
		{
			"Absolute Acceleration X" : -0.30237388610839844,
			"Absolute Acceleration Y" : 0.088701486587524414,
			"Absolute Acceleration Z" : -0.21582424640655518,
			"Absolute Velocity X" : 18.655431747436523,
			"Absolute Velocity Y" : 0.91225188970565796,
			"Absolute Velocity Z" : -1.4017963409423828,
			"ActorName" : "CAR 123",
			"BoundingBox3D Extent X" : 4.1979241371154785,
			"BoundingBox3D Extent Y" : 2.1736588478088379,
			"BoundingBox3D Extent Z" : 1.3563997745513916,
			"BoundingBox3D Orientation Quat W" : 0.99893033504486084,
			"BoundingBox3D Orientation Quat X" : 0.0024458437692373991,
			"BoundingBox3D Orientation Quat Y" : 0.037628531455993652,
			"BoundingBox3D Orientation Quat Z" : 0.026383521035313606,
			"BoundingBox3D Origin X" : 87.133575439453125,
			"BoundingBox3D Origin Y" : 3.0166332721710205,
			"BoundingBox3D Origin Z" : -3.0108847618103027,
			"ObjectId" : 123,
			"ObjectType" : "CAR",
			"Occluded" : 0.0,
			"Relative Acceleration X" : -0.34479057788848877,
			"Relative Acceleration Y" : 1.0763610601425171,
			"Relative Acceleration Z" : 1.1857556104660034,
			"Relative Velocity X" : -2.2068667411804199,
			"Relative Velocity Y" : 2.2620289325714111,
			"Relative Velocity Z" : -0.19334383308887482,
			"Truncated" : 0
		},
		{
			"Absolute Acceleration X" : -0.69234657287597656,
			"Absolute Acceleration Y" : -0.089113295078277588,
			"Absolute Acceleration Z" : -0.15173721313476562,
			"Absolute Velocity X" : 19.432350158691406,
			"Absolute Velocity Y" : 1.0450396537780762,