{
	"CapturedObjects" : 
	[
		{
			"Absolute Acceleration X" : -0.073423147201538086,
			"Absolute Acceleration Y" : -0.0095512345433235168,
			"Absolute Acceleration Z" : -0.02665279433131218,
			"Absolute Velocity X" : 3.1317679882049561,
			"Absolute Velocity Y" : -0.11555875837802887,
			"Absolute Velocity Z" : -0.030065471306443214,
			"ActorName" : "CAR 00",
			"BoundingBox3D Extent X" : 4.3476333618164062,
			"BoundingBox3D Extent Y" : 2.1108732223510742,
			"BoundingBox3D Extent Z" : 1.5744835138320923,
			"BoundingBox3D Orientation Quat W" : -0.99980056285858154,
			"BoundingBox3D Orientation Quat X" : -0.0075998236425220966,
			"BoundingBox3D Orientation Quat Y" : -0.0041214516386389732,
			"BoundingBox3D Orientation Quat Z" : 0.017931966111063957,
			"BoundingBox3D Origin X" : 9.6279058456420898,
			"BoundingBox3D Origin Y" : -1.1942099332809448,
			"BoundingBox3D Origin Z" : 0.73992860317230225,
			"ObjectId" : 0,
			"ObjectType" : "CAR",
			"Occluded" : 0.0,
			"Relative Acceleration X" : 0.022591426968574524,
			"Relative Acceleration Y" : 0.0046388637274503708,
			"Relative Acceleration Z" : 0.0029132715426385403,
			"Relative Velocity X" : -0.28760051727294922,
			"Relative Velocity Y" : 0.0098155904561281204,
			"Relative Velocity Z" : 0.091026410460472107,
			"Truncated" : 0
		},
		{
			"Absolute Acceleration X" : 0.082940220832824707,
			"Absolute Acceleration Y" : 0.00033318996429443359,
			"Absolute Acceleration Z" : 0.0016394853591918945,
			"Absolute Velocity X" : 0.66743642091751099,
			"Absolute Velocity Y" : 1.2908451557159424,
			"Absolute Velocity Z" : 0.052455935627222061,
			"ActorName" : "PEDESTRIAN 11",
			"BoundingBox3D Extent X" : 0.87016814947128296,
			"BoundingBox3D Extent Y" : 0.74505412578582764,
			"BoundingBox3D Extent Z" : 1.6921769380569458,
			"BoundingBox3D Orientation Quat W" : 0.84194964170455933,
			"BoundingBox3D Orientation Quat X" : -0.0017386549152433872,
			"BoundingBox3D Orientation Quat Y" : -0.0099909761920571327,
			"BoundingBox3D Orientation Quat Z" : 0.53908169269561768,
			"BoundingBox3D Origin X" : 41.933292388916016,
			"BoundingBox3D Origin Y" : -1.3490175008773804,
			"BoundingBox3D Origin Z" : 0.87885910272598267,
			"ObjectId" : 11,
			"ObjectType" : "PEDESTRIAN",
			"Occluded" : 0.0,
			"Relative Acceleration X" : 0.1536858081817627,
			"Relative Acceleration Y" : -0.063347816467285156,
			"Relative Acceleration Z" : 0.10646606981754303,
			"Relative Velocity X" : -2.7517588138580322,
			"Relative Velocity Y" : 1.7080842256546021,
			"Relative Velocity Z" : 0.5584871768951416,
			"Truncated" : 0
		},
		{
			"Absolute Acceleration X" : 0.049768686294555664,
			"Absolute Acceleration Y" : -0.10258776694536209,
			"Absolute Acceleration Z" : 0.010387466289103031,
			"Absolute Velocity X" : 2.3351516723632812,
			"Absolute Velocity Y" : -0.10389818996191025,
			"Absolute Velocity Z" : 0.0043942993506789207,
			"ActorName" : "CAR 13",
			"BoundingBox3D Extent X" : 4.2287254333496094,
			"BoundingBox3D Extent Y" : 1.6592824459075928,
			"BoundingBox3D Extent Z" : 1.5964127779006958,
			"BoundingBox3D Orientation Quat W" : -0.99965745210647583,
			"BoundingBox3D Orientation Quat X" : -0.012934098020195961,
			"BoundingBox3D Orientation Quat Y" : 0.00033770973095670342,
			"BoundingBox3D Orientation Quat Z" : 0.022753437981009483,
			"BoundingBox3D Origin X" : 27.304691314697266,
			"BoundingBox3D Origin Y" : -1.5317853689193726,
			"BoundingBox3D Origin Z" : 0.71557962894439697,
			"ObjectId" : 13,
			"ObjectType" : "CAR",
			"Occluded" : 0.0,
			"Relative Acceleration X" : 0.14368844032287598,
			"Relative Acceleration Y" : -0.12129920721054077,
			"Relative Acceleration Z" : 0.079803653061389923,
			"Relative Velocity X" : -1.0807479619979858,
			"Relative Velocity Y" : 0.18089547753334045,
			"Relative Velocity Z" : 0.33592328429222107,
			"Truncated" : 0
		},
		{
			"Absolute Acceleration X" : 0.049186300486326218,
			"Absolute Acceleration Y" : -1.0212482213973999,
			"Absolute Acceleration Z" : 0.15357780456542969,
			"Absolute Velocity X" : -3.0759813785552979,
			"Absolute Velocity Y" : 7.370915412902832,
			"Absolute Velocity Z" : -0.12882359325885773,
			"ActorName" : "CAR 14",
			"BoundingBox3D Extent X" : 4.3815422058105469,
			"BoundingBox3D Extent Y" : 1.8999999761581421,
			"BoundingBox3D Extent Z" : 1.3448079824447632,
			"BoundingBox3D Orientation Quat W" : 0.54748988151550293,
			"BoundingBox3D Orientation Quat X" : 0.0054215374402701855,
			"BoundingBox3D Orientation Quat Y" : 0.011711644940078259,
			"BoundingBox3D Orientation Quat Z" : 0.83667528629302979,
			"BoundingBox3D Origin X" : 99.454559326171875,
			"BoundingBox3D Origin Y" : 7.1136560440063477,
			"BoundingBox3D Origin Z" : 1.7507369518280029,
			"ObjectId" : 14,
			"ObjectType" : "CAR",
			"Occluded" : 0.0,
			"Relative Acceleration X" : -0.025917220860719681,
			"Relative Acceleration Y" : -1.0287549495697021,
			"Relative Acceleration Z" : 2.1338496208190918,
			"Relative Velocity X" : -6.5789937973022461,
			"Relative Velocity Y" : 8.2968254089355469,
			"Relative Velocity Z" : 1.1760717630386353,
			"Truncated" : 0
		},
		{
			"Absolute Acceleration X" : -0.049115546047687531,
			"Absolute Acceleration Y" : -0.003901677904650569,
			"Absolute Acceleration Z" : 0.013055630028247833,
			"Absolute Velocity X" : -0.0052112629637122154,
			"Absolute Velocity Y" : 0.0076221027411520481,
			"Absolute Velocity Z" : 0.010517049580812454,
			"ActorName" : "CAR 16",
			"BoundingBox3D Extent X" : 4.0999999046325684,
			"BoundingBox3D Extent Y" : 1.5857945680618286,
			"BoundingBox3D Extent Z" : 0.46721774339675903,
			"BoundingBox3D Orientation Quat W" : 0.62006539106369019,
			"BoundingBox3D Orientation Quat X" : -0.0016985664842650294,
			"BoundingBox3D Orientation Quat Y" : 0.015255721285939217,
			"BoundingBox3D Orientation Quat Z" : 0.78440177440643311,
			"BoundingBox3D Origin X" : 17.825126647949219,
			"BoundingBox3D Origin Y" : -74.611366271972656,
			"BoundingBox3D Origin Z" : 2.8020989894866943,
			"ObjectId" : 16,
			"ObjectType" : "CAR",
			"Occluded" : 0.0,
			"Relative Acceleration X" : 0.065072521567344666,
			"Relative Acceleration Y" : -0.0043241409584879875,
			"Relative Acceleration Z" : 0.55668336153030396,
			"Relative Velocity X" : -2.7871508598327637,
			"Relative Velocity Y" : 0.21174220740795135,
			"Relative Velocity Z" : 0.38704380393028259,
			"Truncated" : 0
		},
		{
			"Absolute Acceleration X" : 0.40546417236328125,
			"Absolute Acceleration Y" : -0.3654022216796875,
			"Absolute Acceleration Z" : 0.016703799366950989,
			"Absolute Velocity X" : -1.3629192113876343,
			"Absolute Velocity Y" : 2.7809746265411377,
			"Absolute Velocity Z" : 0.06645568460226059,
			"ActorName" : "CAR 17",
			"BoundingBox3D Extent X" : 9.4526576995849609,
			"BoundingBox3D Extent Y" : 2.6966595649719238,
			"BoundingBox3D Extent Z" : 2.6668586730957031,
			"BoundingBox3D Orientation Quat W" : 0.5252310037612915,
			"BoundingBox3D Orientation Quat X" : -0.0021874031517654657,
			"BoundingBox3D Orientation Quat Y" : 0.016665453091263771,
			"BoundingBox3D Orientation Quat Z" : 0.85059022903442383,
			"BoundingBox3D Origin X" : 110.28166961669922,
			"BoundingBox3D Origin Y" : -11.10472583770752,
			"BoundingBox3D Origin Z" : 3.0998210906982422,
			"ObjectId" : 17,
			"ObjectType" : "CAR",
			"Occluded" : 0.0,
			"Relative Acceleration X" : 0.44670581817626953,
			"Relative Acceleration Y" : -0.52419137954711914,
			"Relative Acceleration Z" : 0.30528569221496582,
			"Relative Velocity X" : -4.7155671119689941,
			"Relative Velocity Y" : 3.8205657005310059,
			"Relative Velocity Z" : 1.407429575920105,
			"Truncated" : 0
		},
		{
			"Absolute Acceleration X" : -2.2038171291351318,
			"Absolute Acceleration Y" : 0.17501036822795868,
			"Absolute Acceleration Z" : -0.076348893344402313,
			"Absolute Velocity X" : 10.56320858001709,
			"Absolute Velocity Y" : -0.026953300461173058,