{
	"CapturedObjects" : 
	[
		{
			"Absolute Acceleration X" : -0.6427922248840332,
			"Absolute Acceleration Y" : 0.074659176170825958,
			"Absolute Acceleration Z" : 0.020846493542194366,
			"Absolute Velocity X" : 7.1519927978515625,
			"Absolute Velocity Y" : -0.089727520942687988,
			"Absolute Velocity Z" : -0.024452380836009979,
			"ActorName" : "CAR 00",
			"BoundingBox3D Extent X" : 4.3476333618164062,
			"BoundingBox3D Extent Y" : 2.1108732223510742,
			"BoundingBox3D Extent Z" : 1.5744835138320923,
			"BoundingBox3D Orientation Quat W" : -0.99988043308258057,
			"BoundingBox3D Orientation Quat X" : -0.0017946382286027074,
			"BoundingBox3D Orientation Quat Y" : -0.00091798807261511683,
			"BoundingBox3D Orientation Quat Z" : 0.015205290168523788,
			"BoundingBox3D Origin X" : 21.552122116088867,
			"BoundingBox3D Origin Y" : -0.071113415062427521,
			"BoundingBox3D Origin Z" : 0.60693919658660889,
			"ObjectId" : 0,
			"ObjectType" : "CAR",
			"Occluded" : 0.0,
			"Relative Acceleration X" : 1.7042524814605713,
			"Relative Acceleration Y" : 0.18817973136901855,
			"Relative Acceleration Z" : 0.0069752349518239498,
			"Relative Velocity X" : -4.3835015296936035,
			"Relative Velocity Y" : -0.21942394971847534,
			"Relative Velocity Z" : 0.089249253273010254,
			"Truncated" : 0
		},
		{
			"Absolute Acceleration X" : 0.081468723714351654,
			"Absolute Acceleration Y" : -0.53249984979629517,
			"Absolute Acceleration Z" : 0.094300635159015656,
			"Absolute Velocity X" : 15.649102210998535,
			"Absolute Velocity Y" : 0.98366039991378784,
			"Absolute Velocity Z" : 0.39615213871002197,
			"ActorName" : "CAR 01",
			"BoundingBox3D Extent X" : 4.172938346862793,
			"BoundingBox3D Extent Y" : 1.661980152130127,
			"BoundingBox3D Extent Z" : 1.4165112972259521,
			"BoundingBox3D Orientation Quat W" : 0.99898266792297363,
			"BoundingBox3D Orientation Quat X" : 0.02502942830324173,
			"BoundingBox3D Orientation Quat Y" : -0.019086491316556931,
			"BoundingBox3D Orientation Quat Z" : 0.031256005167961121,
			"BoundingBox3D Origin X" : -32.191654205322266,
			"BoundingBox3D Origin Y" : 8.2152900695800781,
			"BoundingBox3D Origin Z" : 1.0377990007400513,
			"ObjectId" : 1,
			"ObjectType" : "CAR",
			"Occluded" : 0.0,
			"Relative Acceleration X" : 2.3024623394012451,
			"Relative Acceleration Y" : -0.85115331411361694,
			"Relative Acceleration Z" : -0.039463721215724945,
			"Relative Velocity X" : 3.9295034408569336,
			"Relative Velocity Y" : 1.492340087890625,
			"Relative Velocity Z" : 0.29747775197029114,
			"Truncated" : 0
		},
		{
			"Absolute Acceleration X" : -0.62126201391220093,
			"Absolute Acceleration Y" : -0.28160363435745239,
			"Absolute Acceleration Z" : 0.33125174045562744,
			"Absolute Velocity X" : 14.452371597290039,
			"Absolute Velocity Y" : 0.74764543771743774,
			"Absolute Velocity Z" : 0.09038148820400238,
			"ActorName" : "CAR 02",
			"BoundingBox3D Extent X" : 4.0999999046325684,
			"BoundingBox3D Extent Y" : 1.7166726589202881,
			"BoundingBox3D Extent Z" : 1.1248443126678467,
			"BoundingBox3D Orientation Quat W" : 0.99961727857589722,
			"BoundingBox3D Orientation Quat X" : -8.9641827798914164e-05,
			"BoundingBox3D Orientation Quat Y" : -0.0038493161555379629,
			"BoundingBox3D Orientation Quat Z" : 0.02557123638689518,
			"BoundingBox3D Origin X" : -58.458240509033203,
			"BoundingBox3D Origin Y" : 10.064806938171387,
			"BoundingBox3D Origin Z" : 1.002022385597229,
			"ObjectId" : 2,
			"ObjectType" : "CAR",
			"Occluded" : 0.0,
			"Relative Acceleration X" : 1.6271325349807739,
			"Relative Acceleration Y" : -0.85335582494735718,
			"Relative Acceleration Z" : 0.81643444299697876,
			"Relative Velocity X" : 2.9821600914001465,
			"Relative Velocity Y" : 1.5084578990936279,
			"Relative Velocity Z" : -0.37972724437713623,
			"Truncated" : 0
		},
		{
			"Absolute Acceleration X" : 0.27205014228820801,
			"Absolute Acceleration Y" : -0.93405824899673462,
			"Absolute Acceleration Z" : -0.016434459015727043,
			"Absolute Velocity X" : 14.043106079101562,
			"Absolute Velocity Y" : 1.3729308843612671,
			"Absolute Velocity Z" : 0.1352262943983078,
			"ActorName" : "CAR 03",
			"BoundingBox3D Extent X" : 4.0999999046325684,
			"BoundingBox3D Extent Y" : 1.501002311706543,
			"BoundingBox3D Extent Z" : 0.6281391978263855,
			"BoundingBox3D Orientation Quat W" : 0.99892675876617432,
			"BoundingBox3D Orientation Quat X" : 3.9095961255952716e-05,
			"BoundingBox3D Orientation Quat Y" : -0.0048498776741325855,
			"BoundingBox3D Orientation Quat Z" : 0.045860335230827332,
			"BoundingBox3D Origin X" : -48.398273468017578,
			"BoundingBox3D Origin Y" : 9.8786354064941406,
			"BoundingBox3D Origin Z" : 1.1366686820983887,
			"ObjectId" : 3,
			"ObjectType" : "CAR",
			"Occluded" : 0.0,
			"Relative Acceleration X" : 2.5458889007568359,
			"Relative Acceleration Y" : -1.4889671802520752,
			"Relative Acceleration Z" : 1.2405030727386475,
			"Relative Velocity X" : 2.5729222297668457,
			"Relative Velocity Y" : 2.0221049785614014,
			"Relative Velocity Z" : -0.29002949595451355,
			"Truncated" : 0
		},
		{
			"Absolute Acceleration X" : 0.15203993022441864,
			"Absolute Acceleration Y" : -0.28244009613990784,
			"Absolute Acceleration Z" : -0.088470280170440674,
			"Absolute Velocity X" : 15.17136287689209,
			"Absolute Velocity Y" : 1.1062552928924561,
			"Absolute Velocity Z" : 0.26800012588500977,
			"ActorName" : "CAR 04",
			"BoundingBox3D Extent X" : 4.0999999046325684,
			"BoundingBox3D Extent Y" : 1.4193323850631714,
			"BoundingBox3D Extent Z" : 1.041450023651123,
			"BoundingBox3D Orientation Quat W" : 0.99918389320373535,
			"BoundingBox3D Orientation Quat X" : 0.00011411484592827037,
			"BoundingBox3D Orientation Quat Y" : -0.0082614151760935783,
			"BoundingBox3D Orientation Quat Z" : 0.038815561681985855,
			"BoundingBox3D Origin X" : -124.92057037353516,
			"BoundingBox3D Origin Y" : 5.7774868011474609,
			"BoundingBox3D Origin Z" : -1.513770580291748,
			"ObjectId" : 4,
			"ObjectType" : "CAR",
			"Occluded" : 0.0,
			"Relative Acceleration X" : 2.283860445022583,
			"Relative Acceleration Y" : -1.3021608591079712,
			"Relative Acceleration Z" : -0.10503862053155899,
			"Relative Velocity X" : 3.5408744812011719,
			"Relative Velocity Y" : 2.6645185947418213,
			"Relative Velocity Z" : -0.041535194963216782,
			"Truncated" : 0
		},
		{
			"Absolute Acceleration X" : 0.69275832176208496,
			"Absolute Acceleration Y" : 0.04884381964802742,
			"Absolute Acceleration Z" : 0.025163361802697182,
			"Absolute Velocity X" : 1.1871844530105591,
			"Absolute Velocity Y" : -0.15245577692985535,
			"Absolute Velocity Z" : 0.0055831852369010448,
			"ActorName" : "CAR 05",
			"BoundingBox3D Extent X" : 4.2695932388305664,
			"BoundingBox3D Extent Y" : 1.6476233005523682,
			"BoundingBox3D Extent Z" : 1.8356956243515015,
			"BoundingBox3D Orientation Quat W" : -0.99906259775161743,
			"BoundingBox3D Orientation Quat X" : -0.027450684458017349,
			"BoundingBox3D Orientation Quat Y" : 0.007123126182705164,
			"BoundingBox3D Orientation Quat Z" : 0.032359089702367783,
			"BoundingBox3D Origin X" : 96.063934326171875,
			"BoundingBox3D Origin Y" : -1.4401252269744873,
			"BoundingBox3D Origin Z" : 1.1553312540054321,
			"ObjectId" : 5,
			"ObjectType" : "CAR",
			"Occluded" : 0.0,
			"Relative Acceleration X" : 2.8615932464599609,
			"Relative Acceleration Y" : 0.7333560585975647,
			"Relative Acceleration Z" : 0.14775630831718445,
			"Relative Velocity X" : -10.600049018859863,
			"Relative Velocity Y" : -1.1902604103088379,
			"Relative Velocity Z" : 0.098010532557964325,
			"Truncated" : 0
		},
		{
			"Absolute Acceleration X" : -0.1364874541759491,
			"Absolute Acceleration Y" : -0.2909606397151947,
			"Absolute Acceleration Z" : -0.11341238766908646,
			"Absolute Velocity X" : 16.226795196533203,
			"Absolute Velocity Y" : 0.26894432306289673,
			"Absolute Velocity Z" : 0.3067496120929718,
			"ActorName" : "CAR 06",