{
	"CapturedObjects" : 
	[
		{
			"Absolute Acceleration X" : -0.089731693267822266,
			"Absolute Acceleration Y" : -0.070894286036491394,
			"Absolute Acceleration Z" : 0.018679611384868622,
			"Absolute Velocity X" : 7.0984330177307129,
			"Absolute Velocity Y" : -0.12473267316818237,
			"Absolute Velocity Z" : 0.021090015769004822,
			"ActorName" : "CAR 00",
			"BoundingBox3D Extent X" : 4.3323526382446289,
			"BoundingBox3D Extent Y" : 2.0147721767425537,
			"BoundingBox3D Extent Z" : 1.6229699850082397,
			"BoundingBox3D Orientation Quat W" : -0.99993258714675903,
			"BoundingBox3D Orientation Quat X" : 0.0059912502765655518,
			"BoundingBox3D Orientation Quat Y" : 0.0015272775199264288,
			"BoundingBox3D Orientation Quat Z" : 0.009082229807972908,
			"BoundingBox3D Origin X" : 19.029123306274414,
			"BoundingBox3D Origin Y" : -0.6234443187713623,
			"BoundingBox3D Origin Z" : 0.63456046581268311,
			"ObjectId" : 0,
			"ObjectType" : "CAR",
			"Occluded" : 0.0,
			"Relative Acceleration X" : -0.53541070222854614,
			"Relative Acceleration Y" : -0.067006349563598633,
			"Relative Acceleration Z" : -0.00089490786194801331,
			"Relative Velocity X" : 0.57286769151687622,
			"Relative Velocity Y" : -0.19940294325351715,
			"Relative Velocity Z" : 0.15301170945167542,
			"Truncated" : 0
		},
		{
			"Absolute Acceleration X" : 0.78751611709594727,
			"Absolute Acceleration Y" : 0.017926538363099098,
			"Absolute Acceleration Z" : -0.053598642349243164,
			"Absolute Velocity X" : 6.7819972038269043,
			"Absolute Velocity Y" : -0.023302888497710228,
			"Absolute Velocity Z" : -0.20026379823684692,
			"ActorName" : "CAR 01",
			"BoundingBox3D Extent X" : 4.6473779678344727,
			"BoundingBox3D Extent Y" : 2.2044610977172852,
			"BoundingBox3D Extent Z" : 1.7064533233642578,
			"BoundingBox3D Orientation Quat W" : 0.99987614154815674,
			"BoundingBox3D Orientation Quat X" : -0.00070521549787372351,
			"BoundingBox3D Orientation Quat Y" : 0.013426384888589382,
			"BoundingBox3D Orientation Quat Z" : -0.00085638533346354961,
			"BoundingBox3D Origin X" : -10.699497222900391,
			"BoundingBox3D Origin Y" : -0.36469846963882446,
			"BoundingBox3D Origin Z" : 0.86002367734909058,
			"ObjectId" : 1,
			"ObjectType" : "CAR",
			"Occluded" : 0.0,
			"Relative Acceleration X" : 0.34524863958358765,
			"Relative Acceleration Y" : -0.079096786677837372,
			"Relative Acceleration Z" : -0.029516782611608505,
			"Relative Velocity X" : 0.25508269667625427,
			"Relative Velocity Y" : 0.13662655651569366,
			"Relative Velocity Z" : -0.2219407707452774,
			"Truncated" : 0
		},
		{
			"Absolute Acceleration X" : 0.016252461820840836,
			"Absolute Acceleration Y" : 0.0027812272310256958,
			"Absolute Acceleration Z" : -0.0023794174194335938,
			"Absolute Velocity X" : -0.022593818604946136,
			"Absolute Velocity Y" : 0.0085064591839909554,
			"Absolute Velocity Z" : -0.00022982197697274387,
			"ActorName" : "MOTORCYCLE 05",
			"BoundingBox3D Extent X" : 5.8706741333007812,
			"BoundingBox3D Extent Y" : 1.2037248611450195,
			"BoundingBox3D Extent Z" : 0.8474196195602417,
			"BoundingBox3D Orientation Quat W" : -0.28875690698623657,
			"BoundingBox3D Orientation Quat X" : 0.013119750656187534,
			"BoundingBox3D Orientation Quat Y" : 0.023010848090052605,
			"BoundingBox3D Orientation Quat Z" : 0.95684593915939331,
			"BoundingBox3D Origin X" : 56.738548278808594,
			"BoundingBox3D Origin Y" : 1.3712466955184937,
			"BoundingBox3D Origin Z" : 0.68492478132247925,
			"ObjectId" : 5,
			"ObjectType" : "MOTORCYCLE",
			"Occluded" : 0.0,
			"Relative Acceleration X" : -0.43764972686767578,
			"Relative Acceleration Y" : 0.2761864960193634,
			"Relative Acceleration Z" : -0.032471083104610443,
			"Relative Velocity X" : -6.5313582420349121,
			"Relative Velocity Y" : -0.36358761787414551,
			"Relative Velocity Z" : 0.37077763676643372,
			"Truncated" : 0
		},
		{
			"Absolute Acceleration X" : -0.035000085830688477,
			"Absolute Acceleration Y" : 0.10517118871212006,
			"Absolute Acceleration Z" : -0.0031962399370968342,
			"Absolute Velocity X" : -0.031227553263306618,
			"Absolute Velocity Y" : -0.01225650031119585,
			"Absolute Velocity Z" : -0.00071573845343664289,
			"ActorName" : "BUS 06",
			"BoundingBox3D Extent X" : 11.0,
			"BoundingBox3D Extent Y" : 0.36199617385864258,
			"BoundingBox3D Extent Z" : 3.1138386726379395,
			"BoundingBox3D Orientation Quat W" : -0.97847092151641846,
			"BoundingBox3D Orientation Quat X" : 0.0043402062729001045,
			"BoundingBox3D Orientation Quat Y" : 0.025192802771925926,
			"BoundingBox3D Orientation Quat Z" : -0.20256075263023376,
			"BoundingBox3D Origin X" : 59.576442718505859,
			"BoundingBox3D Origin Y" : -3.9539263248443604,
			"BoundingBox3D Origin Z" : 2.4345824718475342,
			"ObjectId" : 6,
			"ObjectType" : "BUS",
			"Occluded" : 0.0,
			"Relative Acceleration X" : -0.46788787841796875,
			"Relative Acceleration Y" : 0.37264129519462585,
			"Relative Acceleration Z" : -0.088301554322242737,
			"Relative Velocity X" : -6.5907912254333496,
			"Relative Velocity Y" : -0.40166661143302917,
			"Relative Velocity Z" : 0.39987137913703918,
			"Truncated" : 0
		},
		{
			"Absolute Acceleration X" : -0.030735185369849205,
			"Absolute Acceleration Y" : 0.018713628873229027,
			"Absolute Acceleration Z" : -0.0021306448616087437,
			"Absolute Velocity X" : -0.031573835760354996,
			"Absolute Velocity Y" : 0.097533836960792542,
			"Absolute Velocity Z" : 0.00051618868019431829,
			"ActorName" : "BUS 19",
			"BoundingBox3D Extent X" : 3.5755314826965332,
			"BoundingBox3D Extent Y" : 3.0,
			"BoundingBox3D Extent Z" : 2.8184752464294434,
			"BoundingBox3D Orientation Quat W" : -0.83527803421020508,
			"BoundingBox3D Orientation Quat X" : -0.0083566578105092049,
			"BoundingBox3D Orientation Quat Y" : 0.020254418253898621,
			"BoundingBox3D Orientation Quat Z" : 0.5491829514503479,
			"BoundingBox3D Origin X" : 69.261016845703125,
			"BoundingBox3D Origin Y" : -7.1989026069641113,
			"BoundingBox3D Origin Z" : 2.1645658016204834,
			"ObjectId" : 19,
			"ObjectType" : "BUS",
			"Occluded" : 0.0,
			"Relative Acceleration X" : -0.45242214202880859,
			"Relative Acceleration Y" : 0.32458624243736267,
			"Relative Acceleration Z" : -0.13221502304077148,
			"Relative Velocity X" : -6.6146197319030762,
			"Relative Velocity Y" : -0.36903116106987,
			"Relative Velocity Z" : 0.46133020520210266,
			"Truncated" : 0
		},
		{
			"Absolute Acceleration X" : -0.075810357928276062,
			"Absolute Acceleration Y" : -0.15796917676925659,
			"Absolute Acceleration Z" : -0.0025884234346449375,
			"Absolute Velocity X" : -0.037315983325242996,
			"Absolute Velocity Y" : -0.064641095697879791,
			"Absolute Velocity Z" : -0.0012460949365049601,
			"ActorName" : "BUS 23",
			"BoundingBox3D Extent X" : 11.0,
			"BoundingBox3D Extent Y" : 0.31271257996559143,
			"BoundingBox3D Extent Z" : 3.3098132610321045,
			"BoundingBox3D Orientation Quat W" : -0.96677333116531372,
			"BoundingBox3D Orientation Quat X" : -0.0063002826645970345,
			"BoundingBox3D Orientation Quat Y" : 0.00049190089339390397,
			"BoundingBox3D Orientation Quat Z" : 0.25554630160331726,
			"BoundingBox3D Origin X" : 64.515899658203125,
			"BoundingBox3D Origin Y" : -12.959341049194336,
			"BoundingBox3D Origin Z" : 2.411860466003418,
			"ObjectId" : 23,
			"ObjectType" : "BUS",
			"Occluded" : 0.0,
			"Relative Acceleration X" : -0.47592401504516602,
			"Relative Acceleration Y" : 0.12851583957672119,
			"Relative Acceleration Z" : -0.18308049440383911,
			"Relative Velocity X" : -6.6676487922668457,
			"Relative Velocity Y" : -0.49320781230926514,
			"Relative Velocity Z" : 0.45044791698455811,
			"Truncated" : 0
		},
		{
			"Absolute Acceleration X" : -0.039023831486701965,
			"Absolute Acceleration Y" : -0.065494716167449951,
			"Absolute Acceleration Z" : -0.0086032897233963013,
			"Absolute Velocity X" : -0.25517478585243225,
			"Absolute Velocity Y" : -1.1853023767471313,