{
	"CapturedObjects" : 
	[
		{
			"Absolute Acceleration X" : -0.11709880828857422,
			"Absolute Acceleration Y" : 0.42725458741188049,
			"Absolute Acceleration Z" : 0.079975657165050507,
			"Absolute Velocity X" : 15.982351303100586,
			"Absolute Velocity Y" : -0.13939563930034637,
			"Absolute Velocity Z" : -0.12774313986301422,
			"ActorName" : "CAR 00",
			"BoundingBox3D Extent X" : 5.0130834579467773,
			"BoundingBox3D Extent Y" : 1.9722530841827393,
			"BoundingBox3D Extent Z" : 1.8520313501358032,
			"BoundingBox3D Orientation Quat W" : 0.99996745586395264,
			"BoundingBox3D Orientation Quat X" : 0.0048629757948219776,
			"BoundingBox3D Orientation Quat Y" : 0.002195452805608511,
			"BoundingBox3D Orientation Quat Z" : -0.0032112346962094307,
			"BoundingBox3D Origin X" : 6.2218813896179199,
			"BoundingBox3D Origin Y" : 3.6927170753479004,
			"BoundingBox3D Origin Z" : 0.80943763256072998,
			"ObjectId" : 0,
			"ObjectType" : "CAR",
			"Occluded" : 0.0,
			"Relative Acceleration X" : -0.59072917699813843,
			"Relative Acceleration Y" : 0.39741578698158264,
			"Relative Acceleration Z" : 0.086317256093025208,
			"Relative Velocity X" : -1.0436345338821411,
			"Relative Velocity Y" : 0.0091203581541776657,
			"Relative Velocity Z" : 0.037918843328952789,
			"Truncated" : 0
		},
		{
			"Absolute Acceleration X" : 0.27086257934570312,
			"Absolute Acceleration Y" : 0.65073776245117188,
			"Absolute Acceleration Z" : 0.022749170660972595,
			"Absolute Velocity X" : 14.786699295043945,
			"Absolute Velocity Y" : -0.90134561061859131,
			"Absolute Velocity Z" : -0.11738524585962296,
			"ActorName" : "CAR 01",
			"BoundingBox3D Extent X" : 4.3575758934020996,
			"BoundingBox3D Extent Y" : 2.0040740966796875,
			"BoundingBox3D Extent Z" : 1.4757857322692871,
			"BoundingBox3D Orientation Quat W" : -0.99976468086242676,
			"BoundingBox3D Orientation Quat X" : 0.001814413582906127,
			"BoundingBox3D Orientation Quat Y" : -0.0036974351387470961,
			"BoundingBox3D Orientation Quat Z" : 0.020805500447750092,
			"BoundingBox3D Origin X" : -23.477949142456055,
			"BoundingBox3D Origin Y" : 4.3327393531799316,
			"BoundingBox3D Origin Z" : 0.82443362474441528,
			"ObjectId" : 1,
			"ObjectType" : "CAR",
			"Occluded" : 0.0,
			"Relative Acceleration X" : -0.2335045337677002,
			"Relative Acceleration Y" : -0.29140734672546387,
			"Relative Acceleration Z" : 0.12377558648586273,
			"Relative Velocity X" : -2.228928804397583,
			"Relative Velocity Y" : -0.37812748551368713,
			"Relative Velocity Z" : -0.047428783029317856,
			"Truncated" : 0
		},
		{
			"Absolute Acceleration X" : -0.15305805206298828,
			"Absolute Acceleration Y" : 0.13399809598922729,
			"Absolute Acceleration Z" : -0.065706118941307068,
			"Absolute Velocity X" : 15.474431037902832,
			"Absolute Velocity Y" : 0.45620831847190857,
			"Absolute Velocity Z" : -0.25813841819763184,
			"ActorName" : "CAR 02",
			"BoundingBox3D Extent X" : 4.6226119995117188,
			"BoundingBox3D Extent Y" : 1.9168152809143066,
			"BoundingBox3D Extent Z" : 1.6673797369003296,
			"BoundingBox3D Orientation Quat W" : 0.99984735250473022,
			"BoundingBox3D Orientation Quat X" : 0.0048501519486308098,
			"BoundingBox3D Orientation Quat Y" : 0.0057058189995586872,
			"BoundingBox3D Orientation Quat Z" : 0.014722742140293121,
			"BoundingBox3D Origin X" : 26.582046508789062,
			"BoundingBox3D Origin Y" : 4.1340804100036621,
			"BoundingBox3D Origin Z" : 0.53836715221405029,
			"ObjectId" : 2,
			"ObjectType" : "CAR",
			"Occluded" : 0.0,
			"Relative Acceleration X" : -0.63228464126586914,
			"Relative Acceleration Y" : 0.76505064964294434,
			"Relative Acceleration Z" : -0.11139377951622009,
			"Relative Velocity X" : -1.5474927425384521,
			"Relative Velocity Y" : 0.33945220708847046,
			"Relative Velocity Z" : -0.023467296734452248,
			"Truncated" : 0
		},
		{
			"Absolute Acceleration X" : -0.74926280975341797,
			"Absolute Acceleration Y" : 0.67134398221969604,
			"Absolute Acceleration Z" : 0.013336740434169769,
			"Absolute Velocity X" : 14.364776611328125,
			"Absolute Velocity Y" : -1.3248367309570312,
			"Absolute Velocity Z" : -0.12152247130870819,
			"ActorName" : "CAR 03",
			"BoundingBox3D Extent X" : 4.2375988960266113,
			"BoundingBox3D Extent Y" : 1.8981106281280518,
			"BoundingBox3D Extent Z" : 1.4892768859863281,
			"BoundingBox3D Orientation Quat W" : -0.99900257587432861,
			"BoundingBox3D Orientation Quat X" : 0.0067980065941810608,
			"BoundingBox3D Orientation Quat Y" : -0.0046806260943412781,
			"BoundingBox3D Orientation Quat Z" : 0.043448574841022491,
			"BoundingBox3D Origin X" : -33.676464080810547,
			"BoundingBox3D Origin Y" : 5.4506316184997559,
			"BoundingBox3D Origin Z" : 0.93332058191299438,
			"ObjectId" : 3,
			"ObjectType" : "CAR",
			"Occluded" : 0.0,
			"Relative Acceleration X" : -1.2951757907867432,
			"Relative Acceleration Y" : -0.60784709453582764,
			"Relative Acceleration Z" : 0.15553237497806549,
			"Relative Velocity X" : -2.6355156898498535,
			"Relative Velocity Y" : -0.67083609104156494,
			"Relative Velocity Z" : -0.086129523813724518,
			"Truncated" : 0
		},
		{
			"Absolute Acceleration X" : 0.36826339364051819,
			"Absolute Acceleration Y" : 1.3316959142684937,
			"Absolute Acceleration Z" : -0.018190097063779831,
			"Absolute Velocity X" : 17.287368774414062,
			"Absolute Velocity Y" : -2.1353631019592285,
			"Absolute Velocity Z" : -0.17171147465705872,
			"ActorName" : "CAR 04",
			"BoundingBox3D Extent X" : 4.1757917404174805,
			"BoundingBox3D Extent Y" : 1.8231935501098633,
			"BoundingBox3D Extent Z" : 1.4536383152008057,
			"BoundingBox3D Orientation Quat W" : -0.99806082248687744,
			"BoundingBox3D Orientation Quat X" : 0.013751666992902756,
			"BoundingBox3D Orientation Quat Y" : -0.006191521417349577,
			"BoundingBox3D Orientation Quat Z" : 0.059951689094305038,
			"BoundingBox3D Origin X" : -42.086837768554688,
			"BoundingBox3D Origin Y" : 2.2957713603973389,
			"BoundingBox3D Origin Z" : 1.0512512922286987,
			"ObjectId" : 4,
			"ObjectType" : "CAR",
			"Occluded" : 0.0,
			"Relative Acceleration X" : -0.11398666352033615,
			"Relative Acceleration Y" : -0.070696957409381866,
			"Relative Acceleration Z" : -0.33052769303321838,
			"Relative Velocity X" : 0.25129041075706482,
			"Relative Velocity Y" : -1.3584839105606079,
			"Relative Velocity Z" : -0.16907365620136261,
			"Truncated" : 0
		},
		{
			"Absolute Acceleration X" : 0.21014118194580078,
			"Absolute Acceleration Y" : -0.15790447592735291,
			"Absolute Acceleration Z" : 0.14235055446624756,
			"Absolute Velocity X" : 15.986871719360352,
			"Absolute Velocity Y" : 0.29455757141113281,
			"Absolute Velocity Z" : 0.12691165506839752,
			"ActorName" : "CAR 06",
			"BoundingBox3D Extent X" : 4.4628629684448242,
			"BoundingBox3D Extent Y" : 2.1686763763427734,
			"BoundingBox3D Extent Z" : 2.7319893836975098,
			"BoundingBox3D Orientation Quat W" : 0.99980354309082031,
			"BoundingBox3D Orientation Quat X" : 0.013844323344528675,
			"BoundingBox3D Orientation Quat Y" : -0.0039097773842513561,
			"BoundingBox3D Orientation Quat Z" : 0.013128424994647503,
			"BoundingBox3D Origin X" : 128.94509887695312,
			"BoundingBox3D Origin Y" : 7.4069833755493164,
			"BoundingBox3D Origin Z" : 0.72235840559005737,
			"ObjectId" : 6,
			"ObjectType" : "CAR",
			"Occluded" : 0.0,
			"Relative Acceleration X" : -0.41165494918823242,
			"Relative Acceleration Y" : 3.7264621257781982,
			"Relative Acceleration Z" : -0.15323510766029358,
			"Relative Velocity X" : -0.98348402976989746,
			"Relative Velocity Y" : -1.1353908777236938,
			"Relative Velocity Z" : 0.69823610782623291,
			"Truncated" : 0
		},
		{
			"Absolute Acceleration X" : 0.31513786315917969,
			"Absolute Acceleration Y" : 0.15867477655410767,
			"Absolute Acceleration Z" : 0.17736735939979553,
			"Absolute Velocity X" : 18.296236038208008,
			"Absolute Velocity Y" : 0.56123882532119751,
			"Absolute Velocity Z" : -0.21660402417182922,