{
	"CapturedObjects" : 
	[
		{
			"Absolute Acceleration X" : 0.34915924072265625,
			"Absolute Acceleration Y" : 0.035615883767604828,
			"Absolute Acceleration Z" : 0.053625434637069702,
			"Absolute Velocity X" : 15.609062194824219,
			"Absolute Velocity Y" : -0.14787280559539795,
			"Absolute Velocity Z" : -0.1424560546875,
			"ActorName" : "CAR 01",
			"BoundingBox3D Extent X" : 5.075007438659668,
			"BoundingBox3D Extent Y" : 2.235316276550293,
			"BoundingBox3D Extent Z" : 1.7131571769714355,
			"BoundingBox3D Orientation Quat W" : 0.99994516372680664,
			"BoundingBox3D Orientation Quat X" : 0.0042362622916698456,
			"BoundingBox3D Orientation Quat Y" : 0.0045128059573471546,
			"BoundingBox3D Orientation Quat Z" : 0.0057054874487221241,
			"BoundingBox3D Origin X" : -8.6113977432250977,
			"BoundingBox3D Origin Y" : -2.7227945327758789,
			"BoundingBox3D Origin Z" : 0.83971226215362549,
			"ObjectId" : 1,
			"ObjectType" : "CAR",
			"Occluded" : 0.0,
			"Relative Acceleration X" : 0.3063044548034668,
			"Relative Acceleration Y" : -0.18721476197242737,
			"Relative Acceleration Z" : -0.024797899648547173,
			"Relative Velocity X" : -2.7256429195404053,
			"Relative Velocity Y" : -0.056657910346984863,
			"Relative Velocity Z" : -0.021766046062111855,
			"Truncated" : 0
		},
		{
			"Absolute Acceleration X" : 0.24621391296386719,
			"Absolute Acceleration Y" : -0.88193154335021973,
			"Absolute Acceleration Z" : 0.0012092441320419312,
			"Absolute Velocity X" : 15.389261245727539,
			"Absolute Velocity Y" : -0.86900824308395386,
			"Absolute Velocity Z" : -0.18748334050178528,
			"ActorName" : "CAR 19",
			"BoundingBox3D Extent X" : 4.3084945678710938,
			"BoundingBox3D Extent Y" : 1.9506916999816895,
			"BoundingBox3D Extent Z" : 1.6721714735031128,
			"BoundingBox3D Orientation Quat W" : -0.99945098161697388,
			"BoundingBox3D Orientation Quat X" : -0.0081230159848928452,
			"BoundingBox3D Orientation Quat Y" : -0.006035895086824894,
			"BoundingBox3D Orientation Quat Z" : 0.031122826039791107,
			"BoundingBox3D Origin X" : 23.978366851806641,
			"BoundingBox3D Origin Y" : -3.5036373138427734,
			"BoundingBox3D Origin Z" : 0.6189720630645752,
			"ObjectId" : 19,
			"ObjectType" : "CAR",
			"Occluded" : 0.0,
			"Relative Acceleration X" : 0.25087904930114746,
			"Relative Acceleration Y" : -0.023726761341094971,
			"Relative Acceleration Z" : -0.10246586799621582,
			"Relative Velocity X" : -2.9369933605194092,
			"Relative Velocity Y" : -0.51995879411697388,
			"Relative Velocity Z" : -0.12602481245994568,
			"Truncated" : 0
		},
		{
			"Absolute Acceleration X" : 0.010848045349121094,
			"Absolute Acceleration Y" : -0.36339294910430908,
			"Absolute Acceleration Z" : -0.03798377513885498,
			"Absolute Velocity X" : 14.197684288024902,
			"Absolute Velocity Y" : -0.026462219655513763,
			"Absolute Velocity Z" : -0.15144370496273041,
			"ActorName" : "CAR 105",
			"BoundingBox3D Extent X" : 4.0999999046325684,
			"BoundingBox3D Extent Y" : 1.7769662141799927,
			"BoundingBox3D Extent Z" : 0.70889312028884888,
			"BoundingBox3D Orientation Quat W" : 0.99997365474700928,
			"BoundingBox3D Orientation Quat X" : -0.0022463207133114338,
			"BoundingBox3D Orientation Quat Y" : 0.0047938106581568718,
			"BoundingBox3D Orientation Quat Z" : -0.0024878568947315216,
			"BoundingBox3D Origin X" : -121.31019592285156,
			"BoundingBox3D Origin Y" : 2.9495062828063965,
			"BoundingBox3D Origin Z" : 1.3525032997131348,
			"ObjectId" : 105,
			"ObjectType" : "CAR",
			"Occluded" : 0.0,
			"Relative Acceleration X" : -0.16504573822021484,
			"Relative Acceleration Y" : -4.3959674835205078,
			"Relative Acceleration Z" : -0.053349018096923828,
			"Relative Velocity X" : -4.1772456169128418,
			"Relative Velocity Y" : -0.8321499228477478,
			"Relative Velocity Z" : 0.20296721160411835,
			"Truncated" : 0
		},
		{
			"Absolute Acceleration X" : 0.14271354675292969,
			"Absolute Acceleration Y" : -1.0037562847137451,
			"Absolute Acceleration Z" : 0.16043972969055176,
			"Absolute Velocity X" : -17.182043075561523,
			"Absolute Velocity Y" : 0.38816791772842407,
			"Absolute Velocity Z" : 0.19105847179889679,
			"ActorName" : "CAR 106",
			"BoundingBox3D Extent X" : 4.7301082611083984,
			"BoundingBox3D Extent Y" : 2.0479736328125,
			"BoundingBox3D Extent Z" : 1.5259841680526733,
			"BoundingBox3D Orientation Quat W" : 0.016677984967827797,
			"BoundingBox3D Orientation Quat X" : 0.0051474026404321194,
			"BoundingBox3D Orientation Quat Y" : 0.018581900745630264,
			"BoundingBox3D Orientation Quat Z" : 0.99965715408325195,
			"BoundingBox3D Origin X" : -97.754776000976562,
			"BoundingBox3D Origin Y" : 6.4706363677978516,
			"BoundingBox3D Origin Z" : 1.4812450408935547,
			"ObjectId" : 106,
			"ObjectType" : "CAR",
			"Occluded" : 0.0,
			"Relative Acceleration X" : -0.14329147338867188,
			"Relative Acceleration Y" : -5.0760841369628906,
			"Relative Acceleration Z" : 0.30043333768844604,
			"Relative Velocity X" : -35.584793090820312,
			"Relative Velocity Y" : -0.34998303651809692,
			"Relative Velocity Z" : 0.58694243431091309,
			"Truncated" : 0
		},
		{
			"Absolute Acceleration X" : 0.041780401021242142,
			"Absolute Acceleration Y" : 0.018721062690019608,
			"Absolute Acceleration Z" : 0.01310165598988533,
			"Absolute Velocity X" : 0.015537156723439693,
			"Absolute Velocity Y" : 0.066282466053962708,
			"Absolute Velocity Z" : -0.0010671530617401004,
			"ActorName" : "CAR 113",
			"BoundingBox3D Extent X" : 9.0241661071777344,
			"BoundingBox3D Extent Y" : 4.9212546348571777,
			"BoundingBox3D Extent Z" : 1.867885947227478,
			"BoundingBox3D Orientation Quat W" : 0.98432677984237671,
			"BoundingBox3D Orientation Quat X" : 0.024999212473630905,
			"BoundingBox3D Orientation Quat Y" : -0.0094625288620591164,
			"BoundingBox3D Orientation Quat Z" : 0.17411957681179047,
			"BoundingBox3D Origin X" : 6.5371770858764648,
			"BoundingBox3D Origin Y" : 8.9662456512451172,
			"BoundingBox3D Origin Z" : 1.1372392177581787,
			"ObjectId" : 113,
			"ObjectType" : "CAR",
			"Occluded" : 0.0,
			"Relative Acceleration X" : -0.39441299438476562,
			"Relative Acceleration Y" : -0.12305156886577606,
			"Relative Acceleration Z" : 0.0628814697265625,
			"Relative Velocity X" : -18.411197662353516,
			"Relative Velocity Y" : 0.21428650617599487,
			"Relative Velocity Z" : 0.26706245541572571,
			"Truncated" : 0
		},
		{
			"Absolute Acceleration X" : 0.067251205444335938,
			"Absolute Acceleration Y" : -0.15239596366882324,
			"Absolute Acceleration Z" : -0.023693874478340149,
			"Absolute Velocity X" : 18.739097595214844,
			"Absolute Velocity Y" : -3.3594033718109131,
			"Absolute Velocity Z" : -0.1559903621673584,
			"ActorName" : "CAR 114",
			"BoundingBox3D Extent X" : 4.1486005783081055,
			"BoundingBox3D Extent Y" : 1.7768855094909668,
			"BoundingBox3D Extent Z" : 1.5427149534225464,
			"BoundingBox3D Orientation Quat W" : -0.99625515937805176,
			"BoundingBox3D Orientation Quat X" : 0.0016357576241716743,
			"BoundingBox3D Orientation Quat Y" : -0.0041712741367518902,
			"BoundingBox3D Orientation Quat Z" : 0.086264610290527344,
			"BoundingBox3D Origin X" : 68.715797424316406,
			"BoundingBox3D Origin Y" : -6.9492025375366211,
			"BoundingBox3D Origin Z" : 0.28677502274513245,
			"ObjectId" : 114,
			"ObjectType" : "CAR",
			"Occluded" : 0.0,
			"Relative Acceleration X" : 0.21231412887573242,
			"Relative Acceleration Y" : 2.2877664566040039,
			"Relative Acceleration Z" : -0.20373538136482239,
			"Relative Velocity X" : 0.44614604115486145,
			"Relative Velocity Y" : -2.6429502964019775,
			"Relative Velocity Z" : -0.20990458130836487,
			"Truncated" : 0
		},
		{
			"Absolute Acceleration X" : -0.39892518520355225,
			"Absolute Acceleration Y" : -0.0031492896378040314,
			"Absolute Acceleration Z" : 0.00066793005680665374,
			"Absolute Velocity X" : 0.23951436579227448,
			"Absolute Velocity Y" : 0.027832973748445511,