{
	"CapturedObjects" : 
	[
		{
			"Absolute Acceleration X" : -0.79748344421386719,
			"Absolute Acceleration Y" : 0.038301430642604828,
			"Absolute Acceleration Z" : 0.0098641011863946915,
			"Absolute Velocity X" : 4.2597980499267578,
			"Absolute Velocity Y" : -0.12301873415708542,
			"Absolute Velocity Z" : 0.0047097266651690006,
			"ActorName" : "CAR 00",
			"BoundingBox3D Extent X" : 4.3476333618164062,
			"BoundingBox3D Extent Y" : 2.1108732223510742,
			"BoundingBox3D Extent Z" : 1.5744835138320923,
			"BoundingBox3D Orientation Quat W" : -0.99988144636154175,
			"BoundingBox3D Orientation Quat X" : -0.0081911534070968628,
			"BoundingBox3D Orientation Quat Y" : 0.00056458491599187255,
			"BoundingBox3D Orientation Quat Z" : 0.012784731574356556,
			"BoundingBox3D Origin X" : 11.75920295715332,
			"BoundingBox3D Origin Y" : -0.58827334642410278,
			"BoundingBox3D Origin Z" : 0.67784970998764038,
			"ObjectId" : 0,
			"ObjectType" : "CAR",
			"Occluded" : 0.0,
			"Relative Acceleration X" : -0.16171276569366455,
			"Relative Acceleration Y" : 0.05748121440410614,
			"Relative Acceleration Z" : 0.034250017255544662,
			"Relative Velocity X" : -0.75357770919799805,
			"Relative Velocity Y" : -0.1461188942193985,
			"Relative Velocity Z" : 0.026029283180832863,
			"Truncated" : 0
		},
		{
			"Absolute Acceleration X" : -0.11804565787315369,
			"Absolute Acceleration Y" : -0.10834181308746338,
			"Absolute Acceleration Z" : -0.087835252285003662,
			"Absolute Velocity X" : 0.20250353217124939,
			"Absolute Velocity Y" : 1.8980438709259033,
			"Absolute Velocity Z" : -0.033557265996932983,
			"ActorName" : "CAR 07",
			"BoundingBox3D Extent X" : 3.2041778564453125,
			"BoundingBox3D Extent Y" : 1.8999999761581421,
			"BoundingBox3D Extent Z" : 1.3986489772796631,
			"BoundingBox3D Orientation Quat W" : 0.76154625415802002,
			"BoundingBox3D Orientation Quat X" : -0.0082920640707015991,
			"BoundingBox3D Orientation Quat Y" : 0.0065603642724454403,
			"BoundingBox3D Orientation Quat Z" : 0.64788907766342163,
			"BoundingBox3D Origin X" : 131.06153869628906,
			"BoundingBox3D Origin Y" : 11.992486953735352,
			"BoundingBox3D Origin Z" : 5.0721821784973145,
			"ObjectId" : 7,
			"ObjectType" : "CAR",
			"Occluded" : 0.0,
			"Relative Acceleration X" : 0.48448753356933594,
			"Relative Acceleration Y" : 0.46310842037200928,
			"Relative Acceleration Z" : -0.0056107668206095695,
			"Relative Velocity X" : -4.7261447906494141,
			"Relative Velocity Y" : 1.0629351139068604,
			"Relative Velocity Z" : -0.039734456688165665,
			"Truncated" : 0
		},
		{
			"Absolute Acceleration X" : 0.67840766906738281,
			"Absolute Acceleration Y" : 0.012970946729183197,
			"Absolute Acceleration Z" : 0.39489555358886719,
			"Absolute Velocity X" : 4.1918253898620605,
			"Absolute Velocity Y" : 0.11145268380641937,
			"Absolute Velocity Z" : 0.26758021116256714,
			"ActorName" : "CAR 08",
			"BoundingBox3D Extent X" : 4.1064352989196777,
			"BoundingBox3D Extent Y" : 1.4507327079772949,
			"BoundingBox3D Extent Z" : 1.1751760244369507,
			"BoundingBox3D Orientation Quat W" : 0.99928790330886841,
			"BoundingBox3D Orientation Quat X" : -0.0069021852687001228,
			"BoundingBox3D Orientation Quat Y" : -0.026609614491462708,
			"BoundingBox3D Orientation Quat Z" : 0.018387297168374062,
			"BoundingBox3D Origin X" : 65.525108337402344,
			"BoundingBox3D Origin Y" : -4.9048495292663574,
			"BoundingBox3D Origin Z" : 1.5962153673171997,
			"ObjectId" : 8,
			"ObjectType" : "CAR",
			"Occluded" : 0.0,
			"Relative Acceleration X" : 1.3287891149520874,
			"Relative Acceleration Y" : 0.24982377886772156,
			"Relative Acceleration Z" : 0.54933178424835205,
			"Relative Velocity X" : -0.85186481475830078,
			"Relative Velocity Y" : -0.28434023261070251,
			"Relative Velocity Z" : 0.35034981369972229,
			"Truncated" : 0
		},
		{
			"Absolute Acceleration X" : 1.3632467985153198,
			"Absolute Acceleration Y" : -0.03368648886680603,
			"Absolute Acceleration Z" : -0.0031464435160160065,
			"Absolute Velocity X" : 2.4020519256591797,
			"Absolute Velocity Y" : -0.15796235203742981,
			"Absolute Velocity Z" : 0.025282753631472588,
			"ActorName" : "CAR 10",
			"BoundingBox3D Extent X" : 4.0999999046325684,
			"BoundingBox3D Extent Y" : 0.94726645946502686,
			"BoundingBox3D Extent Z" : 1.5668470859527588,
			"BoundingBox3D Orientation Quat W" : -0.99936914443969727,
			"BoundingBox3D Orientation Quat X" : -0.0036987506318837404,
			"BoundingBox3D Orientation Quat Y" : 0.0061082257889211178,
			"BoundingBox3D Orientation Quat Z" : 0.034491200000047684,
			"BoundingBox3D Origin X" : 43.249660491943359,
			"BoundingBox3D Origin Y" : -3.3228590488433838,
			"BoundingBox3D Origin Z" : 0.95025032758712769,
			"ObjectId" : 10,
			"ObjectType" : "CAR",
			"Occluded" : 0.0,
			"Relative Acceleration X" : 2.0068740844726562,
			"Relative Acceleration Y" : 0.14043813943862915,
			"Relative Acceleration Z" : 0.10024486482143402,
			"Relative Velocity X" : -2.6306078433990479,
			"Relative Velocity Y" : -0.40435275435447693,
			"Relative Velocity Z" : 0.087532058358192444,
			"Truncated" : 0
		},
		{
			"Absolute Acceleration X" : 0.55726367235183716,
			"Absolute Acceleration Y" : -0.045211657881736755,
			"Absolute Acceleration Z" : 0.090434223413467407,
			"Absolute Velocity X" : 7.1735825538635254,
			"Absolute Velocity Y" : -0.095836557447910309,
			"Absolute Velocity Z" : 0.18433898687362671,
			"ActorName" : "CAR 12",
			"BoundingBox3D Extent X" : 4.2695932388305664,
			"BoundingBox3D Extent Y" : 1.6966570615768433,
			"BoundingBox3D Extent Z" : 1.6036274433135986,
			"BoundingBox3D Orientation Quat W" : 0.99953585863113403,
			"BoundingBox3D Orientation Quat X" : 0.023026799783110619,
			"BoundingBox3D Orientation Quat Y" : -0.013757049106061459,
			"BoundingBox3D Orientation Quat Z" : -0.009287247434258461,
			"BoundingBox3D Origin X" : 79.979278564453125,
			"BoundingBox3D Origin Y" : -4.4673252105712891,
			"BoundingBox3D Origin Z" : 1.6718355417251587,
			"ObjectId" : 12,
			"ObjectType" : "CAR",
			"Occluded" : 0.0,
			"Relative Acceleration X" : 1.3079138994216919,
			"Relative Acceleration Y" : 0.049738790839910507,
			"Relative Acceleration Z" : 0.29214292764663696,
			"Relative Velocity X" : 2.1329710483551025,
			"Relative Velocity Y" : -0.59041297435760498,
			"Relative Velocity Z" : 0.2680906355381012,
			"Truncated" : 0
		}
	],
	"FrameId" : 35225,
	"Timestamp" : 1676041179982060064,
	"TimestampMiddle" : 1676041179965060064
}