{
	"CapturedObjects" : 
	[
		{
			"Absolute Acceleration X" : 0.32931900024414062,
			"Absolute Acceleration Y" : 0.91884350776672363,
			"Absolute Acceleration Z" : -0.0083928778767585754,
			"Absolute Velocity X" : 15.690086364746094,
			"Absolute Velocity Y" : 0.32548493146896362,
			"Absolute Velocity Z" : -0.10038002580404282,
			"ActorName" : "CAR 00",
			"BoundingBox3D Extent X" : 5.0130834579467773,
			"BoundingBox3D Extent Y" : 1.9722530841827393,
			"BoundingBox3D Extent Z" : 1.8520313501358032,
			"BoundingBox3D Orientation Quat W" : 0.99992382526397705,
			"BoundingBox3D Orientation Quat X" : 0.00064049806678667665,
			"BoundingBox3D Orientation Quat Y" : 0.0029671348165720701,
			"BoundingBox3D Orientation Quat Z" : 0.010852224193513393,
			"BoundingBox3D Origin X" : 7.9316520690917969,
			"BoundingBox3D Origin Y" : 3.8979535102844238,
			"BoundingBox3D Origin Z" : 0.81864142417907715,
			"ObjectId" : 0,
			"ObjectType" : "CAR",
			"Occluded" : 0.0,
			"Relative Acceleration X" : 0.20448470115661621,
			"Relative Acceleration Y" : -0.046292152255773544,
			"Relative Acceleration Z" : 0.002102208323776722,
			"Relative Velocity X" : -0.41195514798164368,
			"Relative Velocity Y" : -0.014576703310012817,
			"Relative Velocity Z" : 0.0049443850293755531,
			"Truncated" : 0
		},
		{
			"Absolute Acceleration X" : -0.052897453308105469,
			"Absolute Acceleration Y" : 1.3137649297714233,
			"Absolute Acceleration Z" : 0.024686545133590698,
			"Absolute Velocity X" : 14.842397689819336,
			"Absolute Velocity Y" : -1.7141560316085815,
			"Absolute Velocity Z" : -0.1598338782787323,
			"ActorName" : "CAR 01",
			"BoundingBox3D Extent X" : 4.3575758934020996,
			"BoundingBox3D Extent Y" : 2.0040740966796875,
			"BoundingBox3D Extent Z" : 1.4757857322692871,
			"BoundingBox3D Orientation Quat W" : -0.99847614765167236,
			"BoundingBox3D Orientation Quat X" : 0.00047121185343712568,
			"BoundingBox3D Orientation Quat Y" : -0.0048147630877792835,
			"BoundingBox3D Orientation Quat Z" : 0.054780393838882446,
			"BoundingBox3D Origin X" : -18.00892448425293,
			"BoundingBox3D Origin Y" : 4.9193868637084961,
			"BoundingBox3D Origin Z" : 0.79616290330886841,
			"ObjectId" : 1,
			"ObjectType" : "CAR",
			"Occluded" : 0.0,
			"Relative Acceleration X" : -0.35964995622634888,
			"Relative Acceleration Y" : -0.10663034021854401,
			"Relative Acceleration Z" : -0.020157493650913239,
			"Relative Velocity X" : -1.1797963380813599,
			"Relative Velocity Y" : -0.15850171446800232,
			"Relative Velocity Z" : 0.1908237636089325,
			"Truncated" : 0
		},
		{
			"Absolute Acceleration X" : -0.066893577575683594,
			"Absolute Acceleration Y" : 0.69509005546569824,
			"Absolute Acceleration Z" : 0.040592052042484283,
			"Absolute Velocity X" : 15.767841339111328,
			"Absolute Velocity Y" : 1.2756963968276978,
			"Absolute Velocity Z" : -0.083827868103981018,
			"ActorName" : "CAR 02",
			"BoundingBox3D Extent X" : 4.6226119995117188,
			"BoundingBox3D Extent Y" : 1.9168152809143066,
			"BoundingBox3D Extent Z" : 1.6673797369003296,
			"BoundingBox3D Orientation Quat W" : 0.99912822246551514,
			"BoundingBox3D Orientation Quat X" : 0.0058092777617275715,
			"BoundingBox3D Orientation Quat Y" : 0.0022495710290968418,
			"BoundingBox3D Orientation Quat Z" : 0.040901839733123779,
			"BoundingBox3D Origin X" : 28.776767730712891,
			"BoundingBox3D Origin Y" : 4.8478245735168457,
			"BoundingBox3D Origin Z" : 0.59802323579788208,
			"ObjectId" : 2,
			"ObjectType" : "CAR",
			"Occluded" : 0.0,
			"Relative Acceleration X" : -0.18386264145374298,
			"Relative Acceleration Y" : 0.1537480354309082,
			"Relative Acceleration Z" : 0.0956583172082901,
			"Relative Velocity X" : -0.26694780588150024,
			"Relative Velocity Y" : -0.57983911037445068,
			"Relative Velocity Z" : -0.15230311453342438,
			"Truncated" : 0
		},
		{
			"Absolute Acceleration X" : 0.14474964141845703,
			"Absolute Acceleration Y" : 1.7449626922607422,
			"Absolute Acceleration Z" : 0.042912259697914124,
			"Absolute Velocity X" : 15.570934295654297,
			"Absolute Velocity Y" : -2.965275764465332,
			"Absolute Velocity Z" : -0.14105020463466644,
			"ActorName" : "CAR 03",
			"BoundingBox3D Extent X" : 4.2375988960266113,
			"BoundingBox3D Extent Y" : 1.8981106281280518,
			"BoundingBox3D Extent Z" : 1.4892768859863281,
			"BoundingBox3D Orientation Quat W" : -0.99565368890762329,
			"BoundingBox3D Orientation Quat X" : 0.0024607845116406679,
			"BoundingBox3D Orientation Quat Y" : -0.0039645368233323097,
			"BoundingBox3D Orientation Quat Z" : 0.092811532318592072,
			"BoundingBox3D Origin X" : -30.430377960205078,
			"BoundingBox3D Origin Y" : 6.6635341644287109,
			"BoundingBox3D Origin Z" : 0.95198518037796021,
			"ObjectId" : 3,
			"ObjectType" : "CAR",
			"Occluded" : 0.0,
			"Relative Acceleration X" : -0.3179469108581543,
			"Relative Acceleration Y" : -0.06460532546043396,
			"Relative Acceleration Z" : -0.029705975204706192,
			"Relative Velocity X" : -0.31655985116958618,
			"Relative Velocity Y" : -0.50437867641448975,
			"Relative Velocity Z" : 0.33856981992721558,
			"Truncated" : 0
		},
		{
			"Absolute Acceleration X" : 0.59977340698242188,
			"Absolute Acceleration Y" : 1.6508858203887939,
			"Absolute Acceleration Z" : 0.20658412575721741,
			"Absolute Velocity X" : 16.53050422668457,
			"Absolute Velocity Y" : -4.4852395057678223,
			"Absolute Velocity Z" : -0.1845630407333374,
			"ActorName" : "CAR 04",
			"BoundingBox3D Extent X" : 4.1757917404174805,
			"BoundingBox3D Extent Y" : 1.8231935501098633,
			"BoundingBox3D Extent Z" : 1.4536383152008057,
			"BoundingBox3D Orientation Quat W" : -0.99147504568099976,
			"BoundingBox3D Orientation Quat X" : 0.0066187637858092785,
			"BoundingBox3D Orientation Quat Y" : -0.00455079460516572,
			"BoundingBox3D Orientation Quat Z" : 0.12984506785869598,
			"BoundingBox3D Origin X" : -43.461673736572266,
			"BoundingBox3D Origin Y" : 6.1543898582458496,
			"BoundingBox3D Origin Z" : 1.0631364583969116,
			"ObjectId" : 4,
			"ObjectType" : "CAR",
			"Occluded" : 0.0,
			"Relative Acceleration X" : -0.0019168257713317871,
			"Relative Acceleration Y" : -0.58023327589035034,
			"Relative Acceleration Z" : 0.11379417777061462,
			"Relative Velocity X" : 0.60658347606658936,
			"Relative Velocity Y" : -1.0752958059310913,
			"Relative Velocity Z" : 0.40030962228775024,
			"Truncated" : 0
		},
		{
			"Absolute Acceleration X" : 1.3175482749938965,
			"Absolute Acceleration Y" : 0.655159592628479,
			"Absolute Acceleration Z" : -0.046746395528316498,
			"Absolute Velocity X" : 18.182785034179688,
			"Absolute Velocity Y" : 2.1663274765014648,
			"Absolute Velocity Z" : -0.10488148778676987,
			"ActorName" : "CAR 05",
			"BoundingBox3D Extent X" : 4.1869335174560547,
			"BoundingBox3D Extent Y" : 1.6011700630187988,
			"BoundingBox3D Extent Z" : 1.7176864147186279,
			"BoundingBox3D Orientation Quat W" : 0.99822342395782471,
			"BoundingBox3D Orientation Quat X" : 0.011680032126605511,
			"BoundingBox3D Orientation Quat Y" : 0.00083226698916405439,
			"BoundingBox3D Orientation Quat Z" : 0.058097407221794128,
			"BoundingBox3D Origin X" : 52.104110717773438,
			"BoundingBox3D Origin Y" : 3.6672489643096924,
			"BoundingBox3D Origin Z" : 0.41409140825271606,
			"ObjectId" : 5,
			"ObjectType" : "CAR",
			"Occluded" : 0.0,
			"Relative Acceleration X" : 1.2500452995300293,
			"Relative Acceleration Y" : 0.31403449177742004,
			"Relative Acceleration Z" : -0.97568625211715698,
			"Relative Velocity X" : 2.0564806461334229,
			"Relative Velocity Y" : -1.3862457275390625,
			"Relative Velocity Z" : -0.40280646085739136,
			"Truncated" : 0
		},
		{
			"Absolute Acceleration X" : 0.096807479858398438,
			"Absolute Acceleration Y" : -0.19434404373168945,
			"Absolute Acceleration Z" : -0.0035369228571653366,
			"Absolute Velocity X" : 15.112451553344727,
			"Absolute Velocity Y" : 2.3387815952301025,
			"Absolute Velocity Z" : 0.022374743595719337,