{
	"CapturedObjects" : 
	[
		{
			"Absolute Acceleration X" : 0.49560737609863281,
			"Absolute Acceleration Y" : 0.56484997272491455,
			"Absolute Acceleration Z" : -0.075344853103160858,
			"Absolute Velocity X" : 12.431490898132324,
			"Absolute Velocity Y" : -1.3640983104705811,
			"Absolute Velocity Z" : -0.035243649035692215,
			"ActorName" : "CAR 00",
			"BoundingBox3D Extent X" : 4.6827468872070312,
			"BoundingBox3D Extent Y" : 2.2748684883117676,
			"BoundingBox3D Extent Z" : 1.5690921545028687,
			"BoundingBox3D Orientation Quat W" : -0.99839198589324951,
			"BoundingBox3D Orientation Quat X" : -0.00048059990513138473,
			"BoundingBox3D Orientation Quat Y" : -0.0011012760223820806,
			"BoundingBox3D Orientation Quat Z" : 0.056520774960517883,
			"BoundingBox3D Origin X" : -18.16447639465332,
			"BoundingBox3D Origin Y" : 3.8242182731628418,
			"BoundingBox3D Origin Z" : 0.84707188606262207,
			"ObjectId" : 0,
			"ObjectType" : "CAR",
			"Occluded" : 0.0,
			"Relative Acceleration X" : 0.31679439544677734,
			"Relative Acceleration Y" : -0.041794776916503906,
			"Relative Acceleration Z" : 0.16997921466827393,
			"Relative Velocity X" : -2.5267565250396729,
			"Relative Velocity Y" : -0.14069318771362305,
			"Relative Velocity Z" : 0.099585898220539093,
			"Truncated" : 0
		},
		{
			"Absolute Acceleration X" : 0.77332878112792969,
			"Absolute Acceleration Y" : 0.41023933887481689,
			"Absolute Acceleration Z" : -0.0036859011743217707,
			"Absolute Velocity X" : 11.391839027404785,
			"Absolute Velocity Y" : -1.6497660875320435,
			"Absolute Velocity Z" : 0.0052260421216487885,
			"ActorName" : "CAR 01",
			"BoundingBox3D Extent X" : 5.0327568054199219,
			"BoundingBox3D Extent Y" : 2.3097248077392578,
			"BoundingBox3D Extent Z" : 1.9052667617797852,
			"BoundingBox3D Orientation Quat W" : -0.99756669998168945,
			"BoundingBox3D Orientation Quat X" : -0.0020737634040415287,
			"BoundingBox3D Orientation Quat Y" : 0.00092849001521244645,
			"BoundingBox3D Orientation Quat Z" : 0.069508671760559082,
			"BoundingBox3D Origin X" : -29.933443069458008,
			"BoundingBox3D Origin Y" : 5.5180058479309082,
			"BoundingBox3D Origin Z" : 1.0202393531799316,
			"ObjectId" : 1,
			"ObjectType" : "CAR",
			"Occluded" : 0.0,
			"Relative Acceleration X" : 0.60242629051208496,
			"Relative Acceleration Y" : -0.073993563652038574,
			"Relative Acceleration Z" : 0.38305914402008057,
			"Relative Velocity X" : -3.4641079902648926,
			"Relative Velocity Y" : 0.27470046281814575,
			"Relative Velocity Z" : 0.1587701290845871,
			"Truncated" : 0
		},
		{
			"Absolute Acceleration X" : 0.26870250701904297,
			"Absolute Acceleration Y" : 0.71128880977630615,
			"Absolute Acceleration Z" : -0.053844258189201355,
			"Absolute Velocity X" : 13.151694297790527,
			"Absolute Velocity Y" : -0.77505338191986084,
			"Absolute Velocity Z" : -0.11275061219930649,
			"ActorName" : "CAR 02",
			"BoundingBox3D Extent X" : 4.0999999046325684,
			"BoundingBox3D Extent Y" : 1.9378294944763184,
			"BoundingBox3D Extent Z" : 1.494448184967041,
			"BoundingBox3D Orientation Quat W" : -0.99937796592712402,
			"BoundingBox3D Orientation Quat X" : -0.0055049536749720573,
			"BoundingBox3D Orientation Quat Y" : -0.0041218404658138752,
			"BoundingBox3D Orientation Quat Z" : 0.034344848245382309,
			"BoundingBox3D Origin X" : -5.6908526420593262,
			"BoundingBox3D Origin Y" : 3.1610956192016602,
			"BoundingBox3D Origin Z" : 0.74496746063232422,
			"ObjectId" : 2,
			"ObjectType" : "CAR",
			"Occluded" : 0.0,
			"Relative Acceleration X" : 0.11825942993164062,
			"Relative Acceleration Y" : -0.00279998779296875,
			"Relative Acceleration Z" : 0.067264556884765625,
			"Relative Velocity X" : -1.8469576835632324,
			"Relative Velocity Y" : -0.29871687293052673,
			"Relative Velocity Z" : 0.019492829218506813,
			"Truncated" : 0
		},
		{
			"Absolute Acceleration X" : 0.18606472015380859,
			"Absolute Acceleration Y" : 1.05739426612854,
			"Absolute Acceleration Z" : -0.053903579711914062,
			"Absolute Velocity X" : 13.732441902160645,
			"Absolute Velocity Y" : 0.64392077922821045,
			"Absolute Velocity Z" : -0.19572079181671143,
			"ActorName" : "CAR 03",
			"BoundingBox3D Extent X" : 4.4499330520629883,
			"BoundingBox3D Extent Y" : 1.9469515085220337,
			"BoundingBox3D Extent Z" : 1.8501063585281372,
			"BoundingBox3D Orientation Quat W" : 0.99966877698898315,
			"BoundingBox3D Orientation Quat X" : -6.9928595621604472e-05,
			"BoundingBox3D Orientation Quat Y" : 0.0069170142523944378,
			"BoundingBox3D Orientation Quat Z" : 0.024460764601826668,
			"BoundingBox3D Origin X" : 15.389086723327637,
			"BoundingBox3D Origin Y" : 3.3128612041473389,
			"BoundingBox3D Origin Z" : 0.69156736135482788,
			"ObjectId" : 3,
			"ObjectType" : "CAR",
			"Occluded" : 0.0,
			"Relative Acceleration X" : 0.1377483606338501,
			"Relative Acceleration Y" : 0.23085516691207886,
			"Relative Acceleration Z" : -0.11507362127304077,
			"Relative Velocity X" : -1.2545790672302246,
			"Relative Velocity Y" : -0.14085318148136139,
			"Relative Velocity Z" : -0.04616653174161911,
			"Truncated" : 0
		},
		{
			"Absolute Acceleration X" : 0.3615875244140625,
			"Absolute Acceleration Y" : 0.61379647254943848,
			"Absolute Acceleration Z" : -0.02886098250746727,
			"Absolute Velocity X" : 14.831201553344727,
			"Absolute Velocity Y" : -2.752025842666626,
			"Absolute Velocity Z" : 0.036253627389669418,
			"ActorName" : "CAR 08",
			"BoundingBox3D Extent X" : 4.2053003311157227,
			"BoundingBox3D Extent Y" : 1.8639274835586548,
			"BoundingBox3D Extent Z" : 1.4577363729476929,
			"BoundingBox3D Orientation Quat W" : -0.99591159820556641,
			"BoundingBox3D Orientation Quat X" : 0.0018925537588074803,
			"BoundingBox3D Orientation Quat Y" : 0.0026647269260138273,
			"BoundingBox3D Orientation Quat Z" : 0.090056508779525757,
			"BoundingBox3D Origin X" : -38.785430908203125,
			"BoundingBox3D Origin Y" : 3.416123628616333,
			"BoundingBox3D Origin Z" : 0.73817664384841919,
			"ObjectId" : 8,
			"ObjectType" : "CAR",
			"Occluded" : 0.0,
			"Relative Acceleration X" : 0.090397641062736511,
			"Relative Acceleration Y" : -0.2419971376657486,
			"Relative Acceleration Z" : 0.42765435576438904,
			"Relative Velocity X" : -0.15468406677246094,
			"Relative Velocity Y" : -0.3061555027961731,
			"Relative Velocity Z" : 0.13994266092777252,
			"Truncated" : 0
		},
		{
			"Absolute Acceleration X" : -0.20228004455566406,
			"Absolute Acceleration Y" : 1.4903472661972046,
			"Absolute Acceleration Z" : -0.042666107416152954,
			"Absolute Velocity X" : 14.430097579956055,
			"Absolute Velocity Y" : 2.6436018943786621,
			"Absolute Velocity Z" : -0.28309506177902222,
			"ActorName" : "CAR 23",
			"BoundingBox3D Extent X" : 4.2787494659423828,
			"BoundingBox3D Extent Y" : 1.862237811088562,
			"BoundingBox3D Extent Z" : 1.717610239982605,
			"BoundingBox3D Orientation Quat W" : 0.9956696629524231,
			"BoundingBox3D Orientation Quat X" : 0.00051759625785052776,
			"BoundingBox3D Orientation Quat Y" : 0.009435814805328846,
			"BoundingBox3D Orientation Quat Z" : 0.092409975826740265,
			"BoundingBox3D Origin X" : 34.141941070556641,
			"BoundingBox3D Origin Y" : 5.336705207824707,
			"BoundingBox3D Origin Z" : 0.31006094813346863,
			"ObjectId" : 23,
			"ObjectType" : "CAR",
			"Occluded" : 0.0,
			"Relative Acceleration X" : -0.083429217338562012,
			"Relative Acceleration Y" : 0.54747521877288818,
			"Relative Acceleration Z" : -0.20992991328239441,
			"Relative Velocity X" : -0.42782443761825562,
			"Relative Velocity Y" : 0.73865669965744019,
			"Relative Velocity Z" : -0.089074380695819855,
			"Truncated" : 0
		},
		{
			"Absolute Acceleration X" : 0.37575149536132812,
			"Absolute Acceleration Y" : 0.97889071702957153,
			"Absolute Acceleration Z" : -0.20853424072265625,
			"Absolute Velocity X" : -17.71136474609375,
			"Absolute Velocity Y" : 2.9439806938171387,
			"Absolute Velocity Z" : -0.43717348575592041,