{
	"CapturedObjects" : 
	[
		{
			"Absolute Acceleration X" : 0.47663116455078125,
			"Absolute Acceleration Y" : 0.63116335868835449,
			"Absolute Acceleration Z" : -0.12852951884269714,
			"Absolute Velocity X" : 12.531435012817383,
			"Absolute Velocity Y" : -1.4211206436157227,
			"Absolute Velocity Z" : -0.14539319276809692,
			"ActorName" : "CAR 00",
			"BoundingBox3D Extent X" : 4.6827468872070312,
			"BoundingBox3D Extent Y" : 2.2748684883117676,
			"BoundingBox3D Extent Z" : 1.5690921545028687,
			"BoundingBox3D Orientation Quat W" : -0.99860358238220215,
			"BoundingBox3D Orientation Quat X" : -0.0053930124267935753,
			"BoundingBox3D Orientation Quat Y" : -0.0049684653058648109,
			"BoundingBox3D Orientation Quat Z" : 0.052177231758832932,
			"BoundingBox3D Origin X" : -18.811130523681641,
			"BoundingBox3D Origin Y" : 3.8168859481811523,
			"BoundingBox3D Origin Z" : 1.0548235177993774,
			"ObjectId" : 0,
			"ObjectType" : "CAR",
			"Occluded" : 0.0,
			"Relative Acceleration X" : 0.23117637634277344,
			"Relative Acceleration Y" : -0.30341199040412903,
			"Relative Acceleration Z" : -0.55571544170379639,
			"Relative Velocity X" : -2.4058077335357666,
			"Relative Velocity Y" : 0.086232654750347137,
			"Relative Velocity Z" : -0.074518740177154541,
			"Truncated" : 0
		},
		{
			"Absolute Acceleration X" : 0.82755470275878906,
			"Absolute Acceleration Y" : 0.41648876667022705,
			"Absolute Acceleration Z" : -0.001223929226398468,
			"Absolute Velocity X" : 11.577916145324707,
			"Absolute Velocity Y" : -1.8089377880096436,
			"Absolute Velocity Z" : -0.094378814101219177,
			"ActorName" : "CAR 01",
			"BoundingBox3D Extent X" : 5.0327568054199219,
			"BoundingBox3D Extent Y" : 2.3097248077392578,
			"BoundingBox3D Extent Z" : 1.9052667617797852,
			"BoundingBox3D Orientation Quat W" : -0.99720895290374756,
			"BoundingBox3D Orientation Quat X" : -0.0040775979869067669,
			"BoundingBox3D Orientation Quat Y" : -0.0031450067181140184,
			"BoundingBox3D Orientation Quat Z" : 0.074338212609291077,
			"BoundingBox3D Origin X" : -30.800907135009766,
			"BoundingBox3D Origin Y" : 5.6203145980834961,
			"BoundingBox3D Origin Z" : 1.3191105127334595,
			"ObjectId" : 1,
			"ObjectType" : "CAR",
			"Occluded" : 0.0,
			"Relative Acceleration X" : 0.55187654495239258,
			"Relative Acceleration Y" : -0.57838606834411621,
			"Relative Acceleration Z" : -0.68037515878677368,
			"Relative Velocity X" : -3.227935791015625,
			"Relative Velocity Y" : 0.55983972549438477,
			"Relative Velocity Z" : -0.1115393191576004,
			"Truncated" : 0
		},
		{
			"Absolute Acceleration X" : 0.25386333465576172,
			"Absolute Acceleration Y" : 0.79960989952087402,
			"Absolute Acceleration Z" : -0.022758737206459045,
			"Absolute Velocity X" : 13.212764739990234,
			"Absolute Velocity Y" : -0.80808091163635254,
			"Absolute Velocity Z" : -0.21595291793346405,
			"ActorName" : "CAR 02",
			"BoundingBox3D Extent X" : 4.0999999046325684,
			"BoundingBox3D Extent Y" : 1.9378294944763184,
			"BoundingBox3D Extent Z" : 1.494448184967041,
			"BoundingBox3D Orientation Quat W" : -0.99931126832962036,
			"BoundingBox3D Orientation Quat X" : -0.010353408753871918,
			"BoundingBox3D Orientation Quat Y" : -0.0073763835243880749,
			"BoundingBox3D Orientation Quat Z" : 0.034609287977218628,
			"BoundingBox3D Origin X" : -6.1630134582519531,
			"BoundingBox3D Origin Y" : 3.0881514549255371,
			"BoundingBox3D Origin Z" : 0.82011395692825317,
			"ObjectId" : 2,
			"ObjectType" : "CAR",
			"Occluded" : 0.0,
			"Relative Acceleration X" : 0.051936507225036621,
			"Relative Acceleration Y" : -0.045188158750534058,
			"Relative Acceleration Z" : -0.16156679391860962,
			"Relative Velocity X" : -1.7756245136260986,
			"Relative Velocity Y" : -0.2150348573923111,
			"Relative Velocity Z" : -0.048729021102190018,
			"Truncated" : 0
		},
		{
			"Absolute Acceleration X" : 0.19889450073242188,
			"Absolute Acceleration Y" : 1.1836559772491455,
			"Absolute Acceleration Z" : -0.057684153318405151,
			"Absolute Velocity X" : 13.781830787658691,
			"Absolute Velocity Y" : 0.70978498458862305,
			"Absolute Velocity Z" : -0.29688555002212524,
			"ActorName" : "CAR 03",
			"BoundingBox3D Extent X" : 4.4499330520629883,
			"BoundingBox3D Extent Y" : 1.9469515085220337,
			"BoundingBox3D Extent Z" : 1.8501063585281372,
			"BoundingBox3D Orientation Quat W" : 0.99959588050842285,
			"BoundingBox3D Orientation Quat X" : 0.0032616897951811552,
			"BoundingBox3D Orientation Quat Y" : 0.010808009654283524,
			"BoundingBox3D Orientation Quat Z" : 0.025755299255251884,
			"BoundingBox3D Origin X" : 15.060996055603027,
			"BoundingBox3D Origin Y" : 3.2679450511932373,
			"BoundingBox3D Origin Z" : 0.61453074216842651,
			"ObjectId" : 3,
			"ObjectType" : "CAR",
			"Occluded" : 0.0,
			"Relative Acceleration X" : 0.098782777786254883,
			"Relative Acceleration Y" : 0.53375005722045898,
			"Relative Acceleration Z" : 0.32048115134239197,
			"Relative Velocity X" : -1.1904366016387939,
			"Relative Velocity Y" : -0.23320446908473969,
			"Relative Velocity Z" : 0.033094216138124466,
			"Truncated" : 0
		},
		{
			"Absolute Acceleration X" : 0.37646961212158203,
			"Absolute Acceleration Y" : 0.7123711109161377,
			"Absolute Acceleration Z" : 0.0087807923555374146,
			"Absolute Velocity X" : 14.863070487976074,
			"Absolute Velocity Y" : -2.874579906463623,
			"Absolute Velocity Z" : -0.073940873146057129,
			"ActorName" : "CAR 08",
			"BoundingBox3D Extent X" : 4.2053003311157227,
			"BoundingBox3D Extent Y" : 1.8639274835586548,
			"BoundingBox3D Extent Z" : 1.4577363729476929,
			"BoundingBox3D Orientation Quat W" : -0.99563562870025635,
			"BoundingBox3D Orientation Quat X" : -0.0023379712365567684,
			"BoundingBox3D Orientation Quat Y" : -0.0012492233654484153,
			"BoundingBox3D Orientation Quat Z" : 0.093081600964069366,
			"BoundingBox3D Origin X" : -38.826202392578125,
			"BoundingBox3D Origin Y" : 3.376457691192627,
			"BoundingBox3D Origin Z" : 1.0746623277664185,
			"ObjectId" : 8,
			"ObjectType" : "CAR",
			"Occluded" : 0.0,
			"Relative Acceleration X" : 0.049173116683959961,
			"Relative Acceleration Y" : -0.71048235893249512,
			"Relative Acceleration Z" : -0.92291778326034546,
			"Relative Velocity X" : -0.10639654844999313,
			"Relative Velocity Y" : 0.066242828965187073,
			"Relative Velocity Z" : -0.12016646564006805,
			"Truncated" : 0
		},
		{
			"Absolute Acceleration X" : -0.32220458984375,
			"Absolute Acceleration Y" : 1.3753557205200195,
			"Absolute Acceleration Z" : -0.0094414949417114258,
			"Absolute Velocity X" : 14.387633323669434,
			"Absolute Velocity Y" : 2.7842566967010498,
			"Absolute Velocity Z" : -0.36528044939041138,
			"ActorName" : "CAR 23",
			"BoundingBox3D Extent X" : 4.2787494659423828,
			"BoundingBox3D Extent Y" : 1.862237811088562,
			"BoundingBox3D Extent Z" : 1.717610239982605,
			"BoundingBox3D Orientation Quat W" : 0.99534624814987183,
			"BoundingBox3D Orientation Quat X" : 0.003961936105042696,
			"BoundingBox3D Orientation Quat Y" : 0.012579668313264847,
			"BoundingBox3D Orientation Quat Z" : 0.095382273197174072,
			"BoundingBox3D Origin X" : 34.038265228271484,
			"BoundingBox3D Origin Y" : 5.5303468704223633,
			"BoundingBox3D Origin Z" : 0.099336422979831696,
			"ObjectId" : 23,
			"ObjectType" : "CAR",
			"Occluded" : 0.0,
			"Relative Acceleration X" : -0.28644710779190063,
			"Relative Acceleration Y" : 0.8973965048789978,
			"Relative Acceleration Z" : 0.86192107200622559,
			"Relative Velocity X" : -0.41279846429824829,
			"Relative Velocity Y" : 0.47254970669746399,
			"Relative Velocity Z" : 0.12352620810270309,
			"Truncated" : 0
		},
		{
			"Absolute Acceleration X" : 1.4448003768920898,
			"Absolute Acceleration Y" : 0.59539753198623657,
			"Absolute Acceleration Z" : -0.1851411908864975,
			"Absolute Velocity X" : -16.609241485595703,
			"Absolute Velocity Y" : 3.1816542148590088,
			"Absolute Velocity Z" : -0.30311679840087891,