{
	"CapturedObjects" : 
	[
		{
			"Absolute Acceleration X" : 0.82956171035766602,
			"Absolute Acceleration Y" : 0.05278276652097702,
			"Absolute Acceleration Z" : -0.0045902784913778305,
			"Absolute Velocity X" : 4.4485774040222168,
			"Absolute Velocity Y" : 0.1258900910615921,
			"Absolute Velocity Z" : -0.021049579605460167,
			"ActorName" : "CAR 00",
			"BoundingBox3D Extent X" : 4.3323526382446289,
			"BoundingBox3D Extent Y" : 2.0147721767425537,
			"BoundingBox3D Extent Z" : 1.6229699850082397,
			"BoundingBox3D Orientation Quat W" : 0.99980980157852173,
			"BoundingBox3D Orientation Quat X" : -0.0081700170412659645,
			"BoundingBox3D Orientation Quat Y" : 0.0020303241908550262,
			"BoundingBox3D Orientation Quat Z" : 0.016940651461482048,
			"BoundingBox3D Origin X" : 11.173606872558594,
			"BoundingBox3D Origin Y" : -0.48866134881973267,
			"BoundingBox3D Origin Z" : 0.71550726890563965,
			"ObjectId" : 0,
			"ObjectType" : "CAR",
			"Occluded" : 0.0,
			"Relative Acceleration X" : 0.62197083234786987,
			"Relative Acceleration Y" : -0.044931784272193909,
			"Relative Acceleration Z" : -0.016528412699699402,
			"Relative Velocity X" : 1.0974864959716797,
			"Relative Velocity Y" : 0.27178093791007996,
			"Relative Velocity Z" : -0.075499698519706726,
			"Truncated" : 0
		},
		{
			"Absolute Acceleration X" : -0.16575002670288086,
			"Absolute Acceleration Y" : 0.14585733413696289,
			"Absolute Acceleration Z" : -0.032539520412683487,
			"Absolute Velocity X" : 4.5555248260498047,
			"Absolute Velocity Y" : 1.1960139274597168,
			"Absolute Velocity Z" : -0.017445847392082214,
			"ActorName" : "CAR 01",
			"BoundingBox3D Extent X" : 4.6473779678344727,
			"BoundingBox3D Extent Y" : 2.2044610977172852,
			"BoundingBox3D Extent Z" : 1.7064533233642578,
			"BoundingBox3D Orientation Quat W" : 0.99225825071334839,
			"BoundingBox3D Orientation Quat X" : 0.0015409401385113597,
			"BoundingBox3D Orientation Quat Y" : 0.0022780245635658503,
			"BoundingBox3D Orientation Quat Z" : 0.12388865649700165,
			"BoundingBox3D Origin X" : -10.138168334960938,
			"BoundingBox3D Origin Y" : -6.4153237342834473,
			"BoundingBox3D Origin Z" : 0.99323368072509766,
			"ObjectId" : 1,
			"ObjectType" : "CAR",
			"Occluded" : 0.0,
			"Relative Acceleration X" : -0.46864485740661621,
			"Relative Acceleration Y" : 0.3409159779548645,
			"Relative Acceleration Z" : -0.16503797471523285,
			"Relative Velocity X" : 1.2697756290435791,
			"Relative Velocity Y" : 1.1115809679031372,
			"Relative Velocity Z" : 0.043896660208702087,
			"Truncated" : 0
		},
		{
			"Absolute Acceleration X" : 0.00048919895198196173,
			"Absolute Acceleration Y" : -0.00051409745356068015,
			"Absolute Acceleration Z" : -1.3525403801395441e-06,
			"Absolute Velocity X" : 0.00029795750742778182,
			"Absolute Velocity Y" : -0.00031125015811994672,
			"Absolute Velocity Z" : -7.8943304515632917e-07,
			"ActorName" : "CAR 03",
			"BoundingBox3D Extent X" : 4.7897377014160156,
			"BoundingBox3D Extent Y" : 2.169227123260498,
			"BoundingBox3D Extent Z" : 2.9600973129272461,
			"BoundingBox3D Orientation Quat W" : 0.84880763292312622,
			"BoundingBox3D Orientation Quat X" : -0.016237176954746246,
			"BoundingBox3D Orientation Quat Y" : -0.018597584217786789,
			"BoundingBox3D Orientation Quat Z" : -0.52754145860671997,
			"BoundingBox3D Origin X" : 96.582496643066406,
			"BoundingBox3D Origin Y" : -2.3639624118804932,
			"BoundingBox3D Origin Z" : 2.642935037612915,
			"ObjectId" : 3,
			"ObjectType" : "CAR",
			"Occluded" : 0.0,
			"Relative Acceleration X" : -0.25001540780067444,
			"Relative Acceleration Y" : -1.4167455434799194,
			"Relative Acceleration Z" : -0.53727161884307861,
			"Relative Velocity X" : -3.3122265338897705,
			"Relative Velocity Y" : 1.0385524034500122,
			"Relative Velocity Z" : -0.75749719142913818,
			"Truncated" : 0
		},
		{
			"Absolute Acceleration X" : -0.14007270336151123,
			"Absolute Acceleration Y" : -0.036305028945207596,
			"Absolute Acceleration Z" : 0.0029577533714473248,
			"Absolute Velocity X" : -0.061293203383684158,
			"Absolute Velocity Y" : -0.10361913591623306,
			"Absolute Velocity Z" : 0.0043366942554712296,
			"ActorName" : "MOTORCYCLE 05",
			"BoundingBox3D Extent X" : 5.8706741333007812,
			"BoundingBox3D Extent Y" : 1.2037248611450195,
			"BoundingBox3D Extent Z" : 0.8474196195602417,
			"BoundingBox3D Orientation Quat W" : -0.32672682404518127,
			"BoundingBox3D Orientation Quat X" : 0.0099029839038848877,
			"BoundingBox3D Orientation Quat Y" : 0.027070622891187668,
			"BoundingBox3D Orientation Quat Z" : 0.94448345899581909,
			"BoundingBox3D Origin X" : 83.787994384765625,
			"BoundingBox3D Origin Y" : 6.6768927574157715,
			"BoundingBox3D Origin Z" : 0.91989612579345703,
			"ObjectId" : 5,
			"ObjectType" : "MOTORCYCLE",
			"Occluded" : 0.0,
			"Relative Acceleration X" : -0.26887702941894531,
			"Relative Acceleration Y" : -1.1927793025970459,
			"Relative Acceleration Z" : 0.41010791063308716,
			"Relative Velocity X" : -3.4836356639862061,
			"Relative Velocity Y" : 0.81461566686630249,
			"Relative Velocity Z" : -0.57236284017562866,
			"Truncated" : 0
		},
		{
			"Absolute Acceleration X" : -0.051923260092735291,
			"Absolute Acceleration Y" : 0.051217872649431229,
			"Absolute Acceleration Z" : -0.0032943845726549625,
			"Absolute Velocity X" : -0.027898838743567467,
			"Absolute Velocity Y" : 0.069341830909252167,
			"Absolute Velocity Z" : 0.00090732186799868941,
			"ActorName" : "BUS 06",
			"BoundingBox3D Extent X" : 11.0,
			"BoundingBox3D Extent Y" : 0.36199617385864258,
			"BoundingBox3D Extent Z" : 3.1138386726379395,
			"BoundingBox3D Orientation Quat W" : 0.9697498083114624,
			"BoundingBox3D Orientation Quat X" : -0.0066938516683876514,
			"BoundingBox3D Orientation Quat Y" : -0.027917768806219101,
			"BoundingBox3D Orientation Quat Z" : 0.2405116856098175,
			"BoundingBox3D Origin X" : 86.998992919921875,
			"BoundingBox3D Origin Y" : 1.4542229175567627,
			"BoundingBox3D Origin Z" : 2.724881649017334,
			"ObjectId" : 6,
			"ObjectType" : "BUS",
			"Occluded" : 0.0,
			"Relative Acceleration X" : -0.25912976264953613,
			"Relative Acceleration Y" : -1.1562826633453369,
			"Relative Acceleration Z" : 0.38960862159729004,
			"Relative Velocity X" : -3.380821704864502,
			"Relative Velocity Y" : 1.0057488679885864,
			"Relative Velocity Z" : -0.64727628231048584,
			"Truncated" : 0
		},
		{
			"Absolute Acceleration X" : 0.61567836999893188,
			"Absolute Acceleration Y" : 0.61259663105010986,
			"Absolute Acceleration Z" : 0.081841140985488892,
			"Absolute Velocity X" : 6.8281526565551758,
			"Absolute Velocity Y" : -2.5909521579742432,
			"Absolute Velocity Z" : 0.32953748106956482,
			"ActorName" : "CAR 08",
			"BoundingBox3D Extent X" : 4.4970188140869141,
			"BoundingBox3D Extent Y" : 1.6922676563262939,
			"BoundingBox3D Extent Z" : 1.1785448789596558,
			"BoundingBox3D Orientation Quat W" : -0.98349744081497192,
			"BoundingBox3D Orientation Quat X" : 0.0090048639103770256,
			"BoundingBox3D Orientation Quat Y" : 0.022502915933728218,
			"BoundingBox3D Orientation Quat Z" : 0.17926955223083496,
			"BoundingBox3D Origin X" : 88.068168640136719,
			"BoundingBox3D Origin Y" : -8.5565528869628906,
			"BoundingBox3D Origin Z" : 1.7403597831726074,
			"ObjectId" : 8,
			"ObjectType" : "CAR",
			"Occluded" : 0.0,
			"Relative Acceleration X" : 0.40112718939781189,
			"Relative Acceleration Y" : -0.33277946710586548,
			"Relative Acceleration Z" : 0.084061026573181152,
			"Relative Velocity X" : 3.5995991230010986,
			"Relative Velocity Y" : -1.574095606803894,
			"Relative Velocity Z" : -0.73028808832168579,
			"Truncated" : 0
		},
		{
			"Absolute Acceleration X" : -0.42829605937004089,
			"Absolute Acceleration Y" : 0.61350756883621216,
			"Absolute Acceleration Z" : -0.02673904225230217,
			"Absolute Velocity X" : 0.19055499136447906,
			"Absolute Velocity Y" : -0.54131060838699341,