{
	"CapturedObjects" : 
	[
		{
			"Absolute Acceleration X" : 0.029438622295856476,
			"Absolute Acceleration Y" : 0.19799904525279999,
			"Absolute Acceleration Z" : -0.023767456412315369,
			"Absolute Velocity X" : 0.029540907591581345,
			"Absolute Velocity Y" : 0.27710416913032532,
			"Absolute Velocity Z" : -0.034799803048372269,
			"ActorName" : "CAR 03",
			"BoundingBox3D Extent X" : 4.0999999046325684,
			"BoundingBox3D Extent Y" : 1.9705207347869873,
			"BoundingBox3D Extent Z" : 1.6924480199813843,
			"BoundingBox3D Orientation Quat W" : -0.99962162971496582,
			"BoundingBox3D Orientation Quat X" : 0.0047948532737791538,
			"BoundingBox3D Orientation Quat Y" : -0.016384737566113472,
			"BoundingBox3D Orientation Quat Z" : -0.021560065448284149,
			"BoundingBox3D Origin X" : -108.31544494628906,
			"BoundingBox3D Origin Y" : 2.2213053703308105,
			"BoundingBox3D Origin Z" : 3.0429742336273193,
			"ObjectId" : 3,
			"ObjectType" : "CAR",
			"Occluded" : 0.0,
			"Relative Acceleration X" : -0.5882299542427063,
			"Relative Acceleration Y" : -0.63929808139801025,
			"Relative Acceleration Z" : 0.38168594241142273,
			"Relative Velocity X" : -11.84429931640625,
			"Relative Velocity Y" : -3.4023518562316895,
			"Relative Velocity Z" : 0.13454003632068634,
			"Truncated" : 0
		},
		{
			"Absolute Acceleration X" : 1.4041452407836914,
			"Absolute Acceleration Y" : -0.40705734491348267,
			"Absolute Acceleration Z" : -0.029657989740371704,
			"Absolute Velocity X" : 11.376800537109375,
			"Absolute Velocity Y" : 0.2816949188709259,
			"Absolute Velocity Z" : -0.19479992985725403,
			"ActorName" : "CAR 11",
			"BoundingBox3D Extent X" : 4.6884832382202148,
			"BoundingBox3D Extent Y" : 2.197819709777832,
			"BoundingBox3D Extent Z" : 1.7287662029266357,
			"BoundingBox3D Orientation Quat W" : 0.99987506866455078,
			"BoundingBox3D Orientation Quat X" : 0.0010549053549766541,
			"BoundingBox3D Orientation Quat Y" : 0.0087913759052753448,
			"BoundingBox3D Orientation Quat Z" : 0.010462692007422447,
			"BoundingBox3D Origin X" : -17.419898986816406,
			"BoundingBox3D Origin Y" : -0.35983201861381531,
			"BoundingBox3D Origin Z" : 1.1275184154510498,
			"ObjectId" : 11,
			"ObjectType" : "CAR",
			"Occluded" : 0.0,
			"Relative Acceleration X" : 0.78001821041107178,
			"Relative Acceleration Y" : -0.23728622496128082,
			"Relative Acceleration Z" : -0.14321890473365784,
			"Relative Velocity X" : -0.41509196162223816,
			"Relative Velocity Y" : -0.20253841578960419,
			"Relative Velocity Z" : -0.0083157205954194069,
			"Truncated" : 0
		},
		{
			"Absolute Acceleration X" : -0.020860772579908371,
			"Absolute Acceleration Y" : -0.1342003345489502,
			"Absolute Acceleration Z" : 0.0049673700705170631,
			"Absolute Velocity X" : -0.014635016210377216,
			"Absolute Velocity Y" : -0.092250555753707886,
			"Absolute Velocity Z" : 0.0043462794274091721,
			"ActorName" : "TRUCK 12",
			"BoundingBox3D Extent X" : 11.0,
			"BoundingBox3D Extent Y" : 3.1615667343139648,
			"BoundingBox3D Extent Z" : 2.6947684288024902,
			"BoundingBox3D Orientation Quat W" : 0.9997134804725647,
			"BoundingBox3D Orientation Quat X" : -0.005055947694927454,
			"BoundingBox3D Orientation Quat Y" : 0.016301577910780907,
			"BoundingBox3D Orientation Quat Z" : 0.0052914600819349289,
			"BoundingBox3D Origin X" : -111.28134155273438,
			"BoundingBox3D Origin Y" : 5.7873001098632812,
			"BoundingBox3D Origin Z" : 3.1680107116699219,
			"ObjectId" : 12,
			"ObjectType" : "TRUCK",
			"Occluded" : 0.0,
			"Relative Acceleration X" : -0.56770896911621094,
			"Relative Acceleration Y" : -2.0178935527801514,
			"Relative Acceleration Z" : -0.56521296501159668,
			"Relative Velocity X" : -12.012609481811523,
			"Relative Velocity Y" : -3.8767640590667725,
			"Relative Velocity Z" : 0.14625701308250427,
			"Truncated" : 0
		},
		{
			"Absolute Acceleration X" : 0.047058552503585815,
			"Absolute Acceleration Y" : 0.87254339456558228,
			"Absolute Acceleration Z" : 0.027743330225348473,
			"Absolute Velocity X" : -1.2508952617645264,
			"Absolute Velocity Y" : 0.92749077081680298,
			"Absolute Velocity Z" : 0.05765949934720993,
			"ActorName" : "CAR 15",
			"BoundingBox3D Extent X" : 13.251049041748047,
			"BoundingBox3D Extent Y" : 8.2850189208984375,
			"BoundingBox3D Extent Z" : 2.7265839576721191,
			"BoundingBox3D Orientation Quat W" : -0.034232020378112793,
			"BoundingBox3D Orientation Quat X" : 0.011751142330467701,
			"BoundingBox3D Orientation Quat Y" : -0.0029225996695458889,
			"BoundingBox3D Orientation Quat Z" : 0.99930679798126221,
			"BoundingBox3D Origin X" : -70.284019470214844,
			"BoundingBox3D Origin Y" : 1.6863251924514771,
			"BoundingBox3D Origin Z" : 2.5477414131164551,
			"ObjectId" : 15,
			"ObjectType" : "CAR",
			"Occluded" : 0.0,
			"Relative Acceleration X" : -0.61889833211898804,
			"Relative Acceleration Y" : 0.13110789656639099,
			"Relative Acceleration Z" : 0.26202237606048584,
			"Relative Velocity X" : -13.096545219421387,
			"Relative Velocity Y" : -1.4228978157043457,
			"Relative Velocity Z" : 0.21070012450218201,
			"Truncated" : 0
		},
		{
			"Absolute Acceleration X" : -0.49689769744873047,
			"Absolute Acceleration Y" : -0.043325342237949371,
			"Absolute Acceleration Z" : -0.0055542401969432831,
			"Absolute Velocity X" : 0.56774210929870605,
			"Absolute Velocity Y" : 0.091326281428337097,
			"Absolute Velocity Z" : -0.035724267363548279,
			"ActorName" : "BUS 25",
			"BoundingBox3D Extent X" : 12.06691837310791,
			"BoundingBox3D Extent Y" : 2.9985027313232422,
			"BoundingBox3D Extent Z" : 2.5752232074737549,
			"BoundingBox3D Orientation Quat W" : 0.999664306640625,
			"BoundingBox3D Orientation Quat X" : -0.014096231199800968,
			"BoundingBox3D Orientation Quat Y" : 0.0086913993582129478,
			"BoundingBox3D Orientation Quat Z" : 0.014075474813580513,
			"BoundingBox3D Origin X" : -43.382369995117188,
			"BoundingBox3D Origin Y" : 6.6576642990112305,
			"BoundingBox3D Origin Z" : 1.7863813638687134,
			"ObjectId" : 25,
			"ObjectType" : "BUS",
			"Occluded" : 0.0,
			"Relative Acceleration X" : -1.1591281890869141,
			"Relative Acceleration Y" : -1.0271265506744385,
			"Relative Acceleration Z" : -0.22099533677101135,
			"Relative Velocity X" : -11.466159820556641,
			"Relative Velocity Y" : -1.3333090543746948,
			"Relative Velocity Z" : 0.066883347928524017,
			"Truncated" : 0
		},
		{
			"Absolute Acceleration X" : 0.00021756312344223261,
			"Absolute Acceleration Y" : -0.0061507141217589378,
			"Absolute Acceleration Z" : 0.00011959043331444263,
			"Absolute Velocity X" : 0.0035849998239427805,
			"Absolute Velocity Y" : -0.0098506584763526917,
			"Absolute Velocity Z" : 6.5921318309847265e-05,
			"ActorName" : "CAR 29",
			"BoundingBox3D Extent X" : 5.611091136932373,
			"BoundingBox3D Extent Y" : 2.4036376476287842,
			"BoundingBox3D Extent Z" : 2.6183545589447021,
			"BoundingBox3D Orientation Quat W" : -0.66764062643051147,
			"BoundingBox3D Orientation Quat X" : 0.025607137009501457,
			"BoundingBox3D Orientation Quat Y" : 0.015023785643279552,
			"BoundingBox3D Orientation Quat Z" : 0.74389064311981201,
			"BoundingBox3D Origin X" : 36.067756652832031,
			"BoundingBox3D Origin Y" : -22.691473007202148,
			"BoundingBox3D Origin Z" : 1.3056069612503052,
			"ObjectId" : 29,
			"ObjectType" : "CAR",
			"Occluded" : 0.0,
			"Relative Acceleration X" : -0.38683128356933594,
			"Relative Acceleration Y" : 0.034822702407836914,
			"Relative Acceleration Z" : 0.22249507904052734,
			"Relative Velocity X" : -11.012103080749512,
			"Relative Velocity Y" : 1.3466873168945312,
			"Relative Velocity Z" : 0.29046973586082458,
			"Truncated" : 0
		},
		{
			"Absolute Acceleration X" : 0.081431753933429718,
			"Absolute Acceleration Y" : -0.015493030659854412,
			"Absolute Acceleration Z" : 0.004345232155174017,
			"Absolute Velocity X" : 16.863273620605469,
			"Absolute Velocity Y" : -1.851905345916748,