{
	"CapturedObjects" : 
	[
		{
			"Absolute Acceleration X" : -0.052339553833007812,
			"Absolute Acceleration Y" : -0.17185491323471069,
			"Absolute Acceleration Z" : 0.034683957695960999,
			"Absolute Velocity X" : 17.107540130615234,
			"Absolute Velocity Y" : 0.19727808237075806,
			"Absolute Velocity Z" : -0.21162630617618561,
			"ActorName" : "CAR 02",
			"BoundingBox3D Extent X" : 4.4656820297241211,
			"BoundingBox3D Extent Y" : 2.252082347869873,
			"BoundingBox3D Extent Z" : 1.6700176000595093,
			"BoundingBox3D Orientation Quat W" : 0.99984240531921387,
			"BoundingBox3D Orientation Quat X" : 0.016006503254175186,
			"BoundingBox3D Orientation Quat Y" : 0.0062633710913360119,
			"BoundingBox3D Orientation Quat Z" : 0.0010732230730354786,
			"BoundingBox3D Origin X" : -18.524808883666992,
			"BoundingBox3D Origin Y" : -1.2464320659637451,
			"BoundingBox3D Origin Z" : 0.99562883377075195,
			"ObjectId" : 2,
			"ObjectType" : "CAR",
			"Occluded" : 0.0,
			"Relative Acceleration X" : -0.47317385673522949,
			"Relative Acceleration Y" : -0.21165578067302704,
			"Relative Acceleration Z" : -0.12929399311542511,
			"Relative Velocity X" : -1.5631498098373413,
			"Relative Velocity Y" : 0.29385557770729065,
			"Relative Velocity Z" : 0.070479415357112885,
			"Truncated" : 0
		},
		{
			"Absolute Acceleration X" : 0.18223190307617188,
			"Absolute Acceleration Y" : -0.0063934922218322754,
			"Absolute Acceleration Z" : -0.079156339168548584,
			"Absolute Velocity X" : 16.154777526855469,
			"Absolute Velocity Y" : -0.19740326702594757,
			"Absolute Velocity Z" : -0.20229673385620117,
			"ActorName" : "CAR 03",
			"BoundingBox3D Extent X" : 5.0327348709106445,
			"BoundingBox3D Extent Y" : 2.5773553848266602,
			"BoundingBox3D Extent Z" : 1.6179120540618896,
			"BoundingBox3D Orientation Quat W" : 0.99987882375717163,
			"BoundingBox3D Orientation Quat X" : 0.013373274356126785,
			"BoundingBox3D Orientation Quat Y" : 0.0060547930188477039,
			"BoundingBox3D Orientation Quat Z" : -0.00048686502850614488,
			"BoundingBox3D Origin X" : 9.3194999694824219,
			"BoundingBox3D Origin Y" : -3.2068684101104736,
			"BoundingBox3D Origin Z" : 0.62464636564254761,
			"ObjectId" : 3,
			"ObjectType" : "CAR",
			"Occluded" : 0.0,
			"Relative Acceleration X" : -0.22555351257324219,
			"Relative Acceleration Y" : 0.066761180758476257,
			"Relative Acceleration Z" : -0.003468632698059082,
			"Relative Velocity X" : -2.5104691982269287,
			"Relative Velocity Y" : -0.015503296628594398,
			"Relative Velocity Z" : 0.0050700190477073193,
			"Truncated" : 0
		},
		{
			"Absolute Acceleration X" : -0.028684616088867188,
			"Absolute Acceleration Y" : 0.34185576438903809,
			"Absolute Acceleration Z" : 0.12611055374145508,
			"Absolute Velocity X" : 16.572099685668945,
			"Absolute Velocity Y" : -0.27332788705825806,
			"Absolute Velocity Z" : -0.13674885034561157,
			"ActorName" : "CAR 04",
			"BoundingBox3D Extent X" : 4.1435985565185547,
			"BoundingBox3D Extent Y" : 1.8999999761581421,
			"BoundingBox3D Extent Z" : 1.1852937936782837,
			"BoundingBox3D Orientation Quat W" : -0.9999428391456604,
			"BoundingBox3D Orientation Quat X" : -0.003817650256678462,
			"BoundingBox3D Orientation Quat Y" : -0.0038784483913332224,
			"BoundingBox3D Orientation Quat Z" : 0.0091084707528352737,
			"BoundingBox3D Origin X" : 12.410998344421387,
			"BoundingBox3D Origin Y" : 25.270532608032227,
			"BoundingBox3D Origin Z" : 1.0778603553771973,
			"ObjectId" : 4,
			"ObjectType" : "CAR",
			"Occluded" : 0.0,
			"Relative Acceleration X" : -0.55927419662475586,
			"Relative Acceleration Y" : 0.42257103323936462,
			"Relative Acceleration Z" : 0.49376857280731201,
			"Relative Velocity X" : -2.1795248985290527,
			"Relative Velocity Y" : -0.082758896052837372,
			"Relative Velocity Z" : 0.099014908075332642,
			"Truncated" : 0
		},
		{
			"Absolute Acceleration X" : -0.22975054383277893,
			"Absolute Acceleration Y" : -0.38926967978477478,
			"Absolute Acceleration Z" : -0.14860285818576813,
			"Absolute Velocity X" : -15.971393585205078,
			"Absolute Velocity Y" : -0.8791688084602356,
			"Absolute Velocity Z" : 0.057020112872123718,
			"ActorName" : "CAR 06",
			"BoundingBox3D Extent X" : 4.6054096221923828,
			"BoundingBox3D Extent Y" : 2.0132546424865723,
			"BoundingBox3D Extent Z" : 1.54381263256073,
			"BoundingBox3D Orientation Quat W" : -0.029015520587563515,
			"BoundingBox3D Orientation Quat X" : 0.0039098924025893211,
			"BoundingBox3D Orientation Quat Y" : 0.010627091862261295,
			"BoundingBox3D Orientation Quat Z" : 0.99950689077377319,
			"BoundingBox3D Origin X" : -72.747314453125,
			"BoundingBox3D Origin Y" : 3.1980609893798828,
			"BoundingBox3D Origin Z" : 1.5608398914337158,
			"ObjectId" : 6,
			"ObjectType" : "CAR",
			"Occluded" : 0.0,
			"Relative Acceleration X" : -0.48152247071266174,
			"Relative Acceleration Y" : -0.62081319093704224,
			"Relative Acceleration Z" : 0.15992516279220581,
			"Relative Velocity X" : -34.616764068603516,
			"Relative Velocity Y" : -0.94836485385894775,
			"Relative Velocity Z" : 0.35156992077827454,
			"Truncated" : 0
		},
		{
			"Absolute Acceleration X" : 0.017929213121533394,
			"Absolute Acceleration Y" : 0.20773756504058838,
			"Absolute Acceleration Z" : 0.0076575176790356636,
			"Absolute Velocity X" : 0.034030761569738388,
			"Absolute Velocity Y" : -0.19802506268024445,
			"Absolute Velocity Z" : 0.0039160111919045448,
			"ActorName" : "CAR 13",
			"BoundingBox3D Extent X" : 4.0999999046325684,
			"BoundingBox3D Extent Y" : 1.4886858463287354,
			"BoundingBox3D Extent Z" : 1.3570810556411743,
			"BoundingBox3D Orientation Quat W" : 0.74562638998031616,
			"BoundingBox3D Orientation Quat X" : -0.0010670910123735666,
			"BoundingBox3D Orientation Quat Y" : 0.007029577624052763,
			"BoundingBox3D Orientation Quat Z" : -0.66632699966430664,
			"BoundingBox3D Origin X" : 87.576416015625,
			"BoundingBox3D Origin Y" : -45.574176788330078,
			"BoundingBox3D Origin Z" : -0.68474966287612915,
			"ObjectId" : 13,
			"ObjectType" : "CAR",
			"Occluded" : 0.0,
			"Relative Acceleration X" : -0.2059783935546875,
			"Relative Acceleration Y" : 0.51835209131240845,
			"Relative Acceleration Z" : 0.4467119574546814,
			"Relative Velocity X" : -18.504737854003906,
			"Relative Velocity Y" : 0.21280388534069061,
			"Relative Velocity Z" : -0.077989473938941956,
			"Truncated" : 0
		},
		{
			"Absolute Acceleration X" : 0.086568951606750488,
			"Absolute Acceleration Y" : 0.25665679574012756,
			"Absolute Acceleration Z" : 0.020367583259940147,
			"Absolute Velocity X" : -0.07639002799987793,
			"Absolute Velocity Y" : -0.26187589764595032,
			"Absolute Velocity Z" : -0.020251663401722908,
			"ActorName" : "CAR 14",
			"BoundingBox3D Extent X" : 4.0999999046325684,
			"BoundingBox3D Extent Y" : 1.9795249700546265,
			"BoundingBox3D Extent Z" : 1.6335179805755615,
			"BoundingBox3D Orientation Quat W" : -0.723835289478302,
			"BoundingBox3D Orientation Quat X" : 0.038501106202602386,
			"BoundingBox3D Orientation Quat Y" : -0.026695296168327332,
			"BoundingBox3D Orientation Quat Z" : 0.68822437524795532,
			"BoundingBox3D Origin X" : 85.690803527832031,
			"BoundingBox3D Origin Y" : -24.206924438476562,
			"BoundingBox3D Origin Z" : -0.60391426086425781,
			"ObjectId" : 14,
			"ObjectType" : "CAR",
			"Occluded" : 0.0,
			"Relative Acceleration X" : -0.35759064555168152,
			"Relative Acceleration Y" : 0.30395412445068359,
			"Relative Acceleration Z" : 0.099007077515125275,
			"Relative Velocity X" : -18.681041717529297,
			"Relative Velocity Y" : 0.14295732975006104,
			"Relative Velocity Z" : -0.071688979864120483,
			"Truncated" : 0
		},
		{
			"Absolute Acceleration X" : 1.3743886947631836,
			"Absolute Acceleration Y" : -0.058958008885383606,
			"Absolute Acceleration Z" : -0.026686877012252808,
			"Absolute Velocity X" : -8.8563604354858398,
			"Absolute Velocity Y" : 0.05685083195567131,