{
	"CapturedObjects" : 
	[
		{
			"Absolute Acceleration X" : -0.15753364562988281,
			"Absolute Acceleration Y" : 0.42537239193916321,
			"Absolute Acceleration Z" : 0.056182622909545898,
			"Absolute Velocity X" : 15.969738006591797,
			"Absolute Velocity Y" : -0.099382579326629639,
			"Absolute Velocity Z" : -0.15831966698169708,
			"ActorName" : "CAR 00",
			"BoundingBox3D Extent X" : 5.0130834579467773,
			"BoundingBox3D Extent Y" : 1.9722530841827393,
			"BoundingBox3D Extent Z" : 1.8520313501358032,
			"BoundingBox3D Orientation Quat W" : 0.99997270107269287,
			"BoundingBox3D Orientation Quat X" : 0.003504907013848424,
			"BoundingBox3D Orientation Quat Y" : 0.0033008093014359474,
			"BoundingBox3D Orientation Quat Z" : -0.0023291753605008125,
			"BoundingBox3D Origin X" : 6.0803513526916504,
			"BoundingBox3D Origin Y" : 3.6973073482513428,
			"BoundingBox3D Origin Z" : 0.7964242696762085,
			"ObjectId" : 0,
			"ObjectType" : "CAR",
			"Occluded" : 0.0,
			"Relative Acceleration X" : -0.64147669076919556,
			"Relative Acceleration Y" : 0.45333036780357361,
			"Relative Acceleration Z" : 0.071756750345230103,
			"Relative Velocity X" : -1.124853253364563,
			"Relative Velocity Y" : 0.076969169080257416,
			"Relative Velocity Z" : 0.08792993426322937,
			"Truncated" : 0
		},
		{
			"Absolute Acceleration X" : 0.26021671295166016,
			"Absolute Acceleration Y" : 0.65721261501312256,
			"Absolute Acceleration Z" : 0.030694335699081421,
			"Absolute Velocity X" : 14.847938537597656,
			"Absolute Velocity Y" : -0.82847946882247925,
			"Absolute Velocity Z" : -0.16422145068645477,
			"ActorName" : "CAR 01",
			"BoundingBox3D Extent X" : 4.3575758934020996,
			"BoundingBox3D Extent Y" : 2.0040740966796875,
			"BoundingBox3D Extent Z" : 1.4757857322692871,
			"BoundingBox3D Orientation Quat W" : -0.99980819225311279,
			"BoundingBox3D Orientation Quat X" : 0.0031205781269818544,
			"BoundingBox3D Orientation Quat Y" : -0.0052873562090098858,
			"BoundingBox3D Orientation Quat Z" : 0.018056396394968033,
			"BoundingBox3D Origin X" : -23.787532806396484,
			"BoundingBox3D Origin Y" : 4.2753915786743164,
			"BoundingBox3D Origin Z" : 0.9157874584197998,
			"ObjectId" : 1,
			"ObjectType" : "CAR",
			"Occluded" : 0.0,
			"Relative Acceleration X" : -0.24809050559997559,
			"Relative Acceleration Y" : -0.23475633561611176,
			"Relative Acceleration Z" : 0.15371176600456238,
			"Relative Velocity X" : -2.2394235134124756,
			"Relative Velocity Y" : -0.43892717361450195,
			"Relative Velocity Z" : 0.10019899159669876,
			"Truncated" : 0
		},
		{
			"Absolute Acceleration X" : -0.15308189392089844,
			"Absolute Acceleration Y" : 0.1109444797039032,
			"Absolute Acceleration Z" : -0.060884147882461548,
			"Absolute Velocity X" : 15.46250057220459,
			"Absolute Velocity Y" : 0.45569774508476257,
			"Absolute Velocity Z" : -0.34951886534690857,
			"ActorName" : "CAR 02",
			"BoundingBox3D Extent X" : 4.6226119995117188,
			"BoundingBox3D Extent Y" : 1.9168152809143066,
			"BoundingBox3D Extent Z" : 1.6673797369003296,
			"BoundingBox3D Orientation Quat W" : 0.99982619285583496,
			"BoundingBox3D Orientation Quat X" : 0.0043755611404776573,
			"BoundingBox3D Orientation Quat Y" : 0.0084732463583350182,
			"BoundingBox3D Orientation Quat Z" : 0.015002892352640629,
			"BoundingBox3D Origin X" : 26.389928817749023,
			"BoundingBox3D Origin Y" : 4.189612865447998,
			"BoundingBox3D Origin Z" : 0.4281923770904541,
			"ObjectId" : 2,
			"ObjectType" : "CAR",
			"Occluded" : 0.0,
			"Relative Acceleration X" : -0.64714908599853516,
			"Relative Acceleration Y" : 0.79558807611465454,
			"Relative Acceleration Z" : -0.095443814992904663,
			"Relative Velocity X" : -1.63071608543396,
			"Relative Velocity Y" : 0.48128384351730347,
			"Relative Velocity Z" : -0.11495064944028854,
			"Truncated" : 0
		},
		{
			"Absolute Acceleration X" : -0.57973957061767578,
			"Absolute Acceleration Y" : 0.63406187295913696,
			"Absolute Acceleration Z" : 0.0089226216077804565,
			"Absolute Velocity X" : 14.250811576843262,
			"Absolute Velocity Y" : -1.2435601949691772,
			"Absolute Velocity Z" : -0.16665336489677429,
			"ActorName" : "CAR 03",
			"BoundingBox3D Extent X" : 4.2375988960266113,
			"BoundingBox3D Extent Y" : 1.8981106281280518,
			"BoundingBox3D Extent Z" : 1.4892768859863281,
			"BoundingBox3D Orientation Quat W" : -0.99907010793685913,
			"BoundingBox3D Orientation Quat X" : 0.0076125375926494598,
			"BoundingBox3D Orientation Quat Y" : -0.0065785208716988564,
			"BoundingBox3D Orientation Quat Z" : 0.041478671133518219,
			"BoundingBox3D Origin X" : -34.044937133789062,
			"BoundingBox3D Origin Y" : 5.3552694320678711,
			"BoundingBox3D Origin Z" : 1.074089527130127,
			"ObjectId" : 3,
			"ObjectType" : "CAR",
			"Occluded" : 0.0,
			"Relative Acceleration X" : -1.1253499984741211,
			"Relative Acceleration Y" : -0.59302234649658203,
			"Relative Acceleration Z" : 0.18177670240402222,
			"Relative Velocity X" : -2.8266746997833252,
			"Relative Velocity Y" : -0.78141027688980103,
			"Relative Velocity Z" : 0.10814490914344788,
			"Truncated" : 0
		},
		{
			"Absolute Acceleration X" : 0.31722509860992432,
			"Absolute Acceleration Y" : 1.316020131111145,
			"Absolute Acceleration Z" : -0.040940888226032257,
			"Absolute Velocity X" : 17.301010131835938,
			"Absolute Velocity Y" : -2.0109758377075195,
			"Absolute Velocity Z" : -0.24461700022220612,
			"ActorName" : "CAR 04",
			"BoundingBox3D Extent X" : 4.1757917404174805,
			"BoundingBox3D Extent Y" : 1.8231935501098633,
			"BoundingBox3D Extent Z" : 1.4536383152008057,
			"BoundingBox3D Orientation Quat W" : -0.99825137853622437,
			"BoundingBox3D Orientation Quat X" : 0.015350854955613613,
			"BoundingBox3D Orientation Quat Y" : -0.0092354044318199158,
			"BoundingBox3D Orientation Quat Z" : 0.055869113653898239,
			"BoundingBox3D Origin X" : -42.059452056884766,
			"BoundingBox3D Origin Y" : 2.1125998497009277,
			"BoundingBox3D Origin Z" : 1.2164050340652466,
			"ObjectId" : 4,
			"ObjectType" : "CAR",
			"Occluded" : 0.0,
			"Relative Acceleration X" : -0.1634625643491745,
			"Relative Acceleration Y" : -0.23472785949707031,
			"Relative Acceleration Z" : 0.26078563928604126,
			"Relative Velocity X" : 0.21059538424015045,
			"Relative Velocity Y" : -1.45588219165802,
			"Relative Velocity Z" : 0.040168378502130508,
			"Truncated" : 0
		},
		{
			"Absolute Acceleration X" : 0.20886135101318359,
			"Absolute Acceleration Y" : -0.21047429740428925,
			"Absolute Acceleration Z" : 0.17756122350692749,
			"Absolute Velocity X" : 16.02764892578125,
			"Absolute Velocity Y" : 0.26482337713241577,
			"Absolute Velocity Z" : 0.088499709963798523,
			"ActorName" : "CAR 06",
			"BoundingBox3D Extent X" : 4.4628629684448242,
			"BoundingBox3D Extent Y" : 2.1686763763427734,
			"BoundingBox3D Extent Z" : 2.7319893836975098,
			"BoundingBox3D Orientation Quat W" : 0.99983692169189453,
			"BoundingBox3D Orientation Quat X" : 0.013177944347262383,
			"BoundingBox3D Orientation Quat Y" : -0.0026248360518366098,
			"BoundingBox3D Orientation Quat Z" : 0.011514237150549889,
			"BoundingBox3D Origin X" : 128.81364440917969,
			"BoundingBox3D Origin Y" : 7.2743387222290039,
			"BoundingBox3D Origin Z" : 0.23153969645500183,
			"ObjectId" : 6,
			"ObjectType" : "CAR",
			"Occluded" : 0.0,
			"Relative Acceleration X" : -0.41523665189743042,
			"Relative Acceleration Y" : 3.7153372764587402,
			"Relative Acceleration Z" : -0.10554817318916321,
			"Relative Velocity X" : -1.0390114784240723,
			"Relative Velocity Y" : -0.45962238311767578,
			"Relative Velocity Z" : 0.28255686163902283,
			"Truncated" : 0
		},
		{
			"Absolute Acceleration X" : 0.22643470764160156,
			"Absolute Acceleration Y" : 0.18276894092559814,
			"Absolute Acceleration Z" : 0.16092334687709808,
			"Absolute Velocity X" : 18.33234977722168,
			"Absolute Velocity Y" : 0.56514286994934082,
			"Absolute Velocity Z" : -0.27878254652023315,
			"ActorName" : "CAR 09",