{
	"CapturedObjects" : 
	[
		{
			"Absolute Acceleration X" : 0.14109630882740021,
			"Absolute Acceleration Y" : -0.011838853359222412,
			"Absolute Acceleration Z" : 0.019238622859120369,
			"Absolute Velocity X" : 3.2667214870452881,
			"Absolute Velocity Y" : -0.098906576633453369,
			"Absolute Velocity Z" : -0.018933676183223724,
			"ActorName" : "CAR 00",
			"BoundingBox3D Extent X" : 4.3476333618164062,
			"BoundingBox3D Extent Y" : 2.1108732223510742,
			"BoundingBox3D Extent Z" : 1.5744835138320923,
			"BoundingBox3D Orientation Quat W" : 0.99992191791534424,
			"BoundingBox3D Orientation Quat X" : 0.0082995165139436722,
			"BoundingBox3D Orientation Quat Y" : 0.0031697510275989771,
			"BoundingBox3D Orientation Quat Z" : -0.0085593694821000099,
			"BoundingBox3D Origin X" : 9.4381093978881836,
			"BoundingBox3D Origin Y" : -1.1840659379959106,
			"BoundingBox3D Origin Z" : 0.72402232885360718,
			"ObjectId" : 0,
			"ObjectType" : "CAR",
			"Occluded" : 0.0,
			"Relative Acceleration X" : 0.489673912525177,
			"Relative Acceleration Y" : 0.012633085250854492,
			"Relative Acceleration Z" : -0.047431245446205139,
			"Relative Velocity X" : 0.22160699963569641,
			"Relative Velocity Y" : 0.018342569470405579,
			"Relative Velocity Z" : -0.022876899689435959,
			"Truncated" : 0
		},
		{
			"Absolute Acceleration X" : -0.16507890820503235,
			"Absolute Acceleration Y" : -0.28773358464241028,
			"Absolute Acceleration Z" : -0.021450046449899673,
			"Absolute Velocity X" : 0.51247012615203857,
			"Absolute Velocity Y" : 0.95787274837493896,
			"Absolute Velocity Z" : 0.029172319918870926,
			"ActorName" : "PEDESTRIAN 11",
			"BoundingBox3D Extent X" : 0.87016814947128296,
			"BoundingBox3D Extent Y" : 0.74505412578582764,
			"BoundingBox3D Extent Z" : 1.6921769380569458,
			"BoundingBox3D Orientation Quat W" : 0.84568154811859131,
			"BoundingBox3D Orientation Quat X" : 0.00089051231043413281,
			"BoundingBox3D Orientation Quat Y" : -0.012490109540522099,
			"BoundingBox3D Orientation Quat Z" : 0.53315860033035278,
			"BoundingBox3D Origin X" : 38.353660583496094,
			"BoundingBox3D Origin Y" : 0.70235180854797363,
			"BoundingBox3D Origin Z" : 0.97803080081939697,
			"ObjectId" : 11,
			"ObjectType" : "PEDESTRIAN",
			"Occluded" : 0.0,
			"Relative Acceleration X" : 0.16029341518878937,
			"Relative Acceleration Y" : -0.30514928698539734,
			"Relative Acceleration Z" : -0.34313559532165527,
			"Relative Velocity X" : -2.5497026443481445,
			"Relative Velocity Y" : 1.3277353048324585,
			"Relative Velocity Z" : -0.043704774230718613,
			"Truncated" : 0
		},
		{
			"Absolute Acceleration X" : 0.29556888341903687,
			"Absolute Acceleration Y" : -0.048795826733112335,
			"Absolute Acceleration Z" : 0.0085586439818143845,
			"Absolute Velocity X" : 2.6728320121765137,
			"Absolute Velocity Y" : -0.14886030554771423,
			"Absolute Velocity Z" : 0.01870664581656456,
			"ActorName" : "CAR 13",
			"BoundingBox3D Extent X" : 4.2287254333496094,
			"BoundingBox3D Extent Y" : 1.6592824459075928,
			"BoundingBox3D Extent Z" : 1.5964127779006958,
			"BoundingBox3D Orientation Quat W" : -0.99868017435073853,
			"BoundingBox3D Orientation Quat X" : -0.012976025231182575,
			"BoundingBox3D Orientation Quat Y" : 0.0032821493223309517,
			"BoundingBox3D Orientation Quat Z" : 0.049577176570892334,
			"BoundingBox3D Origin X" : 26.185344696044922,
			"BoundingBox3D Origin Y" : -1.3885689973831177,
			"BoundingBox3D Origin Z" : 0.76481091976165771,
			"ObjectId" : 13,
			"ObjectType" : "CAR",
			"Occluded" : 0.0,
			"Relative Acceleration X" : 0.64315742254257202,
			"Relative Acceleration Y" : -0.035373616963624954,
			"Relative Acceleration Z" : -0.19971954822540283,
			"Relative Velocity X" : -0.3707960844039917,
			"Relative Velocity Y" : 0.11578984558582306,
			"Relative Velocity Z" : -0.027213471010327339,
			"Truncated" : 0
		},
		{
			"Absolute Acceleration X" : 0.61472147703170776,
			"Absolute Acceleration Y" : -1.2734071016311646,
			"Absolute Acceleration Z" : 0.062310505658388138,
			"Absolute Velocity X" : -0.3283420205116272,
			"Absolute Velocity Y" : 0.65462696552276611,
			"Absolute Velocity Z" : 0.1230134591460228,
			"ActorName" : "CAR 17",
			"BoundingBox3D Extent X" : 9.4526576995849609,
			"BoundingBox3D Extent Y" : 2.6966595649719238,
			"BoundingBox3D Extent Z" : 2.6668586730957031,
			"BoundingBox3D Orientation Quat W" : 0.54032242298126221,
			"BoundingBox3D Orientation Quat X" : 0.0030907655600458384,
			"BoundingBox3D Orientation Quat Y" : 0.013134047389030457,
			"BoundingBox3D Orientation Quat Z" : 0.84114336967468262,
			"BoundingBox3D Origin X" : 105.09880065917969,
			"BoundingBox3D Origin Y" : -8.1302165985107422,
			"BoundingBox3D Origin Z" : 3.2678382396697998,
			"ObjectId" : 17,
			"ObjectType" : "CAR",
			"Occluded" : 0.0,
			"Relative Acceleration X" : 0.94628334045410156,
			"Relative Acceleration Y" : -1.2999659776687622,
			"Relative Acceleration Z" : -0.78059893846511841,
			"Relative Velocity X" : -3.3057947158813477,
			"Relative Velocity Y" : 1.6140739917755127,
			"Relative Velocity Z" : -0.11925310641527176,
			"Truncated" : 0
		},
		{
			"Absolute Acceleration X" : -1.9866315126419067,
			"Absolute Acceleration Y" : 0.26677152514457703,
			"Absolute Acceleration Z" : -0.06182745099067688,
			"Absolute Velocity X" : 7.8027205467224121,
			"Absolute Velocity Y" : 0.36457785964012146,
			"Absolute Velocity Z" : 0.14647021889686584,
			"ActorName" : "CAR 18",
			"BoundingBox3D Extent X" : 4.2440614700317383,
			"BoundingBox3D Extent Y" : 1.8763463497161865,
			"BoundingBox3D Extent Z" : 1.6644594669342041,
			"BoundingBox3D Orientation Quat W" : 0.99954861402511597,
			"BoundingBox3D Orientation Quat X" : -0.0051745460368692875,
			"BoundingBox3D Orientation Quat Y" : -0.009647526778280735,
			"BoundingBox3D Orientation Quat Z" : 0.027111124247312546,
			"BoundingBox3D Origin X" : -17.86821174621582,
			"BoundingBox3D Origin Y" : -8.0946846008300781,
			"BoundingBox3D Origin Z" : 0.70090377330780029,
			"ObjectId" : 18,
			"ObjectType" : "CAR",
			"Occluded" : 0.0,
			"Relative Acceleration X" : -1.6413154602050781,
			"Relative Acceleration Y" : 0.39344984292984009,
			"Relative Acceleration Z" : 0.16713497042655945,
			"Relative Velocity X" : 4.8202600479125977,
			"Relative Velocity Y" : 0.24113470315933228,
			"Relative Velocity Z" : 0.20926675200462341,
			"Truncated" : 0
		},
		{
			"Absolute Acceleration X" : 0.85897129774093628,
			"Absolute Acceleration Y" : -2.3690018653869629,
			"Absolute Acceleration Z" : 0.31016656756401062,
			"Absolute Velocity X" : -2.8072893619537354,
			"Absolute Velocity Y" : 7.0814108848571777,
			"Absolute Velocity Z" : -0.12850694358348846,
			"ActorName" : "CAR 19",
			"BoundingBox3D Extent X" : 4.3935422897338867,
			"BoundingBox3D Extent Y" : 1.8999999761581421,
			"BoundingBox3D Extent Z" : 1.0020172595977783,
			"BoundingBox3D Orientation Quat W" : 0.56346654891967773,
			"BoundingBox3D Orientation Quat X" : 0.0040764594450592995,
			"BoundingBox3D Orientation Quat Y" : 0.0118593480437994,
			"BoundingBox3D Orientation Quat Z" : 0.82600265741348267,
			"BoundingBox3D Origin X" : 95.092254638671875,
			"BoundingBox3D Origin Y" : 7.1267623901367188,
			"BoundingBox3D Origin Z" : 1.5571422576904297,
			"ObjectId" : 19,
			"ObjectType" : "CAR",
			"Occluded" : 0.0,
			"Relative Acceleration X" : 1.1020990610122681,
			"Relative Acceleration Y" : -2.4147558212280273,
			"Relative Acceleration Z" : -0.57298672199249268,
			"Relative Velocity X" : -5.9469699859619141,
			"Relative Velocity Y" : 7.863593578338623,
			"Relative Velocity Z" : -0.41198664903640747,
			"Truncated" : 0
		},
		{
			"Absolute Acceleration X" : 0.64029252529144287,
			"Absolute Acceleration Y" : -0.65757989883422852,
			"Absolute Acceleration Z" : -0.1221100315451622,
			"Absolute Velocity X" : 6.7110013961791992,
			"Absolute Velocity Y" : -2.1434128284454346,
			"Absolute Velocity Z" : 0.083541952073574066,