{
	"CapturedObjects" : 
	[
		{
			"Absolute Acceleration X" : -0.34023547172546387,
			"Absolute Acceleration Y" : 1.572638988494873,
			"Absolute Acceleration Z" : 0.010895813815295696,
			"Absolute Velocity X" : 15.569742202758789,
			"Absolute Velocity Y" : 0.52221184968948364,
			"Absolute Velocity Z" : -0.069804802536964417,
			"ActorName" : "CAR 00",
			"BoundingBox3D Extent X" : 5.0130834579467773,
			"BoundingBox3D Extent Y" : 1.9722530841827393,
			"BoundingBox3D Extent Z" : 1.8520313501358032,
			"BoundingBox3D Orientation Quat W" : 0.99983292818069458,
			"BoundingBox3D Orientation Quat X" : -0.0032007249537855387,
			"BoundingBox3D Orientation Quat Y" : 0.00075823412043973804,
			"BoundingBox3D Orientation Quat Z" : 0.017264286056160927,
			"BoundingBox3D Origin X" : 9.5465927124023438,
			"BoundingBox3D Origin Y" : 4.0492949485778809,
			"BoundingBox3D Origin Z" : 0.77014511823654175,
			"ObjectId" : 0,
			"ObjectType" : "CAR",
			"Occluded" : 0.0,
			"Relative Acceleration X" : -0.20894959568977356,
			"Relative Acceleration Y" : 0.11269925534725189,
			"Relative Acceleration Z" : 0.090844236314296722,
			"Relative Velocity X" : -0.42568948864936829,
			"Relative Velocity Y" : -0.17972992360591888,
			"Relative Velocity Z" : -0.023700866848230362,
			"Truncated" : 0
		},
		{
			"Absolute Acceleration X" : 0.12821811437606812,
			"Absolute Acceleration Y" : 1.5052073001861572,
			"Absolute Acceleration Z" : 0.029526256024837494,
			"Absolute Velocity X" : 15.210512161254883,
			"Absolute Velocity Y" : -1.8714641332626343,
			"Absolute Velocity Z" : -0.15093164145946503,
			"ActorName" : "CAR 01",
			"BoundingBox3D Extent X" : 4.3575758934020996,
			"BoundingBox3D Extent Y" : 2.0040740966796875,
			"BoundingBox3D Extent Z" : 1.4757857322692871,
			"BoundingBox3D Orientation Quat W" : -0.99852341413497925,
			"BoundingBox3D Orientation Quat X" : 0.0056467675603926182,
			"BoundingBox3D Orientation Quat Y" : -0.0053398963063955307,
			"BoundingBox3D Orientation Quat Z" : 0.053574297577142715,
			"BoundingBox3D Origin X" : -15.767485618591309,
			"BoundingBox3D Origin Y" : 4.8876991271972656,
			"BoundingBox3D Origin Z" : 0.72958600521087646,
			"ObjectId" : 1,
			"ObjectType" : "CAR",
			"Occluded" : 0.0,
			"Relative Acceleration X" : 0.026993446052074432,
			"Relative Acceleration Y" : 0.045235123485326767,
			"Relative Acceleration Z" : -0.34873121976852417,
			"Relative Velocity X" : -0.69786953926086426,
			"Relative Velocity Y" : -0.032670065760612488,
			"Relative Velocity Z" : 0.068874336779117584,
			"Truncated" : 0
		},
		{
			"Absolute Acceleration X" : -0.096217051148414612,
			"Absolute Acceleration Y" : 1.2473567724227905,
			"Absolute Acceleration Z" : 0.047817755490541458,
			"Absolute Velocity X" : 15.503561973571777,
			"Absolute Velocity Y" : 2.6823873519897461,
			"Absolute Velocity Z" : -0.053122773766517639,
			"ActorName" : "CAR 02",
			"BoundingBox3D Extent X" : 4.6226119995117188,
			"BoundingBox3D Extent Y" : 1.9168152809143066,
			"BoundingBox3D Extent Z" : 1.6673797369003296,
			"BoundingBox3D Orientation Quat W" : 0.99654603004455566,
			"BoundingBox3D Orientation Quat X" : 0.00048409702139906585,
			"BoundingBox3D Orientation Quat Y" : 0.0017190022626891732,
			"BoundingBox3D Orientation Quat Z" : 0.082832187414169312,
			"BoundingBox3D Origin X" : 29.153644561767578,
			"BoundingBox3D Origin Y" : 5.9568805694580078,
			"BoundingBox3D Origin Z" : 0.62552386522293091,
			"ObjectId" : 2,
			"ObjectType" : "CAR",
			"Occluded" : 0.0,
			"Relative Acceleration X" : 0.21891970932483673,
			"Relative Acceleration Y" : -0.25954937934875488,
			"Relative Acceleration Z" : 0.49849230051040649,
			"Relative Velocity X" : -0.30076900124549866,
			"Relative Velocity Y" : 0.011304212734103203,
			"Relative Velocity Z" : -0.15196266770362854,
			"Truncated" : 0
		},
		{
			"Absolute Acceleration X" : 0.66602647304534912,
			"Absolute Acceleration Y" : 1.431169867515564,
			"Absolute Acceleration Z" : 0.064426727592945099,
			"Absolute Velocity X" : 14.888068199157715,
			"Absolute Velocity Y" : -3.1986446380615234,
			"Absolute Velocity Z" : -0.19669859111309052,
			"ActorName" : "CAR 03",
			"BoundingBox3D Extent X" : 4.2375988960266113,
			"BoundingBox3D Extent Y" : 1.8981106281280518,
			"BoundingBox3D Extent Z" : 1.4892768859863281,
			"BoundingBox3D Orientation Quat W" : -0.99472522735595703,
			"BoundingBox3D Orientation Quat X" : 0.0054706991650164127,
			"BoundingBox3D Orientation Quat Y" : -0.006915518082678318,
			"BoundingBox3D Orientation Quat Z" : 0.1020120307803154,
			"BoundingBox3D Origin X" : -29.459997177124023,
			"BoundingBox3D Origin Y" : 7.0865654945373535,
			"BoundingBox3D Origin Z" : 0.93708252906799316,
			"ObjectId" : 3,
			"ObjectType" : "CAR",
			"Occluded" : 0.0,
			"Relative Acceleration X" : 0.41901275515556335,
			"Relative Acceleration Y" : -0.062425456941127777,
			"Relative Acceleration Z" : -0.55046457052230835,
			"Relative Velocity X" : -0.80319666862487793,
			"Relative Velocity Y" : 0.011370474472641945,
			"Relative Velocity Z" : 0.10999125987291336,
			"Truncated" : 0
		},
		{
			"Absolute Acceleration X" : 1.116959810256958,
			"Absolute Acceleration Y" : 1.4799429178237915,
			"Absolute Acceleration Z" : -0.051617905497550964,
			"Absolute Velocity X" : 15.025405883789062,
			"Absolute Velocity Y" : -4.7892541885375977,
			"Absolute Velocity Z" : -0.16189354658126831,
			"ActorName" : "CAR 04",
			"BoundingBox3D Extent X" : 4.1757917404174805,
			"BoundingBox3D Extent Y" : 1.8231935501098633,
			"BoundingBox3D Extent Z" : 1.4536383152008057,
			"BoundingBox3D Orientation Quat W" : -0.98843377828598022,
			"BoundingBox3D Orientation Quat X" : 0.010693712159991264,
			"BoundingBox3D Orientation Quat Y" : -0.0065723462030291557,
			"BoundingBox3D Orientation Quat Z" : 0.15096272528171539,
			"BoundingBox3D Origin X" : -43.974369049072266,
			"BoundingBox3D Origin Y" : 7.1832170486450195,
			"BoundingBox3D Origin Z" : 1.1803969144821167,
			"ObjectId" : 4,
			"ObjectType" : "CAR",
			"Occluded" : 0.0,
			"Relative Acceleration X" : 0.6951758861541748,
			"Relative Acceleration Y" : -0.10365460067987442,
			"Relative Acceleration Z" : -0.92548751831054688,
			"Relative Velocity X" : -0.65716195106506348,
			"Relative Velocity Y" : -0.12222959846258163,
			"Relative Velocity Z" : 0.24620509147644043,
			"Truncated" : 0
		},
		{
			"Absolute Acceleration X" : -0.2000596821308136,
			"Absolute Acceleration Y" : 0.87150460481643677,
			"Absolute Acceleration Z" : 0.016708496958017349,
			"Absolute Velocity X" : 15.433049201965332,
			"Absolute Velocity Y" : 4.2367558479309082,
			"Absolute Velocity Z" : -0.015563235618174076,
			"ActorName" : "CAR 05",
			"BoundingBox3D Extent X" : 4.1869335174560547,
			"BoundingBox3D Extent Y" : 1.6011700630187988,
			"BoundingBox3D Extent Z" : 1.7176864147186279,
			"BoundingBox3D Orientation Quat W" : 0.99046337604522705,
			"BoundingBox3D Orientation Quat X" : -0.0044032218866050243,
			"BoundingBox3D Orientation Quat Y" : 0.00021565925271715969,
			"BoundingBox3D Orientation Quat Z" : 0.13756789267063141,
			"BoundingBox3D Origin X" : 50.571163177490234,
			"BoundingBox3D Origin Y" : 7.2331881523132324,
			"BoundingBox3D Origin Z" : 0.60142230987548828,
			"ObjectId" : 5,
			"ObjectType" : "CAR",
			"Occluded" : 0.0,
			"Relative Acceleration X" : 0.15554496645927429,
			"Relative Acceleration Y" : -0.61185741424560547,
			"Relative Acceleration Z" : 0.86338657140731812,
			"Relative Velocity X" : -0.24761001765727997,
			"Relative Velocity Y" : -0.58339428901672363,
			"Relative Velocity Z" : -0.26979365944862366,
			"Truncated" : 0
		},
		{
			"Absolute Acceleration X" : 0.095447622239589691,
			"Absolute Acceleration Y" : 0.00074747443431988358,
			"Absolute Acceleration Z" : 0.051738567650318146,
			"Absolute Velocity X" : 13.427219390869141,
			"Absolute Velocity Y" : 6.530402660369873,
			"Absolute Velocity Z" : -0.021221019327640533,